ouid,grade_ranking,season_grade_ranking,recent_win_rate,recent_kill_death_rate,recent_assault_rate,recent_sniper_rate,recent_special_rate,solo_rank_match_tier,solo_rank_match_score,party_rank_match_tier,party_rank_match_score,user_date_create,manner_score,clan_flag
9b2852e25a85deebc5ce4173b1ccc1e6,1.0,7.0,83.333328,56.310677,59.523808,60.0,76.470589,RANKER,3902.0,MASTER III,2905.0,2020-02-02,3.0,1
18e17412f97995c818b669bf4052a753,2.0,12.0,90.0,66.5,71.0,77.333336,67.666664,MASTER III,2888.0,GRAND MASTER II,3333.0,2011-03-20,3.0,1
1dde487186c06c2f54e65484219d1d09,3.0,320.0,100.0,56.0,51.333332,67.333336,55.333332,UNRANK,1950.0,MASTER II,2634.0,2012-04-28,3.0,1
bc0a86cc5d24182a2e09a2d29644e205,4.0,8.0,48.333332,49.833332,50.333332,60.0,49.333332,LEGEND,3707.0,MASTER I,2529.0,2018-09-19,3.0,1
332522192aed72ca90aaa95d90e1b08d,6.0,9.0,91.666672,61.5,61.333336,60.714287,59.666668,GOLD III,2399.0,GOLD I,1875.0,2013-02-19,3.0,1
273812858150a28424d56f440a5b1499,7.0,123591.0,50.0,52.333332,48.591549,64.333336,57.666668,GOLD II,2124.0,GOLD I,1946.0,2015-12-31,2.0,1
7fab3087eda49357ee067c51b8f8b3eb,8.0,2371.0,91.666672,58.0,57.333332,77.666664,66.333336,GRAND MASTER I,3122.0,MASTER III,2992.0,2016-12-27,3.0,1
fb59b9ebe43ffd9d6b8b5aa9e33b97b3,9.0,4090.0,100.0,65.666672,64.0,78.333336,64.666664,MASTER III,2946.0,MASTER II,2712.0,2010-02-18,3.0,1
b54f2c11425549c9a0309f8f8876dfd1,10.0,130.0,53.333336,56.0,53.666668,74.0,51.333332,UNRANK,1400.0,SILVER III,1778.0,2010-02-02,3.0,1
5b73ce7ccce4e2aa1966c49c83780b47,11.0,35.0,46.666668,59.166664,56.0,71.0,62.333332,UNRANK,2400.0,MASTER III,2972.0,2010-10-17,3.0,1
580ef4be741c2746e671fdf05205e546,12.0,29.0,95.0,62.166668,61.333336,79.333336,58.333332,UNRANK,2520.0,LEGEND,3673.0,2014-04-03,3.0,1
63bbb405e661019a480b7c0648e84590,11.0,9466.0,0.0,60.000004,0.0,75.0,0.0,UNRANK,2350.0,UNRANK,2350.0,2014-05-03,3.0,1
502bf3d1c519055efd7b4e7313ccefbe,14.0,84.0,98.333336,58.499996,72.0,100.0,55.333332,GOLD I,1818.0,UNRANK,1550.0,2005-09-17,3.0,1
f093eae67469de7498e7b3bd3de80713,15.0,7657.0,65.0,54.833336,50.666664,70.0,46.938774,MASTER I,2428.0,UNRANK,1800.0,2014-01-05,3.0,1
c48ec5e498103c87505a145734df2f4d,15.0,41.0,100.0,71.666664,75.0,85.333336,74.333336,GOLD III,2273.0,MASTER I,2497.0,2019-12-29,3.0,1
ca080f89fd0f8978f867f2799572d1a6,17.0,4750.0,100.0,54.666668,50.666668,51.333332,48.0,UNRANK,1500.0,GOLD II,2143.0,2009-06-16,3.0,1
be8178231c717712201d9191605362ab,18.0,72.0,90.0,60.166668,58.666664,71.0,58.0,GOLD I,1904.0,GOLD III,2288.0,2014-11-25,3.0,1
e570c51ad87baaab53dce767c701c3d3,19.0,57.0,53.333336,55.5,57.0,66.0,53.333332,UNRANK,2400.0,GRAND MASTER II,3250.0,2015-04-09,3.0,1
5ae9a0aba72b7bdbfff9cf7b1ab12079,20.0,2153.0,51.666664,34.833332,34.0,60.0,41.666668,UNRANK,1550.0,UNRANK,1550.0,2008-11-22,3.0,1
2203c145161ac614f582061d62c5748e,21.0,3061.0,87.5,56.333332,52.333332,0.0,52.0,GOLD III,2369.0,MASTER I,2487.0,2010-07-22,3.0,1
5108872b4333bb22a48517638cd4fbed,22.0,397.0,100.0,66.333336,67.666664,73.666664,61.666668,UNRANK,1400.0,UNRANK,1400.0,2013-07-26,0.0,1
5deaa01e89f395a90815102bd8137fb7,23.0,80.0,33.333332,65.789474,0.0,69.444443,0.0,GOLD I,1871.0,GOLD III,2296.0,2012-08-28,3.0,1
e26863167555673a1b52bff349a9893d,24.0,1109.0,60.000004,58.0,61.666668,74.666664,50.666668,MASTER I,2574.0,GRAND MASTER II,3201.0,2012-03-23,3.0,1
b93f28b48b7637450e70fab96a4498da,25.0,235.0,53.333336,54.212456,44.444447,63.967613,68.181816,UNRANK,2250.0,GRAND MASTER I,3123.0,2011-07-08,3.0,1
a1c13bf09c5566436919baefd49038e8,27.0,10070.0,50.0,55.166668,48.666668,75.0,46.666668,GOLD III,2381.0,GOLD II,2199.0,2006-02-11,3.0,1
0ed71d04383bd12216b14b614d4a41f2,28.0,13.0,91.666672,51.666664,40.666668,46.0,48.333332,MASTER I,2490.0,SILVER III,1763.0,2006-11-23,3.0,1
1fa1b70d5b3de816520ba1a99e485191,28.0,12880.0,50.0,58.666664,57.0,70.0,51.0,MASTER I,2599.0,GOLD I,1933.0,2011-08-26,2.0,1
096a3023fe20810eca6aee054c84f357,29.0,439.0,65.0,55.5,55.333336,64.0,57.599998,UNRANK,2462.0,MASTER III,2958.0,2012-01-11,3.0,1
e8105bc04e4a48451d1ef5b73bf7cb02,31.0,350.0,41.666664,48.166664,53.731346,48.360657,46.0,MASTER I,2545.0,MASTER I,2575.0,2015-01-04,3.0,1
642e49d62b7644ad7f9987aa1980e51b,33.0,757.0,71.666664,52.666664,52.999996,64.666664,36.666668,MASTER I,2543.0,UNRANK,2311.0,2014-04-06,3.0,1
f636440af24b8e6e095e307046fd738a,34.0,44.0,48.333332,56.5,65.333336,54.333332,55.666668,GOLD I,1999.0,GOLD I,1933.0,2018-12-16,3.0,1
93e261a22fb8c6651a418d580373708d,36.0,855.0,55.0,49.833332,48.0,61.333332,55.0,SILVER II,1479.0,GOLD I,1849.0,2013-10-05,3.0,1
0632880a7c4e164b272fac72b73aef0f,37.0,2727.0,43.333332,57.5,64.0,68.0,55.714287,GRAND MASTER I,3148.0,GRAND MASTER I,3072.0,2007-09-21,3.0,1
e0fd923c800e5441b8cf515f9f8abfe0,38.0,493.0,100.0,70.166664,64.0,81.333336,70.0,UNRANK,1550.0,UNRANK,1718.0,2012-11-10,3.0,1
179879ae0cf5c184af64bab0f0749930,39.0,284.0,58.333332,62.166668,68.0,100.0,67.666664,MASTER I,2450.0,MASTER II,2726.0,2008-02-27,3.0,1
29cfc86dab1c4680759c313ec902b391,40.0,60.0,50.0,51.333332,48.666668,57.0,50.0,GRAND MASTER I,3067.0,MASTER III,2999.0,2012-03-11,3.0,1
b4e0181bbb6b7cdc8cabef599b6cbe22,41.0,329.0,100.0,64.833328,67.333336,82.333336,76.0,GOLD III,2221.0,GOLD I,1983.0,2017-08-10,3.0,1
b7f9fe7314d5322b7db588ee6319da1f,41.0,118.0,60.869564,58.736061,60.176991,69.696968,50.0,UNRANK,1400.0,UNRANK,1400.0,2005-12-31,2.0,1
e05575c8814953055ebc988160718211,43.0,182.0,58.333332,57.0,54.237289,68.666664,58.558559,MASTER I,2599.0,GOLD II,2152.0,2012-07-04,3.0,1
9f038c1ff07cbc6414e976fffbb154ef,44.0,6342.0,48.333332,57.5,59.666668,68.666664,60.666668,GOLD III,2399.0,UNRANK,2000.0,2012-02-24,3.0,1
531a427051aef493c2560eff1afe91cf,44.0,231.0,48.333332,56.333332,56.0,69.666664,51.219513,GOLD III,2375.0,MASTER II,2617.0,2012-12-16,3.0,1
8305224838a1c14f6837270527050c16,45.0,3772.0,78.333336,57.833332,56.333332,66.333336,64.0,UNRANK,2250.0,UNRANK,2250.0,2012-01-17,3.0,1
2ed5e828450f875917887a085c84d918,47.0,355.0,100.0,78.0,82.333336,96.0,59.0,UNRANK,2350.0,UNRANK,2350.0,2005-11-05,3.0,1
8d5612676718a14fade04f2cb91561c0,48.0,345.0,50.0,56.166668,56.0,67.0,51.0,GOLD I,1996.0,GOLD I,1999.0,2008-10-20,3.0,1
648fbbc694e660a33b8cef0cbae3f1d9,49.0,268.0,100.0,85.333336,75.0,99.666664,73.666664,UNRANK,1799.0,GOLD III,2250.0,2014-06-05,3.0,1
12ae316087ba4a9e3ea486120d61efe7,50.0,132.0,51.666664,53.500004,55.333332,64.983162,50.0,GOLD II,2199.0,GOLD I,1976.0,2012-01-27,3.0,1
27717da7b2d71df52896180856ccbea8,53.0,1517.0,100.0,61.666668,64.666664,71.333336,57.666668,SILVER III,1799.0,GRAND MASTER I,3092.0,2010-03-22,3.0,1
55f3c861f0b35e0633e647c476cb795e,54.0,84.0,60.000004,54.000004,0.0,61.333332,50.0,GOLD II,2199.0,UNRANK,1800.0,2013-07-31,3.0,1
99bf573152209e7f1cdf6db6bedc772f,54.0,147072.0,96.666664,61.5,65.333328,74.666664,67.0,UNRANK,1950.0,MASTER I,2599.0,2012-06-28,-1.0,1
6d5edf92a4ea7f3d18c806c00a3c9593,55.0,34.0,100.0,76.333336,88.666664,83.666664,90.666664,UNRANK,2450.0,LEGEND,3667.0,2012-01-21,3.0,1
0d9807ab206e5a2172f57ec9f50bea98,57.0,46.0,100.0,75.666664,86.0,96.333336,80.0,GRAND MASTER I,3026.0,GOLD III,2374.0,2021-03-02,3.0,1
dc0559231f37697e31549b40fd7de706,58.0,203.0,100.0,64.833328,68.666664,72.666664,74.333336,UNRANK,1400.0,UNRANK,1400.0,2014-02-22,3.0,1
284876168e1a9d0eda99ab4b771b5286,59.0,725.0,50.0,49.833332,50.495052,56.666668,43.548386,SILVER III,1646.0,UNRANK,1550.0,2009-07-02,3.0,1
1baf251696168578cce1d408fa8e4f55,60.0,361.0,55.0,60.5,60.666668,77.666664,63.333332,GRAND MASTER I,3050.0,MASTER III,2822.0,2006-02-08,3.0,1
834284fa6e7cf65914a7cde283a21b08,61.0,15.0,91.666672,76.166664,76.642334,0.0,62.626263,MASTER II,2763.0,GOLD III,2372.0,2005-12-28,3.0,1
82235398864c70779300daea913744d3,62.0,913.0,35.0,40.833332,40.333332,36.666668,38.666668,SILVER I,1236.0,UNRANK,1400.0,2006-08-22,3.0,1
52c7326c888b04902d01f399fb912a14,63.0,3990.0,51.666668,57.0,58.333332,68.0,58.333332,UNRANK,2350.0,UNRANK,2350.0,2006-07-31,3.0,1
cfd88abbcc74eb55941d6723fb95dca8,65.0,28.0,50.0,55.0,52.999996,67.0,57.333332,GRAND MASTER I,3100.0,MASTER II,2794.0,2008-09-08,3.0,1
38906987f54adc55e11fb32f4ea76cf2,66.0,384.0,100.0,56.0,33.333332,42.424244,52.666668,BRONZE III,1191.0,UNRANK,1400.0,2012-07-13,3.0,1
d7369b912c3b1bbbbef83a1f2cd3b28d,64.0,45.0,93.333336,72.333336,69.0,89.666664,70.0,UNRANK,2480.0,MASTER III,2999.0,2015-07-23,3.0,1
72ae7ade509d482f7b5aef7450ea073e,67.0,281.0,48.333332,44.166668,45.333336,54.333332,36.666668,GOLD II,2172.0,GOLD II,2069.0,2012-01-22,3.0,1
4b72c0667ec35b31a29fbcf957fe9570,68.0,1095.0,50.0,54.166668,32.0,33.333332,51.666668,SILVER II,1480.0,UNRANK,1500.0,2014-12-13,3.0,1
593d755a6bb13d9838ac833d32f7fce2,68.0,270.0,0.0,80.0,0.0,100.0,0.0,GOLD II,2137.0,UNRANK,1800.0,2016-02-05,3.0,1
ab52d88c8fe807829a92e597cb96e841,70.0,66.0,78.333336,61.333332,65.0,72.666664,60.666668,GRAND MASTER II,3299.0,GRAND MASTER II,3282.0,2011-08-16,3.0,1
45b1a2043c7c65ed1e199fd1ddb185ba,71.0,147.0,45.0,56.0,56.333332,57.333332,50.333332,UNRANK,1894.0,MASTER I,2487.0,2008-03-16,3.0,1
2761c3d84c872da16a42327ef1f77afa,72.0,1152.0,100.0,74.5,28.571428,81.0,53.846153,GOLD I,1998.0,UNRANK,1400.0,2007-12-14,3.0,1
f63e0a98179008ae19faab242211fa02,76.0,581.0,50.0,58.0,61.333332,69.666664,58.333332,MASTER II,2704.0,MASTER II,2766.0,2010-11-27,3.0,1
a985f820f03659e122385ff11646af73,78.0,378.0,40.0,58.666664,56.333332,63.666668,49.0,GOLD I,1927.0,GOLD I,1968.0,2013-09-03,3.0,1
018eec186511a63ea86738c7799252e0,77.0,26.0,100.0,72.166672,75.0,93.0,91.0,UNRANK,1750.0,MASTER I,2494.0,2018-08-05,3.0,1
06ac78845d5e6fe1df8cfd564e6c1234,79.0,481.0,80.0,68.666664,0.0,86.666664,49.666668,GOLD I,1843.0,UNRANK,1750.0,2007-02-07,3.0,1
d8073e6267b2c16c9a9997e546d9b201,81.0,6.0,96.666664,59.666668,51.333332,67.666664,66.0,MASTER II,2772.0,UNRANK,2382.0,2020-04-16,3.0,1
f83605e5fb8eafbf8257291088840791,75.0,2.0,81.666664,54.666668,56.333332,60.666668,58.666668,GOLD II,2032.0,GOLD II,2175.0,2020-05-09,3.0,1
67e18db111ba767dba205c9e0f508bac,82.0,121.0,60.000004,56.92308,60.952385,66.666664,0.0,MASTER III,2859.0,MASTER I,2476.0,2006-09-09,3.0,1
e6ac81dd9c38524bb494689d315e9fd9,82.0,167.0,51.666668,60.333332,59.0,81.333336,65.333336,MASTER I,2455.0,UNRANK,2000.0,2006-03-14,3.0,1
46a6b7706dddde2fd761220d91daccdc,83.0,411.0,53.333336,58.166664,52.666664,69.666664,54.0,MASTER III,2973.0,MASTER II,2799.0,2005-11-16,3.0,1
f33ac3bc20179d08fd3320f33ebfe242,84.0,111.0,98.333336,61.333336,52.333332,72.666664,60.0,UNRANK,2350.0,UNRANK,2350.0,2014-01-18,3.0,1
e017c1019117b828bcbea77f55f506c7,85.0,309.0,60.000004,55.166668,54.666668,69.666664,52.0,GOLD III,2356.0,GOLD III,2399.0,2013-06-30,3.0,1
30a3ec8484ddb8426f5a0d1d7cf86584,87.0,470.0,46.666668,51.0,53.333336,60.666668,51.333332,GOLD III,2331.0,MASTER I,2483.0,2007-09-22,3.0,1
2733455b1b1c04a6614483e86404d594,68.0,43765.0,100.0,56.333332,54.333336,0.0,51.0,UNRANK,1500.0,UNRANK,1500.0,2006-02-25,1.0,1
2e7780aea1fd653770023cc67cb946cf,88.0,476.0,93.333336,58.833332,52.0,68.0,60.173161,UNRANK,1750.0,GOLD II,2171.0,2011-10-16,3.0,1
2ce42ac3d20ab0bcb21b72ff6675ecba,90.0,410.0,95.0,56.666668,55.666668,65.0,58.823528,MASTER I,2521.0,UNRANK,2000.0,2016-08-02,3.0,1
a8f3e2f4ad589abf83ac9febe5a36453,91.0,1123.0,10.0,46.833332,40.333332,54.333332,47.747749,SILVER II,1541.0,UNRANK,1400.0,2013-07-13,3.0,1
26c6ef281b80c34f703a378b34568d80,92.0,22264.0,95.0,64.0,66.0,75.0,65.333336,GOLD I,1828.0,GOLD II,2117.0,2005-12-06,3.0,1
16650f3a8db2d4f4f06f38fb97b67247,94.0,1199.0,100.0,76.0,75.333336,86.333336,70.666664,GOLD II,2070.0,UNRANK,1800.0,2011-09-27,2.0,1
5f5eef029527bcd41e71832d0ef7f570,95.0,818.0,41.463413,56.611568,0.0,66.451614,66.666664,UNRANK,1950.0,GOLD III,2253.0,2010-06-22,3.0,1
123d200947d6d2f5bd5619f4a4bbec68,71.0,53810.0,60.000004,61.0,55.666668,75.666664,52.666668,UNRANK,1500.0,SILVER II,1517.0,2008-10-21,2.0,1
1b0c58caa535ce8c3478d1163f624cd7,97.0,841.0,78.333336,54.333336,48.333332,67.333336,56.333332,SILVER III,1745.0,UNRANK,1550.0,2006-09-30,3.0,1
ae2b0a6d046e21bc22e91816ef5e44ca,98.0,1534.0,50.0,49.166668,48.333332,59.333332,44.333332,MASTER I,2523.0,MASTER III,2802.0,2006-07-06,3.0,1
d6cece07c765e0242e9cadccbb84c6f3,99.0,2001.0,50.0,58.0,60.666668,67.685593,60.204082,GOLD I,1904.0,UNRANK,1600.0,2015-11-21,2.0,1
69c6272c668d9161e20b246a17c53863,101.0,524.0,55.0,60.666668,55.0,74.0,57.333332,UNRANK,2450.0,UNRANK,2450.0,2015-05-05,3.0,1
8970504ec5284edfe946feb968f236de,101.0,3107.0,48.333332,55.0,55.333336,64.0,55.333332,MASTER III,2825.0,MASTER II,2673.0,2012-12-16,3.0,1
b3ce20e4e1b749d2ea7b9c5bd8ea6d3a,103.0,1731.0,100.0,80.666664,73.0,85.666664,71.0,UNRANK,2350.0,UNRANK,2350.0,2016-01-30,3.0,1
1d8ba77e386d4d1f490834345f368143,106.0,760.0,78.333336,62.0,63.0,82.333336,65.333336,MASTER II,2759.0,GRAND MASTER III,3469.0,2016-11-25,3.0,1
ea36a0969328927ce4e7ded3976d1fac,105.0,10012.0,58.333332,50.333332,53.333332,55.633804,51.0,UNRANK,1400.0,UNRANK,1400.0,2012-02-22,1.0,1
ab6b970c0d8478a70c80a944de5e33d4,107.0,390.0,76.666664,61.333336,62.333332,0.0,67.14286,MASTER III,2999.0,MASTER III,2999.0,2008-12-28,3.0,1
28ecd94b3460d7b3fe9f9d05e5710427,108.0,187014.0,50.0,46.166668,47.666664,54.333332,52.0,UNRANK,1400.0,SILVER II,1590.0,2013-03-30,2.0,1
9f1e4ee0b7189cbf26f61d406a4384f9,110.0,123.0,100.0,70.0,71.666664,0.0,0.0,GOLD I,1873.0,UNRANK,1550.0,2013-11-20,3.0,1
0d6653ed2159cb510c14af9c4141ec5b,111.0,100.0,100.0,83.5,84.666672,99.666664,78.0,GOLD II,2150.0,GOLD III,2320.0,2006-11-21,3.0,1
ca9f424f0d15f5cacdfe92ae739ea3fa,113.0,193773.0,68.333336,55.0,54.000004,65.666664,53.666668,GOLD I,1964.0,SILVER III,1767.0,2006-02-15,3.0,1
fc44cb28f2fed2c506495ee7d12712aa,112.0,257.0,48.333332,47.833332,47.413792,50.0,48.666668,UNRANK,1400.0,SILVER III,1692.0,2017-10-03,3.0,1
847c6e4a25a0ae9da06542b8b34e01d4,111.0,115870.0,36.666668,51.0,52.0,55.666668,54.333332,GOLD II,2018.0,MASTER I,2532.0,2013-05-05,3.0,1
8e1780ebc367c8305e7c667bb7af65a2,116.0,147.0,0.0,57.777779,0.0,78.571426,0.0,UNRANK,2121.0,UNRANK,2250.0,2011-07-14,3.0,1
282635d7a7febf09f6c6b75d2b4e53cf,114.0,1922.0,95.0,57.166668,57.666668,65.333336,55.666668,UNRANK,2000.0,UNRANK,2000.0,2012-02-16,3.0,1
fbe05878f8cab4157b041b81814c73fd,117.0,125.0,48.333332,55.5,59.666668,64.333336,55.0,LEGEND,3713.0,GRAND MASTER I,3084.0,2009-07-13,3.0,1
4b1e12a61248eea9ea7f78f71da6b86b,119.0,2709.0,48.333332,49.5,51.666664,67.0,49.666668,SILVER III,1799.0,SILVER III,1639.0,2011-08-05,3.0,1
20e33b6b3e0e957df549b3dd6ebf689d,118.0,352.0,41.666664,48.0,42.253521,58.333332,42.0,SILVER III,1798.0,GOLD I,1896.0,2008-04-09,3.0,1
9a8e0f12855b23c60c1ebe54564e226b,121.0,46550.0,100.0,61.5,62.666668,80.0,63.333332,LEGEND,3671.0,GRAND MASTER I,3122.0,2011-06-19,3.0,1
1ebc186e9f889fa3974a406aa09fc829,122.0,179.0,98.333336,56.5,59.558823,61.333332,55.333332,SILVER III,1775.0,UNRANK,1500.0,2008-09-28,3.0,1
73fda248ff16eede5471edd2d0cc9359,126.0,1902.0,76.666664,57.666664,53.666668,66.0,64.666664,SILVER III,1799.0,UNRANK,1750.0,2006-06-02,3.0,1
ccd01264eed929b82d4003fcdce85736,120.0,173.0,68.333336,58.999996,60.000004,74.0,55.0,UNRANK,2500.0,MASTER II,2684.0,2014-07-31,3.0,1
fc68a32950692ff790bd92cb066a64f0,125.0,17.0,51.666668,56.833332,57.0,64.0,55.333332,GRAND MASTER I,3055.0,GRAND MASTER II,3267.0,2005-12-06,3.0,1
502b6e40e6cef4db201a588c20f73977,126.0,2321.0,48.333332,58.333332,58.0,68.0,50.0,LEGEND,3672.0,GRAND MASTER I,3017.0,2012-03-28,3.0,1
54426b475bfc0c84eba9e490bd0ecae6,129.0,5190.0,96.666664,62.5,69.0,76.333336,62.0,UNRANK,2350.0,GRAND MASTER II,3250.0,2013-06-02,1.0,1
28881b22e56d1ebbf792d94f5fab6ed2,131.0,38136.0,68.333336,58.166664,58.666664,69.666664,55.333332,UNRANK,2000.0,GOLD II,2111.0,2017-04-27,3.0,1
b50e93b420473990d23459de55b61203,132.0,20212.0,95.0,83.5,80.333336,81.666664,79.0,SILVER III,1775.0,GOLD III,2346.0,2013-02-13,3.0,1
0f9cfab8569741459e9c2a440df4a74e,134.0,483.0,88.333336,62.833332,65.666672,75.0,64.0,GOLD I,1975.0,GOLD III,2368.0,2018-02-18,3.0,1
829b554a9d54873ddd2c8d14efe96680,135.0,90.0,78.333336,48.833336,46.666668,66.0,49.0,UNRANK,2350.0,UNRANK,2350.0,2019-10-11,3.0,1
c66ffea284872e0abf389280359bc617,105.0,1305.0,55.0,57.333332,59.0,67.666664,60.0,MASTER I,2400.0,UNRANK,2400.0,2018-12-07,3.0,1
f790fef8b19ccf53a5b32fafb52ff105,137.0,16274.0,95.0,56.833332,52.666664,67.333336,58.333332,MASTER III,2934.0,MASTER I,2589.0,2009-02-12,3.0,1
a562d72f5e2a91814cde18aa5a0c9b97,138.0,2007.0,100.0,70.333328,79.0,79.333336,79.0,UNRANK,2300.0,UNRANK,2300.0,2016-12-01,3.0,1
ee09be66fcfd5a10672223d9f542585c,142.0,727.0,88.333336,49.666668,47.333332,57.0,54.666668,GOLD I,1850.0,SILVER III,1630.0,2014-04-02,1.0,1
a5cd9595e1f9325195c08629431ab9ea,141.0,371.0,51.666664,49.0,56.25,57.0,44.285713,GOLD I,1861.0,GOLD III,2250.0,2007-01-09,3.0,1
79d0d4fffb37ce1d0ddf808c8cb63b60,142.0,559.0,40.0,40.333332,36.666668,56.0,36.0,SILVER I,1291.0,UNRANK,1400.0,2006-07-13,3.0,1
3228306efc0137bdce36418c13d941d5,143.0,4198.0,46.666668,61.166668,61.333336,77.0,60.0,UNRANK,1750.0,MASTER I,2525.0,2006-01-01,3.0,1
5eda75df3f580125d4c030740706d92e,144.0,172.0,48.333332,57.5,48.0,74.666664,59.666668,HIGH RANKER,4057.0,UNRANK,2450.0,2007-03-17,3.0,1
efd30cc1a1301bbfcc00e83592078a2d,114.0,96066.0,43.333332,51.5,45.614037,0.0,51.666668,UNRANK,1400.0,UNRANK,1400.0,2012-08-04,2.0,1
d2729e3ed99e1d97c04922997c004454,148.0,40139.0,100.0,94.0,92.666664,0.0,100.0,MASTER I,2587.0,UNRANK,2000.0,2010-05-30,3.0,1
f74b18622a190cf8775f51425dc76faa,149.0,9832.0,100.0,65.666672,66.666672,79.333336,55.333332,MASTER III,2924.0,MASTER III,2997.0,2006-02-12,3.0,1
3fac0580bde1babab2d7882d677f9109,149.0,620.0,68.421051,64.80687,75.862068,66.26506,53.125,UNRANK,2250.0,UNRANK,2250.0,2019-03-10,3.0,1
1179776494b4eb74195cad8b5cc050e1,150.0,114.0,90.0,59.666668,58.666668,72.0,60.333332,UNRANK,2086.0,UNRANK,1960.0,2015-07-02,3.0,1
f07e16a0ce9a959946e7fe8c2043b76c,152.0,74.0,50.0,50.833332,43.333332,25.0,54.333332,GOLD II,2063.0,MASTER I,2479.0,2007-12-12,3.0,1
2bf7afe25cb698532546956df11d218d,153.0,773.0,45.0,51.333332,50.333332,63.0,51.333332,UNRANK,2084.0,MASTER III,2896.0,2008-07-19,3.0,1
2439b139a720b2aa9e46321db1d911e3,154.0,3815.0,80.0,58.999996,60.333332,67.333336,58.666668,UNRANK,2500.0,GRAND MASTER I,3045.0,2014-02-06,3.0,1
fb776a5feeb22fb219b0beb05051b0a2,154.0,423.0,98.333336,65.333336,66.0,70.666664,70.0,GOLD I,1867.0,GOLD I,1937.0,2011-10-17,3.0,1
946e6a8ae5c8e4d24316d601d65eeb31,156.0,1805.0,51.666664,60.166668,59.666668,72.0,55.0,LEGEND,3684.0,UNRANK,2500.0,2005-10-08,3.0,1
ba9b226a5c6c8b7218fd953a8e6cf3f9,156.0,357401.0,100.0,75.0,0.0,100.0,0.0,UNRANK,1400.0,UNRANK,1400.0,2011-09-10,0.0,1
d6f659e89208ee013e6aef11c10601d1,160.0,78.0,61.111111,59.808613,50.0,72.868217,63.47826,UNRANK,2400.0,MASTER II,2619.0,2011-07-12,3.0,1
59fcd3e4826eafeb22b1179c41154b8f,158.0,1004.0,100.0,58.499996,59.333332,62.333332,59.0,GOLD III,2285.0,GOLD III,2309.0,2016-11-08,3.0,1
1fff781cdee150846edb0af047652fee,159.0,839.0,56.666668,62.0,100.0,75.333336,58.666668,UNRANK,1950.0,MASTER I,2400.0,2011-07-15,3.0,1
8a4bfd624198c6c3b55bf09d1145298f,162.0,10564.0,60.000004,61.0,52.666664,60.0,56.666668,GOLD I,1900.0,MASTER I,2590.0,2015-07-06,3.0,1
5594bf19111070d9a401dbac94109eb4,160.0,7754.0,38.333332,47.166668,38.0,55.333332,54.0,GOLD II,2160.0,MASTER II,2725.0,2011-11-16,3.0,1
b138e96334c3b6c78429957f1a89fcf6,164.0,372.0,51.666664,58.0,62.0,67.666664,59.333332,UNRANK,1750.0,GOLD I,1827.0,2011-06-30,3.0,1
210deb06fd9f19e4c7d6efe375be86fa,165.0,869.0,41.666664,41.666664,37.666668,50.0,55.172413,SILVER I,1288.0,UNRANK,1400.0,2006-12-03,3.0,1
ea9dcba8dc3df6ed62c637312c48c9f0,166.0,287.0,95.0,69.5,73.0,83.333336,68.0,UNRANK,1950.0,MASTER I,2599.0,2012-08-06,3.0,1
d0c4b0df4a10a9f1c1f0a04ba967bd6c,168.0,3379.0,100.0,100.0,0.0,100.0,0.0,UNRANK,1498.0,SILVER III,1674.0,2006-03-19,3.0,1
cba5c21892ab6a7949c43e6bca8dc2ef,169.0,128.0,90.0,60.666668,46.333332,60.666668,56.0,GOLD I,1944.0,UNRANK,1950.0,2010-07-25,3.0,1
b9282b1da17861088b498afa293b4cbd,170.0,3534.0,51.666664,49.833332,47.333332,63.333332,44.333332,GOLD I,1859.0,SILVER III,1768.0,2013-09-28,3.0,1
7424384d13b5aa1e704a0220554dee97,172.0,27.0,100.0,58.999996,50.666668,72.666664,51.333332,GOLD I,1861.0,GOLD I,1897.0,2018-10-02,3.0,1
fa976579eadf100f90b338fe6820b16e,174.0,23743.0,50.0,56.166668,57.333332,70.666664,48.0,UNRANK,1750.0,MASTER I,2502.0,2011-10-20,3.0,1
a518db4eb352ff7e09024feed780d13c,175.0,159.0,76.666664,64.166664,65.333336,80.0,60.0,GOLD III,2291.0,GOLD III,2396.0,2014-01-23,3.0,1
1213498adefba92baa7138aa0d050f6c,176.0,678.0,100.0,63.5,69.333336,77.0,66.333336,GOLD I,1819.0,UNRANK,1400.0,2006-01-07,3.0,1
a3d2c63f909d41e560d737e14b321c27,161.0,2346.0,43.333332,52.999996,49.666668,68.333336,53.356892,UNRANK,1750.0,UNRANK,1750.0,2014-06-30,3.0,1
8f9819acb514684d86c035b284e10dba,177.0,163353.0,45.0,44.666664,42.333332,52.666668,45.333332,UNRANK,1400.0,UNRANK,1400.0,2013-09-15,1.0,1
6071f4ba0b6ad1dda855fd54d8bf5c35,179.0,288.0,64.102562,57.915054,57.0,0.0,0.0,UNRANK,1413.0,SILVER III,1799.0,2020-10-09,3.0,1
534414ff89625147b46d0c64f00e4c10,180.0,291.0,81.666664,64.166664,59.0,76.333336,61.0,UNRANK,2450.0,GRAND MASTER II,3399.0,2016-05-14,3.0,1
3fa406b1f01251972b9d546fb6a1ef7c,166.0,528.0,83.333328,50.0,51.666664,66.0,64.333336,UNRANK,1797.0,GOLD I,1800.0,2011-07-16,3.0,0
ba1625893c7b8ebc87465063e425eb57,181.0,164208.0,63.333332,54.5,57.666664,66.333336,65.333336,GOLD I,1909.0,GOLD I,1880.0,2013-02-02,3.0,1
88c7f7e8a7f346d0ab66a9dda0e2c546,183.0,3627.0,100.0,49.5,55.555557,64.919357,43.0,SILVER III,1741.0,UNRANK,1500.0,2006-07-23,3.0,1
6325bd2d0907dafffebac93f0c269e61,184.0,3608.0,50.0,51.0,55.0,65.758759,50.333332,MASTER II,2680.0,GRAND MASTER II,3279.0,2013-08-18,3.0,1
41d82f5534d2f219e1c420d033128a7b,185.0,100075.0,48.333332,50.666664,63.0,73.0,48.0,GOLD III,2399.0,UNRANK,2048.0,2008-05-29,3.0,1
baeaec85232b7b59b2b63ef351cd14e3,186.0,16.0,90.0,56.666668,61.333332,62.0,57.0,GOLD I,1830.0,GOLD I,1966.0,2020-12-26,3.0,1
8c27d951126ddba12ccf094b4b5fb4f4,187.0,100.0,64.864861,57.620819,40.740742,69.230766,58.86076,GOLD II,2189.0,MASTER I,2518.0,2015-12-16,3.0,1
8b7819156453522073e2495d5797bae3,188.0,568.0,55.0,52.499996,49.333336,58.666668,47.333332,UNRANK,1800.0,GOLD I,1952.0,2012-06-26,3.0,1
6bb067c0c60ed2c6af5dec07bac5d9ba,192.0,253.0,65.0,59.166664,59.333332,64.317177,62.0,GOLD III,2229.0,MASTER III,2918.0,2009-02-05,3.0,1
d374c0582818c96c8d7067ca77f4ebfe,190.0,347.0,48.333332,49.666668,50.588234,56.410255,48.666668,GOLD III,2212.0,GRAND MASTER I,3046.0,2021-03-19,3.0,1
840d8fa05aee75879a025c415b3676a4,191.0,587.0,45.0,41.333332,39.0,18.333334,25.666666,SILVER III,1630.0,SILVER III,1689.0,2005-09-12,3.0,1
52f676ce655a9acb1327d8b6bee93d54,194.0,4007.0,45.0,54.5,61.333336,72.0,49.333332,SILVER III,1672.0,GOLD I,1921.0,2006-02-13,3.0,1
cb031642fb9aa50c876d60b817863622,196.0,113.0,51.666664,61.5,57.0,72.0,62.436546,GOLD II,2120.0,GOLD II,2048.0,2018-07-26,3.0,1
0a00dc2b0546bfcd6798fc4be772e0f9,197.0,2947.0,53.333336,50.833332,54.666668,49.659863,38.202248,SILVER I,1341.0,UNRANK,1400.0,2008-02-09,3.0,1
9b63f37be284b9e4205dc7a4645cd528,197.0,87.0,83.333336,70.333336,68.666664,83.666664,49.333332,GOLD III,2288.0,SILVER III,1745.0,2005-12-21,3.0,1
f54e2bf3c577aa3fd50578bb2c1937f9,199.0,1306.0,55.0,63.166664,60.666668,76.0,59.666668,UNRANK,2350.0,MASTER III,2898.0,2009-12-25,3.0,1
5447b3b22b84ace082f92dc3a437bc9b,200.0,374.0,51.666664,56.166668,58.999996,50.333332,55.666668,MASTER I,2493.0,GOLD II,2154.0,2017-06-10,3.0,1
41272652c2bba3865dfedda24a59462d,201.0,3820.0,43.333332,55.223881,56.395348,76.0,57.894737,RANKER,3851.0,MASTER I,2400.0,2017-04-07,3.0,1
b487ccabbc0f02100ecfadffe835167e,202.0,10480.0,46.666668,46.333332,49.586777,58.666668,47.058823,MASTER I,2481.0,GRAND MASTER I,3070.0,2009-07-18,3.0,1
80a2dc0ea59dcef5b0aad82253ff3e6f,191.0,7812.0,90.0,69.666664,0.0,77.666664,0.0,UNRANK,1950.0,UNRANK,1950.0,2011-03-05,3.0,1
143925a0a08e52bd4b289dc0d3085074,205.0,359.0,100.0,55.166668,56.333332,100.0,100.0,GOLD I,1982.0,UNRANK,1800.0,2014-03-10,3.0,1
b4310b7df4769789e53d240aeb9dea55,206.0,1663.0,90.0,54.333336,61.0,67.0,59.0,UNRANK,2400.0,GRAND MASTER I,3067.0,2013-01-20,3.0,1
c355552a42729bb3aa3cc584ed86e20f,208.0,757.0,50.0,44.166668,39.333336,54.666668,35.0,GOLD I,1944.0,UNRANK,1600.0,2006-06-28,3.0,1
facb4f6b8c5a1767bf1cdb41d540a65b,208.0,8623.0,90.0,41.5,35.0,50.0,32.666668,UNRANK,1583.0,SILVER I,1394.0,2011-12-31,0.0,1
b93854f026f31513b2c0848b12bb3c60,209.0,9553.0,55.0,58.833332,56.666668,68.0,66.0,GRAND MASTER III,3576.0,MASTER III,2832.0,2014-07-17,3.0,1
16b9d109db50a18337285465fd68780d,210.0,10933.0,55.0,60.833336,56.333332,73.666664,61.333332,UNRANK,2208.0,UNRANK,2000.0,2007-12-01,2.0,1
107f952ec161efb1dc760ae6c2c265a0,204.0,99869.0,50.0,58.666664,52.0,69.666664,53.333332,UNRANK,1500.0,UNRANK,1500.0,2005-12-31,3.0,1
080fa4a17acb6e0ffc9b400e558d5f7e,212.0,623.0,51.666664,55.0,58.0,68.333336,49.666668,GRAND MASTER I,3091.0,UNRANK,2347.0,2010-02-15,3.0,1
6acea493211b081c51f4c199d3f3edfb,213.0,652.0,86.666664,52.666668,53.666668,68.666664,55.0,UNRANK,2400.0,UNRANK,2400.0,2008-10-13,3.0,1
5f71d06c9977b636adbf845704df861d,215.0,537.0,58.333332,58.999996,55.0,74.666664,62.666668,MASTER I,2563.0,UNRANK,2167.0,2014-12-30,3.0,1
9d9ec39dcd7edfbf7d696f941b261cb1,216.0,1017.0,58.333332,52.999996,43.666668,53.051643,44.666668,GOLD I,1818.0,GOLD I,1946.0,2008-07-06,3.0,1
fbf3838823e5d15cf12cc6b7d2e992f5,217.0,136465.0,51.666664,57.0,57.666664,38.46154,49.666668,MASTER III,2999.0,MASTER II,2700.0,2012-11-23,3.0,1
8b840e410c22ff7473087de302e6e94a,218.0,887.0,100.0,56.0,68.0,68.333336,55.0,GOLD II,2190.0,GOLD III,2291.0,2012-03-24,3.0,1
9fee5c44ee2fa8d902edd2c9456f8f2d,219.0,620.0,51.666664,43.833332,54.098362,52.888889,44.360901,SILVER II,1469.0,UNRANK,1800.0,2011-07-12,3.0,1
0514a90b73e94dcf8c13d85dac3caa15,219.0,394.0,53.333336,58.499996,36.363636,71.0,50.0,UNRANK,2125.0,GRAND MASTER I,3063.0,2008-07-17,3.0,1
0c84d3f430b4d23ae22934557b980d00,222.0,4328.0,96.666664,66.833336,66.333336,73.0,66.333336,UNRANK,1400.0,UNRANK,1400.0,2005-12-29,0.0,1
45afc9eca26756f58065d0a5b93a0312,224.0,1590.0,43.333332,51.666664,52.999996,66.0,44.333332,GOLD II,2065.0,UNRANK,1800.0,2019-01-18,3.0,1
cad95c4868e351237a0de4cac3e6cc03,224.0,102.0,88.333336,58.999996,57.0,96.333336,60.666668,UNRANK,1800.0,MASTER I,2450.0,2019-07-26,3.0,1
29b8e3f898515cc4e787b2ec74d12068,225.0,1363.0,96.666664,58.0,64.333336,68.333336,62.0,MASTER II,2659.0,UNRANK,2000.0,2015-01-17,3.0,1
6cbc6bc425b56afcb65094f7eed20be0,213.0,107160.0,48.27586,51.598175,50.877197,64.705879,33.333332,GOLD I,1885.0,GOLD II,2189.0,2006-08-09,3.0,1
d9591b826db8d611f4eed014791889c6,227.0,1467.0,100.0,87.833336,82.822083,99.666664,82.333336,MASTER I,2400.0,UNRANK,1800.0,2011-11-26,0.0,1
a0d13ac7a3d778fe8680c842313f018f,229.0,152.0,38.333332,50.5,55.333336,71.0,53.666668,GRAND MASTER III,3491.0,GRAND MASTER II,3250.0,2016-06-13,2.0,1
ace637a4977e50b44d59ab29042afbd0,230.0,268.0,58.333332,46.5,42.051281,61.403507,51.333332,UNRANK,2352.0,MASTER I,2529.0,2010-08-29,3.0,1
7b4ccdd1a45d058dee208afb8ae7646f,231.0,135.0,57.575756,56.333332,58.666664,66.820274,59.82143,UNRANK,2350.0,MASTER I,2451.0,2007-07-22,3.0,1
e1a184b3d7fe960bac87efeb0fc0f5cf,232.0,550.0,51.666664,55.166668,56.666668,56.0,53.666668,SILVER III,1706.0,UNRANK,1500.0,2006-05-20,3.0,1
93b63931984005b6b24d0b213b46f61b,228.0,1740.0,55.0,60.166668,57.333332,75.0,61.333332,UNRANK,1950.0,UNRANK,1950.0,2008-10-03,1.0,1
c2f3058e2bee05bf17911c847fc827bb,236.0,261.0,81.666664,60.833332,55.333332,72.666664,58.490566,GOLD II,2143.0,MASTER I,2497.0,2006-09-17,3.0,1
3481be46ed14b44101755ea4a326e9cc,237.0,417.0,55.0,52.14724,31.818182,65.384613,56.0,GOLD II,2004.0,GOLD II,2027.0,2011-10-09,3.0,1
c849050595d81e8fbe5eb34dade47db7,238.0,214.0,100.0,100.0,0.0,100.0,0.0,UNRANK,1400.0,UNRANK,1400.0,2017-03-05,3.0,1
d735ddb457a0d137c6c46d8153eba39f,237.0,12976.0,70.0,55.700325,0.0,63.08725,63.291138,GOLD I,1910.0,UNRANK,1800.0,2014-02-26,3.0,1
f36d846979fe2aaaac0de203bc1c111d,239.0,1044.0,50.0,54.5,55.666668,64.666664,53.666668,UNRANK,2350.0,MASTER I,2568.0,2014-02-14,3.0,1
42623e037e749483cdc4ecc20652003f,237.0,1580.0,78.333336,64.666664,66.333336,79.0,69.0,GRAND MASTER I,3061.0,GOLD I,1800.0,2011-10-01,3.0,1
d307763fd209492574ea383046a1275e,232.0,332550.0,56.666668,51.166664,46.666668,60.185184,54.666668,UNRANK,1500.0,UNRANK,1500.0,2013-06-17,1.0,1
0136f10d0f040ceb86007bbb3ef41231,244.0,1205.0,68.333336,57.333332,59.390862,72.0,57.0,GOLD I,1982.0,GOLD II,2199.0,2008-06-04,3.0,1
d0646bc50cb2f86d8ca25dfb0e851de4,243.0,85.0,86.666664,54.666668,62.0,78.0,62.0,GOLD II,2187.0,UNRANK,1827.0,2006-11-06,3.0,1
92ddc79a54a31a4191d2da3105a5f37a,245.0,39258.0,63.333332,62.0,67.0,100.0,60.0,UNRANK,2350.0,UNRANK,2350.0,2015-05-03,3.0,1
f85891777cd6744f68468ab0574de536,250.0,1807.0,46.666668,46.666668,45.0,32.666668,48.333332,UNRANK,1400.0,SILVER I,1237.0,2006-07-02,2.0,1
655b40d2133c458bdb9930103960c61e,224.0,24716.0,46.666668,60.5,58.0,84.666664,65.0,UNRANK,2341.0,GRAND MASTER I,3000.0,2011-08-07,3.0,1
4f2aa7cd9dc3c389968b51f17e4d7235,247.0,510.0,71.428574,58.333332,59.259258,60.0,65.277779,UNRANK,1546.0,SILVER III,1719.0,2013-03-23,3.0,1
e429485f98c96d823a27a38a592f5feb,247.0,84938.0,0.0,0.0,0.0,0.0,0.0,UNRANK,1400.0,UNRANK,1400.0,2012-07-21,0.0,1
120cc58a11edef06fb75e79e387c2047,253.0,8545.0,50.0,59.500004,60.000004,73.666664,62.333332,UNRANK,1950.0,MASTER I,2404.0,2009-12-19,3.0,1
bf8be389fa47776e0f61b7faa8d85d0e,257.0,491.0,63.333332,58.833332,57.333332,73.666664,55.333332,UNRANK,2450.0,GRAND MASTER III,3439.0,2012-02-16,3.0,1
8613d37706c65dd87efe3c258c4b249c,256.0,462.0,46.666668,48.5,50.0,59.0,55.0,GOLD I,1900.0,UNRANK,1600.0,2012-08-06,3.0,1
6a912fc219accde193dad9ee3e6595cc,258.0,299.0,53.333336,55.5,52.999996,72.333336,50.0,MASTER I,2599.0,GRAND MASTER I,3141.0,2013-08-16,3.0,1
8dd711c6930202ec3c10fc3a310d1277,259.0,89350.0,98.333336,64.166664,51.0,75.666664,48.0,GOLD I,1999.0,UNRANK,1600.0,2006-10-11,3.0,1
2bef6f4102311b3ecf7ffc9a28c430cd,260.0,7505.0,66.666672,52.166664,49.0,0.0,54.195805,UNRANK,1400.0,UNRANK,1400.0,2006-12-31,2.0,1
5a16d5c007deb76ff4f3bd6bc85fa89a,261.0,1186.0,45.0,57.166664,50.0,0.0,55.0,GOLD I,1999.0,UNRANK,1950.0,2009-08-11,3.0,1
3df995f5c9e2595073ab5c9474e19bc9,263.0,454.0,100.0,60.666668,59.666668,71.0,57.142857,MASTER II,2799.0,UNRANK,2400.0,2014-09-08,3.0,1
26661f4f5ddcb8469a87ceeee34f4ae9,264.0,401.0,63.333332,56.333332,58.666664,52.777779,52.0,UNRANK,2400.0,MASTER I,2426.0,2012-12-19,3.0,1
20d7ef5a5f0c9027a9832e9f73980e53,265.0,30788.0,23.333334,49.0,45.882355,61.0,49.0,MASTER I,2421.0,GOLD II,2199.0,2011-07-15,3.0,1
3b9b8b6c99701e425ada3e0fc72322c1,266.0,230.0,55.0,59.500004,56.333332,70.333336,59.666668,GOLD II,2196.0,MASTER III,2872.0,2019-01-24,3.0,1
d733e39cf5503960fb9cd0579d9890ad,267.0,1137.0,100.0,77.160492,0.0,85.666664,0.0,UNRANK,1400.0,UNRANK,1400.0,2010-05-29,0.0,1
22084df93879de54941beef010532acf,268.0,812.0,100.0,56.0,59.666668,60.333332,66.333336,GOLD II,2086.0,UNRANK,1950.0,2011-05-10,3.0,1
74f29f7711ab53794b07fe5912d6c12a,268.0,105.0,100.0,70.5,69.0,80.0,65.333336,GRAND MASTER II,3218.0,GRAND MASTER III,3599.0,2014-03-05,3.0,1
4395282272057620eb2458efacbfd9d6,270.0,310.0,30.000002,47.666664,46.0,53.666668,52.333332,MASTER I,2429.0,GRAND MASTER II,3203.0,2019-04-13,3.0,1
1c7b3bb48bc506576e712675cee0eb3e,206.0,19561.0,50.0,51.666664,49.704144,60.666668,51.666668,GOLD I,1898.0,MASTER I,2400.0,2005-11-26,3.0,1
8b8435e18faf9002798dd6242f6e5d36,272.0,20922.0,45.098038,54.391891,56.451614,0.0,58.46154,SILVER III,1653.0,UNRANK,1400.0,2005-12-24,2.0,1
1b582f36ae431ec43cc2d2dca0bf339e,273.0,138.0,58.333332,59.166664,58.666668,72.333336,61.0,GRAND MASTER I,3172.0,UNRANK,2400.0,2006-09-20,3.0,1
5d85bab69f1f6eff7758de6f45da1c3e,274.0,9242.0,50.0,57.333332,66.333336,76.0,57.666668,MASTER I,2468.0,UNRANK,1800.0,2010-12-14,3.0,1
fc1a6eab9f421be155b7b9146335c44e,275.0,2657.0,48.333332,58.333332,60.333336,70.666664,58.333332,UNRANK,2350.0,MASTER II,2766.0,2011-08-15,3.0,1
b380b2a67742eb44a200cb585e74d7f6,261.0,190688.0,55.0,55.666668,50.666664,73.666664,47.333332,UNRANK,1550.0,UNRANK,1430.0,2013-08-13,2.0,1
02d81b50de0ce438c9c21fd76ad53655,264.0,1199.0,55.0,59.166664,60.666668,66.666664,56.666668,GOLD II,2178.0,UNRANK,2000.0,2016-04-07,3.0,1
f2088cb91ccd358567adeacfd672ef53,278.0,632.0,43.333332,53.374229,52.739727,67.346939,53.284672,GRAND MASTER II,3219.0,GRAND MASTER I,3041.0,2016-01-14,3.0,1
f9e93a0b2fec7db438bd28f6925a2f70,279.0,13436.0,76.0,64.730293,57.142857,64.912277,71.21212,UNRANK,2350.0,UNRANK,2350.0,2017-05-27,3.0,1
dea48f896861786eed777dea79e29f98,279.0,1113.0,60.000004,58.833332,60.666668,68.333336,62.666668,GOLD III,2399.0,GOLD I,1992.0,2015-01-17,3.0,1
e351bed0bd52e941c62b4df47399581f,283.0,45517.0,86.666664,59.666668,57.0,74.0,60.0,MASTER III,2975.0,GRAND MASTER III,3463.0,2020-07-12,3.0,1
7de1c247f0885a830cac74c8afca4560,280.0,1846.0,45.0,54.666668,48.0,67.666664,45.0,GOLD II,2050.0,GOLD II,2199.0,2011-07-26,3.0,1
1e0fd0ab10b5c4ffbb14770326588d8d,283.0,413.0,48.333332,53.833336,55.333336,62.333332,44.0,MASTER II,2799.0,UNRANK,2400.0,2011-08-02,3.0,1
6029cea7766c06729f455389d0641624,284.0,715.0,100.0,57.333332,57.666664,70.0,58.0,UNRANK,2400.0,GRAND MASTER II,3326.0,2012-07-19,3.0,1
a88da456e8efee6b05e559ae3ab9fd5b,285.0,302.0,98.333336,63.166668,66.666664,75.333336,64.333336,UNRANK,1794.0,GOLD I,1800.0,2014-11-18,3.0,1
5a1b09eb3fde9715e9fffb075ea8c0b1,286.0,39.0,100.0,74.0,93.0,94.0,94.333336,UNRANK,2350.0,UNRANK,2350.0,2011-05-14,3.0,1
967f6b9bea9fbcad115ad36953447b64,287.0,93.0,51.666664,55.0,47.333332,65.0,54.166668,MASTER I,2516.0,GRAND MASTER I,3152.0,2013-10-08,3.0,1
9bd7d64578221963e442a931e5d4d89e,288.0,3527.0,36.734695,47.355164,47.916668,67.073174,80.0,MASTER II,2665.0,GOLD I,1972.0,2017-10-15,3.0,1
44e182a35389fa081f00b2e82819159a,289.0,11796.0,100.0,70.333328,71.666664,84.666664,68.0,UNRANK,1767.0,UNRANK,1800.0,2015-06-04,2.0,1
e9dac9c57af35bd8cf434e6239a9fc3f,288.0,10181.0,95.0,77.333328,75.847458,84.666664,66.336632,UNRANK,2400.0,UNRANK,2362.0,2008-04-20,3.0,1
579146791d26cea6e11c6f7649f957b7,291.0,1395.0,100.0,69.166664,67.0,83.333336,51.666668,SILVER III,1607.0,UNRANK,1500.0,2013-06-07,1.0,1
5915ed69ec8a8c2be7c3f4fbbfdfee40,292.0,3061.0,50.0,53.833336,53.333336,62.666668,50.666668,HIGH RANKER,4082.0,UNRANK,2450.0,2010-10-17,3.0,1
dd58a01cd9a23c6bfd068d0258eb4e72,294.0,2620.0,100.0,72.5,70.0,89.333336,80.0,UNRANK,1400.0,UNRANK,1400.0,2005-12-30,1.0,1
a69148eef542904110a495c48b4bb35b,295.0,30.0,98.333336,61.833336,64.333336,79.0,52.333332,MASTER I,2400.0,MASTER I,2465.0,2016-10-13,3.0,1
47f564778ee893c688a7adc4c303c103,259.0,872460.0,62.962959,47.166668,47.666664,67.333336,34.666668,UNRANK,1400.0,UNRANK,1400.0,2007-06-25,0.0,1
fd85308f3987feb460bb34be92c75386,297.0,232.0,96.666664,74.333336,74.333336,85.0,74.333336,UNRANK,2000.0,GOLD II,2012.0,2011-10-20,3.0,1
a187d175f943f8b6bf1ab0e69a13826f,298.0,573.0,36.666668,58.999996,66.333336,67.666664,60.666668,MASTER I,2570.0,UNRANK,2300.0,2012-02-04,3.0,1
46ed743c39fea43c228dec42f3a771a6,300.0,381.0,91.666672,63.166664,65.666672,74.333336,66.333336,UNRANK,1400.0,UNRANK,1400.0,2017-10-09,3.0,1
91842acf8ddae9170361dd4b91021175,301.0,78131.0,55.0,60.666668,57.666664,80.0,58.666668,GRAND MASTER II,3375.0,GOLD II,2191.0,2017-02-09,3.0,1
c5085490bfe6925f4d8d902d3fd996ae,302.0,86931.0,100.0,66.0,65.666672,83.0,67.666664,UNRANK,1500.0,UNRANK,1500.0,2008-01-29,1.0,1
0405878b861ba46a0ecd961ac737963e,303.0,1803.0,48.333332,56.166668,55.666668,79.0,57.0,MASTER II,2690.0,MASTER I,2476.0,2018-05-20,3.0,1
4bb997a7f1c21ab2c681cb52408b771f,300.0,13041.0,45.0,58.499996,50.666668,68.333336,55.333332,GRAND MASTER I,3126.0,GOLD II,2141.0,2011-07-16,3.0,1
01e418adbb180c3899de0ae34dd9789f,305.0,66.0,46.666668,57.666664,54.71698,70.333336,46.42857,LEGEND,3749.0,GRAND MASTER I,3115.0,2013-08-31,3.0,1
b749cda7cd2f3182664ca89224fb2929,306.0,615.0,43.333332,51.666664,52.666664,63.666668,51.546391,GOLD II,2135.0,GOLD I,1886.0,2013-03-09,3.0,1
8a586766e35a66b12e61adfe77ee3345,307.0,1493.0,85.294113,49.666668,48.666668,59.782608,44.333332,SILVER II,1538.0,SILVER III,1682.0,2012-08-25,3.0,1
57d78b214f2d3d3c026215be9528efff,308.0,290.0,65.0,56.333332,52.333332,98.666664,60.666668,GOLD III,2290.0,MASTER I,2514.0,2012-06-02,3.0,1
8fcceda225ce8b77ecd48ef844b0793f,309.0,874.0,46.666668,49.5,50.333332,56.0,52.333332,MASTER II,2635.0,GRAND MASTER II,3305.0,2019-03-04,3.0,1
ec3300d4f9f4f1be32d7e082ebcb6d19,312.0,60749.0,100.0,61.666668,62.0,69.333336,54.0,MASTER II,2652.0,MASTER I,2482.0,2014-06-15,3.0,1
5a7cf65265ee9966eface4ee8c8fbfa6,311.0,1832.0,45.0,55.666668,53.0,60.333332,54.0,MASTER I,2402.0,GOLD II,2134.0,2011-08-13,3.0,1
e5719b82d752dcce65256e444a540958,313.0,2107.0,81.666664,61.333336,55.333336,73.0,59.666668,UNRANK,2300.0,MASTER II,2742.0,2007-03-18,3.0,1
284c18d64828530106ef73d63c9bc077,298.0,3509.0,46.666668,52.333332,49.0,49.019608,51.666668,UNRANK,1500.0,UNRANK,1500.0,2006-09-03,3.0,1
0f0cf6a689653b28c6d704c777cdd570,281.0,252296.0,48.333332,47.666668,43.0,39.666668,45.333332,UNRANK,1400.0,UNRANK,1400.0,2019-10-08,0.0,1
51dd016337e371792658cf53057b9cc5,308.0,1482.0,66.666672,56.75676,0.0,67.5,69.230766,GOLD II,2059.0,UNRANK,2000.0,2018-07-20,3.0,1
ab5e7b1c66e61c0371d0fb5f3b78154b,315.0,707.0,45.0,45.166664,35.666668,70.0,40.0,SILVER III,1602.0,SILVER III,1689.0,2016-02-16,3.0,1
2d4702d5ab3a7cc1a4001a51ba9404e8,319.0,709.0,81.666664,62.0,72.666664,80.333336,60.333332,SILVER II,1570.0,SILVER III,1621.0,2013-07-18,3.0,1
38e8c109e706516de047c5902d4e0f70,321.0,123231.0,51.666664,58.0,59.333332,64.333336,49.0,UNRANK,2400.0,GRAND MASTER II,3350.0,2009-07-07,3.0,1
19104fa876bd2ff725f3995f5a478910,321.0,385.0,63.333332,51.333332,56.0,59.333332,55.333332,SILVER II,1408.0,SILVER III,1605.0,2011-11-17,3.0,1
de627e2940d2ceb5d6fab2a738b9d860,324.0,1241.0,100.0,81.333336,0.0,99.666664,0.0,SILVER III,1799.0,UNRANK,1500.0,2014-01-11,3.0,1
766cb6d70a56870a31b58101bf4747f6,325.0,17749.0,50.0,56.5,49.090908,64.333336,51.666668,MASTER III,2850.0,GRAND MASTER I,3078.0,2010-12-23,3.0,1
8be5f3f717818b7eba82149d02ea4f7e,326.0,3041.0,100.0,66.5,0.0,73.333336,61.53846,GOLD I,1968.0,GOLD III,2399.0,2009-11-18,3.0,1
6c4df67c8bba255a4e464dc04d941427,327.0,9763.0,40.0,56.166668,54.000004,73.666664,48.0,GRAND MASTER I,3103.0,GRAND MASTER I,3132.0,2011-07-25,3.0,1
99d97d9d16a681cd89d1e7c827a27911,328.0,176.0,54.761906,51.256283,55.555557,58.666668,0.0,MASTER II,2710.0,GRAND MASTER I,3054.0,2018-12-04,3.0,1
ff1fb9a283d02bc12a4059b277cb9cd3,331.0,926.0,100.0,67.833336,59.333332,88.333336,0.0,UNRANK,1400.0,UNRANK,1400.0,2011-07-27,3.0,1
770d6e0d64e4e40b3c6e06321bdb69ed,326.0,2846.0,85.0,62.5,65.0,75.333336,65.0,UNRANK,2400.0,UNRANK,2400.0,2011-07-13,3.0,1
be40d1d729e5d2a12ab77d236f7ca645,332.0,4132.0,46.666668,58.0,57.666664,71.333336,56.666668,UNRANK,2300.0,MASTER I,2509.0,2019-07-27,3.0,1
bd785e176ee9a3a7a8d837288a42caed,334.0,654.0,100.0,57.666664,49.0,70.666664,60.666668,UNRANK,2400.0,GRAND MASTER II,3264.0,2011-07-16,3.0,1
983948af2a5f8cc5762fdaa785a87782,319.0,1434.0,46.666668,63.5,54.333332,73.0,58.0,UNRANK,2400.0,GRAND MASTER II,3279.0,2011-12-18,3.0,1
d45038d8ff32f9ed5d7f01294af5d68c,335.0,106.0,51.666664,43.333332,45.0,56.0,43.84058,GOLD I,1904.0,GOLD II,2129.0,2017-02-08,3.0,1
8557c91e7291dc04631f23efb066b733,336.0,18945.0,73.333336,61.166668,56.0,72.666664,62.333332,UNRANK,2450.0,GRAND MASTER II,3250.0,2011-01-13,3.0,1
e39b66d3d5b10c1bc98839097223a881,318.0,1948.0,61.666668,63.166664,61.333336,77.0,68.333336,UNRANK,2005.0,UNRANK,1950.0,2014-01-11,3.0,1
7cd4503eafa357b776a83f1ece8f39cb,340.0,1473.0,100.0,63.333332,55.333332,61.53846,62.666668,UNRANK,1600.0,SILVER III,1799.0,2007-02-15,3.0,1
b6478724e45edc5a3c1a68fc1d246d0d,348.0,843.0,63.333332,63.5,64.333328,83.0,63.666668,UNRANK,1400.0,UNRANK,1400.0,2006-12-14,2.0,1
f6d3c6d822465963c15439aa8f5250b3,331.0,21511.0,83.333336,58.833332,46.666668,73.0,100.0,UNRANK,1400.0,UNRANK,1400.0,2012-08-07,3.0,1
a88385953efcd6198fe30874dd875fb7,343.0,1220.0,61.666668,61.666668,62.333332,68.0,54.0,UNRANK,2392.0,MASTER II,2658.0,2008-04-09,3.0,1
f31bdc2e6e5a7b749b4aac527411ffc3,344.0,1.0,55.0,54.833336,54.666668,64.0,59.0,LEGEND,3638.0,GRAND MASTER I,3152.0,2005-08-25,3.0,1
36c99bc038ba198c2fc0b2ca59a17815,331.0,565.0,56.666668,61.166668,64.0,72.0,61.0,UNRANK,2500.0,UNRANK,2500.0,2019-10-19,3.0,1
7a06c09e0dce5bc8ea1ab40d00d12a49,326.0,2203.0,88.333336,56.166668,55.0,64.0,57.666668,UNRANK,2000.0,UNRANK,2000.0,2015-04-21,3.0,1
c2bbf914c13636dfa119709d763910fb,344.0,685931.0,61.666668,57.333332,57.333332,71.0,64.0,UNRANK,1400.0,UNRANK,1400.0,2011-12-02,0.0,1
1e65f341d5d1db5e414c9352193aee1d,345.0,129.0,60.0,51.166668,61.643837,0.0,48.333332,MASTER I,2423.0,GOLD II,2062.0,2013-04-21,3.0,1
5991780600f8706dc8d603fb28bdf5e2,349.0,173.0,53.333336,50.833332,38.333332,42.666668,50.0,SILVER III,1794.0,SILVER II,1494.0,2015-03-26,3.0,1
bf552b1d6edb03a8086be13a6907911f,315.0,184334.0,100.0,60.833336,60.000004,70.333336,61.78344,UNRANK,1500.0,UNRANK,1500.0,2013-06-10,2.0,1
3912b69b1ab7f0287e6b2ad9cdde5e40,328.0,227582.0,50.0,51.333332,47.333332,60.0,54.666668,UNRANK,1500.0,UNRANK,1500.0,2017-12-20,1.0,1
4927311908b62f04caa5153ecd5c1d1b,350.0,2208.0,48.333332,54.166668,51.666668,68.333336,48.666668,UNRANK,2000.0,UNRANK,2000.0,2010-09-22,3.0,1
18e436caf38fb4823d3ef33e9eff0982,352.0,3033.0,30.769232,54.545456,53.012051,57.142857,69.230766,SILVER III,1624.0,SILVER III,1789.0,2011-12-27,3.0,1
be7f9957de91e2e0233992bbee3c97f0,351.0,1013.0,48.333332,52.999996,54.666668,60.563381,64.516129,GOLD I,1953.0,UNRANK,1950.0,2016-01-20,3.0,1
7571c5e2df7391194cf1ec02bdce1845,350.0,1111.0,30.000002,49.0,50.333332,0.0,50.0,GOLD I,1999.0,SILVER II,1465.0,2005-10-30,2.0,1
03b94b4aaed378998f8c6055c996895d,356.0,988.0,53.333336,55.333336,48.666668,59.333332,49.666668,MASTER III,2999.0,MASTER II,2647.0,2018-05-24,3.0,1
3cef12825374dcc0c3499ef15e0cbba6,357.0,797.0,50.0,63.333332,64.666664,76.333336,62.333332,GOLD I,1816.0,MASTER I,2400.0,2006-06-21,3.0,1
c9d298982642462d026007f4f93474f3,358.0,3291.0,53.333336,60.833336,56.666668,68.333336,54.0,UNRANK,1550.0,UNRANK,1550.0,2009-05-24,3.0,1
97c838b8dadb430fe0cf8409fb6f24d4,359.0,189.0,70.0,57.5,54.000004,68.333336,59.0,MASTER II,2775.0,MASTER II,2754.0,2013-03-13,3.0,1
2ae56582b589550bc1ffbdd5859e4605,360.0,1570.0,50.0,47.5,39.666668,53.666668,46.0,MASTER II,2799.0,GOLD I,1830.0,2014-11-29,3.0,1
109a3c427e092d6b0b3844800e2c0e1a,361.0,1166.0,50.0,54.333336,54.333336,59.666668,57.333332,RANKER,3824.0,MASTER I,2400.0,2011-08-06,3.0,1
03fa501341a2fa63848ed2f931d05141,362.0,10080.0,50.0,56.969696,0.0,0.0,52.447552,UNRANK,1550.0,GOLD I,1975.0,2010-07-24,3.0,1
604b39adfef0824e2bb1510f17644a08,363.0,708.0,91.666672,63.5,0.0,76.666664,0.0,UNRANK,1500.0,UNRANK,1500.0,2019-08-13,3.0,1
817d474f8c723f028ec53466dbcdcbde,365.0,312.0,93.333336,54.833332,54.333332,67.0,56.0,MASTER II,2701.0,MASTER II,2686.0,2009-10-22,3.0,1
e420541c6cac9d6b58f720d801078e01,367.0,2933.0,51.666664,42.666668,41.666664,54.0,50.0,SILVER II,1445.0,SILVER II,1530.0,2013-05-11,3.0,1
bc358a102f4f4681069b4cf9c8a91c6e,368.0,350.0,48.333332,54.5,52.0,61.0,50.0,UNRANK,1827.0,GOLD I,1964.0,2014-02-26,3.0,1
d4d54ff399e02a884c3a29b8d0f76bf7,369.0,9416.0,60.000004,63.0,62.333332,78.666664,60.57143,UNRANK,2350.0,MASTER III,2931.0,2008-08-20,3.0,1
25c304ecd1f3bbd17e8bd5daf3f8791a,370.0,1881.0,70.0,55.0,52.0,66.0,54.666668,UNRANK,1750.0,MASTER I,2504.0,2015-05-29,3.0,1
71bdce0088162edbb6db96ed1d2d0820,371.0,2436.0,86.666664,47.333332,47.666664,59.333332,56.666668,MASTER II,2656.0,MASTER III,2918.0,2020-04-30,3.0,1
e6cf6e73d7262f61dca66df7e3ac2305,372.0,4619.0,82.978729,62.0,56.390976,73.0,62.637363,UNRANK,2000.0,GOLD III,2248.0,2012-04-12,3.0,1
79d56f4f87627e7c3f899ef16a2324b7,373.0,94723.0,58.333332,57.333332,56.0,55.333332,59.0,GOLD I,1900.0,UNRANK,1600.0,2005-10-29,3.0,1
895d02c1a9dab3a32ba0d65b374e9355,375.0,6317.0,100.0,66.666672,69.333336,90.0,65.666664,UNRANK,1400.0,UNRANK,1400.0,2008-07-05,0.0,1
f10f25fd064f7e23e426cec4af93aab1,375.0,37567.0,88.333336,64.5,66.333336,85.0,70.666664,GOLD II,2192.0,GOLD III,2302.0,2013-08-16,3.0,1
cd0254b25571248cae1523b5b723c187,376.0,40.0,96.666664,67.0,67.272728,87.962959,65.666664,GRAND MASTER I,3060.0,MASTER I,2429.0,2016-07-20,3.0,1
5100560b5127802c827f73f7db6b5299,377.0,69221.0,52.083332,53.830231,0.0,62.666668,40.0,GOLD I,1800.0,MASTER I,2412.0,2015-04-02,3.0,1
cfcdecb3308e7d631634c5b082791071,377.0,503.0,58.333332,64.0,67.333336,75.333336,65.666664,GRAND MASTER II,3208.0,UNRANK,2396.0,2016-01-02,3.0,1
607a2be8ce2321f1a38711652dcd6484,375.0,6456.0,78.333336,72.5,83.666664,86.0,82.666664,UNRANK,1950.0,MASTER II,2775.0,2005-12-23,3.0,1
855523a27f6961ae1bae148ed358e897,380.0,1507.0,45.0,49.666668,52.0,52.0,55.555557,UNRANK,1745.0,GOLD I,1850.0,2011-10-06,3.0,1
3929f14f59315fa59ee3404358bd8aad,381.0,530.0,85.0,55.5,51.333332,67.333336,44.666668,SILVER III,1735.0,UNRANK,1550.0,2005-09-26,3.0,1
92bb3f9ffbcd4f1c0a0ec8d60d33f14b,382.0,55.0,100.0,61.833336,66.0,75.333336,63.666668,GOLD I,1875.0,GOLD II,2086.0,2022-08-24,3.0,1
438ed68efaecdc65677febe6b757d194,384.0,1498.0,58.333332,56.333332,65.0,67.666664,54.333332,RANKER,4037.0,UNRANK,2438.0,2020-05-18,3.0,1
9be965c7427ca308dc628447433913c8,385.0,4893.0,56.666668,49.833332,50.666664,66.666664,46.333332,GOLD I,1909.0,BRONZE II,955.0,2012-08-04,2.0,1
fa5fb4b9ec24ddd10908ef975f2f0108,387.0,455.0,100.0,79.166672,75.0,88.0,75.333336,UNRANK,1400.0,UNRANK,1400.0,2010-10-08,3.0,1
71abaae01aba3f3afb32d075022665c9,388.0,7267.0,51.666664,52.0,52.999996,50.0,49.056602,UNRANK,1400.0,UNRANK,1400.0,2010-12-08,2.0,1
964f3b777df0d000f66308224379f15f,389.0,1621.0,53.333336,56.166668,54.666668,0.0,0.0,GOLD II,2041.0,GOLD I,1997.0,2008-03-30,3.0,1
003d0b600c59e36feaa73cca3994a408,390.0,950.0,81.25,61.139893,58.024693,76.315788,66.666664,MASTER I,2510.0,GOLD I,1909.0,2013-02-04,3.0,1
012e622254f0024d03b6e88db7b62e22,368.0,10561.0,100.0,72.166672,74.333336,87.0,70.748299,UNRANK,1400.0,UNRANK,1400.0,2007-03-25,1.0,1
91e4969aae0041b5fcf1de8fa5b7b046,355.0,5275.0,90.0,55.833332,61.666668,67.0,60.666668,UNRANK,1950.0,UNRANK,1950.0,2018-09-08,3.0,0
783e3b46481bb0f7dfd6b6557399ff81,394.0,1449.0,51.666664,55.5,55.666668,63.0,52.333332,GOLD III,2300.0,GOLD I,1976.0,2009-08-26,3.0,1
88c7e238d0b187259e62a509337014dd,392.0,327.0,100.0,73.666672,69.333336,82.666664,71.666664,GRAND MASTER I,3199.0,UNRANK,2300.0,2010-11-14,3.0,1
9e7f7390f9f0fecaaf9517d0cd52db47,396.0,1551.0,83.333328,57.833332,54.71698,64.0,67.391304,SILVER II,1582.0,UNRANK,1500.0,2006-09-21,3.0,1
1e51738d7e451a9790159ccd29f2043d,397.0,5613.0,48.333332,52.499996,52.666664,53.846153,56.666668,UNRANK,2250.0,UNRANK,2250.0,2014-01-20,3.0,1
21ecc9d162b6976e6874812bd89db38e,398.0,755.0,98.333336,58.833332,61.333332,74.333336,61.0,MASTER III,2901.0,GRAND MASTER I,3183.0,2015-07-10,3.0,1
0d6f8e5a184ac089ce34bf48f3003c38,399.0,939.0,5.0,61.166668,63.666664,71.666664,59.0,GOLD II,2081.0,GOLD III,2200.0,2005-12-24,3.0,1
c86960708b3cfcbfef81b0620a013753,400.0,277.0,55.0,53.166668,52.666668,50.0,52.666668,GOLD II,2199.0,GOLD II,2199.0,2021-12-12,3.0,1
98415bb884faa7fc2858cfa84886f0df,398.0,18161.0,100.0,80.555557,0.0,88.46154,0.0,UNRANK,1441.0,GOLD III,2292.0,2011-10-15,3.0,1
8dfdfbefaee6a09dffe9450d037278e8,402.0,594.0,100.0,76.833328,0.0,88.666664,0.0,UNRANK,1400.0,UNRANK,1400.0,2018-06-05,2.0,1
32ec9fa271c7a520e296dcd797ab5eeb,390.0,6661.0,56.666668,58.833332,56.0,71.0,46.333332,UNRANK,2300.0,UNRANK,2300.0,2011-09-14,3.0,1
e437dc6081c673df101bfb2ef1265a33,404.0,2228.0,45.0,56.0,57.666664,63.333332,54.333332,MASTER II,2741.0,GRAND MASTER I,3028.0,2013-10-02,3.0,1
59b07f21113db19afff601f1bd24bb4d,405.0,4678.0,51.666664,59.666668,62.666668,67.666664,62.030075,GRAND MASTER II,3217.0,MASTER II,2607.0,2012-01-05,3.0,1
38541b3bbc59a53af3339e84e2312dda,406.0,2970.0,61.666668,61.666668,60.333336,77.0,68.333336,UNRANK,1750.0,UNRANK,1750.0,2009-08-16,3.0,1
e7f3d3cb8427626f3e983665e28c33ff,410.0,7650.0,55.0,54.000004,51.636364,100.0,54.356846,UNRANK,1400.0,UNRANK,1400.0,2007-01-01,2.0,1
c7abe05310ed565ee8c74b417416ea51,409.0,2272.0,51.666664,47.5,44.0,50.0,48.666668,SILVER III,1613.0,GOLD III,2357.0,2011-09-08,3.0,1
8e58ae8e743fdd1be3c4aa49959503bd,410.0,7473.0,50.0,64.406784,0.0,78.125,0.0,UNRANK,1950.0,MASTER II,2749.0,2011-09-09,3.0,1
dd68a8d4c783ce05fc92057d53af4f9b,411.0,976.0,91.428574,62.989323,0.0,74.666664,70.0,UNRANK,1500.0,UNRANK,1500.0,2007-12-28,2.0,1
a1f11bafc78171b7d2a216de6150e47b,412.0,3017.0,92.68293,72.232643,77.41935,85.606064,0.0,UNRANK,1750.0,UNRANK,1750.0,2012-04-12,3.0,1
f920c51fcb7ecc8b120d554b4a5f9923,411.0,1236.0,46.666668,52.166664,54.666668,44.333332,50.0,UNRANK,2013.0,GOLD II,2129.0,2006-02-01,3.0,1
7d05df80fdadf9898a261510704664ba,414.0,4562.0,100.0,56.333332,56.666668,64.0,50.666668,GOLD I,1800.0,MASTER I,2400.0,2011-07-27,3.0,1
cb48f1c74757213dbe23fc643c1d0be3,407.0,769.0,46.666668,73.666672,77.666664,87.333336,71.666664,GOLD II,2059.0,GOLD II,2140.0,2011-07-12,3.0,1
540000743f96e893dc467965c9b95d72,416.0,1221.0,53.333336,57.666664,56.666668,73.333336,61.333332,GRAND MASTER I,3132.0,UNRANK,2450.0,2010-01-17,3.0,1
f8f98fcb83b87b08b56c4d113a8456ba,417.0,5051.0,50.980396,57.377045,51.851852,0.0,62.804878,UNRANK,1603.0,GOLD II,2029.0,2011-11-02,3.0,1
a78800746a3fdb23e46ea90423516adc,418.0,243.0,56.666668,55.166668,59.740257,63.666668,53.488373,GOLD III,2244.0,MASTER I,2400.0,2013-09-21,3.0,1
67ec1445c0b712067c75ff994702b533,419.0,134180.0,51.666664,59.500004,60.666668,76.666664,58.666668,UNRANK,1705.0,GOLD I,1975.0,2006-09-22,3.0,1
89078f1bbb3a60bfee94c6e621989379,420.0,1196.0,48.484848,56.896549,57.377048,66.32653,44.897961,UNRANK,2220.0,MASTER I,2517.0,2013-03-29,3.0,1
0b3c531f07dbcf15100e4b9d0dff5a8e,337.0,284860.0,60.000004,51.333332,43.666668,60.333332,54.0,UNRANK,1549.0,UNRANK,1400.0,2009-02-25,1.0,1
3151975af5744631a41901c96ab7e189,422.0,101118.0,0.0,52.666664,47.333332,65.666664,45.666668,UNRANK,1400.0,UNRANK,1400.0,2007-02-04,0.0,1
a0a3b0f9e45f8fb84798a40f1290ca6b,423.0,511.0,54.000004,52.354568,39.130436,61.452515,56.0,GOLD II,2050.0,MASTER II,2769.0,2018-06-17,3.0,1
cab8ee42b8c50ad8f460d5675489caa8,424.0,1542.0,33.333336,49.5,44.333332,53.666668,51.666668,UNRANK,1828.0,MASTER I,2403.0,2006-02-02,3.0,1
495695c5186471ba0636d8c3e6278d4d,425.0,6046.0,46.666668,60.333336,60.333336,83.333336,62.0,MASTER I,2565.0,MASTER II,2716.0,2014-12-08,3.0,1
1cf448a29585aa7b2a4cd3d389a50af0,427.0,3550.0,69.444443,52.833332,58.18182,62.0,100.0,UNRANK,1500.0,SILVER III,1661.0,2007-08-25,3.0,1
42f4fd9548b009767dab36495c8d75b8,439.0,692.0,61.666668,42.166664,34.0,52.666668,33.666668,UNRANK,1400.0,UNRANK,1400.0,2012-11-02,3.0,1
aca1ff1b37b1fe852ea2782c424ef2cc,430.0,15856.0,67.391304,60.000004,0.0,69.0,0.0,GOLD I,1820.0,UNRANK,1950.0,2015-01-08,3.0,1
5b587064099e9c92d1d2b1b73f92fa8e,388.0,22013.0,18.333334,50.666664,56.333332,61.333332,33.333332,SILVER III,1695.0,SILVER II,1557.0,2014-11-24,0.0,1
b46d3e07cac4798c5bbf7853d794e3da,431.0,545.0,50.0,61.666668,61.333332,73.0,60.333332,MASTER II,2618.0,MASTER II,2789.0,2018-02-22,3.0,1
d23fe1632f3f21fee4c632bf3739c501,433.0,2119.0,75.0,58.666664,61.832062,72.0,50.0,MASTER I,2599.0,MASTER I,2400.0,2011-09-14,3.0,1
68f96715bc9e2320d83eb33d48b3bf1b,435.0,17977.0,51.666664,55.5,56.666668,69.0,59.0,GOLD II,2053.0,GOLD II,2019.0,2007-02-09,3.0,1
dd887e6b3b0469d264797b4b49af34fe,438.0,2043.0,80.0,60.833336,57.666664,74.333336,56.25,GOLD II,2113.0,UNRANK,1800.0,2010-09-15,3.0,1
74d5bc3607a6b9b9ba8b06cbbd28222f,438.0,6389.0,100.0,61.844486,68.518517,72.727272,57.0,UNRANK,1400.0,UNRANK,1400.0,2014-08-24,0.0,1
adda23744c9d4f133aab21426a1ef9ee,439.0,804.0,50.0,62.666668,55.333332,71.0,57.0,UNRANK,1950.0,MASTER I,2496.0,2020-03-03,3.0,1
a8b730d005d5417fb5905504bf4aef0f,435.0,240.0,50.0,51.48148,50.746269,64.743591,42.553192,UNRANK,2349.0,GOLD II,2185.0,2011-08-25,3.0,1
bfe219d139e6cbccb92905d99b8ded8d,442.0,311.0,56.666668,59.833336,66.666672,74.666664,59.0,GRAND MASTER I,3058.0,UNRANK,2400.0,2020-03-30,3.0,1
4eaa7db077f085c49e230ba22f230837,443.0,17649.0,51.666664,54.333336,53.333336,64.0,52.666668,MASTER III,2904.0,GRAND MASTER II,3230.0,2015-06-13,3.0,1
9f2d24ab630bdf5b4dafc148bd13cc39,444.0,5734.0,45.0,51.0,50.0,65.0,56.25,GOLD I,1894.0,GOLD I,1917.0,2009-03-19,3.0,1
c0c4e6388a7add5e8a171f9fa5890d68,445.0,1080.0,81.666664,52.833332,41.0,60.666668,49.626865,SILVER III,1619.0,SILVER III,1651.0,2018-08-10,3.0,1
10042a44c97f01d174179ea76ed6a6bc,434.0,28219.0,78.333336,55.333336,63.666664,63.0,64.0,GOLD I,1892.0,UNRANK,1550.0,2009-01-06,3.0,1
a1346cebd83fcc934ec274a2e91c843a,447.0,1843.0,86.666664,58.833332,61.0,69.666664,64.0,UNRANK,2400.0,GRAND MASTER I,3035.0,2010-07-27,3.0,1
e2cf2aa4a908a07bad0c8bb84576eee3,445.0,4063.0,86.666664,61.5,66.666664,74.0,65.333336,UNRANK,2400.0,UNRANK,2400.0,2013-01-17,3.0,1
026267d573f2631b2a77202b0d5c6469,445.0,10056.0,53.333336,51.333332,52.333332,55.0,56.666668,UNRANK,2400.0,GOLD III,2399.0,2009-01-05,3.0,1
06ff99b3d2e5ece5f7ec458f6b48c996,448.0,2431.0,98.333336,61.166668,57.666664,65.333336,68.156425,GOLD I,1940.0,UNRANK,1950.0,2017-05-20,3.0,1
4ed792e406b193ce14bff2281d3387f4,451.0,162.0,58.333332,53.169014,58.60215,55.555557,50.0,UNRANK,2291.0,MASTER III,2999.0,2010-02-16,3.0,1
7dd215c992f4029e4cc10b36f5d9d72b,451.0,3332.0,78.571426,57.07317,58.959538,0.0,0.0,GOLD I,1980.0,UNRANK,1950.0,2014-11-22,3.0,1
dddc62da484a1e417b95c9403236df77,453.0,710.0,46.666668,47.333332,41.509434,59.333332,42.333332,SILVER III,1726.0,GOLD III,2399.0,2006-06-06,3.0,1
502bd6a28f44826f3dace4ac09c60af2,454.0,34606.0,86.666664,61.166668,63.666664,72.413795,100.0,UNRANK,1750.0,UNRANK,1750.0,2014-04-26,3.0,1
f759e275f208c68c55a5915cf79a3559,456.0,76816.0,61.666668,57.166664,65.333328,66.666664,60.666668,SILVER III,1787.0,SILVER III,1730.0,2016-06-04,1.0,1
3cf7b28b5abdb6688f9de5653f994c69,456.0,805.0,56.666668,54.166668,49.333336,0.0,59.333332,GOLD III,2367.0,GOLD I,1800.0,2007-03-04,3.0,1
6e4a4e8883700d65afe24ca42723613d,457.0,4041.0,91.666672,56.5,54.666668,64.0,50.666668,UNRANK,1874.0,UNRANK,1816.0,2005-09-06,3.0,1
f763ab73e1b8d8a7fb8be880a341675a,458.0,3252.0,100.0,51.166664,49.666668,88.888885,0.0,UNRANK,1400.0,UNRANK,1400.0,2014-04-16,3.0,1
527b0076d85741b44114ea5939fe7bd0,459.0,743.0,82.352943,56.914894,0.0,64.846413,0.0,UNRANK,2000.0,UNRANK,2000.0,2011-11-06,3.0,1
4ae4a57c9ee04fe5246d36c72b940f8a,395.0,86168.0,90.0,49.166668,44.0,51.666668,36.666668,UNRANK,1500.0,UNRANK,1500.0,2007-04-17,1.0,1
f334c37e0c7c6f118143a1d7af3ccc25,462.0,1326.0,70.0,62.333332,61.666668,77.0,65.0,GOLD III,2399.0,MASTER I,2473.0,2013-02-15,3.0,1
ee2e7f2743688fc61381dff85de3f337,460.0,1918.0,100.0,69.166664,63.333332,63.666668,56.551723,UNRANK,1400.0,UNRANK,1400.0,2014-04-26,0.0,1
c511d5f4a0a3f79c723f09bb59edaeab,463.0,583.0,98.333336,61.5,64.0,0.0,55.333332,UNRANK,1400.0,UNRANK,1400.0,2019-03-09,3.0,1
809157a89d859de8c3d41dbb25856620,464.0,422.0,56.666668,60.666668,57.894737,75.333336,51.333332,GOLD III,2375.0,MASTER III,2830.0,2010-08-12,3.0,1
9133015a117b0505796f407562676187,465.0,1910.0,70.0,52.166664,53.9823,66.0,52.272728,MASTER III,2832.0,MASTER I,2421.0,2014-02-07,3.0,1
a8184e34117b44e70acd86dc2a32e192,463.0,2194.0,46.666668,44.5,42.0,63.709679,49.666668,GOLD I,1957.0,GOLD I,1815.0,2014-08-25,3.0,1
3ce2315d183df77820031321145de21d,467.0,881.0,85.0,61.333336,54.333336,80.666664,54.333332,UNRANK,2407.0,MASTER II,2754.0,2007-09-24,3.0,1
cc3530f39937b4c12bfcdd4c98ff365e,468.0,52330.0,21.666666,50.333332,70.0,57.333332,45.666668,UNRANK,1339.0,UNRANK,1400.0,2006-04-27,3.0,1
cad4fbe22ef3c0a144f136fbbf8d5bbc,467.0,32983.0,100.0,57.671959,59.7561,0.0,0.0,UNRANK,1500.0,UNRANK,1500.0,2005-12-10,3.0,1
67eace77bd34ca7bc099b51018007dc1,471.0,2186.0,98.333336,68.666664,67.666664,79.333336,69.0,UNRANK,1400.0,UNRANK,1400.0,2007-09-01,0.0,1
d0f1c9f9611efdd7713d9d7ca6a2103c,472.0,22142.0,93.333336,58.0,57.333332,62.333332,44.666668,GOLD II,2199.0,UNRANK,1800.0,2008-09-13,3.0,1
c34952d9578663821e8477aae2615ea2,475.0,1964.0,46.666668,56.0,50.666664,70.0,55.555557,UNRANK,1950.0,GOLD II,2175.0,2005-09-28,3.0,1
a60bc18c3f8fc18bf2f2c664e9ce4375,474.0,845.0,61.666668,62.5,66.666672,80.333336,66.333336,MASTER I,2441.0,UNRANK,1950.0,2010-08-01,3.0,1
2e0cdcd12b08190b72a0e82bb2074e94,475.0,4202.0,46.666668,48.166664,40.333332,61.0,49.333332,UNRANK,2400.0,GRAND MASTER II,3399.0,2018-03-07,3.0,1
bbc5ff91ec1650286bc07b8351246210,474.0,16117.0,66.666672,60.689659,0.0,68.367348,0.0,UNRANK,2000.0,MASTER II,2691.0,2014-03-13,3.0,1
dd90338a9aa440cb59fa161c82bc95fc,477.0,129804.0,50.0,54.666668,59.333332,58.0,49.0,MASTER III,2847.0,GRAND MASTER II,3337.0,2012-01-16,3.0,1
396e17a699fb90fd735db12dee9d878d,479.0,290.0,46.666668,70.333336,68.333336,83.333336,69.666664,MASTER II,2709.0,GRAND MASTER I,3132.0,2009-12-22,3.0,1
b82c698299929d817ddf3cec11c9f4ea,473.0,2529.0,60.0,63.5,63.0,75.0,63.0,UNRANK,1750.0,UNRANK,1750.0,2012-11-16,3.0,1
7c22577fe574631a09841def0bf2594d,481.0,1611.0,43.333332,50.333332,50.0,58.333332,51.333332,UNRANK,1438.0,SILVER III,1792.0,2007-12-20,3.0,1
0907186c545595489102a1612a8833a4,480.0,17775.0,40.0,47.5,44.0,60.333332,47.0,GRAND MASTER III,3501.0,MASTER II,2749.0,2010-04-17,3.0,1
7c34db75cf3687c4796b1188029b1105,483.0,1661.0,50.0,57.833332,60.000004,0.0,64.666664,UNRANK,1613.0,GOLD I,1930.0,2011-07-12,3.0,1
c43a357091d510640782af11cfe390e6,484.0,655.0,73.333336,61.666668,65.333336,78.0,62.333332,UNRANK,2000.0,UNRANK,2000.0,2015-01-24,3.0,1
87fbf16442eb0fc1013e211011e59337,485.0,7130.0,48.333332,52.499996,54.666668,76.666664,52.0,LEGEND,3776.0,MASTER I,2501.0,2011-01-26,3.0,1
955d17c31e06ca578cdcd27fbaf4d404,482.0,31958.0,61.666668,55.166668,58.666668,64.666664,47.058823,UNRANK,1400.0,UNRANK,1400.0,2011-11-18,3.0,1
f268d422def1300c344d38d5c7dd92c4,486.0,921.0,48.333332,56.333332,50.666668,66.666664,53.0,MASTER II,2787.0,GOLD III,2311.0,2013-03-07,3.0,1
56cfeec2f18746698562b416fb147089,490.0,4894.0,0.0,75.0,100.0,0.0,0.0,MASTER II,2799.0,GRAND MASTER I,3199.0,2017-02-27,3.0,1
379939017e20de784bd7ccfc35516cf0,491.0,1453.0,48.333332,55.333336,58.333332,63.0,47.333332,MASTER II,2605.0,GRAND MASTER I,3063.0,2009-01-01,3.0,1
a9280fd928de269ade81e1add5761d7e,340.0,17627.0,73.333336,52.666664,48.333332,75.0,51.666668,UNRANK,1400.0,UNRANK,1400.0,2012-08-23,2.0,1
3044542e736279f9f8528527a0124d9f,485.0,15372.0,68.333336,60.166668,58.333332,63.0,68.75,GOLD II,2017.0,GOLD II,2180.0,2011-07-28,3.0,1
1a963170a056f4d0af3902ba540a9f5a,494.0,374.0,85.0,55.166668,58.999996,55.0,53.666668,MASTER I,2599.0,MASTER II,2650.0,2018-03-31,3.0,1
0b618f91e7189d9e6a2f763ae1e7860c,496.0,95.0,65.0,64.5,63.666664,75.0,60.666668,GRAND MASTER II,3399.0,GRAND MASTER III,3450.0,2017-10-23,3.0,1
0c464b65c0988d247d09d2f94a45890c,497.0,6074.0,100.0,55.0,55.333332,66.0,50.0,GOLD III,2308.0,UNRANK,1800.0,2009-05-24,3.0,1
18009d6772a34b26ab65b5c3dff5fdf7,497.0,25.0,100.0,81.0,75.666664,92.333336,76.333336,UNRANK,1742.0,UNRANK,2079.0,2016-12-01,3.0,1
ce9439ca59ebe33bfa52c53cd02968c1,499.0,41869.0,0.0,64.516129,60.000004,75.0,72.727272,GOLD III,2299.0,MASTER I,2599.0,2018-11-17,3.0,1
729bbf6aa98a09b60f974707710b76fd,500.0,254.0,43.333332,52.0,43.666668,61.333332,49.666668,UNRANK,1950.0,GOLD III,2272.0,2007-05-11,3.0,1
2cea2fabb79ee499c0c1751d5aa02de1,503.0,12867.0,90.0,56.166668,55.333336,73.666664,60.333332,UNRANK,2400.0,UNRANK,2400.0,2009-02-02,3.0,1
92ca6756f34450f84215c32363044a37,505.0,1483.0,71.666664,64.666664,69.666664,87.666664,58.333332,GOLD III,2390.0,UNRANK,2000.0,2005-09-03,3.0,1
e792330af7df69124dbe45a80df29b2d,506.0,1726.0,95.0,61.333336,61.0,66.333336,53.125,GOLD I,1999.0,GOLD III,2212.0,2016-07-31,3.0,1
df5af515e27b615494d6693e56b0ed63,388.0,274173.0,44.827587,56.089741,56.87204,0.0,0.0,UNRANK,1470.0,UNRANK,1400.0,2010-10-17,0.0,1
8ef98852f8218ba377f605e1714cf3b5,485.0,7137.0,100.0,65.166664,62.5,73.666664,65.217392,UNRANK,1500.0,UNRANK,1500.0,2021-10-08,3.0,1
4953b157d3f0a4cb029188c515451771,464.0,14503.0,56.666668,54.666668,54.666668,52.333332,58.333332,MASTER I,2400.0,UNRANK,2000.0,2012-02-28,3.0,1
5205b1df5bdc5777e521fb333df2213e,509.0,6570.0,58.333332,55.5,59.666668,54.0,53.666668,GRAND MASTER I,3178.0,UNRANK,2400.0,2012-06-07,3.0,1
cc8f1c7ddca740b2130d0b75ed5116d4,511.0,443.0,98.333336,66.833336,65.0,81.333336,72.0,UNRANK,2400.0,UNRANK,2400.0,2013-05-26,3.0,1
c549402aaa799801784cb89feaabf3d2,488.0,526655.0,95.0,62.166668,57.333332,68.666664,60.0,SILVER II,1508.0,UNRANK,1400.0,2017-06-02,1.0,1
dcd8c06d9286620d37ac7bde2c056704,513.0,800.0,48.333332,49.833332,48.333332,37.254902,43.434345,GOLD I,1853.0,UNRANK,1800.0,2007-01-01,3.0,1
cb5f1cfe33a48281ad3b2c0284c4ed61,513.0,230.0,100.0,71.0,67.0,85.333336,60.333332,UNRANK,2400.0,UNRANK,2400.0,2019-01-23,3.0,1
501a248233a2f67803af126dbddde632,515.0,1225.0,55.0,54.666668,0.0,66.333336,62.83186,UNRANK,2350.0,GOLD III,2327.0,2007-02-09,3.0,1
d86834be8fd750a1de8197706a354655,517.0,867.0,41.666664,52.833332,52.333332,55.0,50.666668,UNRANK,1550.0,GOLD I,1954.0,2006-01-03,3.0,1
699f08dd9d661e0adfc2c3d6fbefb01c,517.0,1385.0,48.333332,56.0,57.803467,62.323944,57.0,MASTER I,2467.0,MASTER II,2705.0,2015-12-01,3.0,1
08a0f75e671805b8d78b8662e46681c0,516.0,36.0,100.0,64.5,57.333332,73.666664,67.666664,MASTER II,2653.0,MASTER I,2591.0,2022-10-03,3.0,1
a97b902fb4df840c106018b28005c6c1,519.0,14438.0,65.0,61.0,60.000004,76.333336,51.333332,UNRANK,2250.0,MASTER III,2999.0,2016-06-22,3.0,1
0a84e557e15a9426fe9f3bbffa0ef2b9,512.0,410.0,93.333336,70.5,56.666668,92.0,58.333332,GRAND MASTER I,3106.0,MASTER III,2950.0,2016-12-22,3.0,1
1f86bfafdf027296c104b7d985d14e71,101836.0,49432.0,90.0,69.863014,0.0,0.0,75.438599,GOLD I,1800.0,GOLD II,2187.0,2021-04-04,3.0,1
f1d419c22f9c81e4f4ab821cd31884d8,516.0,101759.0,56.666668,50.333332,50.333332,63.0,50.847458,UNRANK,1400.0,GOLD II,2175.0,2009-03-11,2.0,1
cffd6904b3ef10b6e0353fcef1750689,523.0,2055.0,55.0,63.5,68.0,77.333336,68.0,GOLD III,2399.0,MASTER I,2547.0,2017-01-20,3.0,1
08d4d1fa0dcc4a7dddfb57728bfeb2ae,525.0,1059.0,55.0,58.833332,59.333332,65.666664,66.666664,GOLD I,1850.0,UNRANK,1500.0,2015-01-28,3.0,1
9916598ae81bbbad03cb91129b06d217,525.0,35540.0,53.333336,57.5,56.53846,72.333336,0.0,SILVER III,1751.0,UNRANK,1800.0,2005-09-10,3.0,1
6aa748988f666571d9af07c17941cd25,526.0,931.0,100.0,62.666668,61.0,72.666664,59.0,UNRANK,1423.0,GOLD I,1893.0,2014-07-11,3.0,1
b4775c8c1dd198d8a35b471a6d22f13d,524.0,1416.0,100.0,49.833332,50.666664,0.0,50.333332,SILVER II,1547.0,UNRANK,1400.0,2011-12-31,2.0,1
161197812850b4480adda8e1e5c22750,528.0,297.0,48.333332,61.666668,63.0,68.333336,59.666668,UNRANK,2495.0,GRAND MASTER III,3508.0,2012-04-14,3.0,1
62c861aa5601c86000d135dcf7c1862f,530.0,1780.0,51.851852,56.73077,0.0,54.444443,65.217392,UNRANK,1950.0,UNRANK,1950.0,2018-01-08,3.0,1
36c46d331d65cce5429e27aa4944c5ee,531.0,80572.0,53.333336,51.666664,56.0,78.0,56.0,GOLD III,2249.0,UNRANK,1400.0,2013-05-05,2.0,1
2cb4fc63b93d15eebc07245eca4e8c81,532.0,119338.0,50.0,55.0,55.666668,65.656563,55.438595,GOLD II,2089.0,MASTER I,2575.0,2007-07-12,3.0,1
93ff1b46406cf53dd8d596f65947a120,533.0,891.0,48.333332,45.5,46.333332,50.400002,50.0,SILVER II,1507.0,UNRANK,1550.0,2011-12-10,3.0,1
6bef44f445384fb289ad44abc92a1f1a,527.0,84331.0,85.0,60.000004,62.333332,70.333336,61.0,UNRANK,1750.0,GOLD I,1800.0,2005-10-14,3.0,1
8e0e5a88ae6189345ff50ee07fe90b8f,535.0,6096.0,60.000004,63.166664,71.0,0.0,59.0,UNRANK,1750.0,UNRANK,1750.0,2009-12-03,2.0,1
a798cc38ba7b3f6d01659ab9ba803deb,536.0,343.0,50.0,61.666668,50.333332,70.333336,58.666668,GOLD II,2050.0,GOLD III,2399.0,2020-11-05,3.0,1
a7b83e25e1ceb0b44c036bad7be1abae,537.0,2049.0,0.0,64.321609,0.0,77.519379,0.0,GRAND MASTER II,3294.0,GRAND MASTER I,3089.0,2015-02-03,3.0,1
ae9d6c9016f2af4d632113487414ef56,538.0,912.0,51.666664,53.500004,62.666668,53.0,57.666668,SILVER III,1604.0,GOLD I,1965.0,2006-10-03,3.0,1
c1bdf79dbe9e3a64f437f0ffa917d5a1,534.0,963.0,55.0,59.166664,59.333332,72.666664,54.333332,UNRANK,2446.0,MASTER III,2955.0,2010-02-24,3.0,1
22780fd8fb59381e0600fb375ae87767,540.0,1040.0,46.666668,53.500004,51.333332,69.333336,0.0,UNRANK,2400.0,UNRANK,2400.0,2020-01-16,3.0,1
48889886f501c39df6bed8b8989f1d26,543.0,2581.0,85.0,52.307693,57.14286,59.0,25.0,UNRANK,1500.0,UNRANK,1500.0,2010-09-11,3.0,1
4236821c928469ae19441ace071dbbbe,542.0,1421.0,100.0,62.333332,48.484848,77.0,57.471264,UNRANK,1550.0,UNRANK,1550.0,2012-05-09,0.0,1
44bb2d0de3d2979a8af871f8734b091c,527.0,240949.0,95.0,58.833332,56.666668,64.333336,61.666668,UNRANK,1750.0,UNRANK,1750.0,2012-04-07,1.0,1
ebbdb29332dd1412c0e0fe007ec9ada5,544.0,2946.0,46.666668,45.333336,41.333332,55.666668,47.666668,GOLD II,2035.0,GOLD II,2042.0,2021-01-02,3.0,1
770d7f9d5847e2d8ecedd0f043108ad6,545.0,1353.0,86.666664,62.0,60.333332,75.666664,64.333336,UNRANK,2685.0,GRAND MASTER III,3479.0,2013-09-12,3.0,1
c27d1893afdebbde336433b9b1b46638,546.0,13046.0,53.333336,55.666668,54.000004,68.0,58.510639,MASTER I,2400.0,GRAND MASTER II,3350.0,2016-04-27,3.0,1
cea4a7c89a31eb7858193e4ff075fd9e,551.0,965.0,56.666668,58.166664,57.333332,69.333336,53.666668,GRAND MASTER I,3081.0,MASTER I,2400.0,2011-01-09,3.0,1
89854a41147b30e24291ff44e007823b,549.0,30988.0,48.333332,49.333336,47.333332,54.0,44.0,SILVER II,1495.0,UNRANK,1358.0,2006-04-15,3.0,1
9236cae9ed7baa27ffa325e9db967f68,549.0,234.0,50.0,52.0,52.999996,63.666668,48.333332,MASTER II,2799.0,MASTER II,2702.0,2013-01-18,3.0,1
7b7da41a193dcd80f799beb559c1fbad,552.0,3363.0,95.0,47.833332,43.666668,49.333332,42.333332,UNRANK,1574.0,UNRANK,1400.0,2016-11-19,1.0,1
181a42151308c7acd449d72395ec4dab,553.0,3815.0,90.0,58.333332,58.666664,53.0,56.333332,UNRANK,1615.0,GOLD I,1839.0,2012-02-09,3.0,1
c02fe29e9d4252356b1afcdd6cfc7af3,552.0,1550.0,45.0,54.000004,49.666668,64.0,51.333332,MASTER III,2943.0,GOLD II,2177.0,2020-07-13,3.0,1
d66a27fa856062aad4832b967246180f,539.0,1856.0,53.333336,47.666664,45.0,64.333336,47.333332,UNRANK,1550.0,SILVER III,1747.0,2008-11-08,3.0,1
94090c9f956327d34ec48689b133234c,517.0,5300.0,26.666668,47.666664,53.333332,67.0,44.666668,UNRANK,1400.0,UNRANK,1400.0,2006-12-24,2.0,1
52ff4f416bdbe30d7f88364e11ebbaee,555.0,1254.0,40.0,43.166668,39.0,56.0,51.0,SILVER III,1779.0,MASTER I,2524.0,2014-05-06,3.0,1
64317f36e65e68577286e09bfbab022b,557.0,519.0,51.666664,50.666664,53.459122,66.666664,50.333332,MASTER I,2599.0,GRAND MASTER II,3280.0,2015-01-27,3.0,1
c840493a42e0e9a57b6d82ccee9c8af4,561.0,1220.0,41.666664,47.833332,42.0,50.666668,44.333332,SILVER II,1439.0,SILVER I,1207.0,2019-06-27,3.0,1
c31ff64f873a966d228a110d3280de3b,559.0,1944.0,50.0,51.5,49.666668,63.666668,53.666668,GRAND MASTER III,3599.0,UNRANK,2400.0,2018-11-07,3.0,1
15cf22393280cc9c3650ad74bdd92b59,560.0,8267.0,48.333332,60.833336,57.666664,72.0,58.0,UNRANK,2372.0,MASTER I,2536.0,2010-03-12,3.0,1
61d574ac8c25243e5d4b840f4ea982e9,564.0,776.0,50.0,30.000002,73.0,86.666664,76.0,BRONZE III,1139.0,SILVER I,1375.0,2008-10-23,3.0,1
7dfb0592d0e22dad80c64662ee1fc059,562.0,7465.0,60.000004,63.166664,66.0,79.0,58.666668,UNRANK,2450.0,UNRANK,2450.0,2016-02-02,3.0,1
25f7fb7e5362200a33bc5d1d56cc95cf,543.0,6556.0,55.0,57.333332,58.0,68.666664,55.0,UNRANK,2350.0,UNRANK,2350.0,2007-04-05,3.0,1
052fe11aaad542264f5d569ef90ecc0e,564.0,6344.0,51.666664,68.5,65.666672,87.0,73.666664,SILVER III,1642.0,UNRANK,1438.0,2010-02-22,3.0,1
902ca6c817f436a3b76329976af98638,565.0,3760.0,50.0,54.666668,52.666668,60.666668,53.333332,GOLD III,2243.0,UNRANK,2071.0,2006-08-07,3.0,1
4026da40f0a74220556f3e1c4b2f5035,567.0,100854.0,66.666672,54.166668,51.0,68.333336,53.666668,UNRANK,1926.0,UNRANK,1750.0,2005-11-18,3.0,1
2aa255cd2049dfc4a2e9f7e5b3177ab0,568.0,20566.0,46.666668,56.666668,55.0,63.666668,57.333332,UNRANK,1500.0,UNRANK,1500.0,2010-12-19,3.0,1
2f8f42ef66aad8c17f96dee12590b3eb,569.0,68902.0,51.666664,45.0,44.0,66.0,51.0,UNRANK,1750.0,MASTER II,2616.0,2011-04-16,3.0,1
3b7e10dc8b96497c6f7e240d08e683cd,570.0,2340.0,93.333336,61.833336,59.666668,83.333336,50.333332,UNRANK,1400.0,UNRANK,1400.0,2006-11-09,0.0,1
2003571051f8469837c21fcae33ed70c,572.0,1762.0,40.0,44.833332,42.0,71.532845,49.666668,GOLD I,1975.0,GOLD II,2027.0,2007-05-17,3.0,1
e9334b3e3c6bc36a4f5e816925c3a5f6,572.0,1164.0,61.666668,61.666668,63.0,80.333336,61.0,UNRANK,1500.0,UNRANK,1500.0,2012-03-23,3.0,1
90aacee187255d1f880229e3d84afc97,573.0,6077.0,100.0,58.999996,0.0,72.666664,0.0,UNRANK,1400.0,UNRANK,1400.0,2011-07-13,1.0,1
0f2fa2066c86d878c3806b31c341ba1a,554.0,19512.0,46.666668,48.694031,57.575756,59.803921,45.180721,UNRANK,2013.0,GOLD III,2216.0,2005-12-06,3.0,1
174594ae32565532a673316987e3912d,577.0,1317.0,98.333336,69.333336,71.666664,83.333336,69.666664,UNRANK,1400.0,UNRANK,1400.0,2012-03-17,0.0,1
d4d4e66658a6d69bd6aceea5ec4dae8f,577.0,8359.0,48.333332,51.333332,60.483871,59.666668,50.333332,GRAND MASTER III,3576.0,GOLD III,2369.0,2013-02-27,3.0,1
7624a2ab8c2440cce7e47331b255eb27,582.0,66562.0,51.666664,41.833332,37.333332,51.0,42.666668,BRONZE III,1188.0,UNRANK,1400.0,2006-02-10,3.0,1
629692c9ced0f80d1edb22bd672dde44,581.0,1652.0,88.333336,64.333328,72.0,76.666664,71.666664,GOLD I,1800.0,MASTER II,2709.0,2016-07-12,3.0,1
5d59d0042f95012392c460b41178e47b,581.0,319.0,56.666668,43.333332,44.0,48.333332,48.333332,GOLD II,2073.0,MASTER II,2650.0,2008-06-23,3.0,1
22723031d7abf482be8f1796c1fed155,581.0,43224.0,59.574467,60.666668,57.200005,74.333336,0.0,GOLD II,2117.0,UNRANK,1950.0,2007-10-29,3.0,1
ec9a069ad9c0083071c7b5ef77555af0,588.0,168523.0,60.0,52.166668,51.0,63.333332,48.0,UNRANK,1500.0,UNRANK,1500.0,2012-08-21,2.0,1
18b82460acd3c585ea08a0aedeb2e859,587.0,487.0,71.666664,61.5,58.974361,69.333336,100.0,GOLD III,2226.0,MASTER I,2464.0,2014-04-01,3.0,1
2243a0edb31661f2d3eeeb26807e5858,587.0,13457.0,53.333336,45.0,43.0,57.666668,36.333332,UNRANK,1950.0,MASTER II,2650.0,2017-01-31,3.0,1
3259f682b743c43eadd002cc59d319e1,589.0,416.0,50.0,49.666668,46.333332,64.0,46.0,UNRANK,1600.0,UNRANK,1600.0,2010-02-22,3.0,1
42e4d5ed3d8c26f525f3882d81d91c36,590.0,1366.0,0.0,36.0,35.666664,69.333336,37.333332,BRONZE III,1001.0,UNRANK,1337.0,2013-07-06,3.0,1
33823c8b89e147c673f7f43ed7b938db,591.0,878.0,100.0,60.000004,60.666668,73.333336,54.666668,UNRANK,1550.0,GOLD I,1800.0,2011-08-16,3.0,1
91f6fadf7d829159b66f71ec086dcb1b,592.0,1267.0,96.666664,62.0,60.000004,73.666664,58.0,MASTER II,2799.0,MASTER I,2450.0,2015-01-12,3.0,1
26c7604e2110c9df8eb225884ae6eeeb,593.0,30133.0,100.0,71.333328,78.333336,87.0,60.333332,UNRANK,1550.0,GOLD II,2050.0,2015-01-06,3.0,1
224a28a725adb83ef3476cf0c2e60a8b,594.0,3288.0,55.882351,55.5,0.0,65.333336,0.0,UNRANK,1504.0,SILVER III,1715.0,2018-08-07,3.0,1
49d8fbbd3300cac8f2b7882b630ef12c,593.0,259198.0,100.0,58.0,57.333332,67.333336,57.666668,UNRANK,1400.0,UNRANK,1400.0,2011-08-09,0.0,1
a3f727f36af962e37125cecb8b15d3f7,597.0,6671.0,53.333332,46.333332,45.666668,66.0,40.666668,UNRANK,2000.0,UNRANK,2000.0,2013-12-22,3.0,1
32c57f3592f8d23a5c36c3f4f8a426ba,599.0,3121.0,56.0,51.179249,50.666664,0.0,0.0,GOLD III,2229.0,GOLD I,1982.0,2015-12-22,3.0,1
189715c17b7127128b68cfef6d58ed25,601.0,3389.0,91.666672,62.333332,63.666664,72.333336,60.666668,GOLD II,2175.0,MASTER I,2580.0,2010-02-15,3.0,1
dee4b36723de263384d12d674f26816e,601.0,2549.0,81.666664,51.333332,49.0,67.333336,55.666668,GOLD I,1890.0,UNRANK,1600.0,2019-12-02,3.0,1
2bbd26f17484b842f81ecd3cca9a569e,558.0,133766.0,86.666664,54.5,54.000004,67.0,60.0,UNRANK,2400.0,UNRANK,2400.0,2016-10-09,3.0,1
d003b66f2ebc1ede22ed2aa71ccf9561,568.0,290169.0,88.888885,62.091503,0.0,67.5,0.0,UNRANK,1400.0,UNRANK,1400.0,2009-03-22,0.0,1
353a0da4d2a5391b2adcb92047a44b8a,602.0,24.0,80.0,64.833328,66.0,79.666664,61.666668,GOLD II,2017.0,MASTER II,2650.0,2021-06-07,3.0,1
65c870e0e3af830f888d3dd360e0b84c,605.0,2728.0,55.0,63.833332,63.0,76.0,60.333332,GRAND MASTER I,3191.0,MASTER III,2884.0,2011-10-12,3.0,1
428d779d03183ed234ec99c9b55224e3,606.0,1210.0,98.333336,58.833332,58.999996,70.792076,61.0,MASTER I,2418.0,MASTER I,2585.0,2015-06-21,3.0,1
49f468466f91dc59a234cfddcb133636,608.0,2060.0,46.666668,58.666664,60.666668,76.666664,55.333332,GRAND MASTER I,3145.0,MASTER II,2650.0,2011-09-18,3.0,1
fea84497bacb22821f3802de6976dcf5,560.0,231541.0,100.0,58.833332,59.333332,70.666664,62.448978,UNRANK,1506.0,UNRANK,1400.0,2013-11-17,0.0,1
1072209b94f7238f673b9e2ab24673b7,611.0,14913.0,35.0,60.166668,58.0,73.333336,66.666664,MASTER I,2455.0,GRAND MASTER II,3399.0,2014-01-21,3.0,1
eb71034d115ad4cf7cfe0a29ae5943fc,613.0,282.0,53.333336,59.333332,64.0,70.0,66.0,LEGEND,3614.0,MASTER I,2543.0,2017-04-29,3.0,1
2728682f9f4fee06a87d9c956efbc803,611.0,162554.0,46.666668,60.666668,58.666668,73.0,61.333332,UNRANK,2000.0,MASTER I,2526.0,2011-07-15,3.0,1
4a4a84b697bde5553aa923ae9d13fe84,615.0,75.0,64.285713,50.595238,58.0,58.57143,66.666664,LEGEND,3648.0,MASTER III,2850.0,2014-08-29,3.0,1
b4b2a731adb78dc528689edddf9fdaa0,617.0,6383.0,45.0,44.333332,43.666668,55.333332,40.909092,UNRANK,1950.0,GOLD III,2247.0,2012-10-27,3.0,1
84357c0241e6736903e4e422aa3a08d9,618.0,104459.0,85.0,67.333336,64.333336,79.0,65.333336,GOLD I,1800.0,UNRANK,1800.0,2013-12-29,2.0,1
f3ceb1dd00fb8402047598792ad1f8ae,619.0,5715.0,63.333332,56.166668,53.333336,65.467628,59.333332,MASTER I,2429.0,UNRANK,2400.0,2013-08-25,3.0,1
dbb344cef056b5dc5c8c3313a416284f,621.0,596.0,85.0,68.333336,64.333336,77.666664,51.666668,UNRANK,1750.0,GOLD II,2111.0,2011-08-11,3.0,1
fa6c9626709c389c9bfb3ce357cacdc8,621.0,178.0,52.941177,53.421051,50.684933,57.575756,58.620689,MASTER I,2491.0,UNRANK,2350.0,2014-02-26,3.0,1
9e551ce788f54fb43fbdf88551f83434,623.0,2119.0,88.333336,55.666668,58.333332,63.666668,58.0,UNRANK,2400.0,UNRANK,2400.0,2010-07-09,3.0,1
a4efc1d7c6a4e4d3cfd02ba364326180,624.0,10235.0,46.666668,41.666664,37.333332,57.333332,40.0,UNRANK,1680.0,UNRANK,1550.0,2007-10-14,3.0,1
5ef03db5557aed94826792a515809b6a,616.0,64.0,100.0,70.666664,69.333336,91.0,70.0,MASTER III,2999.0,GRAND MASTER III,3521.0,2021-02-09,3.0,1
edd1adea6cd980f8b4db0ab376634bbf,626.0,4910.0,51.666664,57.833332,55.666668,69.333336,50.0,GOLD II,2032.0,GOLD I,1800.0,2014-11-10,3.0,1
ec315b6080878b5b395f7ef83a4a1137,611.0,145358.0,51.666664,59.333332,54.333336,71.333336,59.666668,UNRANK,1950.0,GOLD III,2250.0,2016-09-29,2.0,1
9a72823fcda0dcd310edacbe70c9b3a7,628.0,1139.0,100.0,49.5,49.333336,66.666664,56.470589,UNRANK,1500.0,UNRANK,1500.0,2005-09-15,3.0,1
4c70141f1afa1b15f57d31776c92d081,629.0,2540.0,100.0,71.666664,66.0,86.333336,74.0,UNRANK,1400.0,UNRANK,1400.0,2011-12-27,-2.0,1
4ae726138aaf035bb1003aa4a4aad770,617.0,20579.0,48.333332,37.833332,39.666668,45.333332,43.0,UNRANK,1400.0,UNRANK,1400.0,2005-12-10,3.0,1
e2eb47d5f66b072b1577a41df888bdcd,632.0,22105.0,80.0,57.166664,48.333332,67.333336,50.442478,UNRANK,1750.0,GOLD I,1800.0,2018-07-26,2.0,1
7b3d8c4ccd7b7fd805dfd4025dac9011,631.0,2583.0,70.0,55.833332,58.999996,64.0,55.248619,UNRANK,2250.0,MASTER II,2799.0,2013-08-07,3.0,1
db4c8d1a10c670a71db558bac80cefe3,633.0,24607.0,50.0,52.499996,49.666668,62.666668,56.666668,GOLD I,1919.0,GOLD III,2242.0,2013-05-01,3.0,1
aacf07455d3db27a0710a9708660e2b1,634.0,702.0,48.333332,41.166668,32.333332,57.0,37.333332,GOLD II,2032.0,GOLD I,1945.0,2020-05-15,3.0,1
d83289d0b1377ab89e77851d623afa6c,634.0,435.0,100.0,73.333336,0.0,100.0,69.811317,UNRANK,1400.0,UNRANK,1400.0,2014-10-02,3.0,1
a659d4dbccdde252737f47ace9ec6a80,618.0,8716.0,0.0,0.0,0.0,0.0,0.0,UNRANK,1500.0,UNRANK,1500.0,2018-11-22,3.0,1
a6d6d9d1c5aa55cc4480999d59727c59,639.0,307.0,53.333332,64.833328,47.36842,74.666664,90.0,GRAND MASTER III,3487.0,GRAND MASTER II,3268.0,2020-05-07,3.0,1
9efb03e5670aa6ea770a4711c550ecea,635.0,634.0,51.666664,50.833332,1.333333,62.0,48.666668,UNRANK,1800.0,SILVER II,1466.0,2018-04-17,3.0,1
d97ea64f5a3db50f3a158328edf935f4,641.0,3016.0,96.666664,65.666672,68.666664,79.0,61.666668,UNRANK,1550.0,UNRANK,1550.0,2010-01-12,2.0,1
233f05bdfae2a84501b24ef4190e9a22,642.0,7518.0,91.666672,55.5,49.0,56.097561,33.333332,GOLD I,1887.0,UNRANK,1500.0,2005-09-19,3.0,1
0860fd93bc89f27f85fdbb0b16a5e5e7,643.0,1905.0,50.0,56.333332,54.0,68.0,57.0,UNRANK,1500.0,UNRANK,1500.0,2014-01-25,3.0,1
072528911ea01b8aecda399a3c01d6b3,644.0,436.0,100.0,76.666664,0.0,0.0,79.333336,UNRANK,1400.0,UNRANK,1400.0,2015-08-13,0.0,1
ea2566150af0cea235f705d65534e728,646.0,4104.0,50.0,61.5,57.666664,68.666664,54.676258,UNRANK,2179.0,GOLD II,2002.0,2009-01-17,3.0,1
cce4bd09f2f002733be7805a290e0467,646.0,5681.0,71.666664,54.000004,52.0,63.666668,58.0,UNRANK,1750.0,GOLD I,1941.0,2006-02-19,3.0,1
4a5c51f0ac7e87353e32480e3b7e3978,648.0,1120.0,50.0,58.0,59.333332,68.666664,55.0,UNRANK,2350.0,GRAND MASTER I,3145.0,2006-05-27,3.0,1
d9b901750bb7ab4677d572dd4fa4b42a,648.0,1717.0,35.0,47.0,50.0,64.666664,47.666668,UNRANK,1400.0,UNRANK,1400.0,2009-10-18,3.0,1
a0550867b2f608ea37f0d90d347cc49c,649.0,4763.0,56.666668,50.0,47.333332,33.666668,48.333332,SILVER III,1669.0,SILVER I,1382.0,2011-08-21,3.0,1
85babaf867ee2182e9f4b478b56e644a,650.0,6796.0,55.0,47.166668,48.666668,57.333332,48.333332,GOLD I,1926.0,GOLD II,2043.0,2006-11-02,3.0,1
16d4000a05692bd60ca8526d748c125a,653.0,6282.0,61.666668,55.333332,55.333332,72.0,51.0,SILVER III,1766.0,GOLD I,1850.0,2013-11-27,3.0,1
b873fa0320ea3a7f1c0ffd63c41e4be1,653.0,489.0,75.0,61.29707,59.666668,0.0,100.0,SILVER II,1552.0,UNRANK,1600.0,2014-03-17,3.0,1
b1d603cca3a06d4243c4c3885c72eef5,654.0,10224.0,46.666668,48.333332,46.0,65.333336,49.0,GOLD II,2189.0,GRAND MASTER I,3175.0,2008-05-15,3.0,1
2d4c89ea7c33148bc2b35a1a80c8c935,653.0,194250.0,46.666668,58.333332,61.333332,70.666664,61.333332,UNRANK,1500.0,GRAND MASTER I,3058.0,2011-08-26,2.0,1
d05e65891057cd6d6284fe55c77a5b10,658.0,24084.0,30.000002,45.166664,49.666668,51.0,45.333332,GOLD II,2105.0,UNRANK,2350.0,2006-10-30,3.0,1
34e0803733bcaaec5301ac21e33519c4,655.0,3663.0,58.333332,59.833336,60.666668,72.666664,70.333336,UNRANK,1570.0,GOLD II,2159.0,2015-01-09,3.0,1
8afe554b304027f85fc6fd9adc0b3d90,654.0,216.0,64.864861,51.335312,0.0,0.0,51.333332,UNRANK,1600.0,GOLD I,1904.0,2007-01-04,3.0,1
691d6e3cd21f9658b5bfa9a7034e1239,619.0,19.0,90.0,59.333332,60.000004,100.0,100.0,UNRANK,1750.0,GOLD I,1800.0,2011-02-16,3.0,1
ed9394aa1593c5fbc16f81e49ff9a18a,656.0,419.0,98.333336,61.0,64.333328,72.0,67.666664,GOLD I,1815.0,GOLD II,2015.0,2022-10-19,3.0,1
ff553d41736f8cd4ac40adcea1e066ed,661.0,2373.0,45.0,33.333336,34.666668,35.0,39.666668,SILVER I,1352.0,SILVER III,1618.0,2012-02-27,3.0,1
58cec55e83fa831f7d6a6a816242b667,662.0,6652.0,63.333332,62.5,64.333328,74.0,60.666668,MASTER III,2923.0,GOLD III,2270.0,2011-10-01,3.0,1
fc8b04c1aa6718449cadf5d1389c586b,663.0,409.0,71.666664,49.5,48.333332,60.0,51.0,GOLD I,1884.0,MASTER I,2569.0,2007-03-31,3.0,1
b38225ca78766077c1b59531d6fd3af2,664.0,762.0,56.666668,53.666668,54.333332,67.333336,49.0,UNRANK,2400.0,GRAND MASTER I,3115.0,2011-01-31,3.0,1
048da2db33a1b56e12487f5c47a7f1fd,665.0,6942.0,50.0,61.5,75.0,70.0,63.636364,GOLD III,2399.0,MASTER II,2799.0,2006-03-25,3.0,1
c8a1a4f33d25f81eadb2ce0b9a8fc8ad,652.0,239103.0,68.333336,65.166664,63.333332,71.666664,56.0,UNRANK,1500.0,UNRANK,1500.0,2012-01-13,2.0,1
04460007eebc9875691785b39010be7f,667.0,73124.0,98.333336,55.0,49.0,70.333336,51.0,SILVER III,1709.0,UNRANK,1473.0,2015-10-15,1.0,1
fee4da8dfda5ea8382ed70af8a0daddc,669.0,4736.0,84.615387,64.245811,0.0,74.45652,54.71698,UNRANK,2400.0,MASTER I,2542.0,2016-11-27,3.0,1
2f49ce22e0c90b2cc7dfe9785bd3f3bb,653.0,234978.0,85.18519,56.333332,52.499996,57.142857,62.0,UNRANK,1500.0,UNRANK,1500.0,2008-06-01,0.0,1
bc9bd30de535c8c7f2cd74081448d1d5,645.0,195345.0,53.333336,51.833332,51.333332,52.0,53.666668,GRAND MASTER I,3050.0,UNRANK,2300.0,2018-12-06,2.0,1
94af27aa83c61cb6057d962d80a26ec2,681.0,1212.0,48.333332,57.0,55.666668,64.666664,55.333332,UNRANK,2400.0,MASTER II,2799.0,2017-11-29,3.0,1
0352c6a768014a8e822fc3a2ac585319,672.0,32484.0,48.333332,56.166668,60.000004,68.0,56.333332,GOLD I,1897.0,SILVER III,1612.0,2005-09-25,3.0,1
ff5f71ebcc76a0023e80876aee9ed180,673.0,840.0,46.666668,49.833332,52.999996,58.333332,47.666668,LEGEND,3700.0,MASTER I,2400.0,2010-04-02,3.0,1
25a88ba1f53491b509c175ebe6af0c19,674.0,12594.0,48.333332,63.666664,58.666668,70.666664,59.666668,UNRANK,1950.0,UNRANK,1950.0,2006-02-15,2.0,1
e84846846074d3bbeb45a0baa10dc463,679.0,328.0,50.0,46.333332,42.666668,74.333336,48.0,SILVER III,1688.0,SILVER II,1496.0,2015-03-18,3.0,1
4dda57dbe645890347feb57dc86dc4e6,679.0,11696.0,100.0,74.333336,0.0,81.666664,0.0,UNRANK,1500.0,UNRANK,1500.0,2020-06-12,0.0,1
947a2b9f2b14c33d52b93331a348db13,676.0,40482.0,51.666668,63.5,66.0,69.666664,68.0,GRAND MASTER I,3095.0,GRAND MASTER I,3032.0,2014-04-01,3.0,1
dd7604c9123d076e9d1fc7617bf16838,674.0,155.0,76.666664,62.166668,65.0,73.666664,62.666668,UNRANK,1750.0,UNRANK,1750.0,2009-10-20,3.0,1
f4d3629a13a469c9cc50d3b48e6e579f,680.0,889.0,48.333332,49.5,50.333332,63.0,48.666668,GRAND MASTER I,3061.0,UNRANK,2400.0,2008-04-20,3.0,1
46aff34bc820e464f7abee5fa89e30df,683.0,34018.0,78.333336,58.166668,51.0,69.333336,72.380951,UNRANK,2000.0,UNRANK,2000.0,2016-08-26,2.0,1
61d3ef633109b47d4e8fe1762ea440ac,684.0,2384.0,56.666668,61.166668,58.0,71.333336,100.0,MASTER I,2529.0,MASTER II,2718.0,2011-08-24,3.0,1
6258b1f20213096112679f2257f52cbb,683.0,2128.0,50.0,52.499996,48.0,62.333332,51.0,SILVER III,1756.0,UNRANK,1550.0,2008-11-25,3.0,1
b5df85dcb741d84670dc2ca6360b1b44,682.0,8201.0,66.666672,54.210526,38.46154,63.725491,36.363636,GOLD II,2057.0,GOLD III,2253.0,2017-02-09,3.0,1
6d13f7344d5aee653d4f623344c801ec,685.0,42622.0,100.0,62.333332,60.666668,75.666664,53.333332,GOLD III,2303.0,MASTER III,2833.0,2012-04-11,3.0,1
278ba95b2addabb9edcc277def8a96be,684.0,2982.0,100.0,63.333332,61.333332,84.0,66.333336,GRAND MASTER I,3071.0,MASTER I,2400.0,2012-11-24,3.0,1
ce1a5c6fe0216202f940be27daf5a1cf,687.0,4911.0,95.0,51.833332,52.577316,61.0,66.666664,UNRANK,1400.0,UNRANK,1400.0,2011-10-22,3.0,1
25ff9051570c40213ef3e6452f4134f9,645.0,73870.0,86.666664,58.333332,54.666668,65.333336,50.0,UNRANK,1400.0,UNRANK,1400.0,2006-04-16,3.0,1
3f98539e614873797102e754873b881b,684.0,2111.0,50.0,57.833332,49.0,68.333336,56.333332,UNRANK,1535.0,GOLD III,2335.0,2011-08-15,3.0,1
f490ba66535ff10f1c2d87a0c7c3d9cb,690.0,16571.0,51.666664,51.833332,46.666668,60.666668,48.333332,UNRANK,1755.0,UNRANK,1800.0,2010-11-23,3.0,1
4253443af73006999fdee1a0bee00f2d,691.0,3004.0,100.0,71.5,77.666664,77.666664,72.0,UNRANK,1950.0,MASTER I,2400.0,2006-06-25,3.0,1
07b7a8900f1bf2754fbdfebc0ee88c5c,692.0,5431.0,58.333332,44.333332,50.0,51.666668,61.03896,UNRANK,1500.0,SILVER III,1799.0,2012-01-18,3.0,1
b9b659592387b4720333f1232376ab43,694.0,915.0,50.0,49.666668,46.666668,61.0,49.666668,GOLD I,1818.0,GOLD I,1802.0,2010-01-23,3.0,1
73ff95ff65289cdefab1d2fd698df089,694.0,994.0,100.0,59.090908,0.0,61.111111,0.0,UNRANK,1550.0,GOLD I,1818.0,2009-10-30,3.0,1
2935eedaca3f5d6453fd894e08be838e,695.0,1296.0,75.0,52.968037,50.0,63.636364,0.0,MASTER II,2650.0,UNRANK,2400.0,2015-07-03,3.0,1
94ae30ffbed3f35fb0bfb579643e573b,699.0,1485.0,53.333332,49.166668,50.333332,54.333332,50.666668,UNRANK,2400.0,UNRANK,2400.0,2005-11-28,3.0,1
d6cf12119bcd66714c95922f560ae8dc,697.0,256.0,95.0,62.666668,61.333336,81.0,58.666668,GOLD III,2378.0,UNRANK,2400.0,2016-02-08,3.0,1
48bec16f5cc92d9a112748fe35175b53,698.0,624.0,73.333336,55.833332,60.0,0.0,57.333332,GOLD III,2399.0,GRAND MASTER I,3075.0,2011-02-09,3.0,1
7005a72ff3cebf6121de204b4ddf42af,699.0,556.0,55.0,57.833332,62.0,66.666664,57.471264,MASTER III,2954.0,GRAND MASTER I,3050.0,2014-03-15,3.0,1
b1c090d0493f9e708e4796f05c2738f8,700.0,264.0,65.0,65.0,72.333336,84.666664,72.0,UNRANK,2400.0,MASTER I,2400.0,2016-04-18,3.0,1
f37d765295f9ebb1611fcbb19962327f,676.0,47710.0,73.333336,52.166664,49.666668,60.0,100.0,UNRANK,1500.0,UNRANK,1500.0,2014-01-08,2.0,1
0ca2a4083631691d9d35f6737a322ffd,702.0,31904.0,100.0,59.0,53.666668,70.666664,58.666668,UNRANK,1500.0,SILVER II,1489.0,2013-01-09,3.0,1
5e9587056cd610d14facddd0d83ee712,699.0,30868.0,98.333336,43.166668,34.333332,80.0,39.0,UNRANK,1500.0,UNRANK,1500.0,2010-01-22,2.0,1
81d427e54d953e876dc844269d61f060,704.0,24023.0,65.0,55.0,57.0,74.666664,55.0,GOLD II,2019.0,GOLD II,2025.0,2005-11-28,3.0,1
562fdd34b4014e932cf7998b412425e3,707.0,575.0,95.0,59.666668,60.333336,76.0,60.666668,UNRANK,2400.0,UNRANK,2400.0,2008-03-08,3.0,1
d0a41382c7748a6d96f7505a6686f053,748.0,27820.0,100.0,60.000004,63.0,73.0,59.0,SILVER III,1799.0,UNRANK,1500.0,2007-12-28,0.0,1
9ad5409135350024094186327d717d26,711.0,7989.0,0.0,63.286716,59.701492,75.757576,0.0,HIGH RANKER,4156.0,GRAND MASTER II,3363.0,2020-10-20,3.0,1
a2aa414694cc9a3198d5d6183609ded8,712.0,1276.0,75.0,70.129868,66.666672,82.716049,50.0,MASTER II,2632.0,MASTER I,2450.0,2011-11-06,3.0,1
c35525f08ec5c2af9e1ab4d9233e02de,712.0,15050.0,98.333336,62.333332,63.666668,73.0,71.0,UNRANK,1400.0,UNRANK,1400.0,2013-02-04,1.0,1
88512eae6b2b9af0c1c53303ad00812c,711.0,30581.0,75.0,56.122444,59.493671,66.666664,56.410255,UNRANK,1500.0,SILVER II,1515.0,2007-01-07,3.0,1
5f9e8b0578c0650dcfb1386023b14c8d,714.0,7322.0,50.0,57.333332,64.333336,75.666664,53.0,UNRANK,1550.0,SILVER III,1788.0,2011-10-07,3.0,1
81e2652b7a0bb9151b2cd5db442229fa,718.0,4535.0,77.777779,56.5,0.0,70.333336,0.0,GOLD I,1928.0,UNRANK,1500.0,2008-03-10,3.0,1
e84af445c033ae2b4c68cff984e3e951,688.0,568.0,83.333328,54.000004,58.333332,63.0,49.333332,UNRANK,1602.0,SILVER II,1519.0,2011-09-11,3.0,1
26d301c6fc02d9a22c2ab6269c399a97,721.0,4171.0,50.0,54.000004,51.785713,63.666668,54.705883,UNRANK,2000.0,MASTER I,2562.0,2016-09-01,3.0,1
dd05440e0b1e6605a136d187812e7318,722.0,286.0,76.666664,59.833336,0.0,70.0,0.0,SILVER II,1500.0,UNRANK,1758.0,2011-10-02,3.0,1
061e4c00117da1d0bc28ac3d3a583959,716.0,248.0,100.0,57.833332,51.0,68.666664,53.0,GOLD II,2199.0,MASTER III,2850.0,2014-01-31,3.0,1
394a4b8701baef2a4e023613fb309b96,722.0,5889.0,46.666668,42.5,44.333332,44.594593,40.666668,SILVER III,1748.0,GOLD I,1883.0,2007-06-22,3.0,1
60cab1d8cc4a48184ad854a3fd878a2a,723.0,1182.0,50.0,57.666664,56.0,63.333332,58.666668,MASTER I,2530.0,MASTER III,2938.0,2011-07-27,3.0,1
957e39aaf2d8667291b2852287add228,725.0,2677.0,43.333332,42.333336,39.666668,77.777779,100.0,UNRANK,1750.0,GOLD II,2032.0,2012-03-05,3.0,1
54f98e074e8b2230fc9db61965d93176,726.0,159499.0,43.333332,48.5,44.333332,61.0,46.666668,SILVER III,1681.0,UNRANK,1550.0,2011-07-21,2.0,1
ef335cbb91a04867d33af5039cf98e97,727.0,2254.0,48.333332,55.833332,49.116608,68.666664,51.0,GOLD I,1833.0,GOLD III,2350.0,2006-04-12,3.0,1
609978bf310642b749cf0b011879e2e9,728.0,3091.0,50.0,62.333332,62.333332,72.0,56.333332,MASTER III,2999.0,GRAND MASTER II,3298.0,2011-10-28,3.0,1
ee7db77dc862a88e06ff86728bd9737c,729.0,421.0,100.0,64.166664,62.0,78.333336,63.666668,GOLD II,2001.0,GOLD II,2132.0,2017-09-09,3.0,1
f90470ae8e245f7ddd1bc9eb5ce8d7dc,711.0,4145.0,98.333336,61.166668,46.0,64.666664,58.666668,GOLD II,2058.0,UNRANK,1800.0,2010-04-24,3.0,1
080a2ecb557c6b24992a9f62b3ca8446,731.0,811.0,71.666664,62.833332,66.333336,80.333336,62.666668,MASTER I,2418.0,MASTER II,2799.0,2019-08-15,3.0,1
1833098c36962cfe60d9f85a0745708d,707.0,163426.0,50.0,52.499996,52.666664,60.0,51.666668,UNRANK,1500.0,UNRANK,1500.0,2013-04-25,2.0,1
a88af2be65e0ba8b2b601a6c7c28f6fa,733.0,324.0,100.0,58.0,58.999996,0.0,64.976959,GOLD I,1988.0,MASTER II,2687.0,2015-07-05,3.0,1
ff6fb5fa190b6b408a46be54c37f2627,545.0,47237.0,98.333336,61.666668,57.0,73.666664,55.333332,UNRANK,1750.0,UNRANK,1750.0,2009-12-23,3.0,1
063536b196ffc04e1d2beabec0dfe894,727.0,332483.0,53.333336,66.666672,50.0,77.666664,50.0,UNRANK,1400.0,SILVER II,1470.0,2015-11-06,0.0,1
7da3d43e89e91fccfa92694041daf1f9,736.0,4400.0,70.0,48.5,48.0,54.666668,55.333332,GRAND MASTER I,3000.0,UNRANK,2400.0,2007-02-02,3.0,1
eaba7b4fce4e637d3c7f1e72e52ead01,728.0,2947.0,65.0,53.333336,54.666668,0.0,59.748428,UNRANK,2000.0,UNRANK,2000.0,2012-08-02,3.0,1
0eeb1a96a02e120cb5660652d6accbdd,738.0,3112.0,48.333332,54.166668,58.666664,83.666664,54.333332,UNRANK,1500.0,GOLD I,1971.0,2015-05-02,2.0,1
ec6b0f70f474323660bc4e816c83ce83,739.0,415.0,95.0,65.0,72.666664,77.0,0.0,GOLD I,1940.0,GOLD II,2199.0,2011-08-01,3.0,1
fbf2bb19f450161678db557e07f267a9,742.0,9287.0,0.0,38.251366,39.263802,0.0,0.0,SILVER III,1681.0,GOLD II,2035.0,2012-01-14,3.0,1
ff0a3be194396e139d9aaf35f2a53c48,741.0,364.0,60.000004,57.44186,71.428574,66.315788,53.333332,MASTER I,2400.0,UNRANK,2350.0,2014-03-22,3.0,1
99ac226ac4e9885d7ded14e477ebe5df,743.0,5299.0,51.923077,53.166668,47.236179,100.0,54.333332,GOLD I,1915.0,GOLD II,2150.0,2006-03-24,3.0,1
2354d5cd6e5c01b2a197525aef874b14,744.0,445.0,11.666667,45.333336,42.333336,59.333332,51.546391,GOLD III,2265.0,GOLD III,2282.0,2014-07-21,3.0,1
6c979b69b0201030c178c6cada8ad70c,745.0,1156.0,40.0,45.0,40.0,49.333332,46.333332,SILVER I,1293.0,UNRANK,1600.0,2013-07-22,3.0,1
d2881d87c396594f3b415ab7bc484b23,746.0,463.0,51.666664,55.0,62.666668,64.333336,61.389961,SILVER III,1604.0,SILVER III,1717.0,2012-02-26,3.0,1
0664fb9951acb88f50431dd59ca84f6f,747.0,597.0,48.333332,42.333336,39.333336,49.666668,35.0,UNRANK,1400.0,SILVER III,1638.0,2011-08-22,3.0,1
109b9d64b1953906391fe111ce7fdece,715.0,27923.0,100.0,78.666664,0.0,88.666664,0.0,UNRANK,1400.0,UNRANK,1400.0,2007-12-01,3.0,1
bd652cdc1d4de03de68670ca62719b51,743.0,737.0,60.000004,57.0,61.666668,60.666668,54.333332,SILVER III,1758.0,SILVER III,1799.0,2016-11-08,3.0,1
9a6053c3e3bb782c3cbce6124d8c5af4,755.0,3770.0,100.0,56.833332,60.666668,66.0,48.333332,UNRANK,1950.0,GOLD III,2399.0,2005-09-15,3.0,1
0ae58240e392aedf81a66bc7928a20c6,752.0,18742.0,33.333336,41.666664,39.0,52.0,40.666668,SILVER III,1665.0,UNRANK,1550.0,2006-03-01,3.0,1
0dd339d73862de3ab11ed39680c7dfc2,753.0,1428.0,50.0,63.5,48.0,62.0,49.333332,GOLD I,1879.0,GOLD I,1944.0,2005-10-31,3.0,1
047614dc5507d8d986d6fc4a4e533745,754.0,728.0,95.0,59.166664,59.333332,0.0,0.0,UNRANK,1800.0,UNRANK,1800.0,2009-11-20,3.0,1
aa2bdc208e4200f5e47e658a45ebb6ba,755.0,9308.0,77.551018,58.921932,56.0,100.0,0.0,SILVER III,1625.0,SILVER II,1497.0,2009-06-20,3.0,1
0c9a6e4fdf320ffc3e8cb7fda7e4ce59,756.0,5213.0,30.000002,49.5,48.333332,48.666668,44.333332,SILVER III,1661.0,UNRANK,1400.0,2008-12-19,3.0,1
eb30b64a5db903a10222cd94e6af6644,757.0,16336.0,40.0,47.166668,47.0,56.0,44.333332,GOLD I,1937.0,GOLD III,2250.0,2009-12-31,3.0,1
de54a241e3c3fa4544ec473032c471ae,601.0,733286.0,0.0,0.0,0.0,0.0,0.0,UNRANK,1400.0,UNRANK,1400.0,2010-04-27,0.0,1
d53de16b99922c976294d61a5631b390,759.0,12115.0,85.0,60.333336,58.333332,75.333336,0.0,GOLD III,2221.0,GOLD III,2396.0,2016-07-14,3.0,1
c73a22b6f14334fa6ab295360002c2fd,760.0,6544.0,100.0,66.833336,64.666664,76.0,68.333336,UNRANK,1400.0,UNRANK,1400.0,2008-06-13,2.0,1
dd831c84c5923403c493428fbe972528,764.0,13469.0,41.666664,56.5,56.0,63.666668,50.333332,HIGH RANKER,4061.0,MASTER I,2400.0,2014-09-06,3.0,1
8a75e746de5b443a2819a666741a2810,763.0,1987.0,45.0,45.0,41.666664,52.0,47.5,MASTER II,2717.0,MASTER I,2400.0,2019-01-29,3.0,1
da784611a27e752ac2bb69eaecd52097,764.0,37018.0,58.333332,60.000004,47.666668,74.0,54.0,MASTER I,2401.0,GOLD II,2076.0,2019-05-02,3.0,1
04d1fd5419e6e82352ccd480ece65748,740.0,13658.0,90.0,55.833332,51.0,70.0,56.333332,GRAND MASTER I,3190.0,GOLD II,2156.0,2014-10-12,3.0,1
742bab1bd01f243b4e537ef6c7eddaaf,766.0,253.0,51.666664,62.333332,59.666668,75.0,0.0,GOLD II,2181.0,GRAND MASTER I,3121.0,2010-04-02,3.0,1
998ec5ccca58432bd6f7fae53ccd7282,767.0,1048.0,100.0,72.666672,65.779465,84.333336,67.346939,UNRANK,1750.0,GOLD III,2333.0,2010-09-18,3.0,1
5b806171408c0c03d3c5ea33b9452c2e,768.0,3133.0,70.0,63.833332,57.333332,83.0,0.0,SILVER III,1625.0,UNRANK,1500.0,2013-11-16,3.0,1
ab957544c77edf2180c2683690d03529,769.0,1390.0,51.666664,56.833332,55.333336,71.0,66.666664,GOLD II,2042.0,MASTER II,2694.0,2012-09-15,3.0,1
3b111174728458ca728f88919f735be2,770.0,43.0,100.0,76.5,75.333336,94.0,79.0,MASTER III,2966.0,MASTER III,2999.0,2022-09-07,3.0,1
4b98e9279df9cbfa3cd3e4f7d471c1ab,771.0,660.0,48.333332,47.666664,42.333336,54.333332,50.666668,SILVER III,1762.0,MASTER I,2586.0,2018-08-06,3.0,1
c900fddb6efadc9a6fe1adb5ccdc6bd7,769.0,647.0,46.666668,43.5,33.0,70.270271,37.666668,GOLD I,1866.0,GOLD II,2084.0,2019-04-08,3.0,1
813e99aa1a6bb869047346cf7e716c33,773.0,2732.0,95.0,58.833332,54.166668,72.333336,0.0,UNRANK,1400.0,UNRANK,1400.0,2015-09-28,3.0,1
5d408131705530dc8d65542f49156355,774.0,24751.0,50.0,55.666668,51.666664,65.0,53.0,HIGH RANKER,4154.0,UNRANK,1400.0,2015-05-31,3.0,1
11aece3ae32c91a5d48da4f02005a108,764.0,86.0,100.0,48.666668,52.0,60.666668,46.666668,GOLD II,2130.0,UNRANK,1800.0,2009-09-05,3.0,1
464b7daceba55f87b802acf5e77d7c7f,776.0,6501.0,51.666664,66.0,60.0,81.333336,69.0,GRAND MASTER I,3050.0,UNRANK,2400.0,2007-04-06,3.0,1
6b6e604df13b0199a3ac751d07f92405,777.0,8501.0,96.666664,59.833336,57.666664,73.0,67.099564,UNRANK,2450.0,UNRANK,2400.0,2011-08-07,3.0,1
be25881a2468c9d111b5e3698ccb1bcc,778.0,5477.0,100.0,66.0,68.666664,81.0,64.333336,UNRANK,1400.0,UNRANK,1400.0,2021-02-18,2.0,1
874b67358c3c0007007f356ad01e60a8,779.0,3004.0,43.333332,47.0,42.333336,39.666668,43.0,SILVER I,1380.0,SILVER III,1611.0,2007-02-02,3.0,1
4360cf85c54fc6702245ba2fe96eb290,783.0,8730.0,62.5,51.898735,56.666668,75.0,0.0,UNRANK,1750.0,UNRANK,1750.0,2017-04-21,3.0,1
bf7d5222ef429a9b6818ff988c1be03d,782.0,121.0,73.333336,57.333332,60.000004,69.333336,55.333332,RANKER,3971.0,GRAND MASTER II,3250.0,2020-05-08,3.0,1
bf652982b913038e6a9dd6f88aedb24b,783.0,1158.0,50.0,64.028778,68.965515,77.906975,0.0,GOLD II,2144.0,GOLD I,1958.0,2009-03-13,3.0,1
e9817aa012d45bf5471ea800b898d425,785.0,14299.0,86.666664,64.0,63.666664,78.0,53.0,MASTER II,2684.0,UNRANK,1800.0,2016-07-16,3.0,1
cab1af0b6ac9a716069bbaf8870c73c3,788.0,16378.0,86.666664,57.166664,54.333332,70.0,54.666668,MASTER I,2506.0,GRAND MASTER I,3039.0,2017-06-17,3.0,1
458dce09541d8b4dd645bc4bbccc22ad,785.0,17073.0,53.333336,49.666668,47.333332,63.0,52.0,UNRANK,1550.0,UNRANK,1550.0,2008-03-23,3.0,1
0bc879293cac66c60e75d4de22a1db52,789.0,1588.0,48.333332,52.999996,53.666668,66.666664,55.333332,GRAND MASTER II,3290.0,MASTER II,2682.0,2011-11-27,3.0,1
8a899769658d5e33111bc30818ecbda0,782.0,5.0,83.333328,58.833332,57.333332,68.333336,57.0,MASTER I,2517.0,GRAND MASTER III,3488.0,2015-02-04,3.0,1
9067d56638c1546f52ece1404db99c35,792.0,7994.0,50.0,48.0,47.333332,30.333334,45.666668,SILVER III,1768.0,UNRANK,1400.0,2009-10-28,2.0,1
0edf8db49fdf58df2e3936c64e639d4c,792.0,11.0,50.0,58.0,53.750004,67.0,62.264153,GRAND MASTER III,3446.0,HIGH RANKER,3717.0,2024-02-29,3.0,1
aa515d5d04402bd2b4eac3fba339f74f,790.0,1641.0,100.0,76.166664,0.0,89.333336,73.333336,UNRANK,1400.0,UNRANK,1400.0,2016-09-21,1.0,1
1e6527c60406b80bfe7efccf8e4a99ba,626.0,1596.0,45.0,53.666668,46.666668,59.0,52.0,MASTER I,2599.0,UNRANK,2464.0,2015-08-21,3.0,1
297f0ef018b8754e1434ec62740c9070,795.0,4780.0,73.333336,57.833332,58.666668,65.333336,47.666668,SILVER III,1684.0,UNRANK,1750.0,2012-01-12,3.0,1
bc10c4aa858abaacce48310f2a007eb4,785.0,102199.0,65.0,50.833332,53.666668,63.333332,49.0,UNRANK,2250.0,MASTER II,2696.0,2011-11-19,2.0,1
5ed87a8d004353c82153666292cbef9b,791.0,812.0,100.0,76.190475,0.0,88.235291,0.0,UNRANK,1400.0,UNRANK,1400.0,2018-07-19,0.0,1
2c82f5dadcdbd97052375e17fbfab8e3,1328.0,31358.0,0.0,0.0,0.0,0.0,0.0,UNRANK,1950.0,UNRANK,1950.0,2020-03-13,3.0,0
fe1db468c66d4a2f236ec02e34576895,800.0,5287.0,51.666664,55.5,49.666668,64.333336,47.169811,UNRANK,1670.0,GOLD II,2087.0,2013-01-16,2.0,1
c69b1ec7532c5c4d495f037fee34001f,803.0,468.0,60.000004,56.333332,63.666664,70.0,56.333332,GRAND MASTER III,3478.0,MASTER III,2991.0,2015-05-09,3.0,1
f4b52fa433911e56c82a1c9aae7f9273,797.0,818.0,83.333336,60.5,78.0,70.0,57.666668,GRAND MASTER I,3015.0,MASTER II,2650.0,2012-01-22,3.0,1
321678412158fc4f9c7f4b334129243a,804.0,506.0,55.0,56.5,53.333332,67.333336,60.0,UNRANK,2500.0,GRAND MASTER II,3399.0,2006-03-05,3.0,1
9ab732a986fb6f3d79010c349c79306b,796.0,1144.0,90.0,60.000004,52.333332,72.333336,54.666668,UNRANK,1750.0,GOLD III,2250.0,2018-08-05,3.0,1
290a0881c96db9a29b8dc36da1d02466,782.0,40679.0,70.0,49.166668,46.0,58.333332,63.513512,UNRANK,1750.0,GOLD II,2012.0,2015-11-08,3.0,1
1fdcd39af6d1e05c095d252aa6b4195e,806.0,394.0,50.0,59.833336,52.333332,71.333336,53.0,GRAND MASTER I,3169.0,GRAND MASTER III,3506.0,2013-10-02,3.0,1
cc21eb3edce8e8e00eb9f10ea7f3c193,793.0,56.0,53.333336,61.166668,67.0,68.333336,56.333332,GOLD III,2399.0,UNRANK,2350.0,2012-03-03,3.0,1
13ff47a0fa9431b003787acd37e59fc6,809.0,135047.0,0.0,65.384613,0.0,70.833336,0.0,UNRANK,1400.0,UNRANK,1400.0,2014-01-19,3.0,1
302cf3d52b39a070bbf935f877ed4971,810.0,5595.0,83.333328,65.833336,62.0,80.333336,55.333332,SILVER III,1799.0,UNRANK,1750.0,2005-11-24,3.0,1
14e3eb4e46c747050094146c71491125,811.0,9907.0,66.666672,49.84127,59.259258,59.589043,30.0,GOLD I,1999.0,UNRANK,1600.0,2011-07-14,3.0,1
1e54053c4dce0398db146f79f3f47ace,659.0,936442.0,35.0,52.999996,55.666668,69.666664,55.333332,UNRANK,1400.0,UNRANK,1400.0,2008-10-13,0.0,1
bfb205e04580253c93e529d330032b36,814.0,3791.0,66.666672,50.0,41.0,62.5,71.428574,GOLD III,2246.0,MASTER III,2890.0,2011-09-22,3.0,1
34c790657d152676e77f3316e7275983,800.0,5802.0,65.0,54.5,0.0,61.333332,0.0,GOLD II,2056.0,UNRANK,1800.0,2011-07-29,3.0,1
85f2eb8083a04e3c86cd4fdfd5b8d954,815.0,584.0,100.0,60.000004,0.0,75.333336,55.666668,SILVER III,1609.0,SILVER III,1639.0,2021-03-28,3.0,1
225f7e878dcb9e69ba93dca8f612504c,618.0,171702.0,100.0,64.5,59.666668,75.333336,52.0,UNRANK,1400.0,MASTER I,2400.0,2006-10-24,1.0,1
a918ac309520c1f6781708a6e68bb130,817.0,20534.0,50.0,54.000004,55.333336,80.333336,54.666668,UNRANK,1950.0,MASTER I,2599.0,2011-08-15,3.0,1
9034bda6cda258f467572040a15445f9,806.0,42522.0,35.0,43.434341,43.965519,77.777779,45.833332,UNRANK,1545.0,UNRANK,1437.0,2014-02-17,2.0,1
42bd97e135f5beb27e8db1b7b0d0ca66,820.0,4632.0,93.333336,58.499996,46.666668,80.666664,54.666668,UNRANK,1750.0,GOLD II,2108.0,2006-10-15,3.0,1
be2a967ffaf8501027b4fdceebe8c232,824.0,1178.0,100.0,60.166668,57.666664,75.666664,71.0,UNRANK,2400.0,UNRANK,2400.0,2018-01-06,3.0,1
2c739264096a813f3d670ff0bd326a3e,823.0,6146.0,95.0,63.0,0.0,67.0,0.0,UNRANK,1750.0,UNRANK,1750.0,2012-10-31,3.0,1
448d59cb382c4100f083d393680f2ee5,781.0,202555.0,63.333332,51.0,48.356808,58.333332,46.666668,UNRANK,1500.0,UNRANK,1500.0,2012-07-10,1.0,1
c02c1e967e4ef17e2229afdc4507c1db,793.0,46965.0,55.0,61.166668,65.333336,69.0,61.0,UNRANK,2000.0,UNRANK,2000.0,2012-05-28,3.0,1
75933946369cfffce26709dda131a1ce,827.0,4469.0,84.615387,51.5,62.5,60.666668,100.0,GOLD I,1800.0,UNRANK,1750.0,2014-02-14,3.0,1
4bc70905956ded382326fe37d33a1f2f,828.0,31970.0,95.0,58.333332,57.333332,100.0,60.333332,UNRANK,1750.0,UNRANK,1750.0,2020-11-12,-3.0,1
f0195e57d8b8ec2146f882fc71cda4c1,756.0,1152.0,41.666664,60.333336,60.000004,68.333336,63.666668,UNRANK,1550.0,GOLD I,1800.0,2013-08-25,3.0,1
b56f0d2691245f2571cf3b9f1db8f115,831.0,877.0,75.0,70.050766,68.023262,0.0,0.0,MASTER I,2526.0,GRAND MASTER I,3045.0,2015-06-05,3.0,1
05a18cd649ee37f1af1483b77be9636a,835.0,1914.0,51.666664,50.166668,51.666664,60.333332,48.666668,MASTER I,2400.0,MASTER II,2609.0,2014-03-11,3.0,1
d3957ebda91a02b6a293b0bdf9351d1a,833.0,2111.0,42.857143,41.347904,42.0,0.0,50.0,SILVER III,1600.0,SILVER II,1402.0,2006-08-13,3.0,0
dcf10cd5b38307f0be40e5ec8b0552bd,834.0,137038.0,50.0,52.333332,53.333336,61.666668,53.0,MASTER I,2461.0,MASTER I,2499.0,2017-04-28,3.0,1
aac436fe720a847cdfb4d6b6acaca36d,818.0,1087.0,51.666664,55.5,55.0,68.333336,53.333332,UNRANK,2350.0,MASTER I,2487.0,2007-03-05,3.0,1
74cefc43c05dabb71cbabd7c108fc27f,836.0,2857.0,62.5,61.9403,57.5,69.491524,0.0,UNRANK,1500.0,UNRANK,1500.0,2014-05-22,3.0,1
07de6556a78d8a90a248686b1e8050d5,831.0,1428.0,100.0,67.833336,66.666672,100.0,61.0,UNRANK,1400.0,UNRANK,1400.0,2011-07-15,0.0,1
ebfa759b4e5684fefe8ad4b1cf2afd9f,838.0,1502.0,93.333336,61.833336,59.333332,69.333336,67.333336,UNRANK,1946.0,MASTER II,2652.0,2011-07-31,3.0,1
08eda9546e5f1fb347c1c1baf9995fe0,841.0,278227.0,50.0,59.333332,61.666668,62.333332,51.666668,UNRANK,1400.0,UNRANK,1400.0,2006-02-09,2.0,1
5d9824a4a3caf71975b4582e5c15172c,843.0,63792.0,76.92308,57.828808,57.480316,72.727272,50.0,UNRANK,1500.0,UNRANK,1500.0,2008-04-02,2.0,1
c582896d49ae12fa1bcb1fdeef3fc79e,843.0,5235.0,45.0,35.333332,33.0,30.0,42.666668,SILVER I,1345.0,UNRANK,1400.0,2010-08-08,3.0,1
32c72276a29b4c933693cbc2a95c25a4,840.0,4335.0,76.666664,63.333332,65.0,77.333336,64.0,SILVER III,1729.0,SILVER II,1593.0,2014-03-11,3.0,1
93be843504a5f52ccb3b206f3382b7a0,846.0,6314.0,48.333332,60.000004,60.666668,76.056335,65.0,UNRANK,1950.0,GRAND MASTER I,3123.0,2018-12-02,3.0,1
02f7b46afbb4a512444950abcaa82fc5,843.0,90753.0,65.0,55.666668,55.0,61.0,56.333332,GOLD I,1847.0,GOLD I,1800.0,2011-10-16,2.0,1
a1c86f2664ef0e1154e6c91c68355118,850.0,6174.0,66.037735,43.097015,43.650795,65.662651,31.404959,UNRANK,1400.0,UNRANK,1400.0,2017-01-29,2.0,1
cb9dc495f934fc020a64f5d679079983,825.0,1507.0,75.0,52.666664,54.666668,63.333332,52.666668,UNRANK,1750.0,UNRANK,1901.0,2015-04-14,3.0,1
1ab75b4f4b2e6b652dc5a52ca36c42f1,600.0,410931.0,56.666668,61.333336,69.666664,69.333336,64.0,UNRANK,1750.0,UNRANK,1750.0,2009-09-22,0.0,1
679f72357e5307d22d88d03955075519,844.0,977.0,21.666666,38.666664,40.0,8.0,29.0,BRONZE III,1073.0,SILVER II,1505.0,2005-12-04,3.0,1
bf0e9f16bd742d6ff1c140c450752f53,853.0,93777.0,51.666664,53.333336,52.666664,55.0,51.0,UNRANK,1600.0,GOLD II,2068.0,2005-12-01,3.0,1
d7a4b30fe2bf5aee4d4fe5d227453151,854.0,2380.0,50.0,54.5,56.666668,61.0,57.317074,SILVER III,1769.0,MASTER III,2898.0,2012-08-17,3.0,1
165f9d75f76689ecf5a6e5380749af64,859.0,217.0,100.0,62.333332,67.333336,74.333336,66.176468,GOLD II,2180.0,GOLD II,2054.0,2010-09-11,3.0,1
97db329778c3ac87524c8c52c3a9e78a,856.0,5799.0,80.0,54.639172,0.0,65.333336,0.0,UNRANK,1950.0,GOLD I,1800.0,2011-07-14,3.0,1
2b74d979470e71bff7d4b189ee4788c8,857.0,10769.0,51.666664,60.000004,65.0,76.333336,63.666668,GOLD II,2008.0,UNRANK,1800.0,2018-09-25,3.0,1
9ca9c9cef7e51b9c477b9a59f92df81f,861.0,10233.0,46.666668,43.666668,45.333336,59.333332,37.301586,UNRANK,1887.0,MASTER I,2466.0,2014-02-19,3.0,1
1a7f2212c416e739e262975fc9771b32,862.0,1062.0,50.0,47.333332,44.333332,47.666668,57.0,SILVER III,1707.0,SILVER III,1658.0,2020-03-14,3.0,1
2367552c16d60ef3c469e83c1a12f865,859.0,9936.0,93.333336,65.0,46.666668,76.333336,63.636364,MASTER I,2400.0,MASTER I,2400.0,2017-06-08,3.0,1
8b18c4e0a836f13f380e07895554bfda,865.0,49988.0,93.333336,66.5,66.666664,75.666664,66.333336,SILVER III,1691.0,SILVER I,1350.0,2005-10-06,3.0,1
e850740bb69a6a7ad75c27fba5ebcf1e,863.0,401.0,0.0,45.5,57.142857,68.888885,43.333332,SILVER III,1736.0,GOLD III,2375.0,2011-07-17,3.0,1
e8eac1a3b5a5a59a602ddc4d1e14bd9d,864.0,635.0,58.333332,53.500004,50.0,59.0,50.0,SILVER II,1508.0,UNRANK,1500.0,2012-07-12,3.0,1
0f4b38c4a1c403e99090af70b584f4db,858.0,2883.0,100.0,66.5,66.0,77.333336,69.666664,UNRANK,2350.0,UNRANK,2350.0,2008-03-03,3.0,1
c502d3fd5758722587e8cd9e198e330f,866.0,1856.0,100.0,74.0,67.666664,85.0,57.0,UNRANK,1400.0,UNRANK,1400.0,2015-05-10,0.0,1
cbcea67075a87428c839e15efc2d9e30,656.0,258521.0,100.0,62.166668,58.823532,75.0,0.0,UNRANK,1400.0,UNRANK,1400.0,2005-12-15,1.0,1
e46d4a5de0af0d4bdcb1feded8a6db8c,869.0,11520.0,78.333336,52.166664,53.666668,0.0,59.666668,SILVER III,1657.0,SILVER II,1449.0,2013-05-26,3.0,1
06aa26986feabc7a6fb3a47842f62505,870.0,16686.0,68.333336,53.166668,54.000004,64.333336,58.333332,UNRANK,1821.0,UNRANK,1750.0,2016-03-27,3.0,1
3f0ac62f6ad7d5694c320da8d2fc7538,874.0,3405.0,50.0,54.333336,55.0,74.0,51.0,MASTER I,2474.0,GRAND MASTER I,3199.0,2014-01-07,3.0,1
0e76d3d63aab916b051ec98c09b33d24,695.0,5631.0,55.0,52.666664,50.333332,64.333336,30.434782,UNRANK,1400.0,UNRANK,1400.0,2019-07-02,3.0,1
5798c06fe07f4617c7fa9d7742972654,878.0,633.0,90.0,66.5,70.666664,78.666664,75.0,MASTER III,2975.0,GRAND MASTER II,3231.0,2014-02-27,3.0,1
ee7e103078c7a3b1c9ffff46368dc8fd,786.0,227662.0,41.666664,42.833336,42.333336,47.666668,40.666668,UNRANK,1400.0,UNRANK,1400.0,2006-03-29,0.0,1
9ec56da7ab9d01350ee28cfa9ee404f1,881.0,36527.0,75.609756,50.535332,0.0,58.0,0.0,UNRANK,1400.0,SILVER II,1512.0,2012-10-23,3.0,1
aa3de16816bef2bc2685d5c9b269128c,880.0,665.0,40.0,48.666668,51.0,43.666668,42.857143,SILVER III,1712.0,UNRANK,1735.0,2012-01-26,3.0,1
387472745545c752f7933119441c39e2,879.0,2128.0,100.0,69.166664,73.0,83.0,72.666664,UNRANK,2350.0,UNRANK,2350.0,2019-11-23,3.0,1
ee2e50222837cd55102dd375873d1364,883.0,16861.0,23.529411,46.913578,0.0,0.0,48.101265,UNRANK,1750.0,GOLD III,2392.0,2012-07-30,3.0,1
2aba1ddc5b1637c56e73fff004b850a8,884.0,1514.0,46.666668,50.0,31.428572,0.0,51.595745,GOLD I,1921.0,GOLD I,1930.0,2015-09-28,3.0,0
273fc7cacbb72e25dddc8703a37c4f68,885.0,14615.0,50.0,40.666668,37.666668,51.333332,38.666668,SILVER III,1654.0,SILVER III,1671.0,2014-07-12,3.0,1
997f1bbcf0d794553dd5cd3e8ba2f31a,886.0,8700.0,51.666664,42.166664,44.333332,53.497944,49.0,MASTER I,2422.0,UNRANK,2400.0,2018-02-01,3.0,1
a4ae38c88df1ff2017f150330339a39d,891.0,2652.0,100.0,56.0,58.0,74.666664,0.0,GOLD I,1916.0,UNRANK,1950.0,2014-09-06,3.0,1
b011e8a735e4bbf067688287a4f5d689,888.0,6672.0,48.333332,37.0,30.666668,28.333334,40.666668,UNRANK,1500.0,GOLD I,1877.0,2009-02-24,3.0,1
15adce07e64a4eb8f4a84c4b04b264ef,884.0,11809.0,86.666664,60.666668,62.666668,76.666664,52.0,UNRANK,1653.0,UNRANK,1550.0,2008-11-26,3.0,1
238ab45e41be1a196441840ec914cb57,891.0,408.0,91.666672,67.333336,67.0,80.333336,83.0,UNRANK,1831.0,GOLD III,2305.0,2014-03-15,3.0,1
99fdd03cfedd4e2d1e2a275c5f0ea50f,892.0,11581.0,75.0,62.406013,0.0,70.652176,0.0,UNRANK,1500.0,UNRANK,1500.0,2005-10-29,3.0,1
e4f6adb7bd718c5aba0e700080581b13,894.0,5332.0,48.333332,53.833336,54.666668,63.0,51.0,SILVER III,1762.0,MASTER II,2650.0,2006-03-20,3.0,1
988dd6365ec78a8c0d870110a69e8654,900.0,87.0,81.666664,54.333336,51.685394,67.333336,55.033558,UNRANK,2341.0,MASTER I,2400.0,2011-08-28,3.0,1
02061ef94e66b0b019e9feaf0476adc4,896.0,1111.0,96.666664,64.5,65.0,73.0,63.666668,UNRANK,1400.0,UNRANK,1400.0,2011-07-12,3.0,1
be005cfda14380a5ab1f0e965bdbcb61,899.0,29296.0,78.333336,55.5,54.666668,66.08696,0.0,MASTER II,2624.0,UNRANK,2000.0,2015-10-11,3.0,1
1dcd6b5f45db490fbf8321ceb43352fc,896.0,50.0,46.666668,56.0,50.666664,61.0,52.173912,GRAND MASTER III,3504.0,GRAND MASTER III,3516.0,2020-06-13,3.0,1
10706f53ff802d275825ee36c15c7554,900.0,26786.0,51.666664,67.0,63.333332,85.333336,62.333332,GOLD II,2067.0,UNRANK,1950.0,2016-04-26,2.0,1
6f646e98f6cbe679aacbfe14733691ca,905.0,105286.0,56.666668,52.499996,54.666668,0.0,0.0,UNRANK,1400.0,GOLD II,2121.0,2010-04-01,3.0,1
e6c831cafc641abaf4336f8b28a58142,898.0,657.0,63.333332,58.0,54.333336,41.935482,56.0,UNRANK,2250.0,MASTER I,2451.0,2012-12-06,3.0,1
1ef648ff7e16c517cec9b71110978e27,905.0,608.0,53.333336,58.666664,57.333332,69.333336,54.666668,UNRANK,1973.0,MASTER I,2480.0,2022-12-05,3.0,1
9cd47aec7dfdd7f51ed31f1520caf251,907.0,6539.0,37.5,51.282055,60.000004,56.25,0.0,GOLD II,2011.0,UNRANK,1956.0,2013-05-12,0.0,1
07bf9dd59261298e26f3e5b169a778dd,906.0,2754.0,46.666668,52.833332,55.333336,65.333336,59.677418,MASTER II,2775.0,SILVER III,1736.0,2006-06-28,3.0,1
3448d8af4b56d5748ba5104f54c330ef,900.0,249708.0,50.0,55.5,55.666668,67.666664,53.666668,UNRANK,1400.0,UNRANK,1400.0,2008-08-07,0.0,1
223dc4b251c64a10660866406caa8daf,909.0,17431.0,53.333336,51.166664,47.666664,67.333336,48.666668,UNRANK,1500.0,MASTER I,2479.0,2008-04-28,3.0,1
d3315dfb5018f3acb0fc9932d90266c3,908.0,12811.0,50.0,51.666664,59.090908,60.0,0.0,MASTER II,2773.0,MASTER III,2854.0,2011-10-31,3.0,1
58f18738ea6585757975e8f70991bbbd,911.0,1597.0,48.333332,55.0,57.333332,68.333336,57.333332,GOLD III,2399.0,MASTER II,2643.0,2015-12-30,3.0,1
34114a81e834c9467e9c9bd5ffbbfee2,913.0,28367.0,48.333332,54.333336,47.333332,66.666664,57.142857,GOLD III,2206.0,UNRANK,1800.0,2011-04-03,3.0,1
337a7817d589999370235ce3bfd4cb44,913.0,5598.0,80.0,56.666668,57.666664,37.5,63.414635,UNRANK,1400.0,UNRANK,1400.0,2011-07-26,3.0,1
09dc7f714499c12dbf439ac7725247b4,908.0,480.0,75.0,75.166664,81.481483,88.666664,74.333336,MASTER I,2579.0,MASTER I,2599.0,2013-01-25,0.0,1
741b229d713260f2539035b1fdeeeef3,915.0,327815.0,0.0,0.0,0.0,0.0,0.0,UNRANK,1400.0,UNRANK,1400.0,2016-10-05,0.0,1
4dc9515741bcc25dac7398682090c42d,916.0,813.0,90.0,66.166672,71.333336,73.333336,65.0,UNRANK,1950.0,UNRANK,1950.0,2012-03-04,3.0,1
bc0c6b33bb6dec1f7544163c79f9166d,918.0,27436.0,41.666664,45.833336,46.333332,68.333336,45.666668,GOLD III,2379.0,GOLD I,1999.0,2011-12-11,3.0,1
63a891307be8815c201667d80d639a56,869.0,237542.0,51.666664,57.5,52.0,67.333336,51.0,UNRANK,1540.0,UNRANK,1400.0,2013-01-07,1.0,1
c55e90223e61741aff2c9ce6076ff126,920.0,7007.0,56.666668,53.500004,53.666668,66.666664,0.0,SILVER II,1590.0,UNRANK,1750.0,2007-03-11,3.0,1
b53fea4650f6aaa0dce64c16ea2f7f66,922.0,3848.0,100.0,71.0,68.666664,85.333336,72.0,UNRANK,1400.0,UNRANK,1400.0,2008-12-07,0.0,0
610f234b3542806e2b0c6e5674aa5a68,919.0,1205.0,59.459461,60.377357,61.5942,75.0,0.0,GOLD II,2116.0,UNRANK,1950.0,2016-12-21,3.0,1
4bd46191f5c81da3a8178827bb144913,921.0,1234.0,58.333332,57.333332,57.666664,67.0,56.666668,MASTER III,2927.0,GRAND MASTER I,3140.0,2011-07-12,3.0,1
e1647cc09499823f4b0fafd6323bb2c3,913.0,64640.0,48.333332,46.666668,48.333332,56.666668,46.0,UNRANK,1400.0,UNRANK,1400.0,2008-09-13,2.0,1
34384d6b88c86036563b9f2f395903e2,930.0,1827.0,1.666667,45.166664,41.0,38.333332,40.333332,UNRANK,1400.0,UNRANK,1400.0,2008-01-31,0.0,0
61638c71abdeafdf22d5d03e78d0eb90,922.0,7059.0,82.5,60.580914,91.666672,70.666664,100.0,UNRANK,1500.0,UNRANK,1500.0,2009-09-09,3.0,1
fb60214fffa137c2fbb198141346ab52,931.0,4761.0,43.333332,50.666664,49.6063,62.333332,50.333332,MASTER I,2572.0,UNRANK,2400.0,2013-08-23,3.0,1
2201e38168ca744bc2de0b894831b828,934.0,2216.0,73.333336,57.833332,0.0,0.0,57.666668,UNRANK,1555.0,MASTER I,2406.0,2007-01-17,3.0,1
3c475d36a9a7687ef34150e8194bc33d,934.0,2167.0,100.0,75.333336,76.333336,100.0,73.666664,UNRANK,1400.0,UNRANK,1400.0,2013-11-29,0.0,1
