item_equipment_slot_name,item_id,ocid
무기,용마제십검,d3c2bda905bda4fcdbf9a3b30972a233
갑옷,패자황금갑주,d3c2bda905bda4fcdbf9a3b30972a233
방패/보조무기,고대마령의단검9성,d3c2bda905bda4fcdbf9a3b30972a233
투구,고대마령투구10성,d3c2bda905bda4fcdbf9a3b30972a233
왼손,패자황금장갑,d3c2bda905bda4fcdbf9a3b30972a233
오른손,패자황금장갑,d3c2bda905bda4fcdbf9a3b30972a233
보조1,마사의귀목,d3c2bda905bda4fcdbf9a3b30972a233
보조2,마사의귀목,d3c2bda905bda4fcdbf9a3b30972a233
얼굴장식,빛나는조사장의가면,d3c2bda905bda4fcdbf9a3b30972a233
캐시 투구,달빛마중머리띠,d3c2bda905bda4fcdbf9a3b30972a233
망토,용성장견'마8성,d3c2bda905bda4fcdbf9a3b30972a233
캐시 겉옷,달빛마중수묵도포,d3c2bda905bda4fcdbf9a3b30972a233
신발,빛나는사령웅의앞발,d3c2bda905bda4fcdbf9a3b30972a233
목/어깨장식,고대마령의목걸이8성,d3c2bda905bda4fcdbf9a3b30972a233
캐시 무기,달빛마중장우산,d3c2bda905bda4fcdbf9a3b30972a233
캐시 방패/보조무기,,d3c2bda905bda4fcdbf9a3b30972a233
캐시 얼굴장식,,d3c2bda905bda4fcdbf9a3b30972a233
캐시 망토,달빛마중토끼가방,d3c2bda905bda4fcdbf9a3b30972a233
캐시 신발,달빛마중산군,d3c2bda905bda4fcdbf9a3b30972a233
캐시 목/어깨장식,사파이어하트목걸이,d3c2bda905bda4fcdbf9a3b30972a233
세트옷,[괴수의상]아그니4성,d3c2bda905bda4fcdbf9a3b30972a233
캐시 세트옷,바람미니미도사,d3c2bda905bda4fcdbf9a3b30972a233
장신구,파란나비노리개4성,d3c2bda905bda4fcdbf9a3b30972a233
캐시 장신구,달빛마중깡총귀,d3c2bda905bda4fcdbf9a3b30972a233
무기,용마제십검,6b7a4d4d779c8d55ea92ec4ae0ac14f5efe8d04e6d233bd35cf2fabdeb93fb0d
갑옷,태광천신의복8성,6b7a4d4d779c8d55ea92ec4ae0ac14f5efe8d04e6d233bd35cf2fabdeb93fb0d
방패/보조무기,고대마령의단검6성,6b7a4d4d779c8d55ea92ec4ae0ac14f5efe8d04e6d233bd35cf2fabdeb93fb0d
투구,태광천신금잠7성,6b7a4d4d779c8d55ea92ec4ae0ac14f5efe8d04e6d233bd35cf2fabdeb93fb0d
왼손,[상급]봉래산반지,6b7a4d4d779c8d55ea92ec4ae0ac14f5efe8d04e6d233bd35cf2fabdeb93fb0d
오른손,[상급]봉래산반지,6b7a4d4d779c8d55ea92ec4ae0ac14f5efe8d04e6d233bd35cf2fabdeb93fb0d
보조1,마사의귀목,6b7a4d4d779c8d55ea92ec4ae0ac14f5efe8d04e6d233bd35cf2fabdeb93fb0d
보조2,마사의귀목,6b7a4d4d779c8d55ea92ec4ae0ac14f5efe8d04e6d233bd35cf2fabdeb93fb0d
얼굴장식,조사장의가면,6b7a4d4d779c8d55ea92ec4ae0ac14f5efe8d04e6d233bd35cf2fabdeb93fb0d
캐시 투구,,6b7a4d4d779c8d55ea92ec4ae0ac14f5efe8d04e6d233bd35cf2fabdeb93fb0d
망토,용성장견'마8성,6b7a4d4d779c8d55ea92ec4ae0ac14f5efe8d04e6d233bd35cf2fabdeb93fb0d
캐시 겉옷,바람정장,6b7a4d4d779c8d55ea92ec4ae0ac14f5efe8d04e6d233bd35cf2fabdeb93fb0d
신발,사령웅의앞발,6b7a4d4d779c8d55ea92ec4ae0ac14f5efe8d04e6d233bd35cf2fabdeb93fb0d
목/어깨장식,단조의심단,6b7a4d4d779c8d55ea92ec4ae0ac14f5efe8d04e6d233bd35cf2fabdeb93fb0d
캐시 무기,신월협객영매검,6b7a4d4d779c8d55ea92ec4ae0ac14f5efe8d04e6d233bd35cf2fabdeb93fb0d
캐시 방패/보조무기,웨딩비둘기,6b7a4d4d779c8d55ea92ec4ae0ac14f5efe8d04e6d233bd35cf2fabdeb93fb0d
캐시 얼굴장식,,6b7a4d4d779c8d55ea92ec4ae0ac14f5efe8d04e6d233bd35cf2fabdeb93fb0d
캐시 망토,벚꽃장식No02,6b7a4d4d779c8d55ea92ec4ae0ac14f5efe8d04e6d233bd35cf2fabdeb93fb0d
캐시 신발,바람정장구두,6b7a4d4d779c8d55ea92ec4ae0ac14f5efe8d04e6d233bd35cf2fabdeb93fb0d
캐시 목/어깨장식,웨딩부토니에,6b7a4d4d779c8d55ea92ec4ae0ac14f5efe8d04e6d233bd35cf2fabdeb93fb0d
세트옷,뀨뀨,6b7a4d4d779c8d55ea92ec4ae0ac14f5efe8d04e6d233bd35cf2fabdeb93fb0d
캐시 세트옷,[구]망또No02,6b7a4d4d779c8d55ea92ec4ae0ac14f5efe8d04e6d233bd35cf2fabdeb93fb0d
장신구,붉은토끼풀노리개2성,6b7a4d4d779c8d55ea92ec4ae0ac14f5efe8d04e6d233bd35cf2fabdeb93fb0d
캐시 장신구,,6b7a4d4d779c8d55ea92ec4ae0ac14f5efe8d04e6d233bd35cf2fabdeb93fb0d
무기,용마제십검,17c7a3a794cceab47d6d4c869a8f7522efe8d04e6d233bd35cf2fabdeb93fb0d
갑옷,태광천신의복8성,17c7a3a794cceab47d6d4c869a8f7522efe8d04e6d233bd35cf2fabdeb93fb0d
방패/보조무기,고대마령의단검7성,17c7a3a794cceab47d6d4c869a8f7522efe8d04e6d233bd35cf2fabdeb93fb0d
투구,태광천신금잠8성,17c7a3a794cceab47d6d4c869a8f7522efe8d04e6d233bd35cf2fabdeb93fb0d
왼손,태염반지8성,17c7a3a794cceab47d6d4c869a8f7522efe8d04e6d233bd35cf2fabdeb93fb0d
오른손,태염반지8성,17c7a3a794cceab47d6d4c869a8f7522efe8d04e6d233bd35cf2fabdeb93fb0d
보조1,마사의귀목,17c7a3a794cceab47d6d4c869a8f7522efe8d04e6d233bd35cf2fabdeb93fb0d
보조2,마사의귀목,17c7a3a794cceab47d6d4c869a8f7522efe8d04e6d233bd35cf2fabdeb93fb0d
얼굴장식,시바의시선,17c7a3a794cceab47d6d4c869a8f7522efe8d04e6d233bd35cf2fabdeb93fb0d
캐시 투구,잠옷파티토끼머리끈,17c7a3a794cceab47d6d4c869a8f7522efe8d04e6d233bd35cf2fabdeb93fb0d
망토,용성장견'마8성,17c7a3a794cceab47d6d4c869a8f7522efe8d04e6d233bd35cf2fabdeb93fb0d
캐시 겉옷,토끼소년의상No01,17c7a3a794cceab47d6d4c869a8f7522efe8d04e6d233bd35cf2fabdeb93fb0d
신발,,17c7a3a794cceab47d6d4c869a8f7522efe8d04e6d233bd35cf2fabdeb93fb0d
목/어깨장식,고대마령의목걸이8성,17c7a3a794cceab47d6d4c869a8f7522efe8d04e6d233bd35cf2fabdeb93fb0d
캐시 무기,행운의채굴곡괭이,17c7a3a794cceab47d6d4c869a8f7522efe8d04e6d233bd35cf2fabdeb93fb0d
캐시 방패/보조무기,,17c7a3a794cceab47d6d4c869a8f7522efe8d04e6d233bd35cf2fabdeb93fb0d
캐시 얼굴장식,[30주년]넥슨히어로하트,17c7a3a794cceab47d6d4c869a8f7522efe8d04e6d233bd35cf2fabdeb93fb0d
캐시 망토,캐주얼블랙백팩,17c7a3a794cceab47d6d4c869a8f7522efe8d04e6d233bd35cf2fabdeb93fb0d
캐시 신발,봄의청사기운,17c7a3a794cceab47d6d4c869a8f7522efe8d04e6d233bd35cf2fabdeb93fb0d
캐시 목/어깨장식,딱콩삐쭉스카프No03,17c7a3a794cceab47d6d4c869a8f7522efe8d04e6d233bd35cf2fabdeb93fb0d
세트옷,[괴수의상]바루나3성,17c7a3a794cceab47d6d4c869a8f7522efe8d04e6d233bd35cf2fabdeb93fb0d
캐시 세트옷,,17c7a3a794cceab47d6d4c869a8f7522efe8d04e6d233bd35cf2fabdeb93fb0d
장신구,봉황삼작금노리개1성,17c7a3a794cceab47d6d4c869a8f7522efe8d04e6d233bd35cf2fabdeb93fb0d
캐시 장신구,,17c7a3a794cceab47d6d4c869a8f7522efe8d04e6d233bd35cf2fabdeb93fb0d
무기,용마제십검,a198e09876905fad8e6a91c18797ced186e68d4012202d0434d05f81868f68e3
갑옷,용마멸아갑8성,a198e09876905fad8e6a91c18797ced186e68d4012202d0434d05f81868f68e3
방패/보조무기,고대마령의단검8성,a198e09876905fad8e6a91c18797ced186e68d4012202d0434d05f81868f68e3
투구,고대마령모자10성,a198e09876905fad8e6a91c18797ced186e68d4012202d0434d05f81868f68e3
왼손,바람청옥장갑,a198e09876905fad8e6a91c18797ced186e68d4012202d0434d05f81868f68e3
오른손,바람청옥장갑,a198e09876905fad8e6a91c18797ced186e68d4012202d0434d05f81868f68e3
보조1,빛나는마사의귀목,a198e09876905fad8e6a91c18797ced186e68d4012202d0434d05f81868f68e3
보조2,빛나는마사의귀목,a198e09876905fad8e6a91c18797ced186e68d4012202d0434d05f81868f68e3
얼굴장식,찬란한시바의시선,a198e09876905fad8e6a91c18797ced186e68d4012202d0434d05f81868f68e3
캐시 투구,,a198e09876905fad8e6a91c18797ced186e68d4012202d0434d05f81868f68e3
망토,암흑룡의망토,a198e09876905fad8e6a91c18797ced186e68d4012202d0434d05f81868f68e3
캐시 겉옷,백호무신의갑옷(여),a198e09876905fad8e6a91c18797ced186e68d4012202d0434d05f81868f68e3
신발,고대마령의군화'흑8성,a198e09876905fad8e6a91c18797ced186e68d4012202d0434d05f81868f68e3
목/어깨장식,고대마령의목걸이10성,a198e09876905fad8e6a91c18797ced186e68d4012202d0434d05f81868f68e3
캐시 무기,행운의채굴곡괭이,a198e09876905fad8e6a91c18797ced186e68d4012202d0434d05f81868f68e3
캐시 방패/보조무기,악마계약자갈퀴방패,a198e09876905fad8e6a91c18797ced186e68d4012202d0434d05f81868f68e3
캐시 얼굴장식,백호무신의안대,a198e09876905fad8e6a91c18797ced186e68d4012202d0434d05f81868f68e3
캐시 망토,백호무신의기운,a198e09876905fad8e6a91c18797ced186e68d4012202d0434d05f81868f68e3
캐시 신발,바람레이스부츠,a198e09876905fad8e6a91c18797ced186e68d4012202d0434d05f81868f68e3
캐시 목/어깨장식,,a198e09876905fad8e6a91c18797ced186e68d4012202d0434d05f81868f68e3
세트옷,[괴수의상]아그니3성,a198e09876905fad8e6a91c18797ced186e68d4012202d0434d05f81868f68e3
캐시 세트옷,[구]웨딩드레스No08,a198e09876905fad8e6a91c18797ced186e68d4012202d0434d05f81868f68e3
장신구,자수원앙노리개4성,a198e09876905fad8e6a91c18797ced186e68d4012202d0434d05f81868f68e3
캐시 장신구,VIP뱃지,a198e09876905fad8e6a91c18797ced186e68d4012202d0434d05f81868f68e3
보조1,천도의목걸이,c1ad15f3ed217b17980cb516231bbdfe46a65b8b6b5e842bb857fbf7b25cabaa
무기,불멸용마검'3강,c1ad15f3ed217b17980cb516231bbdfe46a65b8b6b5e842bb857fbf7b25cabaa
갑옷,패자황금갑주,c1ad15f3ed217b17980cb516231bbdfe46a65b8b6b5e842bb857fbf7b25cabaa
방패/보조무기,환인방패'1성,c1ad15f3ed217b17980cb516231bbdfe46a65b8b6b5e842bb857fbf7b25cabaa
투구,패자황금투구,c1ad15f3ed217b17980cb516231bbdfe46a65b8b6b5e842bb857fbf7b25cabaa
왼손,패자황금장갑,c1ad15f3ed217b17980cb516231bbdfe46a65b8b6b5e842bb857fbf7b25cabaa
오른손,패자황금장갑,c1ad15f3ed217b17980cb516231bbdfe46a65b8b6b5e842bb857fbf7b25cabaa
보조2,빛나는마사의귀목,c1ad15f3ed217b17980cb516231bbdfe46a65b8b6b5e842bb857fbf7b25cabaa
얼굴장식,고대마령의암막9성,c1ad15f3ed217b17980cb516231bbdfe46a65b8b6b5e842bb857fbf7b25cabaa
캐시 투구,목멱선화흑룡노리개,c1ad15f3ed217b17980cb516231bbdfe46a65b8b6b5e842bb857fbf7b25cabaa
망토,무신귀갑주10성,c1ad15f3ed217b17980cb516231bbdfe46a65b8b6b5e842bb857fbf7b25cabaa
캐시 겉옷,목멱선화흑문나포(남),c1ad15f3ed217b17980cb516231bbdfe46a65b8b6b5e842bb857fbf7b25cabaa
신발,고대마령의군화'흑10성,c1ad15f3ed217b17980cb516231bbdfe46a65b8b6b5e842bb857fbf7b25cabaa
목/어깨장식,고대마령의목걸이9성,c1ad15f3ed217b17980cb516231bbdfe46a65b8b6b5e842bb857fbf7b25cabaa
캐시 무기,목멱선화흑령염주,c1ad15f3ed217b17980cb516231bbdfe46a65b8b6b5e842bb857fbf7b25cabaa
캐시 방패/보조무기,,c1ad15f3ed217b17980cb516231bbdfe46a65b8b6b5e842bb857fbf7b25cabaa
캐시 얼굴장식,코밑수염,c1ad15f3ed217b17980cb516231bbdfe46a65b8b6b5e842bb857fbf7b25cabaa
캐시 망토,목멱선화묵첩족자,c1ad15f3ed217b17980cb516231bbdfe46a65b8b6b5e842bb857fbf7b25cabaa
캐시 신발,목멱선화암향소영,c1ad15f3ed217b17980cb516231bbdfe46a65b8b6b5e842bb857fbf7b25cabaa
캐시 목/어깨장식,,c1ad15f3ed217b17980cb516231bbdfe46a65b8b6b5e842bb857fbf7b25cabaa
세트옷,[괴수의상]아그니3성,c1ad15f3ed217b17980cb516231bbdfe46a65b8b6b5e842bb857fbf7b25cabaa
캐시 세트옷,바람미니미도적,c1ad15f3ed217b17980cb516231bbdfe46a65b8b6b5e842bb857fbf7b25cabaa
장신구,자수원앙노리개4성,c1ad15f3ed217b17980cb516231bbdfe46a65b8b6b5e842bb857fbf7b25cabaa
캐시 장신구,목멱선화흑월비익,c1ad15f3ed217b17980cb516231bbdfe46a65b8b6b5e842bb857fbf7b25cabaa
무기,극'진일신검,6605493618e36bd22d0f8e04a7a2ad0e1c093150d8c67aa37c548653de6720f6
갑옷,패자황금연갑,6605493618e36bd22d0f8e04a7a2ad0e1c093150d8c67aa37c548653de6720f6
방패/보조무기,고대마령의단검8성,6605493618e36bd22d0f8e04a7a2ad0e1c093150d8c67aa37c548653de6720f6
투구,고대마령모자10성,6605493618e36bd22d0f8e04a7a2ad0e1c093150d8c67aa37c548653de6720f6
왼손,패자황금장갑,6605493618e36bd22d0f8e04a7a2ad0e1c093150d8c67aa37c548653de6720f6
오른손,패자황금장갑,6605493618e36bd22d0f8e04a7a2ad0e1c093150d8c67aa37c548653de6720f6
보조1,마사의귀목,6605493618e36bd22d0f8e04a7a2ad0e1c093150d8c67aa37c548653de6720f6
보조2,마사의귀목,6605493618e36bd22d0f8e04a7a2ad0e1c093150d8c67aa37c548653de6720f6
얼굴장식,시바의시선,6605493618e36bd22d0f8e04a7a2ad0e1c093150d8c67aa37c548653de6720f6
캐시 투구,시간여행자머리장식(여),6605493618e36bd22d0f8e04a7a2ad0e1c093150d8c67aa37c548653de6720f6
망토,용성장견'마8성,6605493618e36bd22d0f8e04a7a2ad0e1c093150d8c67aa37c548653de6720f6
캐시 겉옷,시간여행자의상(여),6605493618e36bd22d0f8e04a7a2ad0e1c093150d8c67aa37c548653de6720f6
신발,사령웅의앞발,6605493618e36bd22d0f8e04a7a2ad0e1c093150d8c67aa37c548653de6720f6
목/어깨장식,고대마령의목걸이8성,6605493618e36bd22d0f8e04a7a2ad0e1c093150d8c67aa37c548653de6720f6
캐시 무기,시간여행자차원봉,6605493618e36bd22d0f8e04a7a2ad0e1c093150d8c67aa37c548653de6720f6
캐시 방패/보조무기,시간여행자드론,6605493618e36bd22d0f8e04a7a2ad0e1c093150d8c67aa37c548653de6720f6
캐시 얼굴장식,,6605493618e36bd22d0f8e04a7a2ad0e1c093150d8c67aa37c548653de6720f6
캐시 망토,시간여행자망토(여),6605493618e36bd22d0f8e04a7a2ad0e1c093150d8c67aa37c548653de6720f6
캐시 신발,시간여행자비행선,6605493618e36bd22d0f8e04a7a2ad0e1c093150d8c67aa37c548653de6720f6
캐시 목/어깨장식,스트릿캐주얼사각목걸이,6605493618e36bd22d0f8e04a7a2ad0e1c093150d8c67aa37c548653de6720f6
세트옷,[괴수의상]바루나5성,6605493618e36bd22d0f8e04a7a2ad0e1c093150d8c67aa37c548653de6720f6
캐시 세트옷,,6605493618e36bd22d0f8e04a7a2ad0e1c093150d8c67aa37c548653de6720f6
장신구,붉은토끼풀노리개1성,6605493618e36bd22d0f8e04a7a2ad0e1c093150d8c67aa37c548653de6720f6
캐시 장신구,금빛화랑귀걸이,6605493618e36bd22d0f8e04a7a2ad0e1c093150d8c67aa37c548653de6720f6
무기,용마제십검,7a9e7ff71d6a8994210132cd458e3f6dfd50b3c01f2369579b36389cc90e60b4
갑옷,패자황금갑주,7a9e7ff71d6a8994210132cd458e3f6dfd50b3c01f2369579b36389cc90e60b4
방패/보조무기,고대마령의단검7성,7a9e7ff71d6a8994210132cd458e3f6dfd50b3c01f2369579b36389cc90e60b4
투구,환웅의투구'9성,7a9e7ff71d6a8994210132cd458e3f6dfd50b3c01f2369579b36389cc90e60b4
왼손,패자황금장갑,7a9e7ff71d6a8994210132cd458e3f6dfd50b3c01f2369579b36389cc90e60b4
오른손,패자황금장갑,7a9e7ff71d6a8994210132cd458e3f6dfd50b3c01f2369579b36389cc90e60b4
보조1,마령의노리개'흑8성,7a9e7ff71d6a8994210132cd458e3f6dfd50b3c01f2369579b36389cc90e60b4
보조2,마사의귀목,7a9e7ff71d6a8994210132cd458e3f6dfd50b3c01f2369579b36389cc90e60b4
얼굴장식,고대마령의암막8성,7a9e7ff71d6a8994210132cd458e3f6dfd50b3c01f2369579b36389cc90e60b4
캐시 투구,은빛미호의귀,7a9e7ff71d6a8994210132cd458e3f6dfd50b3c01f2369579b36389cc90e60b4
망토,용성장견'마8성,7a9e7ff71d6a8994210132cd458e3f6dfd50b3c01f2369579b36389cc90e60b4
캐시 겉옷,은빛미호의상(남),7a9e7ff71d6a8994210132cd458e3f6dfd50b3c01f2369579b36389cc90e60b4
신발,고대마령의군화'흑8성,7a9e7ff71d6a8994210132cd458e3f6dfd50b3c01f2369579b36389cc90e60b4
목/어깨장식,고대마령의목걸이8성,7a9e7ff71d6a8994210132cd458e3f6dfd50b3c01f2369579b36389cc90e60b4
캐시 무기,은빛미호의영혼,7a9e7ff71d6a8994210132cd458e3f6dfd50b3c01f2369579b36389cc90e60b4
캐시 방패/보조무기,은빛미호,7a9e7ff71d6a8994210132cd458e3f6dfd50b3c01f2369579b36389cc90e60b4
캐시 얼굴장식,,7a9e7ff71d6a8994210132cd458e3f6dfd50b3c01f2369579b36389cc90e60b4
캐시 망토,은빛미호의짧은꼬리,7a9e7ff71d6a8994210132cd458e3f6dfd50b3c01f2369579b36389cc90e60b4
캐시 신발,산신의장화,7a9e7ff71d6a8994210132cd458e3f6dfd50b3c01f2369579b36389cc90e60b4
캐시 목/어깨장식,은빛미호장식,7a9e7ff71d6a8994210132cd458e3f6dfd50b3c01f2369579b36389cc90e60b4
세트옷,[괴수의상]아그니1성,7a9e7ff71d6a8994210132cd458e3f6dfd50b3c01f2369579b36389cc90e60b4
캐시 세트옷,[구]웨딩드레스No05,7a9e7ff71d6a8994210132cd458e3f6dfd50b3c01f2369579b36389cc90e60b4
장신구,붉은토끼풀노리개2성,7a9e7ff71d6a8994210132cd458e3f6dfd50b3c01f2369579b36389cc90e60b4
캐시 장신구,달빛노리개,7a9e7ff71d6a8994210132cd458e3f6dfd50b3c01f2369579b36389cc90e60b4
무기,용마제십검,ea48e740b189fabb49d38a3f39021c19efe8d04e6d233bd35cf2fabdeb93fb0d
갑옷,패자황금갑주,ea48e740b189fabb49d38a3f39021c19efe8d04e6d233bd35cf2fabdeb93fb0d
방패/보조무기,고대마령의단검6성,ea48e740b189fabb49d38a3f39021c19efe8d04e6d233bd35cf2fabdeb93fb0d
투구,고대마령투구10성,ea48e740b189fabb49d38a3f39021c19efe8d04e6d233bd35cf2fabdeb93fb0d
왼손,패자황금장갑,ea48e740b189fabb49d38a3f39021c19efe8d04e6d233bd35cf2fabdeb93fb0d
오른손,패자황금장갑,ea48e740b189fabb49d38a3f39021c19efe8d04e6d233bd35cf2fabdeb93fb0d
보조1,빛나는마사의귀목,ea48e740b189fabb49d38a3f39021c19efe8d04e6d233bd35cf2fabdeb93fb0d
보조2,마사의귀목,ea48e740b189fabb49d38a3f39021c19efe8d04e6d233bd35cf2fabdeb93fb0d
얼굴장식,시바의시선,ea48e740b189fabb49d38a3f39021c19efe8d04e6d233bd35cf2fabdeb93fb0d
캐시 투구,의사대머리,ea48e740b189fabb49d38a3f39021c19efe8d04e6d233bd35cf2fabdeb93fb0d
망토,용성장견'마8성,ea48e740b189fabb49d38a3f39021c19efe8d04e6d233bd35cf2fabdeb93fb0d
캐시 겉옷,동글푹신토끼옷,ea48e740b189fabb49d38a3f39021c19efe8d04e6d233bd35cf2fabdeb93fb0d
신발,고대마령의군화'흑8성,ea48e740b189fabb49d38a3f39021c19efe8d04e6d233bd35cf2fabdeb93fb0d
목/어깨장식,고대마령의목걸이6성,ea48e740b189fabb49d38a3f39021c19efe8d04e6d233bd35cf2fabdeb93fb0d
캐시 무기,행운의채굴곡괭이,ea48e740b189fabb49d38a3f39021c19efe8d04e6d233bd35cf2fabdeb93fb0d
캐시 방패/보조무기,양양이No01,ea48e740b189fabb49d38a3f39021c19efe8d04e6d233bd35cf2fabdeb93fb0d
캐시 얼굴장식,눈장식:순정만화,ea48e740b189fabb49d38a3f39021c19efe8d04e6d233bd35cf2fabdeb93fb0d
캐시 망토,바람유니콘꼬리,ea48e740b189fabb49d38a3f39021c19efe8d04e6d233bd35cf2fabdeb93fb0d
캐시 신발,토끼발자국No01,ea48e740b189fabb49d38a3f39021c19efe8d04e6d233bd35cf2fabdeb93fb0d
캐시 목/어깨장식,딱콩삐쭉스카프No03,ea48e740b189fabb49d38a3f39021c19efe8d04e6d233bd35cf2fabdeb93fb0d
세트옷,[괴수의상]아이라바타1성,ea48e740b189fabb49d38a3f39021c19efe8d04e6d233bd35cf2fabdeb93fb0d
캐시 세트옷,,ea48e740b189fabb49d38a3f39021c19efe8d04e6d233bd35cf2fabdeb93fb0d
장신구,붉은토끼풀노리개1성,ea48e740b189fabb49d38a3f39021c19efe8d04e6d233bd35cf2fabdeb93fb0d
캐시 장신구,초코델리귀걸이,ea48e740b189fabb49d38a3f39021c19efe8d04e6d233bd35cf2fabdeb93fb0d
무기,불멸용마검'3강,1c402d0def5ffedfbd225b09f4644de13663933da92e7566c55104ec9ac2894d
갑옷,패자황금갑주,1c402d0def5ffedfbd225b09f4644de13663933da92e7566c55104ec9ac2894d
방패/보조무기,환인방패'1성,1c402d0def5ffedfbd225b09f4644de13663933da92e7566c55104ec9ac2894d
투구,패자황금투구,1c402d0def5ffedfbd225b09f4644de13663933da92e7566c55104ec9ac2894d
왼손,패자황금장갑,1c402d0def5ffedfbd225b09f4644de13663933da92e7566c55104ec9ac2894d
오른손,패자황금장갑,1c402d0def5ffedfbd225b09f4644de13663933da92e7566c55104ec9ac2894d
보조1,천도의목걸이,1c402d0def5ffedfbd225b09f4644de13663933da92e7566c55104ec9ac2894d
보조2,빛나는마사의귀목,1c402d0def5ffedfbd225b09f4644de13663933da92e7566c55104ec9ac2894d
얼굴장식,고대마령의암막9성,1c402d0def5ffedfbd225b09f4644de13663933da92e7566c55104ec9ac2894d
캐시 투구,마법학교소년헤어,1c402d0def5ffedfbd225b09f4644de13663933da92e7566c55104ec9ac2894d
망토,용성장견'마10성,1c402d0def5ffedfbd225b09f4644de13663933da92e7566c55104ec9ac2894d
캐시 겉옷,마법학교소년의상,1c402d0def5ffedfbd225b09f4644de13663933da92e7566c55104ec9ac2894d
신발,고대마령의군화'흑10성,1c402d0def5ffedfbd225b09f4644de13663933da92e7566c55104ec9ac2894d
목/어깨장식,고대마령의목걸이9성,1c402d0def5ffedfbd225b09f4644de13663933da92e7566c55104ec9ac2894d
캐시 무기,마법학교지팡이,1c402d0def5ffedfbd225b09f4644de13663933da92e7566c55104ec9ac2894d
캐시 방패/보조무기,마법학교가방,1c402d0def5ffedfbd225b09f4644de13663933da92e7566c55104ec9ac2894d
캐시 얼굴장식,동화나라라운드안경No01,1c402d0def5ffedfbd225b09f4644de13663933da92e7566c55104ec9ac2894d
캐시 망토,마법학교마법책,1c402d0def5ffedfbd225b09f4644de13663933da92e7566c55104ec9ac2894d
캐시 신발,,1c402d0def5ffedfbd225b09f4644de13663933da92e7566c55104ec9ac2894d
캐시 목/어깨장식,청사목도리,1c402d0def5ffedfbd225b09f4644de13663933da92e7566c55104ec9ac2894d
세트옷,[괴수의상]아그니5성,1c402d0def5ffedfbd225b09f4644de13663933da92e7566c55104ec9ac2894d
캐시 세트옷,[구]웨딩드레스No02,1c402d0def5ffedfbd225b09f4644de13663933da92e7566c55104ec9ac2894d
장신구,자수원앙노리개4성,1c402d0def5ffedfbd225b09f4644de13663933da92e7566c55104ec9ac2894d
캐시 장신구,마법학교모자,1c402d0def5ffedfbd225b09f4644de13663933da92e7566c55104ec9ac2894d
무기,용마제십검,68d0e8c6a17eeb87d49e63e252a7b5502c80a75b10a900bae7267f7b22c88765
갑옷,환웅의갑주'9성,68d0e8c6a17eeb87d49e63e252a7b5502c80a75b10a900bae7267f7b22c88765
방패/보조무기,고대마령의단검6성,68d0e8c6a17eeb87d49e63e252a7b5502c80a75b10a900bae7267f7b22c88765
투구,금린추월관8성,68d0e8c6a17eeb87d49e63e252a7b5502c80a75b10a900bae7267f7b22c88765
왼손,바람청옥장갑,68d0e8c6a17eeb87d49e63e252a7b5502c80a75b10a900bae7267f7b22c88765
오른손,바람청옥장갑,68d0e8c6a17eeb87d49e63e252a7b5502c80a75b10a900bae7267f7b22c88765
보조1,마사의귀목,68d0e8c6a17eeb87d49e63e252a7b5502c80a75b10a900bae7267f7b22c88765
보조2,마사의귀목,68d0e8c6a17eeb87d49e63e252a7b5502c80a75b10a900bae7267f7b22c88765
얼굴장식,조사장의가면,68d0e8c6a17eeb87d49e63e252a7b5502c80a75b10a900bae7267f7b22c88765
캐시 투구,가을홀릭소년헤어No02,68d0e8c6a17eeb87d49e63e252a7b5502c80a75b10a900bae7267f7b22c88765
망토,용성장견'마8성,68d0e8c6a17eeb87d49e63e252a7b5502c80a75b10a900bae7267f7b22c88765
캐시 겉옷,겸사복의상No02,68d0e8c6a17eeb87d49e63e252a7b5502c80a75b10a900bae7267f7b22c88765
신발,사령웅의앞발,68d0e8c6a17eeb87d49e63e252a7b5502c80a75b10a900bae7267f7b22c88765
목/어깨장식,고대마령의목걸이8성,68d0e8c6a17eeb87d49e63e252a7b5502c80a75b10a900bae7267f7b22c88765
캐시 무기,오래된채굴곡괭이,68d0e8c6a17eeb87d49e63e252a7b5502c80a75b10a900bae7267f7b22c88765
캐시 방패/보조무기,,68d0e8c6a17eeb87d49e63e252a7b5502c80a75b10a900bae7267f7b22c88765
캐시 얼굴장식,,68d0e8c6a17eeb87d49e63e252a7b5502c80a75b10a900bae7267f7b22c88765
캐시 망토,우아한눈꽃도포,68d0e8c6a17eeb87d49e63e252a7b5502c80a75b10a900bae7267f7b22c88765
캐시 신발,토끼발자국No01,68d0e8c6a17eeb87d49e63e252a7b5502c80a75b10a900bae7267f7b22c88765
캐시 목/어깨장식,대재앙하트목걸이,68d0e8c6a17eeb87d49e63e252a7b5502c80a75b10a900bae7267f7b22c88765
세트옷,[괴수의상]바루나1성,68d0e8c6a17eeb87d49e63e252a7b5502c80a75b10a900bae7267f7b22c88765
캐시 세트옷,[구]망또No02,68d0e8c6a17eeb87d49e63e252a7b5502c80a75b10a900bae7267f7b22c88765
장신구,붉은토끼풀노리개1성,68d0e8c6a17eeb87d49e63e252a7b5502c80a75b10a900bae7267f7b22c88765
캐시 장신구,초코델리귀걸이,68d0e8c6a17eeb87d49e63e252a7b5502c80a75b10a900bae7267f7b22c88765
무기,용천제십검,c6e31a4fb353165809d32816bd18e5f0454174e45430f1270b6bf34c891e7d56
갑옷,패자황금갑주,c6e31a4fb353165809d32816bd18e5f0454174e45430f1270b6bf34c891e7d56
방패/보조무기,고대마령의단검8성,c6e31a4fb353165809d32816bd18e5f0454174e45430f1270b6bf34c891e7d56
투구,고대마령투구10성,c6e31a4fb353165809d32816bd18e5f0454174e45430f1270b6bf34c891e7d56
왼손,패자황금팔찌,c6e31a4fb353165809d32816bd18e5f0454174e45430f1270b6bf34c891e7d56
오른손,패자황금팔찌,c6e31a4fb353165809d32816bd18e5f0454174e45430f1270b6bf34c891e7d56
보조1,마령의노리개'흑10성,c6e31a4fb353165809d32816bd18e5f0454174e45430f1270b6bf34c891e7d56
보조2,빛나는마사의귀목,c6e31a4fb353165809d32816bd18e5f0454174e45430f1270b6bf34c891e7d56
얼굴장식,고대마령의암막8성,c6e31a4fb353165809d32816bd18e5f0454174e45430f1270b6bf34c891e7d56
캐시 투구,잔혹천사가면,c6e31a4fb353165809d32816bd18e5f0454174e45430f1270b6bf34c891e7d56
망토,고대마령의칼날10성,c6e31a4fb353165809d32816bd18e5f0454174e45430f1270b6bf34c891e7d56
캐시 겉옷,잔혹천사의상(남),c6e31a4fb353165809d32816bd18e5f0454174e45430f1270b6bf34c891e7d56
신발,고대마령의군화'흑8성,c6e31a4fb353165809d32816bd18e5f0454174e45430f1270b6bf34c891e7d56
목/어깨장식,고대마령의목걸이8성,c6e31a4fb353165809d32816bd18e5f0454174e45430f1270b6bf34c891e7d56
캐시 무기,잔혹천사장미활,c6e31a4fb353165809d32816bd18e5f0454174e45430f1270b6bf34c891e7d56
캐시 방패/보조무기,,c6e31a4fb353165809d32816bd18e5f0454174e45430f1270b6bf34c891e7d56
캐시 얼굴장식,,c6e31a4fb353165809d32816bd18e5f0454174e45430f1270b6bf34c891e7d56
캐시 망토,잔혹천사뼈날개,c6e31a4fb353165809d32816bd18e5f0454174e45430f1270b6bf34c891e7d56
캐시 신발,잔혹천사스컬하트,c6e31a4fb353165809d32816bd18e5f0454174e45430f1270b6bf34c891e7d56
캐시 목/어깨장식,,c6e31a4fb353165809d32816bd18e5f0454174e45430f1270b6bf34c891e7d56
세트옷,[괴수의상]아이라바타5성,c6e31a4fb353165809d32816bd18e5f0454174e45430f1270b6bf34c891e7d56
캐시 세트옷,[구]망또No01,c6e31a4fb353165809d32816bd18e5f0454174e45430f1270b6bf34c891e7d56
장신구,자수원앙노리개4성,c6e31a4fb353165809d32816bd18e5f0454174e45430f1270b6bf34c891e7d56
캐시 장신구,잔혹천사하트안대,c6e31a4fb353165809d32816bd18e5f0454174e45430f1270b6bf34c891e7d56
무기,용천제십검,0d6ad201ad1c0b73236bbf5d5814b154
갑옷,패자황금갑주,0d6ad201ad1c0b73236bbf5d5814b154
방패/보조무기,무신귀면방7성,0d6ad201ad1c0b73236bbf5d5814b154
투구,용아투구'천8성,0d6ad201ad1c0b73236bbf5d5814b154
왼손,패자황금팔찌,0d6ad201ad1c0b73236bbf5d5814b154
오른손,패자황금팔찌,0d6ad201ad1c0b73236bbf5d5814b154
보조1,마사의귀목,0d6ad201ad1c0b73236bbf5d5814b154
보조2,마사의귀목,0d6ad201ad1c0b73236bbf5d5814b154
얼굴장식,고대마령의암막8성,0d6ad201ad1c0b73236bbf5d5814b154
캐시 투구,신월협객방립'귀,0d6ad201ad1c0b73236bbf5d5814b154
망토,용성장견'천8성,0d6ad201ad1c0b73236bbf5d5814b154
캐시 겉옷,[탐험]용주지천단,0d6ad201ad1c0b73236bbf5d5814b154
신발,고대마령의군화'흑8성,0d6ad201ad1c0b73236bbf5d5814b154
목/어깨장식,고대마령의목걸이8성,0d6ad201ad1c0b73236bbf5d5814b154
캐시 무기,,0d6ad201ad1c0b73236bbf5d5814b154
캐시 방패/보조무기,최고시다장식,0d6ad201ad1c0b73236bbf5d5814b154
캐시 얼굴장식,,0d6ad201ad1c0b73236bbf5d5814b154
캐시 망토,우아한눈꽃도포,0d6ad201ad1c0b73236bbf5d5814b154
캐시 신발,여름바다의흔적,0d6ad201ad1c0b73236bbf5d5814b154
캐시 목/어깨장식,히피목걸이No01,0d6ad201ad1c0b73236bbf5d5814b154
세트옷,[괴수의상]아이라바타1성,0d6ad201ad1c0b73236bbf5d5814b154
캐시 세트옷,고대[신수]백호神,0d6ad201ad1c0b73236bbf5d5814b154
장신구,쑥비취노리개4성,0d6ad201ad1c0b73236bbf5d5814b154
캐시 장신구,초코델리귀걸이,0d6ad201ad1c0b73236bbf5d5814b154
무기,용천제십검,b66e10bada47383dcb4d909ff8aef3b286e68d4012202d0434d05f81868f68e3
갑옷,패자황금갑주,b66e10bada47383dcb4d909ff8aef3b286e68d4012202d0434d05f81868f68e3
방패/보조무기,고대마령의단검8성,b66e10bada47383dcb4d909ff8aef3b286e68d4012202d0434d05f81868f68e3
투구,용아투구'천8성,b66e10bada47383dcb4d909ff8aef3b286e68d4012202d0434d05f81868f68e3
왼손,패자황금팔찌,b66e10bada47383dcb4d909ff8aef3b286e68d4012202d0434d05f81868f68e3
오른손,패자황금팔찌,b66e10bada47383dcb4d909ff8aef3b286e68d4012202d0434d05f81868f68e3
보조1,마령의노리개'흑10성,b66e10bada47383dcb4d909ff8aef3b286e68d4012202d0434d05f81868f68e3
보조2,빛나는마사의귀목,b66e10bada47383dcb4d909ff8aef3b286e68d4012202d0434d05f81868f68e3
얼굴장식,고대마령의암막8성,b66e10bada47383dcb4d909ff8aef3b286e68d4012202d0434d05f81868f68e3
캐시 투구,마법학교소녀헤어,b66e10bada47383dcb4d909ff8aef3b286e68d4012202d0434d05f81868f68e3
망토,무신귀갑주10성,b66e10bada47383dcb4d909ff8aef3b286e68d4012202d0434d05f81868f68e3
캐시 겉옷,마법학교소녀의상,b66e10bada47383dcb4d909ff8aef3b286e68d4012202d0434d05f81868f68e3
신발,고대마령의군화'흑9성,b66e10bada47383dcb4d909ff8aef3b286e68d4012202d0434d05f81868f68e3
목/어깨장식,고대마령의목걸이8성,b66e10bada47383dcb4d909ff8aef3b286e68d4012202d0434d05f81868f68e3
캐시 무기,마법학교지팡이,b66e10bada47383dcb4d909ff8aef3b286e68d4012202d0434d05f81868f68e3
캐시 방패/보조무기,마법학교가방,b66e10bada47383dcb4d909ff8aef3b286e68d4012202d0434d05f81868f68e3
캐시 얼굴장식,유니콘음악대반짝이,b66e10bada47383dcb4d909ff8aef3b286e68d4012202d0434d05f81868f68e3
캐시 망토,마법학교마법책,b66e10bada47383dcb4d909ff8aef3b286e68d4012202d0434d05f81868f68e3
캐시 신발,집사토끼미미No01,b66e10bada47383dcb4d909ff8aef3b286e68d4012202d0434d05f81868f68e3
캐시 목/어깨장식,[20주년]레이스칼라No01,b66e10bada47383dcb4d909ff8aef3b286e68d4012202d0434d05f81868f68e3
세트옷,[괴수의상]아이라바타4성,b66e10bada47383dcb4d909ff8aef3b286e68d4012202d0434d05f81868f68e3
캐시 세트옷,고대구망또신수의상No12,b66e10bada47383dcb4d909ff8aef3b286e68d4012202d0434d05f81868f68e3
장신구,파란나비노리개4성,b66e10bada47383dcb4d909ff8aef3b286e68d4012202d0434d05f81868f68e3
캐시 장신구,마법학교모자,b66e10bada47383dcb4d909ff8aef3b286e68d4012202d0434d05f81868f68e3
무기,용천제십검,e98fccecd9068b0fd8505cae509d608befe8d04e6d233bd35cf2fabdeb93fb0d
갑옷,용천파천갑8성,e98fccecd9068b0fd8505cae509d608befe8d04e6d233bd35cf2fabdeb93fb0d
방패/보조무기,고대마령의단검8성,e98fccecd9068b0fd8505cae509d608befe8d04e6d233bd35cf2fabdeb93fb0d
투구,태광천신금잠7성,e98fccecd9068b0fd8505cae509d608befe8d04e6d233bd35cf2fabdeb93fb0d
왼손,쇄자황금팔찌,e98fccecd9068b0fd8505cae509d608befe8d04e6d233bd35cf2fabdeb93fb0d
오른손,쇄자황금팔찌,e98fccecd9068b0fd8505cae509d608befe8d04e6d233bd35cf2fabdeb93fb0d
보조1,마사의귀목,e98fccecd9068b0fd8505cae509d608befe8d04e6d233bd35cf2fabdeb93fb0d
보조2,마사의귀목,e98fccecd9068b0fd8505cae509d608befe8d04e6d233bd35cf2fabdeb93fb0d
얼굴장식,시바의시선,e98fccecd9068b0fd8505cae509d608befe8d04e6d233bd35cf2fabdeb93fb0d
캐시 투구,한가위토깽의귀(흑),e98fccecd9068b0fd8505cae509d608befe8d04e6d233bd35cf2fabdeb93fb0d
망토,용성장견'천8성,e98fccecd9068b0fd8505cae509d608befe8d04e6d233bd35cf2fabdeb93fb0d
캐시 겉옷,[20주년]정장No02,e98fccecd9068b0fd8505cae509d608befe8d04e6d233bd35cf2fabdeb93fb0d
신발,고대마령의군화'흑8성,e98fccecd9068b0fd8505cae509d608befe8d04e6d233bd35cf2fabdeb93fb0d
목/어깨장식,고대마령의목걸이8성,e98fccecd9068b0fd8505cae509d608befe8d04e6d233bd35cf2fabdeb93fb0d
캐시 무기,한가위애착토끼(흑),e98fccecd9068b0fd8505cae509d608befe8d04e6d233bd35cf2fabdeb93fb0d
캐시 방패/보조무기,,e98fccecd9068b0fd8505cae509d608befe8d04e6d233bd35cf2fabdeb93fb0d
캐시 얼굴장식,,e98fccecd9068b0fd8505cae509d608befe8d04e6d233bd35cf2fabdeb93fb0d
캐시 망토,벚꽃장식No02,e98fccecd9068b0fd8505cae509d608befe8d04e6d233bd35cf2fabdeb93fb0d
캐시 신발,토끼발자국No01,e98fccecd9068b0fd8505cae509d608befe8d04e6d233bd35cf2fabdeb93fb0d
캐시 목/어깨장식,레이스칼라No01,e98fccecd9068b0fd8505cae509d608befe8d04e6d233bd35cf2fabdeb93fb0d
세트옷,[괴수의상]아그니1성,e98fccecd9068b0fd8505cae509d608befe8d04e6d233bd35cf2fabdeb93fb0d
캐시 세트옷,[구]망또No02,e98fccecd9068b0fd8505cae509d608befe8d04e6d233bd35cf2fabdeb93fb0d
장신구,붉은토끼풀노리개3성,e98fccecd9068b0fd8505cae509d608befe8d04e6d233bd35cf2fabdeb93fb0d
캐시 장신구,,e98fccecd9068b0fd8505cae509d608befe8d04e6d233bd35cf2fabdeb93fb0d
무기,용천제십검,dc56152637609b744af81330e05f0d8cc47ea5ffea2564f587ca830a8f71acb2
갑옷,용천파천갑8성,dc56152637609b744af81330e05f0d8cc47ea5ffea2564f587ca830a8f71acb2
방패/보조무기,고대마령의단검8성,dc56152637609b744af81330e05f0d8cc47ea5ffea2564f587ca830a8f71acb2
투구,용아투구'천8성,dc56152637609b744af81330e05f0d8cc47ea5ffea2564f587ca830a8f71acb2
왼손,고대마령의장갑'흑10성,dc56152637609b744af81330e05f0d8cc47ea5ffea2564f587ca830a8f71acb2
오른손,패자황금팔찌,dc56152637609b744af81330e05f0d8cc47ea5ffea2564f587ca830a8f71acb2
보조1,마령의노리개'흑10성,dc56152637609b744af81330e05f0d8cc47ea5ffea2564f587ca830a8f71acb2
보조2,빛나는마사의귀목,dc56152637609b744af81330e05f0d8cc47ea5ffea2564f587ca830a8f71acb2
얼굴장식,고대마령의암막8성,dc56152637609b744af81330e05f0d8cc47ea5ffea2564f587ca830a8f71acb2
캐시 투구,풍운신령청산곡옥,dc56152637609b744af81330e05f0d8cc47ea5ffea2564f587ca830a8f71acb2
망토,패마황의망토,dc56152637609b744af81330e05f0d8cc47ea5ffea2564f587ca830a8f71acb2
캐시 겉옷,풍운신령의상(남),dc56152637609b744af81330e05f0d8cc47ea5ffea2564f587ca830a8f71acb2
신발,고대마령의군화'흑9성,dc56152637609b744af81330e05f0d8cc47ea5ffea2564f587ca830a8f71acb2
목/어깨장식,고대마령의목걸이8성,dc56152637609b744af81330e05f0d8cc47ea5ffea2564f587ca830a8f71acb2
캐시 무기,풍운신령백록신목,dc56152637609b744af81330e05f0d8cc47ea5ffea2564f587ca830a8f71acb2
캐시 방패/보조무기,,dc56152637609b744af81330e05f0d8cc47ea5ffea2564f587ca830a8f71acb2
캐시 얼굴장식,유니콘음악대반짝이,dc56152637609b744af81330e05f0d8cc47ea5ffea2564f587ca830a8f71acb2
캐시 망토,풍운신령성라운포,dc56152637609b744af81330e05f0d8cc47ea5ffea2564f587ca830a8f71acb2
캐시 신발,풍운신령백운만리,dc56152637609b744af81330e05f0d8cc47ea5ffea2564f587ca830a8f71acb2
캐시 목/어깨장식,히피목걸이No03,dc56152637609b744af81330e05f0d8cc47ea5ffea2564f587ca830a8f71acb2
세트옷,[괴수의상]아이라바타5성,dc56152637609b744af81330e05f0d8cc47ea5ffea2564f587ca830a8f71acb2
캐시 세트옷,바람미니미도적,dc56152637609b744af81330e05f0d8cc47ea5ffea2564f587ca830a8f71acb2
장신구,파란나비노리개4성,dc56152637609b744af81330e05f0d8cc47ea5ffea2564f587ca830a8f71acb2
캐시 장신구,풍운신령태평지익,dc56152637609b744af81330e05f0d8cc47ea5ffea2564f587ca830a8f71acb2
무기,용천제십검,50aa8185ce4e9004077e76ee0f2f947aefe8d04e6d233bd35cf2fabdeb93fb0d
갑옷,고대마령갑주10성,50aa8185ce4e9004077e76ee0f2f947aefe8d04e6d233bd35cf2fabdeb93fb0d
방패/보조무기,환웅의방패'9성,50aa8185ce4e9004077e76ee0f2f947aefe8d04e6d233bd35cf2fabdeb93fb0d
투구,고대마령투구10성,50aa8185ce4e9004077e76ee0f2f947aefe8d04e6d233bd35cf2fabdeb93fb0d
왼손,고대마령의장갑'월9성,50aa8185ce4e9004077e76ee0f2f947aefe8d04e6d233bd35cf2fabdeb93fb0d
오른손,고대마령의장갑'월10성,50aa8185ce4e9004077e76ee0f2f947aefe8d04e6d233bd35cf2fabdeb93fb0d
보조1,전설의금두꺼비,50aa8185ce4e9004077e76ee0f2f947aefe8d04e6d233bd35cf2fabdeb93fb0d
보조2,전설의금두꺼비,50aa8185ce4e9004077e76ee0f2f947aefe8d04e6d233bd35cf2fabdeb93fb0d
얼굴장식,고대마령의암막8성,50aa8185ce4e9004077e76ee0f2f947aefe8d04e6d233bd35cf2fabdeb93fb0d
캐시 투구,목멱선화진묵하회탈,50aa8185ce4e9004077e76ee0f2f947aefe8d04e6d233bd35cf2fabdeb93fb0d
망토,고대마령의칼날10성,50aa8185ce4e9004077e76ee0f2f947aefe8d04e6d233bd35cf2fabdeb93fb0d
캐시 겉옷,목멱선화흑문나포(남),50aa8185ce4e9004077e76ee0f2f947aefe8d04e6d233bd35cf2fabdeb93fb0d
신발,고대마령의군화'흑8성,50aa8185ce4e9004077e76ee0f2f947aefe8d04e6d233bd35cf2fabdeb93fb0d
목/어깨장식,고대마령의목걸이8성,50aa8185ce4e9004077e76ee0f2f947aefe8d04e6d233bd35cf2fabdeb93fb0d
캐시 무기,목멱선화흑령염주,50aa8185ce4e9004077e76ee0f2f947aefe8d04e6d233bd35cf2fabdeb93fb0d
캐시 방패/보조무기,,50aa8185ce4e9004077e76ee0f2f947aefe8d04e6d233bd35cf2fabdeb93fb0d
캐시 얼굴장식,백년기른수염(한정),50aa8185ce4e9004077e76ee0f2f947aefe8d04e6d233bd35cf2fabdeb93fb0d
캐시 망토,목멱선화묵첩족자,50aa8185ce4e9004077e76ee0f2f947aefe8d04e6d233bd35cf2fabdeb93fb0d
캐시 신발,목멱선화암향소영,50aa8185ce4e9004077e76ee0f2f947aefe8d04e6d233bd35cf2fabdeb93fb0d
캐시 목/어깨장식,,50aa8185ce4e9004077e76ee0f2f947aefe8d04e6d233bd35cf2fabdeb93fb0d
세트옷,[괴수의상]아그니1성,50aa8185ce4e9004077e76ee0f2f947aefe8d04e6d233bd35cf2fabdeb93fb0d
캐시 세트옷,[구]망또No05,50aa8185ce4e9004077e76ee0f2f947aefe8d04e6d233bd35cf2fabdeb93fb0d
장신구,붉은토끼풀노리개2성,50aa8185ce4e9004077e76ee0f2f947aefe8d04e6d233bd35cf2fabdeb93fb0d
캐시 장신구,목멱선화흑월비익,50aa8185ce4e9004077e76ee0f2f947aefe8d04e6d233bd35cf2fabdeb93fb0d
무기,고대마령의적혈도9성,8216912a829e5ba2f1d412cd2a92a5c2c47ea5ffea2564f587ca830a8f71acb2
갑옷,환웅의도복'9성,8216912a829e5ba2f1d412cd2a92a5c2c47ea5ffea2564f587ca830a8f71acb2
방패/보조무기,고대마령의단검8성,8216912a829e5ba2f1d412cd2a92a5c2c47ea5ffea2564f587ca830a8f71acb2
투구,환웅의두건'8성,8216912a829e5ba2f1d412cd2a92a5c2c47ea5ffea2564f587ca830a8f71acb2
왼손,금린반지7성,8216912a829e5ba2f1d412cd2a92a5c2c47ea5ffea2564f587ca830a8f71acb2
오른손,환웅의팔찌'9성,8216912a829e5ba2f1d412cd2a92a5c2c47ea5ffea2564f587ca830a8f71acb2
보조1,마사의귀목,8216912a829e5ba2f1d412cd2a92a5c2c47ea5ffea2564f587ca830a8f71acb2
보조2,빛나는마사의귀목,8216912a829e5ba2f1d412cd2a92a5c2c47ea5ffea2564f587ca830a8f71acb2
얼굴장식,고대마령의암막8성,8216912a829e5ba2f1d412cd2a92a5c2c47ea5ffea2564f587ca830a8f71acb2
캐시 투구,이매망량댕기,8216912a829e5ba2f1d412cd2a92a5c2c47ea5ffea2564f587ca830a8f71acb2
망토,패마황의망토,8216912a829e5ba2f1d412cd2a92a5c2c47ea5ffea2564f587ca830a8f71acb2
캐시 겉옷,이매망량의상(여),8216912a829e5ba2f1d412cd2a92a5c2c47ea5ffea2564f587ca830a8f71acb2
신발,고대마령의군화'흑8성,8216912a829e5ba2f1d412cd2a92a5c2c47ea5ffea2564f587ca830a8f71acb2
목/어깨장식,고대마령의목걸이8성,8216912a829e5ba2f1d412cd2a92a5c2c47ea5ffea2564f587ca830a8f71acb2
캐시 무기,천자봉황은월도,8216912a829e5ba2f1d412cd2a92a5c2c47ea5ffea2564f587ca830a8f71acb2
캐시 방패/보조무기,웨딩비둘기,8216912a829e5ba2f1d412cd2a92a5c2c47ea5ffea2564f587ca830a8f71acb2
캐시 얼굴장식,유니콘음악대반짝이,8216912a829e5ba2f1d412cd2a92a5c2c47ea5ffea2564f587ca830a8f71acb2
캐시 망토,난춘서생두루마기,8216912a829e5ba2f1d412cd2a92a5c2c47ea5ffea2564f587ca830a8f71acb2
캐시 신발,유성우,8216912a829e5ba2f1d412cd2a92a5c2c47ea5ffea2564f587ca830a8f71acb2
캐시 목/어깨장식,웨딩목걸이,8216912a829e5ba2f1d412cd2a92a5c2c47ea5ffea2564f587ca830a8f71acb2
세트옷,[괴수의상]바루나2성,8216912a829e5ba2f1d412cd2a92a5c2c47ea5ffea2564f587ca830a8f71acb2
캐시 세트옷,,8216912a829e5ba2f1d412cd2a92a5c2c47ea5ffea2564f587ca830a8f71acb2
장신구,붉은토끼풀노리개3성,8216912a829e5ba2f1d412cd2a92a5c2c47ea5ffea2564f587ca830a8f71acb2
캐시 장신구,천자봉황머리끈,8216912a829e5ba2f1d412cd2a92a5c2c47ea5ffea2564f587ca830a8f71acb2
무기,고대마령의적혈도9성,846a3f4677004db866d24d5447568a29efe8d04e6d233bd35cf2fabdeb93fb0d
갑옷,환웅의천의'9성,846a3f4677004db866d24d5447568a29efe8d04e6d233bd35cf2fabdeb93fb0d
방패/보조무기,고대마령의단검6성,846a3f4677004db866d24d5447568a29efe8d04e6d233bd35cf2fabdeb93fb0d
투구,고대마령투구10성,846a3f4677004db866d24d5447568a29efe8d04e6d233bd35cf2fabdeb93fb0d
왼손,검은불꽃일격반지8성,846a3f4677004db866d24d5447568a29efe8d04e6d233bd35cf2fabdeb93fb0d
오른손,[상급]봉래산반지,846a3f4677004db866d24d5447568a29efe8d04e6d233bd35cf2fabdeb93fb0d
보조1,마사의귀목,846a3f4677004db866d24d5447568a29efe8d04e6d233bd35cf2fabdeb93fb0d
보조2,마사의귀목,846a3f4677004db866d24d5447568a29efe8d04e6d233bd35cf2fabdeb93fb0d
얼굴장식,빛나는조사장의가면,846a3f4677004db866d24d5447568a29efe8d04e6d233bd35cf2fabdeb93fb0d
캐시 투구,고양이귀장식,846a3f4677004db866d24d5447568a29efe8d04e6d233bd35cf2fabdeb93fb0d
망토,용성장견'천8성,846a3f4677004db866d24d5447568a29efe8d04e6d233bd35cf2fabdeb93fb0d
캐시 겉옷,고구려귀족의복(남),846a3f4677004db866d24d5447568a29efe8d04e6d233bd35cf2fabdeb93fb0d
신발,사령웅의앞발,846a3f4677004db866d24d5447568a29efe8d04e6d233bd35cf2fabdeb93fb0d
목/어깨장식,단조의심단,846a3f4677004db866d24d5447568a29efe8d04e6d233bd35cf2fabdeb93fb0d
캐시 무기,행운의채굴곡괭이,846a3f4677004db866d24d5447568a29efe8d04e6d233bd35cf2fabdeb93fb0d
캐시 방패/보조무기,,846a3f4677004db866d24d5447568a29efe8d04e6d233bd35cf2fabdeb93fb0d
캐시 얼굴장식,,846a3f4677004db866d24d5447568a29efe8d04e6d233bd35cf2fabdeb93fb0d
캐시 망토,우아한눈꽃도포,846a3f4677004db866d24d5447568a29efe8d04e6d233bd35cf2fabdeb93fb0d
캐시 신발,토끼발자국No01,846a3f4677004db866d24d5447568a29efe8d04e6d233bd35cf2fabdeb93fb0d
캐시 목/어깨장식,대재앙하트목걸이,846a3f4677004db866d24d5447568a29efe8d04e6d233bd35cf2fabdeb93fb0d
세트옷,[괴수의상]아그니1성,846a3f4677004db866d24d5447568a29efe8d04e6d233bd35cf2fabdeb93fb0d
캐시 세트옷,,846a3f4677004db866d24d5447568a29efe8d04e6d233bd35cf2fabdeb93fb0d
장신구,붉은토끼풀노리개2성,846a3f4677004db866d24d5447568a29efe8d04e6d233bd35cf2fabdeb93fb0d
캐시 장신구,바린족얼굴무늬No01,846a3f4677004db866d24d5447568a29efe8d04e6d233bd35cf2fabdeb93fb0d
무기,고대마령의적혈도8성,3d3bd1b7d1e0a8f7e307ed50dce79a12
갑옷,태염무신장갑8성,3d3bd1b7d1e0a8f7e307ed50dce79a12
방패/보조무기,고대마령의단검6성,3d3bd1b7d1e0a8f7e307ed50dce79a12
투구,태염무신금잠7성,3d3bd1b7d1e0a8f7e307ed50dce79a12
왼손,쇄자황금팔찌,3d3bd1b7d1e0a8f7e307ed50dce79a12
오른손,검은불꽃일격반지5성,3d3bd1b7d1e0a8f7e307ed50dce79a12
보조1,마령의노리개'흑10성,3d3bd1b7d1e0a8f7e307ed50dce79a12
보조2,마사의귀목,3d3bd1b7d1e0a8f7e307ed50dce79a12
얼굴장식,시바의시선,3d3bd1b7d1e0a8f7e307ed50dce79a12
캐시 투구,할로윈은빛왕관,3d3bd1b7d1e0a8f7e307ed50dce79a12
망토,패마황의망토,3d3bd1b7d1e0a8f7e307ed50dce79a12
캐시 겉옷,시원한산신의천의,3d3bd1b7d1e0a8f7e307ed50dce79a12
신발,사령웅의앞발,3d3bd1b7d1e0a8f7e307ed50dce79a12
목/어깨장식,고대마령의목걸이8성,3d3bd1b7d1e0a8f7e307ed50dce79a12
캐시 무기,[탐험]쿠라칸의대궁,3d3bd1b7d1e0a8f7e307ed50dce79a12
캐시 방패/보조무기,,3d3bd1b7d1e0a8f7e307ed50dce79a12
캐시 얼굴장식,컬러썬그라스No01,3d3bd1b7d1e0a8f7e307ed50dce79a12
캐시 망토,GM눈꽃송이'일,3d3bd1b7d1e0a8f7e307ed50dce79a12
캐시 신발,한가위토깽의달,3d3bd1b7d1e0a8f7e307ed50dce79a12
캐시 목/어깨장식,아기턱받이No01,3d3bd1b7d1e0a8f7e307ed50dce79a12
세트옷,[괴수의상]가네샤2성,3d3bd1b7d1e0a8f7e307ed50dce79a12
캐시 세트옷,삐약삐약뼝아리,3d3bd1b7d1e0a8f7e307ed50dce79a12
장신구,붉은토끼풀노리개1성,3d3bd1b7d1e0a8f7e307ed50dce79a12
캐시 장신구,노랑우비,3d3bd1b7d1e0a8f7e307ed50dce79a12
캐시 무기,오래된채굴곡괭이,e1958038f34326bf02bcab521c8b59a686e68d4012202d0434d05f81868f68e3
무기,고대마령의적혈도9성,e1958038f34326bf02bcab521c8b59a686e68d4012202d0434d05f81868f68e3
갑옷,환웅의활복'8성,e1958038f34326bf02bcab521c8b59a686e68d4012202d0434d05f81868f68e3
방패/보조무기,고대마령의단검7성,e1958038f34326bf02bcab521c8b59a686e68d4012202d0434d05f81868f68e3
투구,태광천신금잠7성,e1958038f34326bf02bcab521c8b59a686e68d4012202d0434d05f81868f68e3
왼손,환웅의깍지'7성,e1958038f34326bf02bcab521c8b59a686e68d4012202d0434d05f81868f68e3
오른손,금린노리개6성,e1958038f34326bf02bcab521c8b59a686e68d4012202d0434d05f81868f68e3
보조1,마사의귀목,e1958038f34326bf02bcab521c8b59a686e68d4012202d0434d05f81868f68e3
보조2,마사의귀목,e1958038f34326bf02bcab521c8b59a686e68d4012202d0434d05f81868f68e3
얼굴장식,시바의시선,e1958038f34326bf02bcab521c8b59a686e68d4012202d0434d05f81868f68e3
캐시 투구,한가위토깽의귀(흑),e1958038f34326bf02bcab521c8b59a686e68d4012202d0434d05f81868f68e3
망토,패마황의망토,e1958038f34326bf02bcab521c8b59a686e68d4012202d0434d05f81868f68e3
캐시 겉옷,자체발광의상(남),e1958038f34326bf02bcab521c8b59a686e68d4012202d0434d05f81868f68e3
신발,사령웅의앞발,e1958038f34326bf02bcab521c8b59a686e68d4012202d0434d05f81868f68e3
목/어깨장식,고대마령의목걸이9성,e1958038f34326bf02bcab521c8b59a686e68d4012202d0434d05f81868f68e3
캐시 방패/보조무기,반짇고리도깨비빨간골무,e1958038f34326bf02bcab521c8b59a686e68d4012202d0434d05f81868f68e3
캐시 얼굴장식,,e1958038f34326bf02bcab521c8b59a686e68d4012202d0434d05f81868f68e3
캐시 망토,점성술사의별빛망토,e1958038f34326bf02bcab521c8b59a686e68d4012202d0434d05f81868f68e3
캐시 신발,한가위토깽의달,e1958038f34326bf02bcab521c8b59a686e68d4012202d0434d05f81868f68e3
캐시 목/어깨장식,웨딩부토니에,e1958038f34326bf02bcab521c8b59a686e68d4012202d0434d05f81868f68e3
세트옷,[괴수의상]가루다2성,e1958038f34326bf02bcab521c8b59a686e68d4012202d0434d05f81868f68e3
캐시 세트옷,,e1958038f34326bf02bcab521c8b59a686e68d4012202d0434d05f81868f68e3
장신구,붉은토끼풀노리개1성,e1958038f34326bf02bcab521c8b59a686e68d4012202d0434d05f81868f68e3
캐시 장신구,초코델리귀걸이,e1958038f34326bf02bcab521c8b59a686e68d4012202d0434d05f81868f68e3
무기,용랑제십봉,2bc62c887d0d5d4306cbc21dc08e9a93efe8d04e6d233bd35cf2fabdeb93fb0d
갑옷,용랑멸아의8성,2bc62c887d0d5d4306cbc21dc08e9a93efe8d04e6d233bd35cf2fabdeb93fb0d
방패/보조무기,,2bc62c887d0d5d4306cbc21dc08e9a93efe8d04e6d233bd35cf2fabdeb93fb0d
투구,용아천관'랑8성,2bc62c887d0d5d4306cbc21dc08e9a93efe8d04e6d233bd35cf2fabdeb93fb0d
왼손,용발톱흑광노리개9성,2bc62c887d0d5d4306cbc21dc08e9a93efe8d04e6d233bd35cf2fabdeb93fb0d
오른손,용발톱흑광노리개9성,2bc62c887d0d5d4306cbc21dc08e9a93efe8d04e6d233bd35cf2fabdeb93fb0d
보조1,마사의귀목,2bc62c887d0d5d4306cbc21dc08e9a93efe8d04e6d233bd35cf2fabdeb93fb0d
보조2,마령의노리개'월10성,2bc62c887d0d5d4306cbc21dc08e9a93efe8d04e6d233bd35cf2fabdeb93fb0d
얼굴장식,시바의시선,2bc62c887d0d5d4306cbc21dc08e9a93efe8d04e6d233bd35cf2fabdeb93fb0d
캐시 투구,초코델리소녀헤어,2bc62c887d0d5d4306cbc21dc08e9a93efe8d04e6d233bd35cf2fabdeb93fb0d
망토,용성신부'랑8성,2bc62c887d0d5d4306cbc21dc08e9a93efe8d04e6d233bd35cf2fabdeb93fb0d
캐시 겉옷,기모노(여),2bc62c887d0d5d4306cbc21dc08e9a93efe8d04e6d233bd35cf2fabdeb93fb0d
신발,사령웅의앞발,2bc62c887d0d5d4306cbc21dc08e9a93efe8d04e6d233bd35cf2fabdeb93fb0d
목/어깨장식,단조의심단,2bc62c887d0d5d4306cbc21dc08e9a93efe8d04e6d233bd35cf2fabdeb93fb0d
캐시 무기,흰구름우산,2bc62c887d0d5d4306cbc21dc08e9a93efe8d04e6d233bd35cf2fabdeb93fb0d
캐시 방패/보조무기,앤틱바람고대종,2bc62c887d0d5d4306cbc21dc08e9a93efe8d04e6d233bd35cf2fabdeb93fb0d
캐시 얼굴장식,,2bc62c887d0d5d4306cbc21dc08e9a93efe8d04e6d233bd35cf2fabdeb93fb0d
캐시 망토,분홍꽃잎,2bc62c887d0d5d4306cbc21dc08e9a93efe8d04e6d233bd35cf2fabdeb93fb0d
캐시 신발,겨울반딧불,2bc62c887d0d5d4306cbc21dc08e9a93efe8d04e6d233bd35cf2fabdeb93fb0d
캐시 목/어깨장식,,2bc62c887d0d5d4306cbc21dc08e9a93efe8d04e6d233bd35cf2fabdeb93fb0d
세트옷,[괴수의상]아그니1성,2bc62c887d0d5d4306cbc21dc08e9a93efe8d04e6d233bd35cf2fabdeb93fb0d
캐시 세트옷,강력한'한량,2bc62c887d0d5d4306cbc21dc08e9a93efe8d04e6d233bd35cf2fabdeb93fb0d
장신구,붉은토끼풀노리개2성,2bc62c887d0d5d4306cbc21dc08e9a93efe8d04e6d233bd35cf2fabdeb93fb0d
캐시 장신구,웨딩화관,2bc62c887d0d5d4306cbc21dc08e9a93efe8d04e6d233bd35cf2fabdeb93fb0d
무기,불멸용랑봉'2강,62b486cd347b3144f2298332f5962fe7fd842dab14be2a956555625b37c97bff
갑옷,패자황금갑주,62b486cd347b3144f2298332f5962fe7fd842dab14be2a956555625b37c97bff
방패/보조무기,,62b486cd347b3144f2298332f5962fe7fd842dab14be2a956555625b37c97bff
투구,용아천관'랑8성,62b486cd347b3144f2298332f5962fe7fd842dab14be2a956555625b37c97bff
왼손,패자황금반지,62b486cd347b3144f2298332f5962fe7fd842dab14be2a956555625b37c97bff
오른손,패자황금반지,62b486cd347b3144f2298332f5962fe7fd842dab14be2a956555625b37c97bff
보조1,마령의노리개'흑10성,62b486cd347b3144f2298332f5962fe7fd842dab14be2a956555625b37c97bff
보조2,빛나는마사의귀목,62b486cd347b3144f2298332f5962fe7fd842dab14be2a956555625b37c97bff
얼굴장식,고대마령의암막8성,62b486cd347b3144f2298332f5962fe7fd842dab14be2a956555625b37c97bff
캐시 투구,잔혹천사가면,62b486cd347b3144f2298332f5962fe7fd842dab14be2a956555625b37c97bff
망토,금린추월10성,62b486cd347b3144f2298332f5962fe7fd842dab14be2a956555625b37c97bff
캐시 겉옷,잔혹천사의상(남),62b486cd347b3144f2298332f5962fe7fd842dab14be2a956555625b37c97bff
신발,고대마령의군화'흑8성,62b486cd347b3144f2298332f5962fe7fd842dab14be2a956555625b37c97bff
목/어깨장식,고대마령의목걸이8성,62b486cd347b3144f2298332f5962fe7fd842dab14be2a956555625b37c97bff
캐시 무기,잔혹천사장미활,62b486cd347b3144f2298332f5962fe7fd842dab14be2a956555625b37c97bff
캐시 방패/보조무기,,62b486cd347b3144f2298332f5962fe7fd842dab14be2a956555625b37c97bff
캐시 얼굴장식,,62b486cd347b3144f2298332f5962fe7fd842dab14be2a956555625b37c97bff
캐시 망토,잔혹천사뼈날개,62b486cd347b3144f2298332f5962fe7fd842dab14be2a956555625b37c97bff
캐시 신발,잔혹천사스컬하트,62b486cd347b3144f2298332f5962fe7fd842dab14be2a956555625b37c97bff
캐시 목/어깨장식,,62b486cd347b3144f2298332f5962fe7fd842dab14be2a956555625b37c97bff
세트옷,[괴수의상]아이라바타5성,62b486cd347b3144f2298332f5962fe7fd842dab14be2a956555625b37c97bff
캐시 세트옷,[구]망또No02,62b486cd347b3144f2298332f5962fe7fd842dab14be2a956555625b37c97bff
장신구,붉은토끼풀노리개1성,62b486cd347b3144f2298332f5962fe7fd842dab14be2a956555625b37c97bff
캐시 장신구,잔혹천사하트안대,62b486cd347b3144f2298332f5962fe7fd842dab14be2a956555625b37c97bff
무기,용랑제십봉,5fbeea0561bfcdcb83b967748ac7965aefe8d04e6d233bd35cf2fabdeb93fb0d
갑옷,용랑파천의8성,5fbeea0561bfcdcb83b967748ac7965aefe8d04e6d233bd35cf2fabdeb93fb0d
방패/보조무기,,5fbeea0561bfcdcb83b967748ac7965aefe8d04e6d233bd35cf2fabdeb93fb0d
투구,용아천관'랑8성,5fbeea0561bfcdcb83b967748ac7965aefe8d04e6d233bd35cf2fabdeb93fb0d
왼손,용발톱흑광노리개9성,5fbeea0561bfcdcb83b967748ac7965aefe8d04e6d233bd35cf2fabdeb93fb0d
오른손,용발톱흑광노리개9성,5fbeea0561bfcdcb83b967748ac7965aefe8d04e6d233bd35cf2fabdeb93fb0d
보조1,마사의귀목,5fbeea0561bfcdcb83b967748ac7965aefe8d04e6d233bd35cf2fabdeb93fb0d
보조2,마사의귀목,5fbeea0561bfcdcb83b967748ac7965aefe8d04e6d233bd35cf2fabdeb93fb0d
얼굴장식,빛나는조사장의가면,5fbeea0561bfcdcb83b967748ac7965aefe8d04e6d233bd35cf2fabdeb93fb0d
캐시 투구,인형술사다이아모자,5fbeea0561bfcdcb83b967748ac7965aefe8d04e6d233bd35cf2fabdeb93fb0d
망토,용성신부'랑8성,5fbeea0561bfcdcb83b967748ac7965aefe8d04e6d233bd35cf2fabdeb93fb0d
캐시 겉옷,인형술사의상(남),5fbeea0561bfcdcb83b967748ac7965aefe8d04e6d233bd35cf2fabdeb93fb0d
신발,사령웅의앞발,5fbeea0561bfcdcb83b967748ac7965aefe8d04e6d233bd35cf2fabdeb93fb0d
목/어깨장식,단조의심단,5fbeea0561bfcdcb83b967748ac7965aefe8d04e6d233bd35cf2fabdeb93fb0d
캐시 무기,인형술사요술가위,5fbeea0561bfcdcb83b967748ac7965aefe8d04e6d233bd35cf2fabdeb93fb0d
캐시 방패/보조무기,인형술사토끼인형,5fbeea0561bfcdcb83b967748ac7965aefe8d04e6d233bd35cf2fabdeb93fb0d
캐시 얼굴장식,연지곤지,5fbeea0561bfcdcb83b967748ac7965aefe8d04e6d233bd35cf2fabdeb93fb0d
캐시 망토,인형술사포근꼬리,5fbeea0561bfcdcb83b967748ac7965aefe8d04e6d233bd35cf2fabdeb93fb0d
캐시 신발,인형술사요술토끼,5fbeea0561bfcdcb83b967748ac7965aefe8d04e6d233bd35cf2fabdeb93fb0d
캐시 목/어깨장식,,5fbeea0561bfcdcb83b967748ac7965aefe8d04e6d233bd35cf2fabdeb93fb0d
세트옷,전우치분신,5fbeea0561bfcdcb83b967748ac7965aefe8d04e6d233bd35cf2fabdeb93fb0d
캐시 세트옷,바람미니미주술사,5fbeea0561bfcdcb83b967748ac7965aefe8d04e6d233bd35cf2fabdeb93fb0d
장신구,붉은토끼풀노리개1성,5fbeea0561bfcdcb83b967748ac7965aefe8d04e6d233bd35cf2fabdeb93fb0d
캐시 장신구,새내기핑크볼터치,5fbeea0561bfcdcb83b967748ac7965aefe8d04e6d233bd35cf2fabdeb93fb0d
무기,,7a530f90bc3a48e7be9db3a5a3e2b87e2da93d5c29221676a4f60204ae56aeef
갑옷,,7a530f90bc3a48e7be9db3a5a3e2b87e2da93d5c29221676a4f60204ae56aeef
방패/보조무기,,7a530f90bc3a48e7be9db3a5a3e2b87e2da93d5c29221676a4f60204ae56aeef
투구,,7a530f90bc3a48e7be9db3a5a3e2b87e2da93d5c29221676a4f60204ae56aeef
왼손,,7a530f90bc3a48e7be9db3a5a3e2b87e2da93d5c29221676a4f60204ae56aeef
오른손,,7a530f90bc3a48e7be9db3a5a3e2b87e2da93d5c29221676a4f60204ae56aeef
보조1,,7a530f90bc3a48e7be9db3a5a3e2b87e2da93d5c29221676a4f60204ae56aeef
보조2,,7a530f90bc3a48e7be9db3a5a3e2b87e2da93d5c29221676a4f60204ae56aeef
얼굴장식,시바의시선,7a530f90bc3a48e7be9db3a5a3e2b87e2da93d5c29221676a4f60204ae56aeef
캐시 투구,,7a530f90bc3a48e7be9db3a5a3e2b87e2da93d5c29221676a4f60204ae56aeef
망토,천마성의망토,7a530f90bc3a48e7be9db3a5a3e2b87e2da93d5c29221676a4f60204ae56aeef
캐시 겉옷,,7a530f90bc3a48e7be9db3a5a3e2b87e2da93d5c29221676a4f60204ae56aeef
신발,고대마령의군화'흑7성,7a530f90bc3a48e7be9db3a5a3e2b87e2da93d5c29221676a4f60204ae56aeef
목/어깨장식,,7a530f90bc3a48e7be9db3a5a3e2b87e2da93d5c29221676a4f60204ae56aeef
캐시 무기,,7a530f90bc3a48e7be9db3a5a3e2b87e2da93d5c29221676a4f60204ae56aeef
캐시 방패/보조무기,,7a530f90bc3a48e7be9db3a5a3e2b87e2da93d5c29221676a4f60204ae56aeef
캐시 얼굴장식,,7a530f90bc3a48e7be9db3a5a3e2b87e2da93d5c29221676a4f60204ae56aeef
캐시 망토,,7a530f90bc3a48e7be9db3a5a3e2b87e2da93d5c29221676a4f60204ae56aeef
캐시 신발,,7a530f90bc3a48e7be9db3a5a3e2b87e2da93d5c29221676a4f60204ae56aeef
캐시 목/어깨장식,,7a530f90bc3a48e7be9db3a5a3e2b87e2da93d5c29221676a4f60204ae56aeef
세트옷,[괴수의상]아그니5성,7a530f90bc3a48e7be9db3a5a3e2b87e2da93d5c29221676a4f60204ae56aeef
캐시 세트옷,,7a530f90bc3a48e7be9db3a5a3e2b87e2da93d5c29221676a4f60204ae56aeef
장신구,붉은토끼풀노리개1성,7a530f90bc3a48e7be9db3a5a3e2b87e2da93d5c29221676a4f60204ae56aeef
캐시 장신구,,7a530f90bc3a48e7be9db3a5a3e2b87e2da93d5c29221676a4f60204ae56aeef
무기,용랑제십봉,61a17fb11453a0f2d27fc8ee91bdc0ca05ba2700bb342426ae6b1920c32d3e85
갑옷,패자황금갑주,61a17fb11453a0f2d27fc8ee91bdc0ca05ba2700bb342426ae6b1920c32d3e85
방패/보조무기,,61a17fb11453a0f2d27fc8ee91bdc0ca05ba2700bb342426ae6b1920c32d3e85
투구,고대마령모자10성,61a17fb11453a0f2d27fc8ee91bdc0ca05ba2700bb342426ae6b1920c32d3e85
왼손,패자황금반지,61a17fb11453a0f2d27fc8ee91bdc0ca05ba2700bb342426ae6b1920c32d3e85
오른손,패자황금반지,61a17fb11453a0f2d27fc8ee91bdc0ca05ba2700bb342426ae6b1920c32d3e85
보조1,마사의귀목,61a17fb11453a0f2d27fc8ee91bdc0ca05ba2700bb342426ae6b1920c32d3e85
보조2,마사의귀목,61a17fb11453a0f2d27fc8ee91bdc0ca05ba2700bb342426ae6b1920c32d3e85
얼굴장식,조사장의가면,61a17fb11453a0f2d27fc8ee91bdc0ca05ba2700bb342426ae6b1920c32d3e85
캐시 투구,천상의심포니모자,61a17fb11453a0f2d27fc8ee91bdc0ca05ba2700bb342426ae6b1920c32d3e85
망토,용성신부'랑8성,61a17fb11453a0f2d27fc8ee91bdc0ca05ba2700bb342426ae6b1920c32d3e85
캐시 겉옷,천상의심포니의상(남),61a17fb11453a0f2d27fc8ee91bdc0ca05ba2700bb342426ae6b1920c32d3e85
신발,고대마령의군화'흑8성,61a17fb11453a0f2d27fc8ee91bdc0ca05ba2700bb342426ae6b1920c32d3e85
목/어깨장식,단조의심단,61a17fb11453a0f2d27fc8ee91bdc0ca05ba2700bb342426ae6b1920c32d3e85
캐시 무기,천상의심포니지휘봉,61a17fb11453a0f2d27fc8ee91bdc0ca05ba2700bb342426ae6b1920c32d3e85
캐시 방패/보조무기,애니멀펑크토끼친구,61a17fb11453a0f2d27fc8ee91bdc0ca05ba2700bb342426ae6b1920c32d3e85
캐시 얼굴장식,유니콘음악대반짝이,61a17fb11453a0f2d27fc8ee91bdc0ca05ba2700bb342426ae6b1920c32d3e85
캐시 망토,천상의심포니관현악쥐,61a17fb11453a0f2d27fc8ee91bdc0ca05ba2700bb342426ae6b1920c32d3e85
캐시 신발,천상의심포니선율,61a17fb11453a0f2d27fc8ee91bdc0ca05ba2700bb342426ae6b1920c32d3e85
캐시 목/어깨장식,,61a17fb11453a0f2d27fc8ee91bdc0ca05ba2700bb342426ae6b1920c32d3e85
세트옷,[괴수의상]아그니1성,61a17fb11453a0f2d27fc8ee91bdc0ca05ba2700bb342426ae6b1920c32d3e85
캐시 세트옷,오싹처녀귀신,61a17fb11453a0f2d27fc8ee91bdc0ca05ba2700bb342426ae6b1920c32d3e85
장신구,붉은토끼풀노리개2성,61a17fb11453a0f2d27fc8ee91bdc0ca05ba2700bb342426ae6b1920c32d3e85
캐시 장신구,천상의심포니타악쥐,61a17fb11453a0f2d27fc8ee91bdc0ca05ba2700bb342426ae6b1920c32d3e85
무기,불멸용랑봉'3강,91634323686dd9109f49eb7209b4191d1ef93588062ec11a1c7cd54f458134fa
갑옷,패자황금갑주,91634323686dd9109f49eb7209b4191d1ef93588062ec11a1c7cd54f458134fa
방패/보조무기,,91634323686dd9109f49eb7209b4191d1ef93588062ec11a1c7cd54f458134fa
투구,패자황금투구,91634323686dd9109f49eb7209b4191d1ef93588062ec11a1c7cd54f458134fa
왼손,패자황금반지,91634323686dd9109f49eb7209b4191d1ef93588062ec11a1c7cd54f458134fa
오른손,패자황금반지,91634323686dd9109f49eb7209b4191d1ef93588062ec11a1c7cd54f458134fa
보조1,마령의노리개'흑10성,91634323686dd9109f49eb7209b4191d1ef93588062ec11a1c7cd54f458134fa
보조2,빛나는마사의귀목,91634323686dd9109f49eb7209b4191d1ef93588062ec11a1c7cd54f458134fa
얼굴장식,고대마령의암막8성,91634323686dd9109f49eb7209b4191d1ef93588062ec11a1c7cd54f458134fa
캐시 투구,,91634323686dd9109f49eb7209b4191d1ef93588062ec11a1c7cd54f458134fa
망토,천마성의망토,91634323686dd9109f49eb7209b4191d1ef93588062ec11a1c7cd54f458134fa
캐시 겉옷,,91634323686dd9109f49eb7209b4191d1ef93588062ec11a1c7cd54f458134fa
신발,고대마령의군화'흑8성,91634323686dd9109f49eb7209b4191d1ef93588062ec11a1c7cd54f458134fa
목/어깨장식,고대마령의목걸이8성,91634323686dd9109f49eb7209b4191d1ef93588062ec11a1c7cd54f458134fa
캐시 무기,,91634323686dd9109f49eb7209b4191d1ef93588062ec11a1c7cd54f458134fa
캐시 방패/보조무기,,91634323686dd9109f49eb7209b4191d1ef93588062ec11a1c7cd54f458134fa
캐시 얼굴장식,,91634323686dd9109f49eb7209b4191d1ef93588062ec11a1c7cd54f458134fa
캐시 망토,,91634323686dd9109f49eb7209b4191d1ef93588062ec11a1c7cd54f458134fa
캐시 신발,,91634323686dd9109f49eb7209b4191d1ef93588062ec11a1c7cd54f458134fa
캐시 목/어깨장식,,91634323686dd9109f49eb7209b4191d1ef93588062ec11a1c7cd54f458134fa
세트옷,[괴수의상]아그니1성,91634323686dd9109f49eb7209b4191d1ef93588062ec11a1c7cd54f458134fa
캐시 세트옷,[구]망또No01,91634323686dd9109f49eb7209b4191d1ef93588062ec11a1c7cd54f458134fa
장신구,자수원앙노리개1성,91634323686dd9109f49eb7209b4191d1ef93588062ec11a1c7cd54f458134fa
캐시 장신구,,91634323686dd9109f49eb7209b4191d1ef93588062ec11a1c7cd54f458134fa
무기,용랑제십봉,f936e53832955f750ed3ed95ffe446fcefe8d04e6d233bd35cf2fabdeb93fb0d
갑옷,환웅의치마'9성,f936e53832955f750ed3ed95ffe446fcefe8d04e6d233bd35cf2fabdeb93fb0d
방패/보조무기,,f936e53832955f750ed3ed95ffe446fcefe8d04e6d233bd35cf2fabdeb93fb0d
투구,용아천관'랑8성,f936e53832955f750ed3ed95ffe446fcefe8d04e6d233bd35cf2fabdeb93fb0d
왼손,환웅의반지'9성,f936e53832955f750ed3ed95ffe446fcefe8d04e6d233bd35cf2fabdeb93fb0d
오른손,환웅의반지'9성,f936e53832955f750ed3ed95ffe446fcefe8d04e6d233bd35cf2fabdeb93fb0d
보조1,빛나는마사의귀목,f936e53832955f750ed3ed95ffe446fcefe8d04e6d233bd35cf2fabdeb93fb0d
보조2,마령의노리개'월10성,f936e53832955f750ed3ed95ffe446fcefe8d04e6d233bd35cf2fabdeb93fb0d
얼굴장식,찬란한시바의시선,f936e53832955f750ed3ed95ffe446fcefe8d04e6d233bd35cf2fabdeb93fb0d
캐시 투구,잔혹천사리본,f936e53832955f750ed3ed95ffe446fcefe8d04e6d233bd35cf2fabdeb93fb0d
망토,용성신부'랑8성,f936e53832955f750ed3ed95ffe446fcefe8d04e6d233bd35cf2fabdeb93fb0d
캐시 겉옷,잔혹천사의상(여),f936e53832955f750ed3ed95ffe446fcefe8d04e6d233bd35cf2fabdeb93fb0d
신발,고대마령의군화'월9성,f936e53832955f750ed3ed95ffe446fcefe8d04e6d233bd35cf2fabdeb93fb0d
목/어깨장식,고대마령의목걸이9성,f936e53832955f750ed3ed95ffe446fcefe8d04e6d233bd35cf2fabdeb93fb0d
캐시 무기,잔혹천사장미활,f936e53832955f750ed3ed95ffe446fcefe8d04e6d233bd35cf2fabdeb93fb0d
캐시 방패/보조무기,,f936e53832955f750ed3ed95ffe446fcefe8d04e6d233bd35cf2fabdeb93fb0d
캐시 얼굴장식,,f936e53832955f750ed3ed95ffe446fcefe8d04e6d233bd35cf2fabdeb93fb0d
캐시 망토,잔혹천사뼈날개,f936e53832955f750ed3ed95ffe446fcefe8d04e6d233bd35cf2fabdeb93fb0d
캐시 신발,잔혹천사스컬하트,f936e53832955f750ed3ed95ffe446fcefe8d04e6d233bd35cf2fabdeb93fb0d
캐시 목/어깨장식,,f936e53832955f750ed3ed95ffe446fcefe8d04e6d233bd35cf2fabdeb93fb0d
세트옷,[괴수의상]아이라바타4성,f936e53832955f750ed3ed95ffe446fcefe8d04e6d233bd35cf2fabdeb93fb0d
캐시 세트옷,,f936e53832955f750ed3ed95ffe446fcefe8d04e6d233bd35cf2fabdeb93fb0d
장신구,자수원앙노리개4성,f936e53832955f750ed3ed95ffe446fcefe8d04e6d233bd35cf2fabdeb93fb0d
캐시 장신구,잔혹천사하트안대,f936e53832955f750ed3ed95ffe446fcefe8d04e6d233bd35cf2fabdeb93fb0d
무기,용랑제십봉,ecd65071231fa5ee7717f445fef7c5edefe8d04e6d233bd35cf2fabdeb93fb0d
갑옷,용랑파천의8성,ecd65071231fa5ee7717f445fef7c5edefe8d04e6d233bd35cf2fabdeb93fb0d
방패/보조무기,,ecd65071231fa5ee7717f445fef7c5edefe8d04e6d233bd35cf2fabdeb93fb0d
투구,용아천관'랑8성,ecd65071231fa5ee7717f445fef7c5edefe8d04e6d233bd35cf2fabdeb93fb0d
왼손,바람청옥반지,ecd65071231fa5ee7717f445fef7c5edefe8d04e6d233bd35cf2fabdeb93fb0d
오른손,용발톱흑광노리개8성,ecd65071231fa5ee7717f445fef7c5edefe8d04e6d233bd35cf2fabdeb93fb0d
보조1,낡은마사의귀목,ecd65071231fa5ee7717f445fef7c5edefe8d04e6d233bd35cf2fabdeb93fb0d
보조2,마사의귀목,ecd65071231fa5ee7717f445fef7c5edefe8d04e6d233bd35cf2fabdeb93fb0d
얼굴장식,낡은조사장의가면,ecd65071231fa5ee7717f445fef7c5edefe8d04e6d233bd35cf2fabdeb93fb0d
캐시 투구,은하수요술사모자,ecd65071231fa5ee7717f445fef7c5edefe8d04e6d233bd35cf2fabdeb93fb0d
망토,천마성의망토,ecd65071231fa5ee7717f445fef7c5edefe8d04e6d233bd35cf2fabdeb93fb0d
캐시 겉옷,은하수요술사의상(여),ecd65071231fa5ee7717f445fef7c5edefe8d04e6d233bd35cf2fabdeb93fb0d
신발,사령웅의앞발,ecd65071231fa5ee7717f445fef7c5edefe8d04e6d233bd35cf2fabdeb93fb0d
목/어깨장식,고대마령의목걸이8성,ecd65071231fa5ee7717f445fef7c5edefe8d04e6d233bd35cf2fabdeb93fb0d
캐시 무기,은하수요술봉,ecd65071231fa5ee7717f445fef7c5edefe8d04e6d233bd35cf2fabdeb93fb0d
캐시 방패/보조무기,,ecd65071231fa5ee7717f445fef7c5edefe8d04e6d233bd35cf2fabdeb93fb0d
캐시 얼굴장식,[30주년]넥슨히어로하트,ecd65071231fa5ee7717f445fef7c5edefe8d04e6d233bd35cf2fabdeb93fb0d
캐시 망토,복슬복슬토끼베베,ecd65071231fa5ee7717f445fef7c5edefe8d04e6d233bd35cf2fabdeb93fb0d
캐시 신발,은하수별자국,ecd65071231fa5ee7717f445fef7c5edefe8d04e6d233bd35cf2fabdeb93fb0d
캐시 목/어깨장식,러블리남친흰색카라,ecd65071231fa5ee7717f445fef7c5edefe8d04e6d233bd35cf2fabdeb93fb0d
세트옷,[괴수의상]아그니1성,ecd65071231fa5ee7717f445fef7c5edefe8d04e6d233bd35cf2fabdeb93fb0d
캐시 세트옷,,ecd65071231fa5ee7717f445fef7c5edefe8d04e6d233bd35cf2fabdeb93fb0d
장신구,자수원앙노리개1성,ecd65071231fa5ee7717f445fef7c5edefe8d04e6d233bd35cf2fabdeb93fb0d
캐시 장신구,럭키별장식,ecd65071231fa5ee7717f445fef7c5edefe8d04e6d233bd35cf2fabdeb93fb0d
무기,황염곤봉9성,b63eaafcdf89b266ca9771035b727af3d87665458318d481cf47ec2512ed4917
갑옷,용랑파천의8성,b63eaafcdf89b266ca9771035b727af3d87665458318d481cf47ec2512ed4917
방패/보조무기,,b63eaafcdf89b266ca9771035b727af3d87665458318d481cf47ec2512ed4917
투구,용아천관'랑8성,b63eaafcdf89b266ca9771035b727af3d87665458318d481cf47ec2512ed4917
왼손,태광노리개8성,b63eaafcdf89b266ca9771035b727af3d87665458318d481cf47ec2512ed4917
오른손,태광노리개8성,b63eaafcdf89b266ca9771035b727af3d87665458318d481cf47ec2512ed4917
보조1,마사의귀목,b63eaafcdf89b266ca9771035b727af3d87665458318d481cf47ec2512ed4917
보조2,마사의귀목,b63eaafcdf89b266ca9771035b727af3d87665458318d481cf47ec2512ed4917
얼굴장식,조사장의가면,b63eaafcdf89b266ca9771035b727af3d87665458318d481cf47ec2512ed4917
캐시 투구,겨울한교복도령모,b63eaafcdf89b266ca9771035b727af3d87665458318d481cf47ec2512ed4917
망토,용성신부'랑8성,b63eaafcdf89b266ca9771035b727af3d87665458318d481cf47ec2512ed4917
캐시 겉옷,겨울한교복(남),b63eaafcdf89b266ca9771035b727af3d87665458318d481cf47ec2512ed4917
신발,사령웅의앞발,b63eaafcdf89b266ca9771035b727af3d87665458318d481cf47ec2512ed4917
목/어깨장식,낡은단조의심단,b63eaafcdf89b266ca9771035b727af3d87665458318d481cf47ec2512ed4917
캐시 무기,행운의채굴곡괭이,b63eaafcdf89b266ca9771035b727af3d87665458318d481cf47ec2512ed4917
캐시 방패/보조무기,뽀짝피그복주머니,b63eaafcdf89b266ca9771035b727af3d87665458318d481cf47ec2512ed4917
캐시 얼굴장식,,b63eaafcdf89b266ca9771035b727af3d87665458318d481cf47ec2512ed4917
캐시 망토,겨울한교복털망토,b63eaafcdf89b266ca9771035b727af3d87665458318d481cf47ec2512ed4917
캐시 신발,겨울반딧불,b63eaafcdf89b266ca9771035b727af3d87665458318d481cf47ec2512ed4917
캐시 목/어깨장식,초코델리힙색No02,b63eaafcdf89b266ca9771035b727af3d87665458318d481cf47ec2512ed4917
세트옷,[괴수의상]아이라바타1성,b63eaafcdf89b266ca9771035b727af3d87665458318d481cf47ec2512ed4917
캐시 세트옷,고대호랑신수의상,b63eaafcdf89b266ca9771035b727af3d87665458318d481cf47ec2512ed4917
장신구,자수원앙노리개1성,b63eaafcdf89b266ca9771035b727af3d87665458318d481cf47ec2512ed4917
캐시 장신구,냥이방울No01,b63eaafcdf89b266ca9771035b727af3d87665458318d481cf47ec2512ed4917
무기,용랑제십봉,cba36a7e502b65c06e7eecb5269aef46
갑옷,환웅의장삼'9성,cba36a7e502b65c06e7eecb5269aef46
방패/보조무기,,cba36a7e502b65c06e7eecb5269aef46
투구,고대마령투구10성,cba36a7e502b65c06e7eecb5269aef46
왼손,태광노리개8성,cba36a7e502b65c06e7eecb5269aef46
오른손,[상급]봉래산반지,cba36a7e502b65c06e7eecb5269aef46
보조1,마사의귀목,cba36a7e502b65c06e7eecb5269aef46
보조2,마령의노리개'흑10성,cba36a7e502b65c06e7eecb5269aef46
얼굴장식,고대마령의암막8성,cba36a7e502b65c06e7eecb5269aef46
캐시 투구,환계나무꾼두각,cba36a7e502b65c06e7eecb5269aef46
망토,천마성의망토,cba36a7e502b65c06e7eecb5269aef46
캐시 겉옷,뽀짝피그남자의상No02,cba36a7e502b65c06e7eecb5269aef46
신발,고대마령의군화'흑8성,cba36a7e502b65c06e7eecb5269aef46
목/어깨장식,고대마령의목걸이8성,cba36a7e502b65c06e7eecb5269aef46
캐시 무기,행운의채굴곡괭이,cba36a7e502b65c06e7eecb5269aef46
캐시 방패/보조무기,별헤는크로스백,cba36a7e502b65c06e7eecb5269aef46
캐시 얼굴장식,,cba36a7e502b65c06e7eecb5269aef46
캐시 망토,바닐라봉봉장식No02,cba36a7e502b65c06e7eecb5269aef46
캐시 신발,토끼발자국No01,cba36a7e502b65c06e7eecb5269aef46
캐시 목/어깨장식,,cba36a7e502b65c06e7eecb5269aef46
세트옷,[괴수의상]아이라바타1성,cba36a7e502b65c06e7eecb5269aef46
캐시 세트옷,[구]웨딩드레스No06,cba36a7e502b65c06e7eecb5269aef46
장신구,붉은토끼풀노리개2성,cba36a7e502b65c06e7eecb5269aef46
캐시 장신구,금빛화랑귀걸이,cba36a7e502b65c06e7eecb5269aef46
무기,진혼제,38aa751daab7644ff20124a8308c0a94efe8d04e6d233bd35cf2fabdeb93fb0d
갑옷,태염무신장갑8성,38aa751daab7644ff20124a8308c0a94efe8d04e6d233bd35cf2fabdeb93fb0d
방패/보조무기,고대마령의단검8성,38aa751daab7644ff20124a8308c0a94efe8d04e6d233bd35cf2fabdeb93fb0d
투구,태광천신금잠7성,38aa751daab7644ff20124a8308c0a94efe8d04e6d233bd35cf2fabdeb93fb0d
왼손,[상급]봉래산반지,38aa751daab7644ff20124a8308c0a94efe8d04e6d233bd35cf2fabdeb93fb0d
오른손,[상급]봉래산반지,38aa751daab7644ff20124a8308c0a94efe8d04e6d233bd35cf2fabdeb93fb0d
보조1,마령의노리개'흑10성,38aa751daab7644ff20124a8308c0a94efe8d04e6d233bd35cf2fabdeb93fb0d
보조2,마사의귀목,38aa751daab7644ff20124a8308c0a94efe8d04e6d233bd35cf2fabdeb93fb0d
얼굴장식,조사장의가면,38aa751daab7644ff20124a8308c0a94efe8d04e6d233bd35cf2fabdeb93fb0d
캐시 투구,달빛마중머리띠,38aa751daab7644ff20124a8308c0a94efe8d04e6d233bd35cf2fabdeb93fb0d
망토,무신귀갑주7성,38aa751daab7644ff20124a8308c0a94efe8d04e6d233bd35cf2fabdeb93fb0d
캐시 겉옷,달빛마중수묵도포,38aa751daab7644ff20124a8308c0a94efe8d04e6d233bd35cf2fabdeb93fb0d
신발,사령웅의앞발,38aa751daab7644ff20124a8308c0a94efe8d04e6d233bd35cf2fabdeb93fb0d
목/어깨장식,고대마령의목걸이6성,38aa751daab7644ff20124a8308c0a94efe8d04e6d233bd35cf2fabdeb93fb0d
캐시 무기,달빛마중청사초롱,38aa751daab7644ff20124a8308c0a94efe8d04e6d233bd35cf2fabdeb93fb0d
캐시 방패/보조무기,,38aa751daab7644ff20124a8308c0a94efe8d04e6d233bd35cf2fabdeb93fb0d
캐시 얼굴장식,왕초보대두(남),38aa751daab7644ff20124a8308c0a94efe8d04e6d233bd35cf2fabdeb93fb0d
캐시 망토,달빛마중토끼가방,38aa751daab7644ff20124a8308c0a94efe8d04e6d233bd35cf2fabdeb93fb0d
캐시 신발,달빛마중산군,38aa751daab7644ff20124a8308c0a94efe8d04e6d233bd35cf2fabdeb93fb0d
캐시 목/어깨장식,,38aa751daab7644ff20124a8308c0a94efe8d04e6d233bd35cf2fabdeb93fb0d
세트옷,[괴수의상]아그니1성,38aa751daab7644ff20124a8308c0a94efe8d04e6d233bd35cf2fabdeb93fb0d
캐시 세트옷,강력한'한량,38aa751daab7644ff20124a8308c0a94efe8d04e6d233bd35cf2fabdeb93fb0d
장신구,붉은토끼풀노리개1성,38aa751daab7644ff20124a8308c0a94efe8d04e6d233bd35cf2fabdeb93fb0d
캐시 장신구,달빛마중깡총귀,38aa751daab7644ff20124a8308c0a94efe8d04e6d233bd35cf2fabdeb93fb0d
무기,적염곤봉9성,c1b67b69f713e4ff0ae7908373f47e304723574b05820acf03e7ec3162ff5bed
갑옷,환웅의통옷'9성,c1b67b69f713e4ff0ae7908373f47e304723574b05820acf03e7ec3162ff5bed
방패/보조무기,고대마령의단검6성,c1b67b69f713e4ff0ae7908373f47e304723574b05820acf03e7ec3162ff5bed
투구,고대마령모자10성,c1b67b69f713e4ff0ae7908373f47e304723574b05820acf03e7ec3162ff5bed
왼손,고대마령의장갑'월10성,c1b67b69f713e4ff0ae7908373f47e304723574b05820acf03e7ec3162ff5bed
오른손,고대마령의장갑'월10성,c1b67b69f713e4ff0ae7908373f47e304723574b05820acf03e7ec3162ff5bed
보조1,마령의노리개'월10성,c1b67b69f713e4ff0ae7908373f47e304723574b05820acf03e7ec3162ff5bed
보조2,빛나는마사의귀목,c1b67b69f713e4ff0ae7908373f47e304723574b05820acf03e7ec3162ff5bed
얼굴장식,빛나는조사장의가면,c1b67b69f713e4ff0ae7908373f47e304723574b05820acf03e7ec3162ff5bed
캐시 투구,생명의바다왕관,c1b67b69f713e4ff0ae7908373f47e304723574b05820acf03e7ec3162ff5bed
망토,고대마령의칼날10성,c1b67b69f713e4ff0ae7908373f47e304723574b05820acf03e7ec3162ff5bed
캐시 겉옷,생명의바다의상(여),c1b67b69f713e4ff0ae7908373f47e304723574b05820acf03e7ec3162ff5bed
신발,빛나는사령웅의앞발,c1b67b69f713e4ff0ae7908373f47e304723574b05820acf03e7ec3162ff5bed
목/어깨장식,고대마령의목걸이8성,c1b67b69f713e4ff0ae7908373f47e304723574b05820acf03e7ec3162ff5bed
캐시 무기,생명의바다고래물결,c1b67b69f713e4ff0ae7908373f47e304723574b05820acf03e7ec3162ff5bed
캐시 방패/보조무기,,c1b67b69f713e4ff0ae7908373f47e304723574b05820acf03e7ec3162ff5bed
캐시 얼굴장식,,c1b67b69f713e4ff0ae7908373f47e304723574b05820acf03e7ec3162ff5bed
캐시 망토,생명의바다망원경,c1b67b69f713e4ff0ae7908373f47e304723574b05820acf03e7ec3162ff5bed
캐시 신발,생명의바다햇살파도,c1b67b69f713e4ff0ae7908373f47e304723574b05820acf03e7ec3162ff5bed
캐시 목/어깨장식,,c1b67b69f713e4ff0ae7908373f47e304723574b05820acf03e7ec3162ff5bed
세트옷,[괴수의상]바루나1성,c1b67b69f713e4ff0ae7908373f47e304723574b05820acf03e7ec3162ff5bed
캐시 세트옷,,c1b67b69f713e4ff0ae7908373f47e304723574b05820acf03e7ec3162ff5bed
장신구,붉은토끼풀노리개2성,c1b67b69f713e4ff0ae7908373f47e304723574b05820acf03e7ec3162ff5bed
캐시 장신구,생명의바다작은친구,c1b67b69f713e4ff0ae7908373f47e304723574b05820acf03e7ec3162ff5bed
무기,환웅천궁'9각,35a2676fbb2deb6e7a8cea8691142a16fd842dab14be2a956555625b37c97bff
갑옷,환웅의천의'9성,35a2676fbb2deb6e7a8cea8691142a16fd842dab14be2a956555625b37c97bff
방패/보조무기,고대마령의단검8성,35a2676fbb2deb6e7a8cea8691142a16fd842dab14be2a956555625b37c97bff
투구,태광천신금잠8성,35a2676fbb2deb6e7a8cea8691142a16fd842dab14be2a956555625b37c97bff
왼손,[상급]봉래산반지,35a2676fbb2deb6e7a8cea8691142a16fd842dab14be2a956555625b37c97bff
오른손,[상급]봉래산반지,35a2676fbb2deb6e7a8cea8691142a16fd842dab14be2a956555625b37c97bff
보조1,마령의노리개'흑10성,35a2676fbb2deb6e7a8cea8691142a16fd842dab14be2a956555625b37c97bff
보조2,마사의귀목,35a2676fbb2deb6e7a8cea8691142a16fd842dab14be2a956555625b37c97bff
얼굴장식,조사장의가면,35a2676fbb2deb6e7a8cea8691142a16fd842dab14be2a956555625b37c97bff
캐시 투구,참새보부상패랭이,35a2676fbb2deb6e7a8cea8691142a16fd842dab14be2a956555625b37c97bff
망토,무신귀갑주7성,35a2676fbb2deb6e7a8cea8691142a16fd842dab14be2a956555625b37c97bff
캐시 겉옷,뽀짝피그남자의상No02,35a2676fbb2deb6e7a8cea8691142a16fd842dab14be2a956555625b37c97bff
신발,사령웅의앞발,35a2676fbb2deb6e7a8cea8691142a16fd842dab14be2a956555625b37c97bff
목/어깨장식,단조의심단,35a2676fbb2deb6e7a8cea8691142a16fd842dab14be2a956555625b37c97bff
캐시 무기,[심야]행운의채굴곡괭이,35a2676fbb2deb6e7a8cea8691142a16fd842dab14be2a956555625b37c97bff
캐시 방패/보조무기,,35a2676fbb2deb6e7a8cea8691142a16fd842dab14be2a956555625b37c97bff
캐시 얼굴장식,유니콘음악대반짝이,35a2676fbb2deb6e7a8cea8691142a16fd842dab14be2a956555625b37c97bff
캐시 망토,벚꽃장식No02,35a2676fbb2deb6e7a8cea8691142a16fd842dab14be2a956555625b37c97bff
캐시 신발,새내기SNS필터,35a2676fbb2deb6e7a8cea8691142a16fd842dab14be2a956555625b37c97bff
캐시 목/어깨장식,딱콩삐쭉스카프No03,35a2676fbb2deb6e7a8cea8691142a16fd842dab14be2a956555625b37c97bff
세트옷,[괴수의상]아그니1성,35a2676fbb2deb6e7a8cea8691142a16fd842dab14be2a956555625b37c97bff
캐시 세트옷,,35a2676fbb2deb6e7a8cea8691142a16fd842dab14be2a956555625b37c97bff
장신구,자수원앙노리개2성,35a2676fbb2deb6e7a8cea8691142a16fd842dab14be2a956555625b37c97bff
캐시 장신구,새내기핑크볼터치,35a2676fbb2deb6e7a8cea8691142a16fd842dab14be2a956555625b37c97bff
무기,고대마령의적혈선8성,fac72f54bc1f31a324d1863dfa0872b8efe8d04e6d233bd35cf2fabdeb93fb0d
갑옷,용겸멸아의6성,fac72f54bc1f31a324d1863dfa0872b8efe8d04e6d233bd35cf2fabdeb93fb0d
방패/보조무기,고대마령의방패6성,fac72f54bc1f31a324d1863dfa0872b8efe8d04e6d233bd35cf2fabdeb93fb0d
투구,전설구미호모자,fac72f54bc1f31a324d1863dfa0872b8efe8d04e6d233bd35cf2fabdeb93fb0d
왼손,금린노리개6성,fac72f54bc1f31a324d1863dfa0872b8efe8d04e6d233bd35cf2fabdeb93fb0d
오른손,태염반지7성,fac72f54bc1f31a324d1863dfa0872b8efe8d04e6d233bd35cf2fabdeb93fb0d
보조1,마사의귀목,fac72f54bc1f31a324d1863dfa0872b8efe8d04e6d233bd35cf2fabdeb93fb0d
보조2,마령의노리개'월8성,fac72f54bc1f31a324d1863dfa0872b8efe8d04e6d233bd35cf2fabdeb93fb0d
얼굴장식,빛나는조사장의가면,fac72f54bc1f31a324d1863dfa0872b8efe8d04e6d233bd35cf2fabdeb93fb0d
캐시 투구,고양이귀장식,fac72f54bc1f31a324d1863dfa0872b8efe8d04e6d233bd35cf2fabdeb93fb0d
망토,무신귀갑주7성,fac72f54bc1f31a324d1863dfa0872b8efe8d04e6d233bd35cf2fabdeb93fb0d
캐시 겉옷,[20주년]정장No02,fac72f54bc1f31a324d1863dfa0872b8efe8d04e6d233bd35cf2fabdeb93fb0d
신발,사령웅의앞발,fac72f54bc1f31a324d1863dfa0872b8efe8d04e6d233bd35cf2fabdeb93fb0d
목/어깨장식,고대마령의목걸이6성,fac72f54bc1f31a324d1863dfa0872b8efe8d04e6d233bd35cf2fabdeb93fb0d
캐시 무기,오래된인각궁,fac72f54bc1f31a324d1863dfa0872b8efe8d04e6d233bd35cf2fabdeb93fb0d
캐시 방패/보조무기,웨딩비둘기,fac72f54bc1f31a324d1863dfa0872b8efe8d04e6d233bd35cf2fabdeb93fb0d
캐시 얼굴장식,연지곤지,fac72f54bc1f31a324d1863dfa0872b8efe8d04e6d233bd35cf2fabdeb93fb0d
캐시 망토,벚꽃장식No02,fac72f54bc1f31a324d1863dfa0872b8efe8d04e6d233bd35cf2fabdeb93fb0d
캐시 신발,인어파도,fac72f54bc1f31a324d1863dfa0872b8efe8d04e6d233bd35cf2fabdeb93fb0d
캐시 목/어깨장식,,fac72f54bc1f31a324d1863dfa0872b8efe8d04e6d233bd35cf2fabdeb93fb0d
세트옷,도깨비탐,fac72f54bc1f31a324d1863dfa0872b8efe8d04e6d233bd35cf2fabdeb93fb0d
캐시 세트옷,[탐험]초성인성초,fac72f54bc1f31a324d1863dfa0872b8efe8d04e6d233bd35cf2fabdeb93fb0d
장신구,파란나비노리개3성,fac72f54bc1f31a324d1863dfa0872b8efe8d04e6d233bd35cf2fabdeb93fb0d
캐시 장신구,새내기핑크볼터치,fac72f54bc1f31a324d1863dfa0872b8efe8d04e6d233bd35cf2fabdeb93fb0d
무기,진혼제,9ebf8b7157660e0630ab84e4db70d993
갑옷,고대마령연갑10성,9ebf8b7157660e0630ab84e4db70d993
방패/보조무기,고대마령의방패8성,9ebf8b7157660e0630ab84e4db70d993
투구,고대마령모자10성,9ebf8b7157660e0630ab84e4db70d993
왼손,고대마령의장갑'월10성,9ebf8b7157660e0630ab84e4db70d993
오른손,고대마령의장갑'월10성,9ebf8b7157660e0630ab84e4db70d993
보조1,빛나는마사의귀목,9ebf8b7157660e0630ab84e4db70d993
보조2,빛나는마사의귀목,9ebf8b7157660e0630ab84e4db70d993
얼굴장식,빛나는조사장의가면,9ebf8b7157660e0630ab84e4db70d993
캐시 투구,상큼장마헤어(여),9ebf8b7157660e0630ab84e4db70d993
망토,용성신부'겸8성,9ebf8b7157660e0630ab84e4db70d993
캐시 겉옷,대양의선원복(여),9ebf8b7157660e0630ab84e4db70d993
신발,고대마령의군화'흑8성,9ebf8b7157660e0630ab84e4db70d993
목/어깨장식,고대마령의목걸이8성,9ebf8b7157660e0630ab84e4db70d993
캐시 무기,,9ebf8b7157660e0630ab84e4db70d993
캐시 방패/보조무기,,9ebf8b7157660e0630ab84e4db70d993
캐시 얼굴장식,연지곤지,9ebf8b7157660e0630ab84e4db70d993
캐시 망토,향긋한정원앞치마(여),9ebf8b7157660e0630ab84e4db70d993
캐시 신발,토끼발자국No01,9ebf8b7157660e0630ab84e4db70d993
캐시 목/어깨장식,레이스칼라No01,9ebf8b7157660e0630ab84e4db70d993
세트옷,[괴수의상]바루나1성,9ebf8b7157660e0630ab84e4db70d993
캐시 세트옷,바캉스깜찍펭귄,9ebf8b7157660e0630ab84e4db70d993
장신구,붉은토끼풀노리개1성,9ebf8b7157660e0630ab84e4db70d993
캐시 장신구,바린족얼굴무늬No01,9ebf8b7157660e0630ab84e4db70d993
무기,진혼제,c87cb5b724c71962beff87fc5f7bf9e0efe8d04e6d233bd35cf2fabdeb93fb0d
갑옷,용겸파천의8성,c87cb5b724c71962beff87fc5f7bf9e0efe8d04e6d233bd35cf2fabdeb93fb0d
방패/보조무기,금린방패9성,c87cb5b724c71962beff87fc5f7bf9e0efe8d04e6d233bd35cf2fabdeb93fb0d
투구,고대마령투구10성,c87cb5b724c71962beff87fc5f7bf9e0efe8d04e6d233bd35cf2fabdeb93fb0d
왼손,용안의회복반지5성,c87cb5b724c71962beff87fc5f7bf9e0efe8d04e6d233bd35cf2fabdeb93fb0d
오른손,용안의회복반지6성,c87cb5b724c71962beff87fc5f7bf9e0efe8d04e6d233bd35cf2fabdeb93fb0d
보조1,천도의목걸이,c87cb5b724c71962beff87fc5f7bf9e0efe8d04e6d233bd35cf2fabdeb93fb0d
보조2,마사의귀목,c87cb5b724c71962beff87fc5f7bf9e0efe8d04e6d233bd35cf2fabdeb93fb0d
얼굴장식,시바의시선,c87cb5b724c71962beff87fc5f7bf9e0efe8d04e6d233bd35cf2fabdeb93fb0d
캐시 투구,가을홀릭소년헤어No01,c87cb5b724c71962beff87fc5f7bf9e0efe8d04e6d233bd35cf2fabdeb93fb0d
망토,금린화월10성,c87cb5b724c71962beff87fc5f7bf9e0efe8d04e6d233bd35cf2fabdeb93fb0d
캐시 겉옷,바람추석한복No02(남),c87cb5b724c71962beff87fc5f7bf9e0efe8d04e6d233bd35cf2fabdeb93fb0d
신발,고대마령의군화'흑8성,c87cb5b724c71962beff87fc5f7bf9e0efe8d04e6d233bd35cf2fabdeb93fb0d
목/어깨장식,고대마령의목걸이8성,c87cb5b724c71962beff87fc5f7bf9e0efe8d04e6d233bd35cf2fabdeb93fb0d
캐시 무기,[심야]행운의채굴곡괭이,c87cb5b724c71962beff87fc5f7bf9e0efe8d04e6d233bd35cf2fabdeb93fb0d
캐시 방패/보조무기,서커스펭귄풍선,c87cb5b724c71962beff87fc5f7bf9e0efe8d04e6d233bd35cf2fabdeb93fb0d
캐시 얼굴장식,,c87cb5b724c71962beff87fc5f7bf9e0efe8d04e6d233bd35cf2fabdeb93fb0d
캐시 망토,바닐라봉봉장식No03,c87cb5b724c71962beff87fc5f7bf9e0efe8d04e6d233bd35cf2fabdeb93fb0d
캐시 신발,흩뿌려진꽃잎No02,c87cb5b724c71962beff87fc5f7bf9e0efe8d04e6d233bd35cf2fabdeb93fb0d
캐시 목/어깨장식,반짝하트목걸이,c87cb5b724c71962beff87fc5f7bf9e0efe8d04e6d233bd35cf2fabdeb93fb0d
세트옷,[괴수의상]바루나1성,c87cb5b724c71962beff87fc5f7bf9e0efe8d04e6d233bd35cf2fabdeb93fb0d
캐시 세트옷,[구]웨딩드레스No02,c87cb5b724c71962beff87fc5f7bf9e0efe8d04e6d233bd35cf2fabdeb93fb0d
장신구,붉은토끼풀노리개2성,c87cb5b724c71962beff87fc5f7bf9e0efe8d04e6d233bd35cf2fabdeb93fb0d
캐시 장신구,가을홀릭이어링No02,c87cb5b724c71962beff87fc5f7bf9e0efe8d04e6d233bd35cf2fabdeb93fb0d
무기,진혼제,0fd0c4aeaddd23fdd96ed777c5141656ee20e3c0428da3fc7dab0b059ad05b02
갑옷,웨딩드레스23,0fd0c4aeaddd23fdd96ed777c5141656ee20e3c0428da3fc7dab0b059ad05b02
방패/보조무기,고대마령의방패8성,0fd0c4aeaddd23fdd96ed777c5141656ee20e3c0428da3fc7dab0b059ad05b02
투구,전설구미호모자,0fd0c4aeaddd23fdd96ed777c5141656ee20e3c0428da3fc7dab0b059ad05b02
왼손,고대마령의장갑'월6성,0fd0c4aeaddd23fdd96ed777c5141656ee20e3c0428da3fc7dab0b059ad05b02
오른손,태광노리개8성,0fd0c4aeaddd23fdd96ed777c5141656ee20e3c0428da3fc7dab0b059ad05b02
보조1,천도의목걸이,0fd0c4aeaddd23fdd96ed777c5141656ee20e3c0428da3fc7dab0b059ad05b02
보조2,마사의귀목,0fd0c4aeaddd23fdd96ed777c5141656ee20e3c0428da3fc7dab0b059ad05b02
얼굴장식,조사장의가면,0fd0c4aeaddd23fdd96ed777c5141656ee20e3c0428da3fc7dab0b059ad05b02
캐시 투구,천상의심포니모자,0fd0c4aeaddd23fdd96ed777c5141656ee20e3c0428da3fc7dab0b059ad05b02
망토,무신귀갑주7성,0fd0c4aeaddd23fdd96ed777c5141656ee20e3c0428da3fc7dab0b059ad05b02
캐시 겉옷,천상의심포니의상(여),0fd0c4aeaddd23fdd96ed777c5141656ee20e3c0428da3fc7dab0b059ad05b02
신발,고대마령의군화'흑8성,0fd0c4aeaddd23fdd96ed777c5141656ee20e3c0428da3fc7dab0b059ad05b02
목/어깨장식,고대마령의목걸이8성,0fd0c4aeaddd23fdd96ed777c5141656ee20e3c0428da3fc7dab0b059ad05b02
캐시 무기,천상의심포니지휘봉,0fd0c4aeaddd23fdd96ed777c5141656ee20e3c0428da3fc7dab0b059ad05b02
캐시 방패/보조무기,애니멀펑크고양이친구,0fd0c4aeaddd23fdd96ed777c5141656ee20e3c0428da3fc7dab0b059ad05b02
캐시 얼굴장식,연지곤지,0fd0c4aeaddd23fdd96ed777c5141656ee20e3c0428da3fc7dab0b059ad05b02
캐시 망토,천상의심포니관현악쥐,0fd0c4aeaddd23fdd96ed777c5141656ee20e3c0428da3fc7dab0b059ad05b02
캐시 신발,천상의심포니선율,0fd0c4aeaddd23fdd96ed777c5141656ee20e3c0428da3fc7dab0b059ad05b02
캐시 목/어깨장식,레이스칼라No05,0fd0c4aeaddd23fdd96ed777c5141656ee20e3c0428da3fc7dab0b059ad05b02
세트옷,[괴수의상]바루나4성,0fd0c4aeaddd23fdd96ed777c5141656ee20e3c0428da3fc7dab0b059ad05b02
캐시 세트옷,[구]망또No02,0fd0c4aeaddd23fdd96ed777c5141656ee20e3c0428da3fc7dab0b059ad05b02
장신구,자수원앙노리개1성,0fd0c4aeaddd23fdd96ed777c5141656ee20e3c0428da3fc7dab0b059ad05b02
캐시 장신구,천상의심포니타악쥐,0fd0c4aeaddd23fdd96ed777c5141656ee20e3c0428da3fc7dab0b059ad05b02
보조1,마사의귀목,e80e27b0f49034c72a5c85bb3a68c4c5efe8d04e6d233bd35cf2fabdeb93fb0d
무기,진혼제,e80e27b0f49034c72a5c85bb3a68c4c5efe8d04e6d233bd35cf2fabdeb93fb0d
갑옷,환웅의장삼'9성,e80e27b0f49034c72a5c85bb3a68c4c5efe8d04e6d233bd35cf2fabdeb93fb0d
방패/보조무기,고대마령의단검7성,e80e27b0f49034c72a5c85bb3a68c4c5efe8d04e6d233bd35cf2fabdeb93fb0d
투구,태광천신금잠8성,e80e27b0f49034c72a5c85bb3a68c4c5efe8d04e6d233bd35cf2fabdeb93fb0d
왼손,환웅의천수'9성,e80e27b0f49034c72a5c85bb3a68c4c5efe8d04e6d233bd35cf2fabdeb93fb0d
오른손,[상급]봉래산반지,e80e27b0f49034c72a5c85bb3a68c4c5efe8d04e6d233bd35cf2fabdeb93fb0d
보조2,마사의귀목,e80e27b0f49034c72a5c85bb3a68c4c5efe8d04e6d233bd35cf2fabdeb93fb0d
얼굴장식,조사장의가면,e80e27b0f49034c72a5c85bb3a68c4c5efe8d04e6d233bd35cf2fabdeb93fb0d
캐시 투구,우정캡(남),e80e27b0f49034c72a5c85bb3a68c4c5efe8d04e6d233bd35cf2fabdeb93fb0d
망토,무신귀갑주9성,e80e27b0f49034c72a5c85bb3a68c4c5efe8d04e6d233bd35cf2fabdeb93fb0d
캐시 겉옷,은설랑의복,e80e27b0f49034c72a5c85bb3a68c4c5efe8d04e6d233bd35cf2fabdeb93fb0d
신발,사령웅의앞발,e80e27b0f49034c72a5c85bb3a68c4c5efe8d04e6d233bd35cf2fabdeb93fb0d
목/어깨장식,단조의심단,e80e27b0f49034c72a5c85bb3a68c4c5efe8d04e6d233bd35cf2fabdeb93fb0d
캐시 무기,[심야]행운의채굴곡괭이,e80e27b0f49034c72a5c85bb3a68c4c5efe8d04e6d233bd35cf2fabdeb93fb0d
캐시 방패/보조무기,에코백,e80e27b0f49034c72a5c85bb3a68c4c5efe8d04e6d233bd35cf2fabdeb93fb0d
캐시 얼굴장식,눈장식:칼라렌즈(루비),e80e27b0f49034c72a5c85bb3a68c4c5efe8d04e6d233bd35cf2fabdeb93fb0d
캐시 망토,캐주얼블랙백팩,e80e27b0f49034c72a5c85bb3a68c4c5efe8d04e6d233bd35cf2fabdeb93fb0d
캐시 신발,나비하양반짝,e80e27b0f49034c72a5c85bb3a68c4c5efe8d04e6d233bd35cf2fabdeb93fb0d
캐시 목/어깨장식,웨딩부토니에,e80e27b0f49034c72a5c85bb3a68c4c5efe8d04e6d233bd35cf2fabdeb93fb0d
세트옷,[괴수의상]아이라바타1성,e80e27b0f49034c72a5c85bb3a68c4c5efe8d04e6d233bd35cf2fabdeb93fb0d
캐시 세트옷,[탐험]초성인성초,e80e27b0f49034c72a5c85bb3a68c4c5efe8d04e6d233bd35cf2fabdeb93fb0d
장신구,붉은토끼풀노리개2성,e80e27b0f49034c72a5c85bb3a68c4c5efe8d04e6d233bd35cf2fabdeb93fb0d
캐시 장신구,,e80e27b0f49034c72a5c85bb3a68c4c5efe8d04e6d233bd35cf2fabdeb93fb0d
무기,진혼제,d26814be5531f7b03ee556d39e76510ffd842dab14be2a956555625b37c97bff
갑옷,용겸파천의8성,d26814be5531f7b03ee556d39e76510ffd842dab14be2a956555625b37c97bff
방패/보조무기,고대마령의단검6성,d26814be5531f7b03ee556d39e76510ffd842dab14be2a956555625b37c97bff
투구,태광천신금잠7성,d26814be5531f7b03ee556d39e76510ffd842dab14be2a956555625b37c97bff
왼손,금린노리개6성,d26814be5531f7b03ee556d39e76510ffd842dab14be2a956555625b37c97bff
오른손,용안의마안반지6성,d26814be5531f7b03ee556d39e76510ffd842dab14be2a956555625b37c97bff
보조1,마령의노리개'흑9성,d26814be5531f7b03ee556d39e76510ffd842dab14be2a956555625b37c97bff
보조2,빛나는마사의귀목,d26814be5531f7b03ee556d39e76510ffd842dab14be2a956555625b37c97bff
얼굴장식,조사장의가면,d26814be5531f7b03ee556d39e76510ffd842dab14be2a956555625b37c97bff
캐시 투구,가을홀릭소년헤어No02,d26814be5531f7b03ee556d39e76510ffd842dab14be2a956555625b37c97bff
망토,무신귀갑주7성,d26814be5531f7b03ee556d39e76510ffd842dab14be2a956555625b37c97bff
캐시 겉옷,뽀짝피그남자의상No02,d26814be5531f7b03ee556d39e76510ffd842dab14be2a956555625b37c97bff
신발,사령웅의앞발,d26814be5531f7b03ee556d39e76510ffd842dab14be2a956555625b37c97bff
목/어깨장식,고대마령의목걸이8성,d26814be5531f7b03ee556d39e76510ffd842dab14be2a956555625b37c97bff
캐시 무기,[심야]행운의채굴곡괭이,d26814be5531f7b03ee556d39e76510ffd842dab14be2a956555625b37c97bff
캐시 방패/보조무기,왕초보장식,d26814be5531f7b03ee556d39e76510ffd842dab14be2a956555625b37c97bff
캐시 얼굴장식,[30주년]넥슨히어로하트,d26814be5531f7b03ee556d39e76510ffd842dab14be2a956555625b37c97bff
캐시 망토,,d26814be5531f7b03ee556d39e76510ffd842dab14be2a956555625b37c97bff
캐시 신발,곰돌이초록풍선,d26814be5531f7b03ee556d39e76510ffd842dab14be2a956555625b37c97bff
캐시 목/어깨장식,,d26814be5531f7b03ee556d39e76510ffd842dab14be2a956555625b37c97bff
세트옷,도깨비탐,d26814be5531f7b03ee556d39e76510ffd842dab14be2a956555625b37c97bff
캐시 세트옷,고대몽글토끼신수의상,d26814be5531f7b03ee556d39e76510ffd842dab14be2a956555625b37c97bff
장신구,붉은토끼풀노리개1성,d26814be5531f7b03ee556d39e76510ffd842dab14be2a956555625b37c97bff
캐시 장신구,자몽볼터치,d26814be5531f7b03ee556d39e76510ffd842dab14be2a956555625b37c97bff
무기,진혼제,4769eced31668d5b0333eabb3146ef7aefe8d04e6d233bd35cf2fabdeb93fb0d
갑옷,고대마령갑주10성,4769eced31668d5b0333eabb3146ef7aefe8d04e6d233bd35cf2fabdeb93fb0d
방패/보조무기,고대마령의방패8성,4769eced31668d5b0333eabb3146ef7aefe8d04e6d233bd35cf2fabdeb93fb0d
투구,고대마령투구10성,4769eced31668d5b0333eabb3146ef7aefe8d04e6d233bd35cf2fabdeb93fb0d
왼손,고대마령의장갑'월6성,4769eced31668d5b0333eabb3146ef7aefe8d04e6d233bd35cf2fabdeb93fb0d
오른손,고대마령의장갑'월6성,4769eced31668d5b0333eabb3146ef7aefe8d04e6d233bd35cf2fabdeb93fb0d
보조1,천도의목걸이,4769eced31668d5b0333eabb3146ef7aefe8d04e6d233bd35cf2fabdeb93fb0d
보조2,빛나는마사의귀목,4769eced31668d5b0333eabb3146ef7aefe8d04e6d233bd35cf2fabdeb93fb0d
얼굴장식,고대마령의암막8성,4769eced31668d5b0333eabb3146ef7aefe8d04e6d233bd35cf2fabdeb93fb0d
캐시 투구,문방구모자,4769eced31668d5b0333eabb3146ef7aefe8d04e6d233bd35cf2fabdeb93fb0d
망토,무신귀갑주6성,4769eced31668d5b0333eabb3146ef7aefe8d04e6d233bd35cf2fabdeb93fb0d
캐시 겉옷,바람운동회의상(백군),4769eced31668d5b0333eabb3146ef7aefe8d04e6d233bd35cf2fabdeb93fb0d
신발,고대마령의군화'흑8성,4769eced31668d5b0333eabb3146ef7aefe8d04e6d233bd35cf2fabdeb93fb0d
목/어깨장식,고대마령의목걸이8성,4769eced31668d5b0333eabb3146ef7aefe8d04e6d233bd35cf2fabdeb93fb0d
캐시 무기,행운의채굴곡괭이,4769eced31668d5b0333eabb3146ef7aefe8d04e6d233bd35cf2fabdeb93fb0d
캐시 방패/보조무기,,4769eced31668d5b0333eabb3146ef7aefe8d04e6d233bd35cf2fabdeb93fb0d
캐시 얼굴장식,,4769eced31668d5b0333eabb3146ef7aefe8d04e6d233bd35cf2fabdeb93fb0d
캐시 망토,벚꽃장식No02,4769eced31668d5b0333eabb3146ef7aefe8d04e6d233bd35cf2fabdeb93fb0d
캐시 신발,토끼발자국No01,4769eced31668d5b0333eabb3146ef7aefe8d04e6d233bd35cf2fabdeb93fb0d
캐시 목/어깨장식,고무장갑,4769eced31668d5b0333eabb3146ef7aefe8d04e6d233bd35cf2fabdeb93fb0d
세트옷,[괴수의상]아이라바타1성,4769eced31668d5b0333eabb3146ef7aefe8d04e6d233bd35cf2fabdeb93fb0d
캐시 세트옷,[구]망또No05,4769eced31668d5b0333eabb3146ef7aefe8d04e6d233bd35cf2fabdeb93fb0d
장신구,봉황삼작금노리개1성,4769eced31668d5b0333eabb3146ef7aefe8d04e6d233bd35cf2fabdeb93fb0d
캐시 장신구,바린족얼굴무늬No02,4769eced31668d5b0333eabb3146ef7aefe8d04e6d233bd35cf2fabdeb93fb0d
무기,불멸용섬궁'2강,eb0b3d6e54b3da7f8c033defaa96b01bbf233c14caef05126d9450b92f31a21d
갑옷,패자황금갑주,eb0b3d6e54b3da7f8c033defaa96b01bbf233c14caef05126d9450b92f31a21d
방패/보조무기,흑룡화살통,eb0b3d6e54b3da7f8c033defaa96b01bbf233c14caef05126d9450b92f31a21d
투구,패자황금투구,eb0b3d6e54b3da7f8c033defaa96b01bbf233c14caef05126d9450b92f31a21d
왼손,패자황금깍지,eb0b3d6e54b3da7f8c033defaa96b01bbf233c14caef05126d9450b92f31a21d
오른손,패자황금깍지,eb0b3d6e54b3da7f8c033defaa96b01bbf233c14caef05126d9450b92f31a21d
보조1,빛나는마사의귀목,eb0b3d6e54b3da7f8c033defaa96b01bbf233c14caef05126d9450b92f31a21d
보조2,빛나는마사의귀목,eb0b3d6e54b3da7f8c033defaa96b01bbf233c14caef05126d9450b92f31a21d
얼굴장식,고대마령의암막8성,eb0b3d6e54b3da7f8c033defaa96b01bbf233c14caef05126d9450b92f31a21d
캐시 투구,목멱선화진묵하회탈,eb0b3d6e54b3da7f8c033defaa96b01bbf233c14caef05126d9450b92f31a21d
망토,무신귀갑주10성,eb0b3d6e54b3da7f8c033defaa96b01bbf233c14caef05126d9450b92f31a21d
캐시 겉옷,목멱선화흑문나포(남),eb0b3d6e54b3da7f8c033defaa96b01bbf233c14caef05126d9450b92f31a21d
신발,고대마령의군화'흑8성,eb0b3d6e54b3da7f8c033defaa96b01bbf233c14caef05126d9450b92f31a21d
목/어깨장식,고대마령의목걸이8성,eb0b3d6e54b3da7f8c033defaa96b01bbf233c14caef05126d9450b92f31a21d
캐시 무기,목멱선화흑령염주,eb0b3d6e54b3da7f8c033defaa96b01bbf233c14caef05126d9450b92f31a21d
캐시 방패/보조무기,,eb0b3d6e54b3da7f8c033defaa96b01bbf233c14caef05126d9450b92f31a21d
캐시 얼굴장식,,eb0b3d6e54b3da7f8c033defaa96b01bbf233c14caef05126d9450b92f31a21d
캐시 망토,목멱선화묵첩족자,eb0b3d6e54b3da7f8c033defaa96b01bbf233c14caef05126d9450b92f31a21d
캐시 신발,목멱선화암향소영,eb0b3d6e54b3da7f8c033defaa96b01bbf233c14caef05126d9450b92f31a21d
캐시 목/어깨장식,청사목도리,eb0b3d6e54b3da7f8c033defaa96b01bbf233c14caef05126d9450b92f31a21d
세트옷,[괴수의상]아그니5성,eb0b3d6e54b3da7f8c033defaa96b01bbf233c14caef05126d9450b92f31a21d
캐시 세트옷,[구]망또No01,eb0b3d6e54b3da7f8c033defaa96b01bbf233c14caef05126d9450b92f31a21d
장신구,자수원앙노리개4성,eb0b3d6e54b3da7f8c033defaa96b01bbf233c14caef05126d9450b92f31a21d
캐시 장신구,목멱선화흑월비익,eb0b3d6e54b3da7f8c033defaa96b01bbf233c14caef05126d9450b92f31a21d
보조1,투명구두,563c3d345017f177876212e1b6e378dbefe8d04e6d233bd35cf2fabdeb93fb0d
망토,무신귀갑주7성,563c3d345017f177876212e1b6e378dbefe8d04e6d233bd35cf2fabdeb93fb0d
무기,불멸용섬궁'2강,563c3d345017f177876212e1b6e378dbefe8d04e6d233bd35cf2fabdeb93fb0d
갑옷,태염무신장갑8성,563c3d345017f177876212e1b6e378dbefe8d04e6d233bd35cf2fabdeb93fb0d
방패/보조무기,고대마령의화살통8성,563c3d345017f177876212e1b6e378dbefe8d04e6d233bd35cf2fabdeb93fb0d
투구,태염무신금잠7성,563c3d345017f177876212e1b6e378dbefe8d04e6d233bd35cf2fabdeb93fb0d
왼손,패자황금깍지,563c3d345017f177876212e1b6e378dbefe8d04e6d233bd35cf2fabdeb93fb0d
오른손,패자황금깍지,563c3d345017f177876212e1b6e378dbefe8d04e6d233bd35cf2fabdeb93fb0d
보조2,빛나는마사의귀목,563c3d345017f177876212e1b6e378dbefe8d04e6d233bd35cf2fabdeb93fb0d
얼굴장식,고대마령의암막8성,563c3d345017f177876212e1b6e378dbefe8d04e6d233bd35cf2fabdeb93fb0d
캐시 투구,천상의심포니모자,563c3d345017f177876212e1b6e378dbefe8d04e6d233bd35cf2fabdeb93fb0d
캐시 겉옷,천상의심포니의상(남),563c3d345017f177876212e1b6e378dbefe8d04e6d233bd35cf2fabdeb93fb0d
신발,고대마령의군화'흑8성,563c3d345017f177876212e1b6e378dbefe8d04e6d233bd35cf2fabdeb93fb0d
목/어깨장식,고대마령의목걸이8성,563c3d345017f177876212e1b6e378dbefe8d04e6d233bd35cf2fabdeb93fb0d
캐시 무기,천상의심포니지휘봉,563c3d345017f177876212e1b6e378dbefe8d04e6d233bd35cf2fabdeb93fb0d
캐시 방패/보조무기,,563c3d345017f177876212e1b6e378dbefe8d04e6d233bd35cf2fabdeb93fb0d
캐시 얼굴장식,,563c3d345017f177876212e1b6e378dbefe8d04e6d233bd35cf2fabdeb93fb0d
캐시 망토,천상의심포니관현악쥐,563c3d345017f177876212e1b6e378dbefe8d04e6d233bd35cf2fabdeb93fb0d
캐시 신발,천상의심포니선율,563c3d345017f177876212e1b6e378dbefe8d04e6d233bd35cf2fabdeb93fb0d
캐시 목/어깨장식,,563c3d345017f177876212e1b6e378dbefe8d04e6d233bd35cf2fabdeb93fb0d
세트옷,[괴수의상]아그니5성,563c3d345017f177876212e1b6e378dbefe8d04e6d233bd35cf2fabdeb93fb0d
캐시 세트옷,[구]망또No02,563c3d345017f177876212e1b6e378dbefe8d04e6d233bd35cf2fabdeb93fb0d
장신구,파란나비노리개4성,563c3d345017f177876212e1b6e378dbefe8d04e6d233bd35cf2fabdeb93fb0d
캐시 장신구,천상의심포니타악쥐,563c3d345017f177876212e1b6e378dbefe8d04e6d233bd35cf2fabdeb93fb0d
무기,용섬제십궁,d8f2a5d3c915cc611cba581b1e73613cefe8d04e6d233bd35cf2fabdeb93fb0d
갑옷,용섬파천복8성,d8f2a5d3c915cc611cba581b1e73613cefe8d04e6d233bd35cf2fabdeb93fb0d
방패/보조무기,흑룡화살통,d8f2a5d3c915cc611cba581b1e73613cefe8d04e6d233bd35cf2fabdeb93fb0d
투구,용아투구'섬8성,d8f2a5d3c915cc611cba581b1e73613cefe8d04e6d233bd35cf2fabdeb93fb0d
왼손,용발톱흑광노리개9성,d8f2a5d3c915cc611cba581b1e73613cefe8d04e6d233bd35cf2fabdeb93fb0d
오른손,용발톱흑광노리개9성,d8f2a5d3c915cc611cba581b1e73613cefe8d04e6d233bd35cf2fabdeb93fb0d
보조1,마사의귀목,d8f2a5d3c915cc611cba581b1e73613cefe8d04e6d233bd35cf2fabdeb93fb0d
보조2,마사의귀목,d8f2a5d3c915cc611cba581b1e73613cefe8d04e6d233bd35cf2fabdeb93fb0d
얼굴장식,조사장의가면,d8f2a5d3c915cc611cba581b1e73613cefe8d04e6d233bd35cf2fabdeb93fb0d
캐시 투구,한가위토깽의귀(흑),d8f2a5d3c915cc611cba581b1e73613cefe8d04e6d233bd35cf2fabdeb93fb0d
망토,용성장견'섬8성,d8f2a5d3c915cc611cba581b1e73613cefe8d04e6d233bd35cf2fabdeb93fb0d
캐시 겉옷,초코델리소년의상No01,d8f2a5d3c915cc611cba581b1e73613cefe8d04e6d233bd35cf2fabdeb93fb0d
신발,사령웅의앞발,d8f2a5d3c915cc611cba581b1e73613cefe8d04e6d233bd35cf2fabdeb93fb0d
목/어깨장식,단조의심단,d8f2a5d3c915cc611cba581b1e73613cefe8d04e6d233bd35cf2fabdeb93fb0d
캐시 무기,행운의채굴곡괭이,d8f2a5d3c915cc611cba581b1e73613cefe8d04e6d233bd35cf2fabdeb93fb0d
캐시 방패/보조무기,,d8f2a5d3c915cc611cba581b1e73613cefe8d04e6d233bd35cf2fabdeb93fb0d
캐시 얼굴장식,,d8f2a5d3c915cc611cba581b1e73613cefe8d04e6d233bd35cf2fabdeb93fb0d
캐시 망토,벚꽃장식No02,d8f2a5d3c915cc611cba581b1e73613cefe8d04e6d233bd35cf2fabdeb93fb0d
캐시 신발,토끼발자국No01,d8f2a5d3c915cc611cba581b1e73613cefe8d04e6d233bd35cf2fabdeb93fb0d
캐시 목/어깨장식,슬탐구메달,d8f2a5d3c915cc611cba581b1e73613cefe8d04e6d233bd35cf2fabdeb93fb0d
세트옷,[괴수의상]아이라바타1성,d8f2a5d3c915cc611cba581b1e73613cefe8d04e6d233bd35cf2fabdeb93fb0d
캐시 세트옷,삐약삐약뼝아리,d8f2a5d3c915cc611cba581b1e73613cefe8d04e6d233bd35cf2fabdeb93fb0d
장신구,붉은토끼풀노리개1성,d8f2a5d3c915cc611cba581b1e73613cefe8d04e6d233bd35cf2fabdeb93fb0d
캐시 장신구,,d8f2a5d3c915cc611cba581b1e73613cefe8d04e6d233bd35cf2fabdeb93fb0d
무기,고대마령의적혈궁9성,c115580988d69a3db3f5931d3495ecd0efe8d04e6d233bd35cf2fabdeb93fb0d
갑옷,태염무신장갑8성,c115580988d69a3db3f5931d3495ecd0efe8d04e6d233bd35cf2fabdeb93fb0d
방패/보조무기,고대마령의화살통6성,c115580988d69a3db3f5931d3495ecd0efe8d04e6d233bd35cf2fabdeb93fb0d
투구,태광천신금잠8성,c115580988d69a3db3f5931d3495ecd0efe8d04e6d233bd35cf2fabdeb93fb0d
왼손,바람청옥깍지,c115580988d69a3db3f5931d3495ecd0efe8d04e6d233bd35cf2fabdeb93fb0d
오른손,[상급]봉래산반지,c115580988d69a3db3f5931d3495ecd0efe8d04e6d233bd35cf2fabdeb93fb0d
보조1,투명구두,c115580988d69a3db3f5931d3495ecd0efe8d04e6d233bd35cf2fabdeb93fb0d
보조2,마사의귀목,c115580988d69a3db3f5931d3495ecd0efe8d04e6d233bd35cf2fabdeb93fb0d
얼굴장식,낡은조사장의가면,c115580988d69a3db3f5931d3495ecd0efe8d04e6d233bd35cf2fabdeb93fb0d
캐시 투구,가을홀릭소년헤어No01,c115580988d69a3db3f5931d3495ecd0efe8d04e6d233bd35cf2fabdeb93fb0d
망토,천마궁의망토,c115580988d69a3db3f5931d3495ecd0efe8d04e6d233bd35cf2fabdeb93fb0d
캐시 겉옷,바람운동회의상(백군),c115580988d69a3db3f5931d3495ecd0efe8d04e6d233bd35cf2fabdeb93fb0d
신발,사령웅의앞발,c115580988d69a3db3f5931d3495ecd0efe8d04e6d233bd35cf2fabdeb93fb0d
목/어깨장식,아이라바타의경식,c115580988d69a3db3f5931d3495ecd0efe8d04e6d233bd35cf2fabdeb93fb0d
캐시 무기,[심야]행운의채굴곡괭이,c115580988d69a3db3f5931d3495ecd0efe8d04e6d233bd35cf2fabdeb93fb0d
캐시 방패/보조무기,추억의라디오,c115580988d69a3db3f5931d3495ecd0efe8d04e6d233bd35cf2fabdeb93fb0d
캐시 얼굴장식,,c115580988d69a3db3f5931d3495ecd0efe8d04e6d233bd35cf2fabdeb93fb0d
캐시 망토,벚꽃장식No02,c115580988d69a3db3f5931d3495ecd0efe8d04e6d233bd35cf2fabdeb93fb0d
캐시 신발,바람정장구두,c115580988d69a3db3f5931d3495ecd0efe8d04e6d233bd35cf2fabdeb93fb0d
캐시 목/어깨장식,아기턱받이No01,c115580988d69a3db3f5931d3495ecd0efe8d04e6d233bd35cf2fabdeb93fb0d
세트옷,[괴수의상]아그니1성,c115580988d69a3db3f5931d3495ecd0efe8d04e6d233bd35cf2fabdeb93fb0d
캐시 세트옷,고대[신수]웨딩드레스No02,c115580988d69a3db3f5931d3495ecd0efe8d04e6d233bd35cf2fabdeb93fb0d
장신구,붉은토끼풀노리개1성,c115580988d69a3db3f5931d3495ecd0efe8d04e6d233bd35cf2fabdeb93fb0d
캐시 장신구,,c115580988d69a3db3f5931d3495ecd0efe8d04e6d233bd35cf2fabdeb93fb0d
무기,흑일신궁9성,f5c96748bf0f7e75d7b05858a3149d718295750b1f4857867454debc45ec9c8a
갑옷,태염무신보갑9성,f5c96748bf0f7e75d7b05858a3149d718295750b1f4857867454debc45ec9c8a
방패/보조무기,고대마령의화살통6성,f5c96748bf0f7e75d7b05858a3149d718295750b1f4857867454debc45ec9c8a
투구,고대마령모자9성,f5c96748bf0f7e75d7b05858a3149d718295750b1f4857867454debc45ec9c8a
왼손,[상급]봉래산반지,f5c96748bf0f7e75d7b05858a3149d718295750b1f4857867454debc45ec9c8a
오른손,[상급]봉래산반지,f5c96748bf0f7e75d7b05858a3149d718295750b1f4857867454debc45ec9c8a
보조1,마령의노리개'흑6성,f5c96748bf0f7e75d7b05858a3149d718295750b1f4857867454debc45ec9c8a
보조2,마사의귀목,f5c96748bf0f7e75d7b05858a3149d718295750b1f4857867454debc45ec9c8a
얼굴장식,시바의시선,f5c96748bf0f7e75d7b05858a3149d718295750b1f4857867454debc45ec9c8a
캐시 투구,고양이귀장식,f5c96748bf0f7e75d7b05858a3149d718295750b1f4857867454debc45ec9c8a
망토,무신귀갑주9성,f5c96748bf0f7e75d7b05858a3149d718295750b1f4857867454debc45ec9c8a
캐시 겉옷,편안한블루와이드팬츠(여),f5c96748bf0f7e75d7b05858a3149d718295750b1f4857867454debc45ec9c8a
신발,사령웅의앞발,f5c96748bf0f7e75d7b05858a3149d718295750b1f4857867454debc45ec9c8a
목/어깨장식,고대마령의목걸이8성,f5c96748bf0f7e75d7b05858a3149d718295750b1f4857867454debc45ec9c8a
캐시 무기,,f5c96748bf0f7e75d7b05858a3149d718295750b1f4857867454debc45ec9c8a
캐시 방패/보조무기,,f5c96748bf0f7e75d7b05858a3149d718295750b1f4857867454debc45ec9c8a
캐시 얼굴장식,,f5c96748bf0f7e75d7b05858a3149d718295750b1f4857867454debc45ec9c8a
캐시 망토,분홍꽃잎,f5c96748bf0f7e75d7b05858a3149d718295750b1f4857867454debc45ec9c8a
캐시 신발,바람레이스부츠,f5c96748bf0f7e75d7b05858a3149d718295750b1f4857867454debc45ec9c8a
캐시 목/어깨장식,새내기핸드백,f5c96748bf0f7e75d7b05858a3149d718295750b1f4857867454debc45ec9c8a
세트옷,[괴수의상]바루나1성,f5c96748bf0f7e75d7b05858a3149d718295750b1f4857867454debc45ec9c8a
캐시 세트옷,,f5c96748bf0f7e75d7b05858a3149d718295750b1f4857867454debc45ec9c8a
장신구,붉은토끼풀노리개1성,f5c96748bf0f7e75d7b05858a3149d718295750b1f4857867454debc45ec9c8a
캐시 장신구,바린족얼굴무늬No01,f5c96748bf0f7e75d7b05858a3149d718295750b1f4857867454debc45ec9c8a
무기,용섬제십궁,cd0760e0ac1cd5a6127c4ca940406809aae77432709819edb959e1fd5d1d77b4
갑옷,용섬파천복8성,cd0760e0ac1cd5a6127c4ca940406809aae77432709819edb959e1fd5d1d77b4
방패/보조무기,고대마령의화살통6성,cd0760e0ac1cd5a6127c4ca940406809aae77432709819edb959e1fd5d1d77b4
투구,용아투구'섬8성,cd0760e0ac1cd5a6127c4ca940406809aae77432709819edb959e1fd5d1d77b4
왼손,용발톱흑광노리개9성,cd0760e0ac1cd5a6127c4ca940406809aae77432709819edb959e1fd5d1d77b4
오른손,용발톱흑광노리개9성,cd0760e0ac1cd5a6127c4ca940406809aae77432709819edb959e1fd5d1d77b4
보조1,천도의목걸이,cd0760e0ac1cd5a6127c4ca940406809aae77432709819edb959e1fd5d1d77b4
보조2,마사의귀목,cd0760e0ac1cd5a6127c4ca940406809aae77432709819edb959e1fd5d1d77b4
얼굴장식,시바의시선,cd0760e0ac1cd5a6127c4ca940406809aae77432709819edb959e1fd5d1d77b4
캐시 투구,꽃도령갓,cd0760e0ac1cd5a6127c4ca940406809aae77432709819edb959e1fd5d1d77b4
망토,용성장견'섬8성,cd0760e0ac1cd5a6127c4ca940406809aae77432709819edb959e1fd5d1d77b4
캐시 겉옷,깜찍펭귄의상,cd0760e0ac1cd5a6127c4ca940406809aae77432709819edb959e1fd5d1d77b4
신발,사령웅의앞발,cd0760e0ac1cd5a6127c4ca940406809aae77432709819edb959e1fd5d1d77b4
목/어깨장식,고대마령의목걸이8성,cd0760e0ac1cd5a6127c4ca940406809aae77432709819edb959e1fd5d1d77b4
캐시 무기,오래된채굴곡괭이,cd0760e0ac1cd5a6127c4ca940406809aae77432709819edb959e1fd5d1d77b4
캐시 방패/보조무기,발아래까치,cd0760e0ac1cd5a6127c4ca940406809aae77432709819edb959e1fd5d1d77b4
캐시 얼굴장식,,cd0760e0ac1cd5a6127c4ca940406809aae77432709819edb959e1fd5d1d77b4
캐시 망토,,cd0760e0ac1cd5a6127c4ca940406809aae77432709819edb959e1fd5d1d77b4
캐시 신발,토끼발자국No01,cd0760e0ac1cd5a6127c4ca940406809aae77432709819edb959e1fd5d1d77b4
캐시 목/어깨장식,반짝하트목걸이,cd0760e0ac1cd5a6127c4ca940406809aae77432709819edb959e1fd5d1d77b4
세트옷,[괴수의상]바루나1성,cd0760e0ac1cd5a6127c4ca940406809aae77432709819edb959e1fd5d1d77b4
캐시 세트옷,고대[신수]황룡神,cd0760e0ac1cd5a6127c4ca940406809aae77432709819edb959e1fd5d1d77b4
장신구,붉은토끼풀노리개2성,cd0760e0ac1cd5a6127c4ca940406809aae77432709819edb959e1fd5d1d77b4
캐시 장신구,깜찍펭귄얼굴,cd0760e0ac1cd5a6127c4ca940406809aae77432709819edb959e1fd5d1d77b4
무기,용섬제십노,f982ccacf175dbf4ebb2861d571c5905bb189cd87cb2829fbfcc092210b551a6
갑옷,용섬파천복8성,f982ccacf175dbf4ebb2861d571c5905bb189cd87cb2829fbfcc092210b551a6
방패/보조무기,고대마령의화살통8성,f982ccacf175dbf4ebb2861d571c5905bb189cd87cb2829fbfcc092210b551a6
투구,용아투구'섬8성,f982ccacf175dbf4ebb2861d571c5905bb189cd87cb2829fbfcc092210b551a6
왼손,용발톱흑광노리개9성,f982ccacf175dbf4ebb2861d571c5905bb189cd87cb2829fbfcc092210b551a6
오른손,용발톱흑광노리개9성,f982ccacf175dbf4ebb2861d571c5905bb189cd87cb2829fbfcc092210b551a6
보조1,투명구두,f982ccacf175dbf4ebb2861d571c5905bb189cd87cb2829fbfcc092210b551a6
보조2,마사의귀목,f982ccacf175dbf4ebb2861d571c5905bb189cd87cb2829fbfcc092210b551a6
얼굴장식,조사장의가면,f982ccacf175dbf4ebb2861d571c5905bb189cd87cb2829fbfcc092210b551a6
캐시 투구,꽃도령갓,f982ccacf175dbf4ebb2861d571c5905bb189cd87cb2829fbfcc092210b551a6
망토,용성장견'섬8성,f982ccacf175dbf4ebb2861d571c5905bb189cd87cb2829fbfcc092210b551a6
캐시 겉옷,헤리티지의상(남),f982ccacf175dbf4ebb2861d571c5905bb189cd87cb2829fbfcc092210b551a6
신발,용왕의신발,f982ccacf175dbf4ebb2861d571c5905bb189cd87cb2829fbfcc092210b551a6
목/어깨장식,고대마령의목걸이8성,f982ccacf175dbf4ebb2861d571c5905bb189cd87cb2829fbfcc092210b551a6
캐시 무기,헤리티지토드백,f982ccacf175dbf4ebb2861d571c5905bb189cd87cb2829fbfcc092210b551a6
캐시 방패/보조무기,웨딩비둘기,f982ccacf175dbf4ebb2861d571c5905bb189cd87cb2829fbfcc092210b551a6
캐시 얼굴장식,,f982ccacf175dbf4ebb2861d571c5905bb189cd87cb2829fbfcc092210b551a6
캐시 망토,벚꽃장식No02,f982ccacf175dbf4ebb2861d571c5905bb189cd87cb2829fbfcc092210b551a6
캐시 신발,겨울반딧불,f982ccacf175dbf4ebb2861d571c5905bb189cd87cb2829fbfcc092210b551a6
캐시 목/어깨장식,헤리티지숄더니트No01,f982ccacf175dbf4ebb2861d571c5905bb189cd87cb2829fbfcc092210b551a6
세트옷,[괴수의상]아그니2성,f982ccacf175dbf4ebb2861d571c5905bb189cd87cb2829fbfcc092210b551a6
캐시 세트옷,[구]웨딩드레스No02,f982ccacf175dbf4ebb2861d571c5905bb189cd87cb2829fbfcc092210b551a6
장신구,자수원앙노리개1성,f982ccacf175dbf4ebb2861d571c5905bb189cd87cb2829fbfcc092210b551a6
캐시 장신구,값진행운브로치,f982ccacf175dbf4ebb2861d571c5905bb189cd87cb2829fbfcc092210b551a6
무기,용섬제십궁,38c0ffe8b0d32a138616e009f2d2e92a8bd883fbc13e757dd9c58e84decaf6e5
갑옷,용섬파천복8성,38c0ffe8b0d32a138616e009f2d2e92a8bd883fbc13e757dd9c58e84decaf6e5
방패/보조무기,고대마령의화살통8성,38c0ffe8b0d32a138616e009f2d2e92a8bd883fbc13e757dd9c58e84decaf6e5
투구,용아투구'섬8성,38c0ffe8b0d32a138616e009f2d2e92a8bd883fbc13e757dd9c58e84decaf6e5
왼손,패자황금깍지,38c0ffe8b0d32a138616e009f2d2e92a8bd883fbc13e757dd9c58e84decaf6e5
오른손,패자황금깍지,38c0ffe8b0d32a138616e009f2d2e92a8bd883fbc13e757dd9c58e84decaf6e5
보조1,마령의노리개'흑6성,38c0ffe8b0d32a138616e009f2d2e92a8bd883fbc13e757dd9c58e84decaf6e5
보조2,마사의귀목,38c0ffe8b0d32a138616e009f2d2e92a8bd883fbc13e757dd9c58e84decaf6e5
얼굴장식,시바의시선,38c0ffe8b0d32a138616e009f2d2e92a8bd883fbc13e757dd9c58e84decaf6e5
캐시 투구,럭셔리선글라스No02,38c0ffe8b0d32a138616e009f2d2e92a8bd883fbc13e757dd9c58e84decaf6e5
망토,용성장견'섬8성,38c0ffe8b0d32a138616e009f2d2e92a8bd883fbc13e757dd9c58e84decaf6e5
캐시 겉옷,동물농장큐티의상(남)No02,38c0ffe8b0d32a138616e009f2d2e92a8bd883fbc13e757dd9c58e84decaf6e5
신발,사령웅의앞발,38c0ffe8b0d32a138616e009f2d2e92a8bd883fbc13e757dd9c58e84decaf6e5
목/어깨장식,단조의심단,38c0ffe8b0d32a138616e009f2d2e92a8bd883fbc13e757dd9c58e84decaf6e5
캐시 무기,GM유령구미호포,38c0ffe8b0d32a138616e009f2d2e92a8bd883fbc13e757dd9c58e84decaf6e5
캐시 방패/보조무기,웨딩비둘기,38c0ffe8b0d32a138616e009f2d2e92a8bd883fbc13e757dd9c58e84decaf6e5
캐시 얼굴장식,나들이선글라스,38c0ffe8b0d32a138616e009f2d2e92a8bd883fbc13e757dd9c58e84decaf6e5
캐시 망토,신년큰복주머니No04,38c0ffe8b0d32a138616e009f2d2e92a8bd883fbc13e757dd9c58e84decaf6e5
캐시 신발,토끼발자국No01,38c0ffe8b0d32a138616e009f2d2e92a8bd883fbc13e757dd9c58e84decaf6e5
캐시 목/어깨장식,헤리티지숄더니트No02,38c0ffe8b0d32a138616e009f2d2e92a8bd883fbc13e757dd9c58e84decaf6e5
세트옷,[괴수의상]아그니1성,38c0ffe8b0d32a138616e009f2d2e92a8bd883fbc13e757dd9c58e84decaf6e5
캐시 세트옷,,38c0ffe8b0d32a138616e009f2d2e92a8bd883fbc13e757dd9c58e84decaf6e5
장신구,붉은토끼풀노리개1성,38c0ffe8b0d32a138616e009f2d2e92a8bd883fbc13e757dd9c58e84decaf6e5
캐시 장신구,새내기핑크볼터치,38c0ffe8b0d32a138616e009f2d2e92a8bd883fbc13e757dd9c58e84decaf6e5
보조1,천도의목걸이,840530afc8d5c014c28889246f0592c98f63c2350f51a64c61992fb5f2c6008c
무기,용섬제십궁,840530afc8d5c014c28889246f0592c98f63c2350f51a64c61992fb5f2c6008c
갑옷,환웅의궁포'9성,840530afc8d5c014c28889246f0592c98f63c2350f51a64c61992fb5f2c6008c
방패/보조무기,흑룡화살통,840530afc8d5c014c28889246f0592c98f63c2350f51a64c61992fb5f2c6008c
투구,환웅의머릿깃'9성,840530afc8d5c014c28889246f0592c98f63c2350f51a64c61992fb5f2c6008c
왼손,용발톱흑광노리개8성,840530afc8d5c014c28889246f0592c98f63c2350f51a64c61992fb5f2c6008c
오른손,용발톱흑광노리개8성,840530afc8d5c014c28889246f0592c98f63c2350f51a64c61992fb5f2c6008c
보조2,마사의귀목,840530afc8d5c014c28889246f0592c98f63c2350f51a64c61992fb5f2c6008c
얼굴장식,조사장의가면,840530afc8d5c014c28889246f0592c98f63c2350f51a64c61992fb5f2c6008c
캐시 투구,바린족깃털장식No01,840530afc8d5c014c28889246f0592c98f63c2350f51a64c61992fb5f2c6008c
망토,천마궁의망토,840530afc8d5c014c28889246f0592c98f63c2350f51a64c61992fb5f2c6008c
캐시 겉옷,백악산군의상(남),840530afc8d5c014c28889246f0592c98f63c2350f51a64c61992fb5f2c6008c
신발,사령웅의앞발,840530afc8d5c014c28889246f0592c98f63c2350f51a64c61992fb5f2c6008c
목/어깨장식,단조의심단,840530afc8d5c014c28889246f0592c98f63c2350f51a64c61992fb5f2c6008c
캐시 무기,,840530afc8d5c014c28889246f0592c98f63c2350f51a64c61992fb5f2c6008c
캐시 방패/보조무기,귀여운판다가방No01,840530afc8d5c014c28889246f0592c98f63c2350f51a64c61992fb5f2c6008c
캐시 얼굴장식,[30주년]넥슨히어로하트,840530afc8d5c014c28889246f0592c98f63c2350f51a64c61992fb5f2c6008c
캐시 망토,멍멍이꼬리No03,840530afc8d5c014c28889246f0592c98f63c2350f51a64c61992fb5f2c6008c
캐시 신발,흩뿌려진꽃잎No02,840530afc8d5c014c28889246f0592c98f63c2350f51a64c61992fb5f2c6008c
캐시 목/어깨장식,,840530afc8d5c014c28889246f0592c98f63c2350f51a64c61992fb5f2c6008c
세트옷,[괴수의상]아이라바타1성,840530afc8d5c014c28889246f0592c98f63c2350f51a64c61992fb5f2c6008c
캐시 세트옷,고대[신수]웨딩드레스No04,840530afc8d5c014c28889246f0592c98f63c2350f51a64c61992fb5f2c6008c
장신구,자수원앙노리개1성,840530afc8d5c014c28889246f0592c98f63c2350f51a64c61992fb5f2c6008c
캐시 장신구,바린족얼굴무늬No01,840530afc8d5c014c28889246f0592c98f63c2350f51a64c61992fb5f2c6008c
보조1,투명구두,41db9f2e849b91b4522b13596ae0e7190ec8fa2d7ca87c6b387e478ba6588b86
무기,불멸용섬궁'1강,41db9f2e849b91b4522b13596ae0e7190ec8fa2d7ca87c6b387e478ba6588b86
갑옷,태염무신장갑8성,41db9f2e849b91b4522b13596ae0e7190ec8fa2d7ca87c6b387e478ba6588b86
방패/보조무기,흑룡화살통,41db9f2e849b91b4522b13596ae0e7190ec8fa2d7ca87c6b387e478ba6588b86
투구,태염무신금잠7성,41db9f2e849b91b4522b13596ae0e7190ec8fa2d7ca87c6b387e478ba6588b86
왼손,패자황금깍지,41db9f2e849b91b4522b13596ae0e7190ec8fa2d7ca87c6b387e478ba6588b86
오른손,패자황금깍지,41db9f2e849b91b4522b13596ae0e7190ec8fa2d7ca87c6b387e478ba6588b86
보조2,마사의귀목,41db9f2e849b91b4522b13596ae0e7190ec8fa2d7ca87c6b387e478ba6588b86
얼굴장식,조사장의가면,41db9f2e849b91b4522b13596ae0e7190ec8fa2d7ca87c6b387e478ba6588b86
캐시 투구,달콤봄날헤어No01남,41db9f2e849b91b4522b13596ae0e7190ec8fa2d7ca87c6b387e478ba6588b86
망토,무신귀갑주7성,41db9f2e849b91b4522b13596ae0e7190ec8fa2d7ca87c6b387e478ba6588b86
캐시 겉옷,얼음요정의상(남),41db9f2e849b91b4522b13596ae0e7190ec8fa2d7ca87c6b387e478ba6588b86
신발,사령웅의앞발,41db9f2e849b91b4522b13596ae0e7190ec8fa2d7ca87c6b387e478ba6588b86
목/어깨장식,단조의심단,41db9f2e849b91b4522b13596ae0e7190ec8fa2d7ca87c6b387e478ba6588b86
캐시 무기,보존된야월도,41db9f2e849b91b4522b13596ae0e7190ec8fa2d7ca87c6b387e478ba6588b86
캐시 방패/보조무기,,41db9f2e849b91b4522b13596ae0e7190ec8fa2d7ca87c6b387e478ba6588b86
캐시 얼굴장식,,41db9f2e849b91b4522b13596ae0e7190ec8fa2d7ca87c6b387e478ba6588b86
캐시 망토,러블리키스No01,41db9f2e849b91b4522b13596ae0e7190ec8fa2d7ca87c6b387e478ba6588b86
캐시 신발,유성우,41db9f2e849b91b4522b13596ae0e7190ec8fa2d7ca87c6b387e478ba6588b86
캐시 목/어깨장식,선물리본장식(검정),41db9f2e849b91b4522b13596ae0e7190ec8fa2d7ca87c6b387e478ba6588b86
세트옷,[괴수의상]아그니3성,41db9f2e849b91b4522b13596ae0e7190ec8fa2d7ca87c6b387e478ba6588b86
캐시 세트옷,[구]망또No01,41db9f2e849b91b4522b13596ae0e7190ec8fa2d7ca87c6b387e478ba6588b86
장신구,파란나비노리개4성,41db9f2e849b91b4522b13596ae0e7190ec8fa2d7ca87c6b387e478ba6588b86
캐시 장신구,성탄요정고깔모,41db9f2e849b91b4522b13596ae0e7190ec8fa2d7ca87c6b387e478ba6588b86
무기,현자금봉,37e3e5e21c4d5f85d1e4a3724b02756f
갑옷,연노랑망또,37e3e5e21c4d5f85d1e4a3724b02756f
방패/보조무기,,37e3e5e21c4d5f85d1e4a3724b02756f
투구,초심자의귀마개,37e3e5e21c4d5f85d1e4a3724b02756f
왼손,청연신반지,37e3e5e21c4d5f85d1e4a3724b02756f
오른손,청연신반지,37e3e5e21c4d5f85d1e4a3724b02756f
보조1,,37e3e5e21c4d5f85d1e4a3724b02756f
보조2,,37e3e5e21c4d5f85d1e4a3724b02756f
얼굴장식,하루기른수염,37e3e5e21c4d5f85d1e4a3724b02756f
캐시 투구,바둑이모자,37e3e5e21c4d5f85d1e4a3724b02756f
망토,,37e3e5e21c4d5f85d1e4a3724b02756f
캐시 겉옷,바둑이옷,37e3e5e21c4d5f85d1e4a3724b02756f
신발,,37e3e5e21c4d5f85d1e4a3724b02756f
목/어깨장식,,37e3e5e21c4d5f85d1e4a3724b02756f
캐시 무기,,37e3e5e21c4d5f85d1e4a3724b02756f
캐시 방패/보조무기,,37e3e5e21c4d5f85d1e4a3724b02756f
캐시 얼굴장식,,37e3e5e21c4d5f85d1e4a3724b02756f
캐시 망토,,37e3e5e21c4d5f85d1e4a3724b02756f
캐시 신발,,37e3e5e21c4d5f85d1e4a3724b02756f
캐시 목/어깨장식,,37e3e5e21c4d5f85d1e4a3724b02756f
세트옷,,37e3e5e21c4d5f85d1e4a3724b02756f
캐시 세트옷,,37e3e5e21c4d5f85d1e4a3724b02756f
장신구,,37e3e5e21c4d5f85d1e4a3724b02756f
캐시 장신구,,37e3e5e21c4d5f85d1e4a3724b02756f
무기,[PC방]천마천5검,5c13523872aa668110e22c08fa5bf74eefe8d04e6d233bd35cf2fabdeb93fb0d
갑옷,[PC방]천마천5갑(여),5c13523872aa668110e22c08fa5bf74eefe8d04e6d233bd35cf2fabdeb93fb0d
방패/보조무기,태성의방패,5c13523872aa668110e22c08fa5bf74eefe8d04e6d233bd35cf2fabdeb93fb0d
투구,[PC방]천마천5투구,5c13523872aa668110e22c08fa5bf74eefe8d04e6d233bd35cf2fabdeb93fb0d
왼손,[PC방]천마천반지5성,5c13523872aa668110e22c08fa5bf74eefe8d04e6d233bd35cf2fabdeb93fb0d
오른손,[PC방]천마천반지5성,5c13523872aa668110e22c08fa5bf74eefe8d04e6d233bd35cf2fabdeb93fb0d
보조1,,5c13523872aa668110e22c08fa5bf74eefe8d04e6d233bd35cf2fabdeb93fb0d
보조2,,5c13523872aa668110e22c08fa5bf74eefe8d04e6d233bd35cf2fabdeb93fb0d
얼굴장식,,5c13523872aa668110e22c08fa5bf74eefe8d04e6d233bd35cf2fabdeb93fb0d
캐시 투구,큐트정장헤어(여),5c13523872aa668110e22c08fa5bf74eefe8d04e6d233bd35cf2fabdeb93fb0d
망토,,5c13523872aa668110e22c08fa5bf74eefe8d04e6d233bd35cf2fabdeb93fb0d
캐시 겉옷,큐트정장(여),5c13523872aa668110e22c08fa5bf74eefe8d04e6d233bd35cf2fabdeb93fb0d
신발,,5c13523872aa668110e22c08fa5bf74eefe8d04e6d233bd35cf2fabdeb93fb0d
목/어깨장식,,5c13523872aa668110e22c08fa5bf74eefe8d04e6d233bd35cf2fabdeb93fb0d
캐시 무기,,5c13523872aa668110e22c08fa5bf74eefe8d04e6d233bd35cf2fabdeb93fb0d
캐시 방패/보조무기,,5c13523872aa668110e22c08fa5bf74eefe8d04e6d233bd35cf2fabdeb93fb0d
캐시 얼굴장식,,5c13523872aa668110e22c08fa5bf74eefe8d04e6d233bd35cf2fabdeb93fb0d
캐시 망토,분홍다람쥐꼬리,5c13523872aa668110e22c08fa5bf74eefe8d04e6d233bd35cf2fabdeb93fb0d
캐시 신발,,5c13523872aa668110e22c08fa5bf74eefe8d04e6d233bd35cf2fabdeb93fb0d
캐시 목/어깨장식,미니가방,5c13523872aa668110e22c08fa5bf74eefe8d04e6d233bd35cf2fabdeb93fb0d
세트옷,싸울아비분신,5c13523872aa668110e22c08fa5bf74eefe8d04e6d233bd35cf2fabdeb93fb0d
캐시 세트옷,,5c13523872aa668110e22c08fa5bf74eefe8d04e6d233bd35cf2fabdeb93fb0d
장신구,,5c13523872aa668110e22c08fa5bf74eefe8d04e6d233bd35cf2fabdeb93fb0d
캐시 장신구,,5c13523872aa668110e22c08fa5bf74eefe8d04e6d233bd35cf2fabdeb93fb0d
무기,환웅천궁'9각,df05513ed0d4519feea958bf0a5a7683bf233c14caef05126d9450b92f31a21d
갑옷,태광천신의복8성,df05513ed0d4519feea958bf0a5a7683bf233c14caef05126d9450b92f31a21d
방패/보조무기,고대마령의단검7성,df05513ed0d4519feea958bf0a5a7683bf233c14caef05126d9450b92f31a21d
투구,태염무신금잠8성,df05513ed0d4519feea958bf0a5a7683bf233c14caef05126d9450b92f31a21d
왼손,금린반지8성,df05513ed0d4519feea958bf0a5a7683bf233c14caef05126d9450b92f31a21d
오른손,태염반지6성,df05513ed0d4519feea958bf0a5a7683bf233c14caef05126d9450b92f31a21d
보조1,마사의귀목,df05513ed0d4519feea958bf0a5a7683bf233c14caef05126d9450b92f31a21d
보조2,마령의노리개'흑9성,df05513ed0d4519feea958bf0a5a7683bf233c14caef05126d9450b92f31a21d
얼굴장식,고대마령의암막8성,df05513ed0d4519feea958bf0a5a7683bf233c14caef05126d9450b92f31a21d
캐시 투구,매혹악마헤어(남),df05513ed0d4519feea958bf0a5a7683bf233c14caef05126d9450b92f31a21d
망토,무신귀갑주7성,df05513ed0d4519feea958bf0a5a7683bf233c14caef05126d9450b92f31a21d
캐시 겉옷,롱패딩소년의상No03,df05513ed0d4519feea958bf0a5a7683bf233c14caef05126d9450b92f31a21d
신발,고대마령의군화'흑8성,df05513ed0d4519feea958bf0a5a7683bf233c14caef05126d9450b92f31a21d
목/어깨장식,진'흉수의인장,df05513ed0d4519feea958bf0a5a7683bf233c14caef05126d9450b92f31a21d
캐시 무기,행운의채굴곡괭이,df05513ed0d4519feea958bf0a5a7683bf233c14caef05126d9450b92f31a21d
캐시 방패/보조무기,,df05513ed0d4519feea958bf0a5a7683bf233c14caef05126d9450b92f31a21d
캐시 얼굴장식,,df05513ed0d4519feea958bf0a5a7683bf233c14caef05126d9450b92f31a21d
캐시 망토,,df05513ed0d4519feea958bf0a5a7683bf233c14caef05126d9450b92f31a21d
캐시 신발,유성우,df05513ed0d4519feea958bf0a5a7683bf233c14caef05126d9450b92f31a21d
캐시 목/어깨장식,초코델리힙색No01,df05513ed0d4519feea958bf0a5a7683bf233c14caef05126d9450b92f31a21d
세트옷,[괴수의상]가루다2성,df05513ed0d4519feea958bf0a5a7683bf233c14caef05126d9450b92f31a21d
캐시 세트옷,,df05513ed0d4519feea958bf0a5a7683bf233c14caef05126d9450b92f31a21d
장신구,파란나비노리개1성,df05513ed0d4519feea958bf0a5a7683bf233c14caef05126d9450b92f31a21d
캐시 장신구,가을홀릭이어링No01,df05513ed0d4519feea958bf0a5a7683bf233c14caef05126d9450b92f31a21d
무기,,7be71c69934116649effc6b0998a451cefe8d04e6d233bd35cf2fabdeb93fb0d
갑옷,마성의영혼,7be71c69934116649effc6b0998a451cefe8d04e6d233bd35cf2fabdeb93fb0d
방패/보조무기,,7be71c69934116649effc6b0998a451cefe8d04e6d233bd35cf2fabdeb93fb0d
투구,주술사금관장식10성,7be71c69934116649effc6b0998a451cefe8d04e6d233bd35cf2fabdeb93fb0d
왼손,주술사금반지10성,7be71c69934116649effc6b0998a451cefe8d04e6d233bd35cf2fabdeb93fb0d
오른손,주술사금반지9성,7be71c69934116649effc6b0998a451cefe8d04e6d233bd35cf2fabdeb93fb0d
보조1,낡은마사의귀목,7be71c69934116649effc6b0998a451cefe8d04e6d233bd35cf2fabdeb93fb0d
보조2,낡은마사의귀목,7be71c69934116649effc6b0998a451cefe8d04e6d233bd35cf2fabdeb93fb0d
얼굴장식,낡은조사장의가면,7be71c69934116649effc6b0998a451cefe8d04e6d233bd35cf2fabdeb93fb0d
캐시 투구,,7be71c69934116649effc6b0998a451cefe8d04e6d233bd35cf2fabdeb93fb0d
망토,천마성의망토,7be71c69934116649effc6b0998a451cefe8d04e6d233bd35cf2fabdeb93fb0d
캐시 겉옷,오버핏보이코트No02,7be71c69934116649effc6b0998a451cefe8d04e6d233bd35cf2fabdeb93fb0d
신발,낡은사령웅의앞발,7be71c69934116649effc6b0998a451cefe8d04e6d233bd35cf2fabdeb93fb0d
목/어깨장식,낡은단조의심단,7be71c69934116649effc6b0998a451cefe8d04e6d233bd35cf2fabdeb93fb0d
캐시 무기,오래된남만곤봉,7be71c69934116649effc6b0998a451cefe8d04e6d233bd35cf2fabdeb93fb0d
캐시 방패/보조무기,나이트워커슈퍼카No01,7be71c69934116649effc6b0998a451cefe8d04e6d233bd35cf2fabdeb93fb0d
캐시 얼굴장식,,7be71c69934116649effc6b0998a451cefe8d04e6d233bd35cf2fabdeb93fb0d
캐시 망토,오버핏보이크로스백,7be71c69934116649effc6b0998a451cefe8d04e6d233bd35cf2fabdeb93fb0d
캐시 신발,뽀짝피그황금동전,7be71c69934116649effc6b0998a451cefe8d04e6d233bd35cf2fabdeb93fb0d
캐시 목/어깨장식,,7be71c69934116649effc6b0998a451cefe8d04e6d233bd35cf2fabdeb93fb0d
세트옷,,7be71c69934116649effc6b0998a451cefe8d04e6d233bd35cf2fabdeb93fb0d
캐시 세트옷,,7be71c69934116649effc6b0998a451cefe8d04e6d233bd35cf2fabdeb93fb0d
장신구,,7be71c69934116649effc6b0998a451cefe8d04e6d233bd35cf2fabdeb93fb0d
캐시 장신구,새내기사각뿔테,7be71c69934116649effc6b0998a451cefe8d04e6d233bd35cf2fabdeb93fb0d
무기,요존도,d48330ecf9744bb57187cb15efdc8e33
갑옷,해골갑옷,d48330ecf9744bb57187cb15efdc8e33
방패/보조무기,역사수호연등,d48330ecf9744bb57187cb15efdc8e33
투구,청연신투구,d48330ecf9744bb57187cb15efdc8e33
왼손,흑룡반지,d48330ecf9744bb57187cb15efdc8e33
오른손,흑룡반지,d48330ecf9744bb57187cb15efdc8e33
보조1,시력회복의귀걸이,d48330ecf9744bb57187cb15efdc8e33
보조2,,d48330ecf9744bb57187cb15efdc8e33
얼굴장식,하루기른수염,d48330ecf9744bb57187cb15efdc8e33
캐시 투구,불꽃해골가면,d48330ecf9744bb57187cb15efdc8e33
망토,재천의매듭,d48330ecf9744bb57187cb15efdc8e33
캐시 겉옷,GM마령흑월의'남,d48330ecf9744bb57187cb15efdc8e33
신발,,d48330ecf9744bb57187cb15efdc8e33
목/어깨장식,천신의징표,d48330ecf9744bb57187cb15efdc8e33
캐시 무기,암흑진혼도'흑,d48330ecf9744bb57187cb15efdc8e33
캐시 방패/보조무기,[25주년]밤하늘연등,d48330ecf9744bb57187cb15efdc8e33
캐시 얼굴장식,눈장식:매의눈,d48330ecf9744bb57187cb15efdc8e33
캐시 망토,흑룡의기운,d48330ecf9744bb57187cb15efdc8e33
캐시 신발,,d48330ecf9744bb57187cb15efdc8e33
캐시 목/어깨장식,복주머니,d48330ecf9744bb57187cb15efdc8e33
세트옷,,d48330ecf9744bb57187cb15efdc8e33
캐시 세트옷,,d48330ecf9744bb57187cb15efdc8e33
장신구,,d48330ecf9744bb57187cb15efdc8e33
캐시 장신구,,d48330ecf9744bb57187cb15efdc8e33
무기,고대마령의적혈봉9성,a90f4092bb9dda27d14450566baae6214723574b05820acf03e7ec3162ff5bed
갑옷,태염무신장갑8성,a90f4092bb9dda27d14450566baae6214723574b05820acf03e7ec3162ff5bed
방패/보조무기,고대마령의단검6성,a90f4092bb9dda27d14450566baae6214723574b05820acf03e7ec3162ff5bed
투구,태광천신금잠7성,a90f4092bb9dda27d14450566baae6214723574b05820acf03e7ec3162ff5bed
왼손,태광노리개8성,a90f4092bb9dda27d14450566baae6214723574b05820acf03e7ec3162ff5bed
오른손,태광노리개8성,a90f4092bb9dda27d14450566baae6214723574b05820acf03e7ec3162ff5bed
보조1,마사의귀목,a90f4092bb9dda27d14450566baae6214723574b05820acf03e7ec3162ff5bed
보조2,마사의귀목,a90f4092bb9dda27d14450566baae6214723574b05820acf03e7ec3162ff5bed
얼굴장식,시바의시선,a90f4092bb9dda27d14450566baae6214723574b05820acf03e7ec3162ff5bed
캐시 투구,바람유니콘의뿔,a90f4092bb9dda27d14450566baae6214723574b05820acf03e7ec3162ff5bed
망토,무신귀갑주7성,a90f4092bb9dda27d14450566baae6214723574b05820acf03e7ec3162ff5bed
캐시 겉옷,꽃도령도포No02,a90f4092bb9dda27d14450566baae6214723574b05820acf03e7ec3162ff5bed
신발,사령웅의앞발,a90f4092bb9dda27d14450566baae6214723574b05820acf03e7ec3162ff5bed
목/어깨장식,고대마령의목걸이6성,a90f4092bb9dda27d14450566baae6214723574b05820acf03e7ec3162ff5bed
캐시 무기,행운의채굴곡괭이,a90f4092bb9dda27d14450566baae6214723574b05820acf03e7ec3162ff5bed
캐시 방패/보조무기,,a90f4092bb9dda27d14450566baae6214723574b05820acf03e7ec3162ff5bed
캐시 얼굴장식,,a90f4092bb9dda27d14450566baae6214723574b05820acf03e7ec3162ff5bed
캐시 망토,분홍꽃잎,a90f4092bb9dda27d14450566baae6214723574b05820acf03e7ec3162ff5bed
캐시 신발,흩뿌려진꽃잎No01,a90f4092bb9dda27d14450566baae6214723574b05820acf03e7ec3162ff5bed
캐시 목/어깨장식,,a90f4092bb9dda27d14450566baae6214723574b05820acf03e7ec3162ff5bed
세트옷,[괴수의상]바루나2성,a90f4092bb9dda27d14450566baae6214723574b05820acf03e7ec3162ff5bed
캐시 세트옷,,a90f4092bb9dda27d14450566baae6214723574b05820acf03e7ec3162ff5bed
장신구,붉은토끼풀노리개1성,a90f4092bb9dda27d14450566baae6214723574b05820acf03e7ec3162ff5bed
캐시 장신구,바람유니콘목장식(남),a90f4092bb9dda27d14450566baae6214723574b05820acf03e7ec3162ff5bed
,,73b336b2df54c08baf7d155d17de677eefe8d04e6d233bd35cf2fabdeb93fb0d
,,73b336b2df54c08baf7d155d17de677eefe8d04e6d233bd35cf2fabdeb93fb0d
,,73b336b2df54c08baf7d155d17de677eefe8d04e6d233bd35cf2fabdeb93fb0d
,,73b336b2df54c08baf7d155d17de677eefe8d04e6d233bd35cf2fabdeb93fb0d
,,73b336b2df54c08baf7d155d17de677eefe8d04e6d233bd35cf2fabdeb93fb0d
오른손,환웅의깍지'7성,73b336b2df54c08baf7d155d17de677eefe8d04e6d233bd35cf2fabdeb93fb0d
보조1,마사의귀목,73b336b2df54c08baf7d155d17de677eefe8d04e6d233bd35cf2fabdeb93fb0d
보조2,마사의귀목,73b336b2df54c08baf7d155d17de677eefe8d04e6d233bd35cf2fabdeb93fb0d
,,73b336b2df54c08baf7d155d17de677eefe8d04e6d233bd35cf2fabdeb93fb0d
캐시 투구,가을홀릭소년헤어No02,73b336b2df54c08baf7d155d17de677eefe8d04e6d233bd35cf2fabdeb93fb0d
망토,용성장견'섬8성,73b336b2df54c08baf7d155d17de677eefe8d04e6d233bd35cf2fabdeb93fb0d
캐시 겉옷,,73b336b2df54c08baf7d155d17de677eefe8d04e6d233bd35cf2fabdeb93fb0d
신발,,73b336b2df54c08baf7d155d17de677eefe8d04e6d233bd35cf2fabdeb93fb0d
목/어깨장식,생명의목걸이'4성,73b336b2df54c08baf7d155d17de677eefe8d04e6d233bd35cf2fabdeb93fb0d
캐시 무기,[심야]행운의채굴곡괭이,73b336b2df54c08baf7d155d17de677eefe8d04e6d233bd35cf2fabdeb93fb0d
캐시 방패/보조무기,발아래까치,73b336b2df54c08baf7d155d17de677eefe8d04e6d233bd35cf2fabdeb93fb0d
캐시 얼굴장식,,73b336b2df54c08baf7d155d17de677eefe8d04e6d233bd35cf2fabdeb93fb0d
캐시 망토,바닐라봉봉장식No02,73b336b2df54c08baf7d155d17de677eefe8d04e6d233bd35cf2fabdeb93fb0d
캐시 신발,게이밍감성컴퓨터,73b336b2df54c08baf7d155d17de677eefe8d04e6d233bd35cf2fabdeb93fb0d
캐시 목/어깨장식,스트릿캐주얼사각목걸이,73b336b2df54c08baf7d155d17de677eefe8d04e6d233bd35cf2fabdeb93fb0d
세트옷,강철의탐,73b336b2df54c08baf7d155d17de677eefe8d04e6d233bd35cf2fabdeb93fb0d
캐시 세트옷,고대호랑신수의상,73b336b2df54c08baf7d155d17de677eefe8d04e6d233bd35cf2fabdeb93fb0d
장신구,붉은토끼풀노리개1성,73b336b2df54c08baf7d155d17de677eefe8d04e6d233bd35cf2fabdeb93fb0d
캐시 장신구,,73b336b2df54c08baf7d155d17de677eefe8d04e6d233bd35cf2fabdeb93fb0d
무기,환웅천신장'9각,d9690646060cd60c8f757345eb4613c826bbb1153700a9b857f046dce582b327
갑옷,태광천신의복8성,d9690646060cd60c8f757345eb4613c826bbb1153700a9b857f046dce582b327
방패/보조무기,고대마령의단검6성,d9690646060cd60c8f757345eb4613c826bbb1153700a9b857f046dce582b327
투구,환웅의모자'7성,d9690646060cd60c8f757345eb4613c826bbb1153700a9b857f046dce582b327
왼손,금린반지6성,d9690646060cd60c8f757345eb4613c826bbb1153700a9b857f046dce582b327
오른손,금린노리개6성,d9690646060cd60c8f757345eb4613c826bbb1153700a9b857f046dce582b327
보조1,마사의귀목,d9690646060cd60c8f757345eb4613c826bbb1153700a9b857f046dce582b327
보조2,마사의귀목,d9690646060cd60c8f757345eb4613c826bbb1153700a9b857f046dce582b327
얼굴장식,고대마령의암막6성,d9690646060cd60c8f757345eb4613c826bbb1153700a9b857f046dce582b327
캐시 투구,한가위토깽의귀(흑),d9690646060cd60c8f757345eb4613c826bbb1153700a9b857f046dce582b327
망토,강림의망토,d9690646060cd60c8f757345eb4613c826bbb1153700a9b857f046dce582b327
캐시 겉옷,한가위토깽의복(흑),d9690646060cd60c8f757345eb4613c826bbb1153700a9b857f046dce582b327
신발,사령웅의앞발,d9690646060cd60c8f757345eb4613c826bbb1153700a9b857f046dce582b327
목/어깨장식,고대마령의목걸이6성,d9690646060cd60c8f757345eb4613c826bbb1153700a9b857f046dce582b327
캐시 무기,잠옷파티곰풍선,d9690646060cd60c8f757345eb4613c826bbb1153700a9b857f046dce582b327
캐시 방패/보조무기,겨울선물상자,d9690646060cd60c8f757345eb4613c826bbb1153700a9b857f046dce582b327
캐시 얼굴장식,,d9690646060cd60c8f757345eb4613c826bbb1153700a9b857f046dce582b327
캐시 망토,,d9690646060cd60c8f757345eb4613c826bbb1153700a9b857f046dce582b327
캐시 신발,빗방울,d9690646060cd60c8f757345eb4613c826bbb1153700a9b857f046dce582b327
캐시 목/어깨장식,블루베리목도리,d9690646060cd60c8f757345eb4613c826bbb1153700a9b857f046dce582b327
세트옷,꺄꺄,d9690646060cd60c8f757345eb4613c826bbb1153700a9b857f046dce582b327
캐시 세트옷,고대[신수]웨딩드레스No02,d9690646060cd60c8f757345eb4613c826bbb1153700a9b857f046dce582b327
장신구,,d9690646060cd60c8f757345eb4613c826bbb1153700a9b857f046dce582b327
캐시 장신구,,d9690646060cd60c8f757345eb4613c826bbb1153700a9b857f046dce582b327
무기,궤멸,504a44dbeabf92b8eaafab2b703ece47a9095ac89f9c94363a672f18fb20b644
갑옷,태염무신장갑8성,504a44dbeabf92b8eaafab2b703ece47a9095ac89f9c94363a672f18fb20b644
방패/보조무기,,504a44dbeabf92b8eaafab2b703ece47a9095ac89f9c94363a672f18fb20b644
투구,환웅의갓'9성,504a44dbeabf92b8eaafab2b703ece47a9095ac89f9c94363a672f18fb20b644
왼손,바람제영식보호대,504a44dbeabf92b8eaafab2b703ece47a9095ac89f9c94363a672f18fb20b644
오른손,바람제영식보호대,504a44dbeabf92b8eaafab2b703ece47a9095ac89f9c94363a672f18fb20b644
보조1,마사의귀목,504a44dbeabf92b8eaafab2b703ece47a9095ac89f9c94363a672f18fb20b644
보조2,마사의귀목,504a44dbeabf92b8eaafab2b703ece47a9095ac89f9c94363a672f18fb20b644
얼굴장식,빛나는조사장의가면,504a44dbeabf92b8eaafab2b703ece47a9095ac89f9c94363a672f18fb20b644
캐시 투구,[콩술사]고깔모자,504a44dbeabf92b8eaafab2b703ece47a9095ac89f9c94363a672f18fb20b644
망토,무신귀갑주7성,504a44dbeabf92b8eaafab2b703ece47a9095ac89f9c94363a672f18fb20b644
캐시 겉옷,꼬마집요정의상(남),504a44dbeabf92b8eaafab2b703ece47a9095ac89f9c94363a672f18fb20b644
신발,사령웅의앞발,504a44dbeabf92b8eaafab2b703ece47a9095ac89f9c94363a672f18fb20b644
목/어깨장식,고대마령의목걸이8성,504a44dbeabf92b8eaafab2b703ece47a9095ac89f9c94363a672f18fb20b644
캐시 무기,행운의채굴곡괭이,504a44dbeabf92b8eaafab2b703ece47a9095ac89f9c94363a672f18fb20b644
캐시 방패/보조무기,,504a44dbeabf92b8eaafab2b703ece47a9095ac89f9c94363a672f18fb20b644
캐시 얼굴장식,눈장식:칼라렌즈(밤하늘),504a44dbeabf92b8eaafab2b703ece47a9095ac89f9c94363a672f18fb20b644
캐시 망토,벚꽃장식No02,504a44dbeabf92b8eaafab2b703ece47a9095ac89f9c94363a672f18fb20b644
캐시 신발,유성우,504a44dbeabf92b8eaafab2b703ece47a9095ac89f9c94363a672f18fb20b644
캐시 목/어깨장식,스트릿캐주얼사각목걸이,504a44dbeabf92b8eaafab2b703ece47a9095ac89f9c94363a672f18fb20b644
세트옷,뀨뀨,504a44dbeabf92b8eaafab2b703ece47a9095ac89f9c94363a672f18fb20b644
캐시 세트옷,[구]망또No02,504a44dbeabf92b8eaafab2b703ece47a9095ac89f9c94363a672f18fb20b644
장신구,파란나비노리개1성,504a44dbeabf92b8eaafab2b703ece47a9095ac89f9c94363a672f18fb20b644
캐시 장신구,공룡우비,504a44dbeabf92b8eaafab2b703ece47a9095ac89f9c94363a672f18fb20b644
무기,용마제십검,a9828c58581756794020940a795ac583744f8665c0f46d782101e43b22fc6a95
갑옷,패자황금갑주,a9828c58581756794020940a795ac583744f8665c0f46d782101e43b22fc6a95
방패/보조무기,고대마령의단검8성,a9828c58581756794020940a795ac583744f8665c0f46d782101e43b22fc6a95
투구,태광천신금잠8성,a9828c58581756794020940a795ac583744f8665c0f46d782101e43b22fc6a95
왼손,패자황금장갑,a9828c58581756794020940a795ac583744f8665c0f46d782101e43b22fc6a95
오른손,패자황금장갑,a9828c58581756794020940a795ac583744f8665c0f46d782101e43b22fc6a95
보조1,마령의노리개'흑10성,a9828c58581756794020940a795ac583744f8665c0f46d782101e43b22fc6a95
보조2,빛나는마사의귀목,a9828c58581756794020940a795ac583744f8665c0f46d782101e43b22fc6a95
얼굴장식,시바의시선,a9828c58581756794020940a795ac583744f8665c0f46d782101e43b22fc6a95
캐시 투구,바린족깃털장식No01,a9828c58581756794020940a795ac583744f8665c0f46d782101e43b22fc6a95
망토,검마천의망토,a9828c58581756794020940a795ac583744f8665c0f46d782101e43b22fc6a95
캐시 겉옷,뒷짐도령옷,a9828c58581756794020940a795ac583744f8665c0f46d782101e43b22fc6a95
신발,사령웅의앞발,a9828c58581756794020940a795ac583744f8665c0f46d782101e43b22fc6a95
목/어깨장식,단조의심단,a9828c58581756794020940a795ac583744f8665c0f46d782101e43b22fc6a95
캐시 무기,행운의채굴곡괭이,a9828c58581756794020940a795ac583744f8665c0f46d782101e43b22fc6a95
캐시 방패/보조무기,웨딩비둘기,a9828c58581756794020940a795ac583744f8665c0f46d782101e43b22fc6a95
캐시 얼굴장식,,a9828c58581756794020940a795ac583744f8665c0f46d782101e43b22fc6a95
캐시 망토,롤링팝와우코믹,a9828c58581756794020940a795ac583744f8665c0f46d782101e43b22fc6a95
캐시 신발,롤링팝락카펫,a9828c58581756794020940a795ac583744f8665c0f46d782101e43b22fc6a95
캐시 목/어깨장식,사파이어하트목걸이,a9828c58581756794020940a795ac583744f8665c0f46d782101e43b22fc6a95
세트옷,[괴수의상]바루나4성,a9828c58581756794020940a795ac583744f8665c0f46d782101e43b22fc6a95
캐시 세트옷,[구]웨딩드레스No02,a9828c58581756794020940a795ac583744f8665c0f46d782101e43b22fc6a95
장신구,자수원앙노리개4성,a9828c58581756794020940a795ac583744f8665c0f46d782101e43b22fc6a95
캐시 장신구,달콤반짝이No01,a9828c58581756794020940a795ac583744f8665c0f46d782101e43b22fc6a95
무기,용마제십검,7e5af631932eea5cbacff61907c85abb88de902d347d3238816ade4d024798b9
갑옷,용마파천갑8성,7e5af631932eea5cbacff61907c85abb88de902d347d3238816ade4d024798b9
방패/보조무기,고대마령의단검7성,7e5af631932eea5cbacff61907c85abb88de902d347d3238816ade4d024798b9
투구,용아투구'마8성,7e5af631932eea5cbacff61907c85abb88de902d347d3238816ade4d024798b9
왼손,용발톱흑광노리개9성,7e5af631932eea5cbacff61907c85abb88de902d347d3238816ade4d024798b9
오른손,용발톱흑광노리개9성,7e5af631932eea5cbacff61907c85abb88de902d347d3238816ade4d024798b9
보조1,마사의귀목,7e5af631932eea5cbacff61907c85abb88de902d347d3238816ade4d024798b9
보조2,빛나는마사의귀목,7e5af631932eea5cbacff61907c85abb88de902d347d3238816ade4d024798b9
얼굴장식,찬란한시바의시선,7e5af631932eea5cbacff61907c85abb88de902d347d3238816ade4d024798b9
캐시 투구,환계나무꾼두각,7e5af631932eea5cbacff61907c85abb88de902d347d3238816ade4d024798b9
망토,용성장견'마8성,7e5af631932eea5cbacff61907c85abb88de902d347d3238816ade4d024798b9
캐시 겉옷,환계나무꾼의복,7e5af631932eea5cbacff61907c85abb88de902d347d3238816ade4d024798b9
신발,고대마령의군화'흑10성,7e5af631932eea5cbacff61907c85abb88de902d347d3238816ade4d024798b9
목/어깨장식,단조의심단,7e5af631932eea5cbacff61907c85abb88de902d347d3238816ade4d024798b9
캐시 무기,환계금도끼,7e5af631932eea5cbacff61907c85abb88de902d347d3238816ade4d024798b9
캐시 방패/보조무기,나이트워커슈퍼카No01,7e5af631932eea5cbacff61907c85abb88de902d347d3238816ade4d024798b9
캐시 얼굴장식,[30주년]넥슨히어로하트,7e5af631932eea5cbacff61907c85abb88de902d347d3238816ade4d024798b9
캐시 망토,환계나비정령,7e5af631932eea5cbacff61907c85abb88de902d347d3238816ade4d024798b9
캐시 신발,환계청솔초가,7e5af631932eea5cbacff61907c85abb88de902d347d3238816ade4d024798b9
캐시 목/어깨장식,초코델리미니백No02,7e5af631932eea5cbacff61907c85abb88de902d347d3238816ade4d024798b9
세트옷,[괴수의상]아그니1성,7e5af631932eea5cbacff61907c85abb88de902d347d3238816ade4d024798b9
캐시 세트옷,[구]웨딩드레스No05,7e5af631932eea5cbacff61907c85abb88de902d347d3238816ade4d024798b9
장신구,붉은토끼풀노리개1성,7e5af631932eea5cbacff61907c85abb88de902d347d3238816ade4d024798b9
캐시 장신구,초코델리귀걸이,7e5af631932eea5cbacff61907c85abb88de902d347d3238816ade4d024798b9
무기,용마제십검,224beb7eccbb414278342e3595bbac459dc2468fa6a44afad93b0682f1132ca0
갑옷,환웅의갑주'9성,224beb7eccbb414278342e3595bbac459dc2468fa6a44afad93b0682f1132ca0
방패/보조무기,고대마령의단검8성,224beb7eccbb414278342e3595bbac459dc2468fa6a44afad93b0682f1132ca0
투구,고대마령투구10성,224beb7eccbb414278342e3595bbac459dc2468fa6a44afad93b0682f1132ca0
왼손,[상급]봉래산반지,224beb7eccbb414278342e3595bbac459dc2468fa6a44afad93b0682f1132ca0
오른손,[상급]봉래산반지,224beb7eccbb414278342e3595bbac459dc2468fa6a44afad93b0682f1132ca0
보조1,마령의노리개'월8성,224beb7eccbb414278342e3595bbac459dc2468fa6a44afad93b0682f1132ca0
보조2,마사의귀목,224beb7eccbb414278342e3595bbac459dc2468fa6a44afad93b0682f1132ca0
얼굴장식,시바의시선,224beb7eccbb414278342e3595bbac459dc2468fa6a44afad93b0682f1132ca0
캐시 투구,따숩겨울헤어(남),224beb7eccbb414278342e3595bbac459dc2468fa6a44afad93b0682f1132ca0
망토,용성장견'마8성,224beb7eccbb414278342e3595bbac459dc2468fa6a44afad93b0682f1132ca0
캐시 겉옷,기모노(남),224beb7eccbb414278342e3595bbac459dc2468fa6a44afad93b0682f1132ca0
신발,고대마령의군화'흑6성,224beb7eccbb414278342e3595bbac459dc2468fa6a44afad93b0682f1132ca0
목/어깨장식,고대마령의목걸이8성,224beb7eccbb414278342e3595bbac459dc2468fa6a44afad93b0682f1132ca0
캐시 무기,GM진'진일신검,224beb7eccbb414278342e3595bbac459dc2468fa6a44afad93b0682f1132ca0
캐시 방패/보조무기,웨딩비둘기,224beb7eccbb414278342e3595bbac459dc2468fa6a44afad93b0682f1132ca0
캐시 얼굴장식,,224beb7eccbb414278342e3595bbac459dc2468fa6a44afad93b0682f1132ca0
캐시 망토,벚꽃장식No02,224beb7eccbb414278342e3595bbac459dc2468fa6a44afad93b0682f1132ca0
캐시 신발,여름바다의흔적,224beb7eccbb414278342e3595bbac459dc2468fa6a44afad93b0682f1132ca0
캐시 목/어깨장식,웨딩목걸이,224beb7eccbb414278342e3595bbac459dc2468fa6a44afad93b0682f1132ca0
세트옷,[괴수의상]아이라바타1성,224beb7eccbb414278342e3595bbac459dc2468fa6a44afad93b0682f1132ca0
캐시 세트옷,고대[신수]백호神,224beb7eccbb414278342e3595bbac459dc2468fa6a44afad93b0682f1132ca0
장신구,붉은토끼풀노리개2성,224beb7eccbb414278342e3595bbac459dc2468fa6a44afad93b0682f1132ca0
캐시 장신구,초코델리귀걸이,224beb7eccbb414278342e3595bbac459dc2468fa6a44afad93b0682f1132ca0
무기,고대마령의적혈검10성,c76d578e8c47f4ae95a1467e3987cc388bd883fbc13e757dd9c58e84decaf6e5
갑옷,태염무신장갑8성,c76d578e8c47f4ae95a1467e3987cc388bd883fbc13e757dd9c58e84decaf6e5
방패/보조무기,고대마령의단검8성,c76d578e8c47f4ae95a1467e3987cc388bd883fbc13e757dd9c58e84decaf6e5
투구,환웅의투구'9성,c76d578e8c47f4ae95a1467e3987cc388bd883fbc13e757dd9c58e84decaf6e5
왼손,진'서라마옥팔찌,c76d578e8c47f4ae95a1467e3987cc388bd883fbc13e757dd9c58e84decaf6e5
오른손,환웅의장갑'8성,c76d578e8c47f4ae95a1467e3987cc388bd883fbc13e757dd9c58e84decaf6e5
보조1,마령의노리개'흑6성,c76d578e8c47f4ae95a1467e3987cc388bd883fbc13e757dd9c58e84decaf6e5
보조2,마사의귀목,c76d578e8c47f4ae95a1467e3987cc388bd883fbc13e757dd9c58e84decaf6e5
얼굴장식,조사장의가면,c76d578e8c47f4ae95a1467e3987cc388bd883fbc13e757dd9c58e84decaf6e5
캐시 투구,자홍꽃도령헤어,c76d578e8c47f4ae95a1467e3987cc388bd883fbc13e757dd9c58e84decaf6e5
망토,용성장견'마6성,c76d578e8c47f4ae95a1467e3987cc388bd883fbc13e757dd9c58e84decaf6e5
캐시 겉옷,왕실왕자의상No02,c76d578e8c47f4ae95a1467e3987cc388bd883fbc13e757dd9c58e84decaf6e5
신발,사령웅의앞발,c76d578e8c47f4ae95a1467e3987cc388bd883fbc13e757dd9c58e84decaf6e5
목/어깨장식,고대마령의목걸이6성,c76d578e8c47f4ae95a1467e3987cc388bd883fbc13e757dd9c58e84decaf6e5
캐시 무기,오래된채굴곡괭이,c76d578e8c47f4ae95a1467e3987cc388bd883fbc13e757dd9c58e84decaf6e5
캐시 방패/보조무기,웨딩비둘기,c76d578e8c47f4ae95a1467e3987cc388bd883fbc13e757dd9c58e84decaf6e5
캐시 얼굴장식,,c76d578e8c47f4ae95a1467e3987cc388bd883fbc13e757dd9c58e84decaf6e5
캐시 망토,,c76d578e8c47f4ae95a1467e3987cc388bd883fbc13e757dd9c58e84decaf6e5
캐시 신발,토끼발자국No01,c76d578e8c47f4ae95a1467e3987cc388bd883fbc13e757dd9c58e84decaf6e5
캐시 목/어깨장식,선물리본장식(검정),c76d578e8c47f4ae95a1467e3987cc388bd883fbc13e757dd9c58e84decaf6e5
세트옷,[괴수의상]아이라바타1성,c76d578e8c47f4ae95a1467e3987cc388bd883fbc13e757dd9c58e84decaf6e5
캐시 세트옷,[구]망또No04,c76d578e8c47f4ae95a1467e3987cc388bd883fbc13e757dd9c58e84decaf6e5
장신구,자수원앙노리개1성,c76d578e8c47f4ae95a1467e3987cc388bd883fbc13e757dd9c58e84decaf6e5
캐시 장신구,노랑우비,c76d578e8c47f4ae95a1467e3987cc388bd883fbc13e757dd9c58e84decaf6e5
무기,용마제십검,3be94812736195b91bcc3bc826166058ea7c1d356bf726ea6434cb608de205c7
갑옷,용마파천갑8성,3be94812736195b91bcc3bc826166058ea7c1d356bf726ea6434cb608de205c7
방패/보조무기,고대마령의방패8성,3be94812736195b91bcc3bc826166058ea7c1d356bf726ea6434cb608de205c7
투구,고대마령투구10성,3be94812736195b91bcc3bc826166058ea7c1d356bf726ea6434cb608de205c7
왼손,패자황금장갑,3be94812736195b91bcc3bc826166058ea7c1d356bf726ea6434cb608de205c7
오른손,패자황금장갑,3be94812736195b91bcc3bc826166058ea7c1d356bf726ea6434cb608de205c7
보조1,마사의귀목,3be94812736195b91bcc3bc826166058ea7c1d356bf726ea6434cb608de205c7
보조2,마사의귀목,3be94812736195b91bcc3bc826166058ea7c1d356bf726ea6434cb608de205c7
얼굴장식,빛나는조사장의가면,3be94812736195b91bcc3bc826166058ea7c1d356bf726ea6434cb608de205c7
캐시 투구,딱콩아프로머리,3be94812736195b91bcc3bc826166058ea7c1d356bf726ea6434cb608de205c7
망토,용성장견'마8성,3be94812736195b91bcc3bc826166058ea7c1d356bf726ea6434cb608de205c7
캐시 겉옷,월야산신의상(남),3be94812736195b91bcc3bc826166058ea7c1d356bf726ea6434cb608de205c7
신발,사령웅의앞발,3be94812736195b91bcc3bc826166058ea7c1d356bf726ea6434cb608de205c7
목/어깨장식,고대마령의목걸이9성,3be94812736195b91bcc3bc826166058ea7c1d356bf726ea6434cb608de205c7
캐시 무기,고귀한청룡여의주,3be94812736195b91bcc3bc826166058ea7c1d356bf726ea6434cb608de205c7
캐시 방패/보조무기,,3be94812736195b91bcc3bc826166058ea7c1d356bf726ea6434cb608de205c7
캐시 얼굴장식,[30주년]넥슨히어로하트,3be94812736195b91bcc3bc826166058ea7c1d356bf726ea6434cb608de205c7
캐시 망토,벚꽃장식No05,3be94812736195b91bcc3bc826166058ea7c1d356bf726ea6434cb608de205c7
캐시 신발,그림술사의흔적,3be94812736195b91bcc3bc826166058ea7c1d356bf726ea6434cb608de205c7
캐시 목/어깨장식,칠석푸른달빛노리개,3be94812736195b91bcc3bc826166058ea7c1d356bf726ea6434cb608de205c7
세트옷,[괴수의상]아그니1성,3be94812736195b91bcc3bc826166058ea7c1d356bf726ea6434cb608de205c7
캐시 세트옷,,3be94812736195b91bcc3bc826166058ea7c1d356bf726ea6434cb608de205c7
장신구,자수원앙노리개1성,3be94812736195b91bcc3bc826166058ea7c1d356bf726ea6434cb608de205c7
캐시 장신구,보부상머리위참새,3be94812736195b91bcc3bc826166058ea7c1d356bf726ea6434cb608de205c7
무기,용마제십검,222edd388b374b62c2f478cef92b7df9befd54165deedc51a58ff6bb77a5ee18
갑옷,용마멸아갑8성,222edd388b374b62c2f478cef92b7df9befd54165deedc51a58ff6bb77a5ee18
방패/보조무기,고대마령의단검7성,222edd388b374b62c2f478cef92b7df9befd54165deedc51a58ff6bb77a5ee18
투구,용아투구'마8성,222edd388b374b62c2f478cef92b7df9befd54165deedc51a58ff6bb77a5ee18
왼손,금린반지8성,222edd388b374b62c2f478cef92b7df9befd54165deedc51a58ff6bb77a5ee18
오른손,금린노리개7성,222edd388b374b62c2f478cef92b7df9befd54165deedc51a58ff6bb77a5ee18
보조1,마령의노리개'흑8성,222edd388b374b62c2f478cef92b7df9befd54165deedc51a58ff6bb77a5ee18
보조2,마사의귀목,222edd388b374b62c2f478cef92b7df9befd54165deedc51a58ff6bb77a5ee18
얼굴장식,조사장의가면,222edd388b374b62c2f478cef92b7df9befd54165deedc51a58ff6bb77a5ee18
캐시 투구,미니머리띠,222edd388b374b62c2f478cef92b7df9befd54165deedc51a58ff6bb77a5ee18
망토,용성장견'마7성,222edd388b374b62c2f478cef92b7df9befd54165deedc51a58ff6bb77a5ee18
캐시 겉옷,인기스타원피스,222edd388b374b62c2f478cef92b7df9befd54165deedc51a58ff6bb77a5ee18
신발,사령웅의앞발,222edd388b374b62c2f478cef92b7df9befd54165deedc51a58ff6bb77a5ee18
목/어깨장식,고대마령의목걸이8성,222edd388b374b62c2f478cef92b7df9befd54165deedc51a58ff6bb77a5ee18
캐시 무기,백악산군신칼,222edd388b374b62c2f478cef92b7df9befd54165deedc51a58ff6bb77a5ee18
캐시 방패/보조무기,,222edd388b374b62c2f478cef92b7df9befd54165deedc51a58ff6bb77a5ee18
캐시 얼굴장식,,222edd388b374b62c2f478cef92b7df9befd54165deedc51a58ff6bb77a5ee18
캐시 망토,천칭자리,222edd388b374b62c2f478cef92b7df9befd54165deedc51a58ff6bb77a5ee18
캐시 신발,토끼발자국No02,222edd388b374b62c2f478cef92b7df9befd54165deedc51a58ff6bb77a5ee18
캐시 목/어깨장식,웨딩목걸이,222edd388b374b62c2f478cef92b7df9befd54165deedc51a58ff6bb77a5ee18
세트옷,도깨비탐,222edd388b374b62c2f478cef92b7df9befd54165deedc51a58ff6bb77a5ee18
캐시 세트옷,,222edd388b374b62c2f478cef92b7df9befd54165deedc51a58ff6bb77a5ee18
장신구,붉은토끼풀노리개1성,222edd388b374b62c2f478cef92b7df9befd54165deedc51a58ff6bb77a5ee18
캐시 장신구,[2023]술귀걸이,222edd388b374b62c2f478cef92b7df9befd54165deedc51a58ff6bb77a5ee18
무기,용마제십검,6649dd249fd9e5b57ab13ef6bf4230e76fbb98200a15be5bcc73a64995849e9c
갑옷,패자황금연갑,6649dd249fd9e5b57ab13ef6bf4230e76fbb98200a15be5bcc73a64995849e9c
방패/보조무기,고대마령의단검6성,6649dd249fd9e5b57ab13ef6bf4230e76fbb98200a15be5bcc73a64995849e9c
투구,태광천신금잠7성,6649dd249fd9e5b57ab13ef6bf4230e76fbb98200a15be5bcc73a64995849e9c
왼손,용발톱흑광노리개10성,6649dd249fd9e5b57ab13ef6bf4230e76fbb98200a15be5bcc73a64995849e9c
오른손,[상급]봉래산반지,6649dd249fd9e5b57ab13ef6bf4230e76fbb98200a15be5bcc73a64995849e9c
보조1,마령의노리개'월8성,6649dd249fd9e5b57ab13ef6bf4230e76fbb98200a15be5bcc73a64995849e9c
보조2,고구려지휘관휘장,6649dd249fd9e5b57ab13ef6bf4230e76fbb98200a15be5bcc73a64995849e9c
얼굴장식,고대마령의암막8성,6649dd249fd9e5b57ab13ef6bf4230e76fbb98200a15be5bcc73a64995849e9c
캐시 투구,커플리본밴드,6649dd249fd9e5b57ab13ef6bf4230e76fbb98200a15be5bcc73a64995849e9c
망토,무신귀갑주8성,6649dd249fd9e5b57ab13ef6bf4230e76fbb98200a15be5bcc73a64995849e9c
캐시 겉옷,[20주년]레이스원피스No02,6649dd249fd9e5b57ab13ef6bf4230e76fbb98200a15be5bcc73a64995849e9c
신발,고대마령의군화'흑8성,6649dd249fd9e5b57ab13ef6bf4230e76fbb98200a15be5bcc73a64995849e9c
목/어깨장식,고대마령의목걸이6성,6649dd249fd9e5b57ab13ef6bf4230e76fbb98200a15be5bcc73a64995849e9c
캐시 무기,,6649dd249fd9e5b57ab13ef6bf4230e76fbb98200a15be5bcc73a64995849e9c
캐시 방패/보조무기,웨딩비둘기,6649dd249fd9e5b57ab13ef6bf4230e76fbb98200a15be5bcc73a64995849e9c
캐시 얼굴장식,,6649dd249fd9e5b57ab13ef6bf4230e76fbb98200a15be5bcc73a64995849e9c
캐시 망토,[할로윈]꼬마유령No01,6649dd249fd9e5b57ab13ef6bf4230e76fbb98200a15be5bcc73a64995849e9c
캐시 신발,무희방울,6649dd249fd9e5b57ab13ef6bf4230e76fbb98200a15be5bcc73a64995849e9c
캐시 목/어깨장식,러블리여친흰색카라,6649dd249fd9e5b57ab13ef6bf4230e76fbb98200a15be5bcc73a64995849e9c
세트옷,강철의탐,6649dd249fd9e5b57ab13ef6bf4230e76fbb98200a15be5bcc73a64995849e9c
캐시 세트옷,진'이화선인분신,6649dd249fd9e5b57ab13ef6bf4230e76fbb98200a15be5bcc73a64995849e9c
장신구,붉은토끼풀노리개2성,6649dd249fd9e5b57ab13ef6bf4230e76fbb98200a15be5bcc73a64995849e9c
캐시 장신구,초코델리귀걸이,6649dd249fd9e5b57ab13ef6bf4230e76fbb98200a15be5bcc73a64995849e9c
무기,칠지천지환검,1919c3d373a87bcf4c70d6dd05dde24e5175320715f501e34f071ef47caa74ac
갑옷,고대마령갑주6성,1919c3d373a87bcf4c70d6dd05dde24e5175320715f501e34f071ef47caa74ac
방패/보조무기,고대마령의단검6성,1919c3d373a87bcf4c70d6dd05dde24e5175320715f501e34f071ef47caa74ac
투구,진'서라마옥투구,1919c3d373a87bcf4c70d6dd05dde24e5175320715f501e34f071ef47caa74ac
왼손,바람제영식장갑,1919c3d373a87bcf4c70d6dd05dde24e5175320715f501e34f071ef47caa74ac
오른손,바람제영식장갑,1919c3d373a87bcf4c70d6dd05dde24e5175320715f501e34f071ef47caa74ac
보조1,마사의귀목,1919c3d373a87bcf4c70d6dd05dde24e5175320715f501e34f071ef47caa74ac
보조2,마사의귀목,1919c3d373a87bcf4c70d6dd05dde24e5175320715f501e34f071ef47caa74ac
얼굴장식,고대마령의암막6성,1919c3d373a87bcf4c70d6dd05dde24e5175320715f501e34f071ef47caa74ac
캐시 투구,상큼장마헤어(남),1919c3d373a87bcf4c70d6dd05dde24e5175320715f501e34f071ef47caa74ac
망토,고대마령의칼날6성,1919c3d373a87bcf4c70d6dd05dde24e5175320715f501e34f071ef47caa74ac
캐시 겉옷,상큼장마의상(남),1919c3d373a87bcf4c70d6dd05dde24e5175320715f501e34f071ef47caa74ac
신발,고대마령의군화'월6성,1919c3d373a87bcf4c70d6dd05dde24e5175320715f501e34f071ef47caa74ac
목/어깨장식,진'흉수의인장,1919c3d373a87bcf4c70d6dd05dde24e5175320715f501e34f071ef47caa74ac
캐시 무기,오래된채굴곡괭이,1919c3d373a87bcf4c70d6dd05dde24e5175320715f501e34f071ef47caa74ac
캐시 방패/보조무기,서커스펭귄풍선,1919c3d373a87bcf4c70d6dd05dde24e5175320715f501e34f071ef47caa74ac
캐시 얼굴장식,,1919c3d373a87bcf4c70d6dd05dde24e5175320715f501e34f071ef47caa74ac
캐시 망토,서커스바람개비,1919c3d373a87bcf4c70d6dd05dde24e5175320715f501e34f071ef47caa74ac
캐시 신발,빗방울,1919c3d373a87bcf4c70d6dd05dde24e5175320715f501e34f071ef47caa74ac
캐시 목/어깨장식,20주년목걸이No05,1919c3d373a87bcf4c70d6dd05dde24e5175320715f501e34f071ef47caa74ac
세트옷,[괴수의상]쿠라칸2성,1919c3d373a87bcf4c70d6dd05dde24e5175320715f501e34f071ef47caa74ac
캐시 세트옷,,1919c3d373a87bcf4c70d6dd05dde24e5175320715f501e34f071ef47caa74ac
장신구,자수원앙노리개1성,1919c3d373a87bcf4c70d6dd05dde24e5175320715f501e34f071ef47caa74ac
캐시 장신구,공룡우비,1919c3d373a87bcf4c70d6dd05dde24e5175320715f501e34f071ef47caa74ac
무기,고대마령의적혈검6성,3be94812736195b91bcc3bc82616605847b293988cca26a39554c463455bfe88
갑옷,태광천신의복6성,3be94812736195b91bcc3bc82616605847b293988cca26a39554c463455bfe88
방패/보조무기,바람홍옥방패,3be94812736195b91bcc3bc82616605847b293988cca26a39554c463455bfe88
투구,금린화월관6성,3be94812736195b91bcc3bc82616605847b293988cca26a39554c463455bfe88
왼손,금린노리개6성,3be94812736195b91bcc3bc82616605847b293988cca26a39554c463455bfe88
오른손,금린노리개6성,3be94812736195b91bcc3bc82616605847b293988cca26a39554c463455bfe88
보조1,마사의귀목,3be94812736195b91bcc3bc82616605847b293988cca26a39554c463455bfe88
보조2,마사의귀목,3be94812736195b91bcc3bc82616605847b293988cca26a39554c463455bfe88
얼굴장식,조사장의가면,3be94812736195b91bcc3bc82616605847b293988cca26a39554c463455bfe88
캐시 투구,꽃을든남친헤어No01,3be94812736195b91bcc3bc82616605847b293988cca26a39554c463455bfe88
망토,금린화월7성,3be94812736195b91bcc3bc82616605847b293988cca26a39554c463455bfe88
캐시 겉옷,무스키의상,3be94812736195b91bcc3bc82616605847b293988cca26a39554c463455bfe88
신발,사령웅의앞발,3be94812736195b91bcc3bc82616605847b293988cca26a39554c463455bfe88
목/어깨장식,진'흉수의인장,3be94812736195b91bcc3bc82616605847b293988cca26a39554c463455bfe88
캐시 무기,오래된채굴곡괭이,3be94812736195b91bcc3bc82616605847b293988cca26a39554c463455bfe88
캐시 방패/보조무기,무스키가방,3be94812736195b91bcc3bc82616605847b293988cca26a39554c463455bfe88
캐시 얼굴장식,,3be94812736195b91bcc3bc82616605847b293988cca26a39554c463455bfe88
캐시 망토,무스키발바닥,3be94812736195b91bcc3bc82616605847b293988cca26a39554c463455bfe88
캐시 신발,무스키바숑바숑,3be94812736195b91bcc3bc82616605847b293988cca26a39554c463455bfe88
캐시 목/어깨장식,,3be94812736195b91bcc3bc82616605847b293988cca26a39554c463455bfe88
세트옷,[괴수의상]비형랑2성,3be94812736195b91bcc3bc82616605847b293988cca26a39554c463455bfe88
캐시 세트옷,,3be94812736195b91bcc3bc82616605847b293988cca26a39554c463455bfe88
장신구,파란나비노리개1성,3be94812736195b91bcc3bc82616605847b293988cca26a39554c463455bfe88
캐시 장신구,무스키스카프,3be94812736195b91bcc3bc82616605847b293988cca26a39554c463455bfe88
무기,용마제십검,9847ec267385b4d7178704408673ed622f0ce1c254a7892be3855230dff531f1
갑옷,현무불괴갑,9847ec267385b4d7178704408673ed622f0ce1c254a7892be3855230dff531f1
방패/보조무기,고대마령의단검8성,9847ec267385b4d7178704408673ed622f0ce1c254a7892be3855230dff531f1
투구,용아투구'마8성,9847ec267385b4d7178704408673ed622f0ce1c254a7892be3855230dff531f1
왼손,패자황금장갑,9847ec267385b4d7178704408673ed622f0ce1c254a7892be3855230dff531f1
오른손,바람청옥장갑,9847ec267385b4d7178704408673ed622f0ce1c254a7892be3855230dff531f1
보조1,마사의귀목,9847ec267385b4d7178704408673ed622f0ce1c254a7892be3855230dff531f1
보조2,마사의귀목,9847ec267385b4d7178704408673ed622f0ce1c254a7892be3855230dff531f1
얼굴장식,고대마령의암막6성,9847ec267385b4d7178704408673ed622f0ce1c254a7892be3855230dff531f1
캐시 투구,가을홀릭소년헤어No02,9847ec267385b4d7178704408673ed622f0ce1c254a7892be3855230dff531f1
망토,용성장견'마8성,9847ec267385b4d7178704408673ed622f0ce1c254a7892be3855230dff531f1
캐시 겉옷,[20주년]정장No02,9847ec267385b4d7178704408673ed622f0ce1c254a7892be3855230dff531f1
신발,고대마령의군화'흑8성,9847ec267385b4d7178704408673ed622f0ce1c254a7892be3855230dff531f1
목/어깨장식,고대마령의목걸이8성,9847ec267385b4d7178704408673ed622f0ce1c254a7892be3855230dff531f1
캐시 무기,오래된채굴곡괭이,9847ec267385b4d7178704408673ed622f0ce1c254a7892be3855230dff531f1
캐시 방패/보조무기,웨딩비둘기,9847ec267385b4d7178704408673ed622f0ce1c254a7892be3855230dff531f1
캐시 얼굴장식,,9847ec267385b4d7178704408673ed622f0ce1c254a7892be3855230dff531f1
캐시 망토,벚꽃장식No02,9847ec267385b4d7178704408673ed622f0ce1c254a7892be3855230dff531f1
캐시 신발,베베별자국,9847ec267385b4d7178704408673ed622f0ce1c254a7892be3855230dff531f1
캐시 목/어깨장식,,9847ec267385b4d7178704408673ed622f0ce1c254a7892be3855230dff531f1
세트옷,강철의탐,9847ec267385b4d7178704408673ed622f0ce1c254a7892be3855230dff531f1
캐시 세트옷,,9847ec267385b4d7178704408673ed622f0ce1c254a7892be3855230dff531f1
장신구,자수원앙노리개1성,9847ec267385b4d7178704408673ed622f0ce1c254a7892be3855230dff531f1
캐시 장신구,초코델리귀걸이,9847ec267385b4d7178704408673ed622f0ce1c254a7892be3855230dff531f1
무기,용천제십검,3be94812736195b91bcc3bc826166058680331e3e35c60b0d1bf00c815e05955
갑옷,패자황금갑주,3be94812736195b91bcc3bc826166058680331e3e35c60b0d1bf00c815e05955
방패/보조무기,고대마령의단검6성,3be94812736195b91bcc3bc826166058680331e3e35c60b0d1bf00c815e05955
투구,환웅의천관'9성,3be94812736195b91bcc3bc826166058680331e3e35c60b0d1bf00c815e05955
왼손,패자황금팔찌,3be94812736195b91bcc3bc826166058680331e3e35c60b0d1bf00c815e05955
오른손,환웅의장갑'9성,3be94812736195b91bcc3bc826166058680331e3e35c60b0d1bf00c815e05955
보조1,마령의노리개'흑8성,3be94812736195b91bcc3bc826166058680331e3e35c60b0d1bf00c815e05955
보조2,마사의귀목,3be94812736195b91bcc3bc826166058680331e3e35c60b0d1bf00c815e05955
얼굴장식,조사장의가면,3be94812736195b91bcc3bc826166058680331e3e35c60b0d1bf00c815e05955
캐시 투구,다이어터토끼세안띠,3be94812736195b91bcc3bc826166058680331e3e35c60b0d1bf00c815e05955
망토,패마황의망토,3be94812736195b91bcc3bc826166058680331e3e35c60b0d1bf00c815e05955
캐시 겉옷,에어로빅의상(남),3be94812736195b91bcc3bc826166058680331e3e35c60b0d1bf00c815e05955
신발,낡은사령웅의앞발,3be94812736195b91bcc3bc826166058680331e3e35c60b0d1bf00c815e05955
목/어깨장식,단조의심단,3be94812736195b91bcc3bc826166058680331e3e35c60b0d1bf00c815e05955
캐시 무기,행운의채굴곡괭이,3be94812736195b91bcc3bc826166058680331e3e35c60b0d1bf00c815e05955
캐시 방패/보조무기,추억의라디오,3be94812736195b91bcc3bc826166058680331e3e35c60b0d1bf00c815e05955
캐시 얼굴장식,[30주년]넥슨히어로하트,3be94812736195b91bcc3bc826166058680331e3e35c60b0d1bf00c815e05955
캐시 망토,문방구여주딱지,3be94812736195b91bcc3bc826166058680331e3e35c60b0d1bf00c815e05955
캐시 신발,배경:에어로빅,3be94812736195b91bcc3bc826166058680331e3e35c60b0d1bf00c815e05955
캐시 목/어깨장식,에어로빅헤드셋,3be94812736195b91bcc3bc826166058680331e3e35c60b0d1bf00c815e05955
세트옷,[괴수의상]아이라바타1성,3be94812736195b91bcc3bc826166058680331e3e35c60b0d1bf00c815e05955
캐시 세트옷,,3be94812736195b91bcc3bc826166058680331e3e35c60b0d1bf00c815e05955
장신구,붉은토끼풀노리개2성,3be94812736195b91bcc3bc826166058680331e3e35c60b0d1bf00c815e05955
캐시 장신구,에어로빅수염,3be94812736195b91bcc3bc826166058680331e3e35c60b0d1bf00c815e05955
무기,불멸용천검'3강,a6b3f2a8239fe63c471e72b75889db10c73803be4f250591e1a8c33f2cf191f2
갑옷,전설남자구미호갑옷,a6b3f2a8239fe63c471e72b75889db10c73803be4f250591e1a8c33f2cf191f2
방패/보조무기,환인방패'1성,a6b3f2a8239fe63c471e72b75889db10c73803be4f250591e1a8c33f2cf191f2
투구,고대마령투구10성,a6b3f2a8239fe63c471e72b75889db10c73803be4f250591e1a8c33f2cf191f2
왼손,환웅의팔찌'9성,a6b3f2a8239fe63c471e72b75889db10c73803be4f250591e1a8c33f2cf191f2
오른손,환웅의팔찌'9성,a6b3f2a8239fe63c471e72b75889db10c73803be4f250591e1a8c33f2cf191f2
보조1,마사의귀목,a6b3f2a8239fe63c471e72b75889db10c73803be4f250591e1a8c33f2cf191f2
보조2,마사의귀목,a6b3f2a8239fe63c471e72b75889db10c73803be4f250591e1a8c33f2cf191f2
얼굴장식,고대마령의암막6성,a6b3f2a8239fe63c471e72b75889db10c73803be4f250591e1a8c33f2cf191f2
캐시 투구,뱀파이어백작불꽃,a6b3f2a8239fe63c471e72b75889db10c73803be4f250591e1a8c33f2cf191f2
망토,고대마령의칼날10성,a6b3f2a8239fe63c471e72b75889db10c73803be4f250591e1a8c33f2cf191f2
캐시 겉옷,[20주년]정장No02,a6b3f2a8239fe63c471e72b75889db10c73803be4f250591e1a8c33f2cf191f2
신발,고대마령의군화'흑6성,a6b3f2a8239fe63c471e72b75889db10c73803be4f250591e1a8c33f2cf191f2
목/어깨장식,고대마령의목걸이8성,a6b3f2a8239fe63c471e72b75889db10c73803be4f250591e1a8c33f2cf191f2
캐시 무기,행운의채굴곡괭이,a6b3f2a8239fe63c471e72b75889db10c73803be4f250591e1a8c33f2cf191f2
캐시 방패/보조무기,,a6b3f2a8239fe63c471e72b75889db10c73803be4f250591e1a8c33f2cf191f2
캐시 얼굴장식,유니콘음악대반짝이,a6b3f2a8239fe63c471e72b75889db10c73803be4f250591e1a8c33f2cf191f2
캐시 망토,,a6b3f2a8239fe63c471e72b75889db10c73803be4f250591e1a8c33f2cf191f2
캐시 신발,베베별자국,a6b3f2a8239fe63c471e72b75889db10c73803be4f250591e1a8c33f2cf191f2
캐시 목/어깨장식,대재앙하트목걸이,a6b3f2a8239fe63c471e72b75889db10c73803be4f250591e1a8c33f2cf191f2
세트옷,[괴수의상]아이라바타3성,a6b3f2a8239fe63c471e72b75889db10c73803be4f250591e1a8c33f2cf191f2
캐시 세트옷,미'이화선인분신,a6b3f2a8239fe63c471e72b75889db10c73803be4f250591e1a8c33f2cf191f2
장신구,붉은토끼풀노리개1성,a6b3f2a8239fe63c471e72b75889db10c73803be4f250591e1a8c33f2cf191f2
캐시 장신구,초코델리귀걸이,a6b3f2a8239fe63c471e72b75889db10c73803be4f250591e1a8c33f2cf191f2
무기,용천제십검,cea3efa72234ef624c109abcf2ef94eb804ec41b968ad24f49fe8dbc6aded16f
갑옷,패자황금갑주,cea3efa72234ef624c109abcf2ef94eb804ec41b968ad24f49fe8dbc6aded16f
방패/보조무기,고대마령의단검8성,cea3efa72234ef624c109abcf2ef94eb804ec41b968ad24f49fe8dbc6aded16f
투구,고대마령투구10성,cea3efa72234ef624c109abcf2ef94eb804ec41b968ad24f49fe8dbc6aded16f
왼손,금린반지6성,cea3efa72234ef624c109abcf2ef94eb804ec41b968ad24f49fe8dbc6aded16f
오른손,금린반지6성,cea3efa72234ef624c109abcf2ef94eb804ec41b968ad24f49fe8dbc6aded16f
보조1,마령의노리개'월10성,cea3efa72234ef624c109abcf2ef94eb804ec41b968ad24f49fe8dbc6aded16f
보조2,빛나는마사의귀목,cea3efa72234ef624c109abcf2ef94eb804ec41b968ad24f49fe8dbc6aded16f
얼굴장식,고대마령의암막8성,cea3efa72234ef624c109abcf2ef94eb804ec41b968ad24f49fe8dbc6aded16f
캐시 투구,딱콩아프로머리,cea3efa72234ef624c109abcf2ef94eb804ec41b968ad24f49fe8dbc6aded16f
망토,무신귀갑주7성,cea3efa72234ef624c109abcf2ef94eb804ec41b968ad24f49fe8dbc6aded16f
캐시 겉옷,바람비키니수영복,cea3efa72234ef624c109abcf2ef94eb804ec41b968ad24f49fe8dbc6aded16f
신발,사령웅의앞발,cea3efa72234ef624c109abcf2ef94eb804ec41b968ad24f49fe8dbc6aded16f
목/어깨장식,고대마령의목걸이8성,cea3efa72234ef624c109abcf2ef94eb804ec41b968ad24f49fe8dbc6aded16f
캐시 무기,사이버펑크메가폰,cea3efa72234ef624c109abcf2ef94eb804ec41b968ad24f49fe8dbc6aded16f
캐시 방패/보조무기,발아래까치,cea3efa72234ef624c109abcf2ef94eb804ec41b968ad24f49fe8dbc6aded16f
캐시 얼굴장식,,cea3efa72234ef624c109abcf2ef94eb804ec41b968ad24f49fe8dbc6aded16f
캐시 망토,사랑의플라워날개,cea3efa72234ef624c109abcf2ef94eb804ec41b968ad24f49fe8dbc6aded16f
캐시 신발,겨울반딧불,cea3efa72234ef624c109abcf2ef94eb804ec41b968ad24f49fe8dbc6aded16f
캐시 목/어깨장식,가넷하트목걸이,cea3efa72234ef624c109abcf2ef94eb804ec41b968ad24f49fe8dbc6aded16f
세트옷,[괴수의상]아그니1성,cea3efa72234ef624c109abcf2ef94eb804ec41b968ad24f49fe8dbc6aded16f
캐시 세트옷,고대[신수]청룡神,cea3efa72234ef624c109abcf2ef94eb804ec41b968ad24f49fe8dbc6aded16f
장신구,붉은토끼풀노리개2성,cea3efa72234ef624c109abcf2ef94eb804ec41b968ad24f49fe8dbc6aded16f
캐시 장신구,공룡우비,cea3efa72234ef624c109abcf2ef94eb804ec41b968ad24f49fe8dbc6aded16f
무기,용천제십검,7ed76b1d4fc369b5b0719af107c3b1f1e19d72da277665010cfbed89d2ae443b
갑옷,현무불괴갑,7ed76b1d4fc369b5b0719af107c3b1f1e19d72da277665010cfbed89d2ae443b
방패/보조무기,환웅의방패'9성,7ed76b1d4fc369b5b0719af107c3b1f1e19d72da277665010cfbed89d2ae443b
투구,용아투구'천8성,7ed76b1d4fc369b5b0719af107c3b1f1e19d72da277665010cfbed89d2ae443b
왼손,패자황금팔찌,7ed76b1d4fc369b5b0719af107c3b1f1e19d72da277665010cfbed89d2ae443b
오른손,패자황금팔찌,7ed76b1d4fc369b5b0719af107c3b1f1e19d72da277665010cfbed89d2ae443b
보조1,마사의귀목,7ed76b1d4fc369b5b0719af107c3b1f1e19d72da277665010cfbed89d2ae443b
보조2,빛나는마사의귀목,7ed76b1d4fc369b5b0719af107c3b1f1e19d72da277665010cfbed89d2ae443b
얼굴장식,고대마령의암막7성,7ed76b1d4fc369b5b0719af107c3b1f1e19d72da277665010cfbed89d2ae443b
캐시 투구,커플토끼밴드,7ed76b1d4fc369b5b0719af107c3b1f1e19d72da277665010cfbed89d2ae443b
망토,용성장견'천8성,7ed76b1d4fc369b5b0719af107c3b1f1e19d72da277665010cfbed89d2ae443b
캐시 겉옷,토끼소녀의상No01,7ed76b1d4fc369b5b0719af107c3b1f1e19d72da277665010cfbed89d2ae443b
신발,고대마령의군화'흑8성,7ed76b1d4fc369b5b0719af107c3b1f1e19d72da277665010cfbed89d2ae443b
목/어깨장식,고대마령의목걸이8성,7ed76b1d4fc369b5b0719af107c3b1f1e19d72da277665010cfbed89d2ae443b
캐시 무기,행운의채굴곡괭이,7ed76b1d4fc369b5b0719af107c3b1f1e19d72da277665010cfbed89d2ae443b
캐시 방패/보조무기,,7ed76b1d4fc369b5b0719af107c3b1f1e19d72da277665010cfbed89d2ae443b
캐시 얼굴장식,,7ed76b1d4fc369b5b0719af107c3b1f1e19d72da277665010cfbed89d2ae443b
캐시 망토,환계나비정령,7ed76b1d4fc369b5b0719af107c3b1f1e19d72da277665010cfbed89d2ae443b
캐시 신발,[콩림]차사신,7ed76b1d4fc369b5b0719af107c3b1f1e19d72da277665010cfbed89d2ae443b
캐시 목/어깨장식,웨딩목걸이,7ed76b1d4fc369b5b0719af107c3b1f1e19d72da277665010cfbed89d2ae443b
세트옷,[괴수의상]아그니1성,7ed76b1d4fc369b5b0719af107c3b1f1e19d72da277665010cfbed89d2ae443b
캐시 세트옷,고대[신수]망또No02,7ed76b1d4fc369b5b0719af107c3b1f1e19d72da277665010cfbed89d2ae443b
장신구,붉은토끼풀노리개3성,7ed76b1d4fc369b5b0719af107c3b1f1e19d72da277665010cfbed89d2ae443b
캐시 장신구,금빛화랑귀걸이,7ed76b1d4fc369b5b0719af107c3b1f1e19d72da277665010cfbed89d2ae443b
무기,용천제십검,32a83927827a6adbb65ed52982b58f9cd74597df79e65eb0e762e8a7d848447e
갑옷,환웅의갑주'9성,32a83927827a6adbb65ed52982b58f9cd74597df79e65eb0e762e8a7d848447e
방패/보조무기,고대마령의단검8성,32a83927827a6adbb65ed52982b58f9cd74597df79e65eb0e762e8a7d848447e
투구,고대마령투구10성,32a83927827a6adbb65ed52982b58f9cd74597df79e65eb0e762e8a7d848447e
왼손,환웅의천수'9성,32a83927827a6adbb65ed52982b58f9cd74597df79e65eb0e762e8a7d848447e
오른손,환웅의천수'9성,32a83927827a6adbb65ed52982b58f9cd74597df79e65eb0e762e8a7d848447e
보조1,마사의귀목,32a83927827a6adbb65ed52982b58f9cd74597df79e65eb0e762e8a7d848447e
보조2,마사의귀목,32a83927827a6adbb65ed52982b58f9cd74597df79e65eb0e762e8a7d848447e
얼굴장식,조사장의가면,32a83927827a6adbb65ed52982b58f9cd74597df79e65eb0e762e8a7d848447e
캐시 투구,커플리본밴드,32a83927827a6adbb65ed52982b58f9cd74597df79e65eb0e762e8a7d848447e
망토,패마황의망토,32a83927827a6adbb65ed52982b58f9cd74597df79e65eb0e762e8a7d848447e
캐시 겉옷,[20주년]정장No02,32a83927827a6adbb65ed52982b58f9cd74597df79e65eb0e762e8a7d848447e
신발,고대마령의군화'흑8성,32a83927827a6adbb65ed52982b58f9cd74597df79e65eb0e762e8a7d848447e
목/어깨장식,고대마령의목걸이8성,32a83927827a6adbb65ed52982b58f9cd74597df79e65eb0e762e8a7d848447e
캐시 무기,GM용천검,32a83927827a6adbb65ed52982b58f9cd74597df79e65eb0e762e8a7d848447e
캐시 방패/보조무기,애니멀펑크고양이친구,32a83927827a6adbb65ed52982b58f9cd74597df79e65eb0e762e8a7d848447e
캐시 얼굴장식,눈장식:칼라렌즈(흑진주),32a83927827a6adbb65ed52982b58f9cd74597df79e65eb0e762e8a7d848447e
캐시 망토,,32a83927827a6adbb65ed52982b58f9cd74597df79e65eb0e762e8a7d848447e
캐시 신발,토끼발자국No01,32a83927827a6adbb65ed52982b58f9cd74597df79e65eb0e762e8a7d848447e
캐시 목/어깨장식,바닷바람따뜻한하트,32a83927827a6adbb65ed52982b58f9cd74597df79e65eb0e762e8a7d848447e
세트옷,[괴수의상]바루나1성,32a83927827a6adbb65ed52982b58f9cd74597df79e65eb0e762e8a7d848447e
캐시 세트옷,[구]망또No05,32a83927827a6adbb65ed52982b58f9cd74597df79e65eb0e762e8a7d848447e
장신구,봉황삼작금노리개1성,32a83927827a6adbb65ed52982b58f9cd74597df79e65eb0e762e8a7d848447e
캐시 장신구,가을홀릭이어링No02,32a83927827a6adbb65ed52982b58f9cd74597df79e65eb0e762e8a7d848447e
무기,필멸,26774dbae72b7e062e8e0079708b2c8dcd4f387f417f538930eaf558d44956fe
갑옷,태광천신의복8성,26774dbae72b7e062e8e0079708b2c8dcd4f387f417f538930eaf558d44956fe
방패/보조무기,고대마령의단검6성,26774dbae72b7e062e8e0079708b2c8dcd4f387f417f538930eaf558d44956fe
투구,환웅의두건'7성,26774dbae72b7e062e8e0079708b2c8dcd4f387f417f538930eaf558d44956fe
왼손,용발톱흑광노리개9성,26774dbae72b7e062e8e0079708b2c8dcd4f387f417f538930eaf558d44956fe
오른손,용발톱흑광노리개9성,26774dbae72b7e062e8e0079708b2c8dcd4f387f417f538930eaf558d44956fe
보조1,마사의귀목,26774dbae72b7e062e8e0079708b2c8dcd4f387f417f538930eaf558d44956fe
보조2,빛나는마사의귀목,26774dbae72b7e062e8e0079708b2c8dcd4f387f417f538930eaf558d44956fe
얼굴장식,고대마령의암막8성,26774dbae72b7e062e8e0079708b2c8dcd4f387f417f538930eaf558d44956fe
캐시 투구,불꽃해골가면,26774dbae72b7e062e8e0079708b2c8dcd4f387f417f538930eaf558d44956fe
망토,무신귀갑주7성,26774dbae72b7e062e8e0079708b2c8dcd4f387f417f538930eaf558d44956fe
캐시 겉옷,값진설날교복(남),26774dbae72b7e062e8e0079708b2c8dcd4f387f417f538930eaf558d44956fe
신발,고대마령의군화'흑6성,26774dbae72b7e062e8e0079708b2c8dcd4f387f417f538930eaf558d44956fe
목/어깨장식,고대마령의목걸이8성,26774dbae72b7e062e8e0079708b2c8dcd4f387f417f538930eaf558d44956fe
캐시 무기,행운의채굴곡괭이,26774dbae72b7e062e8e0079708b2c8dcd4f387f417f538930eaf558d44956fe
캐시 방패/보조무기,발아래까치,26774dbae72b7e062e8e0079708b2c8dcd4f387f417f538930eaf558d44956fe
캐시 얼굴장식,,26774dbae72b7e062e8e0079708b2c8dcd4f387f417f538930eaf558d44956fe
캐시 망토,러블리키스No01,26774dbae72b7e062e8e0079708b2c8dcd4f387f417f538930eaf558d44956fe
캐시 신발,할로윈악마빛,26774dbae72b7e062e8e0079708b2c8dcd4f387f417f538930eaf558d44956fe
캐시 목/어깨장식,바닷가방수케이스,26774dbae72b7e062e8e0079708b2c8dcd4f387f417f538930eaf558d44956fe
세트옷,[괴수의상]아그니1성,26774dbae72b7e062e8e0079708b2c8dcd4f387f417f538930eaf558d44956fe
캐시 세트옷,[구]망또No08,26774dbae72b7e062e8e0079708b2c8dcd4f387f417f538930eaf558d44956fe
장신구,파란나비노리개1성,26774dbae72b7e062e8e0079708b2c8dcd4f387f417f538930eaf558d44956fe
캐시 장신구,,26774dbae72b7e062e8e0079708b2c8dcd4f387f417f538930eaf558d44956fe
무기,용천제십검,79f43ed4e68b03c6ffeb1e6f2924d5bf4da58b52531dba53d0bce3a93b78d7c5
갑옷,용천파천갑8성,79f43ed4e68b03c6ffeb1e6f2924d5bf4da58b52531dba53d0bce3a93b78d7c5
방패/보조무기,고대마령의단검8성,79f43ed4e68b03c6ffeb1e6f2924d5bf4da58b52531dba53d0bce3a93b78d7c5
투구,용아투구'천8성,79f43ed4e68b03c6ffeb1e6f2924d5bf4da58b52531dba53d0bce3a93b78d7c5
왼손,용발톱흑광노리개9성,79f43ed4e68b03c6ffeb1e6f2924d5bf4da58b52531dba53d0bce3a93b78d7c5
오른손,용발톱흑광노리개9성,79f43ed4e68b03c6ffeb1e6f2924d5bf4da58b52531dba53d0bce3a93b78d7c5
보조1,마령의노리개'흑8성,79f43ed4e68b03c6ffeb1e6f2924d5bf4da58b52531dba53d0bce3a93b78d7c5
보조2,마사의귀목,79f43ed4e68b03c6ffeb1e6f2924d5bf4da58b52531dba53d0bce3a93b78d7c5
얼굴장식,고대마령의암막8성,79f43ed4e68b03c6ffeb1e6f2924d5bf4da58b52531dba53d0bce3a93b78d7c5
캐시 투구,유랑머리No01(남),79f43ed4e68b03c6ffeb1e6f2924d5bf4da58b52531dba53d0bce3a93b78d7c5
망토,용성장견'천8성,79f43ed4e68b03c6ffeb1e6f2924d5bf4da58b52531dba53d0bce3a93b78d7c5
캐시 겉옷,자객옷,79f43ed4e68b03c6ffeb1e6f2924d5bf4da58b52531dba53d0bce3a93b78d7c5
신발,고대마령의군화'흑8성,79f43ed4e68b03c6ffeb1e6f2924d5bf4da58b52531dba53d0bce3a93b78d7c5
목/어깨장식,고대마령의목걸이8성,79f43ed4e68b03c6ffeb1e6f2924d5bf4da58b52531dba53d0bce3a93b78d7c5
캐시 무기,GM용천검,79f43ed4e68b03c6ffeb1e6f2924d5bf4da58b52531dba53d0bce3a93b78d7c5
캐시 방패/보조무기,,79f43ed4e68b03c6ffeb1e6f2924d5bf4da58b52531dba53d0bce3a93b78d7c5
캐시 얼굴장식,삼촌수염,79f43ed4e68b03c6ffeb1e6f2924d5bf4da58b52531dba53d0bce3a93b78d7c5
캐시 망토,은은한꽃바람,79f43ed4e68b03c6ffeb1e6f2924d5bf4da58b52531dba53d0bce3a93b78d7c5
캐시 신발,나비하양반짝,79f43ed4e68b03c6ffeb1e6f2924d5bf4da58b52531dba53d0bce3a93b78d7c5
캐시 목/어깨장식,애완령'영(어깨),79f43ed4e68b03c6ffeb1e6f2924d5bf4da58b52531dba53d0bce3a93b78d7c5
세트옷,[괴수의상]아그니1성,79f43ed4e68b03c6ffeb1e6f2924d5bf4da58b52531dba53d0bce3a93b78d7c5
캐시 세트옷,,79f43ed4e68b03c6ffeb1e6f2924d5bf4da58b52531dba53d0bce3a93b78d7c5
장신구,자수원앙노리개2성,79f43ed4e68b03c6ffeb1e6f2924d5bf4da58b52531dba53d0bce3a93b78d7c5
캐시 장신구,금빛화랑귀걸이,79f43ed4e68b03c6ffeb1e6f2924d5bf4da58b52531dba53d0bce3a93b78d7c5
무기,용천제십검,38441da553014f720a9145492482a29e285b9373074b35ab510ac56899968390
갑옷,용천파천갑8성,38441da553014f720a9145492482a29e285b9373074b35ab510ac56899968390
방패/보조무기,고대마령의단검6성,38441da553014f720a9145492482a29e285b9373074b35ab510ac56899968390
투구,용아투구'천8성,38441da553014f720a9145492482a29e285b9373074b35ab510ac56899968390
왼손,[상급]봉래산반지,38441da553014f720a9145492482a29e285b9373074b35ab510ac56899968390
오른손,[상급]봉래산반지,38441da553014f720a9145492482a29e285b9373074b35ab510ac56899968390
보조1,마사의귀목,38441da553014f720a9145492482a29e285b9373074b35ab510ac56899968390
보조2,마사의귀목,38441da553014f720a9145492482a29e285b9373074b35ab510ac56899968390
얼굴장식,조사장의가면,38441da553014f720a9145492482a29e285b9373074b35ab510ac56899968390
캐시 투구,한가위토깽의귀(흑),38441da553014f720a9145492482a29e285b9373074b35ab510ac56899968390
망토,패마황의망토,38441da553014f720a9145492482a29e285b9373074b35ab510ac56899968390
캐시 겉옷,꽃도령도포No01,38441da553014f720a9145492482a29e285b9373074b35ab510ac56899968390
신발,고대마령의군화'흑6성,38441da553014f720a9145492482a29e285b9373074b35ab510ac56899968390
목/어깨장식,고대마령의목걸이7성,38441da553014f720a9145492482a29e285b9373074b35ab510ac56899968390
캐시 무기,커다란곰돌이인형,38441da553014f720a9145492482a29e285b9373074b35ab510ac56899968390
캐시 방패/보조무기,나사펫상어,38441da553014f720a9145492482a29e285b9373074b35ab510ac56899968390
캐시 얼굴장식,눈장식:댕댕,38441da553014f720a9145492482a29e285b9373074b35ab510ac56899968390
캐시 망토,은은한꽃바람No01,38441da553014f720a9145492482a29e285b9373074b35ab510ac56899968390
캐시 신발,유성우,38441da553014f720a9145492482a29e285b9373074b35ab510ac56899968390
캐시 목/어깨장식,만월토끼목걸이,38441da553014f720a9145492482a29e285b9373074b35ab510ac56899968390
세트옷,[괴수의상]아이라바타1성,38441da553014f720a9145492482a29e285b9373074b35ab510ac56899968390
캐시 세트옷,[구]망또No05,38441da553014f720a9145492482a29e285b9373074b35ab510ac56899968390
장신구,붉은토끼풀노리개1성,38441da553014f720a9145492482a29e285b9373074b35ab510ac56899968390
캐시 장신구,달콤반짝이No03,38441da553014f720a9145492482a29e285b9373074b35ab510ac56899968390
무기,협가검8성,909e4a1454bee79f2d33d3df7305fce8c87713a390fc39cd3ce4bda4c14d7a1c
갑옷,패자황금갑주,909e4a1454bee79f2d33d3df7305fce8c87713a390fc39cd3ce4bda4c14d7a1c
방패/보조무기,무신귀면방7성,909e4a1454bee79f2d33d3df7305fce8c87713a390fc39cd3ce4bda4c14d7a1c
투구,패자의왕관,909e4a1454bee79f2d33d3df7305fce8c87713a390fc39cd3ce4bda4c14d7a1c
왼손,태염반지6성,909e4a1454bee79f2d33d3df7305fce8c87713a390fc39cd3ce4bda4c14d7a1c
오른손,태염반지6성,909e4a1454bee79f2d33d3df7305fce8c87713a390fc39cd3ce4bda4c14d7a1c
보조1,마사의귀목,909e4a1454bee79f2d33d3df7305fce8c87713a390fc39cd3ce4bda4c14d7a1c
보조2,마사의귀목,909e4a1454bee79f2d33d3df7305fce8c87713a390fc39cd3ce4bda4c14d7a1c
얼굴장식,고대마령의표식7성,909e4a1454bee79f2d33d3df7305fce8c87713a390fc39cd3ce4bda4c14d7a1c
캐시 투구,한밤꿈티아라,909e4a1454bee79f2d33d3df7305fce8c87713a390fc39cd3ce4bda4c14d7a1c
망토,무신귀갑주7성,909e4a1454bee79f2d33d3df7305fce8c87713a390fc39cd3ce4bda4c14d7a1c
캐시 겉옷,한밤꿈요정의복,909e4a1454bee79f2d33d3df7305fce8c87713a390fc39cd3ce4bda4c14d7a1c
신발,사령웅의앞발,909e4a1454bee79f2d33d3df7305fce8c87713a390fc39cd3ce4bda4c14d7a1c
목/어깨장식,진'흉수의인장,909e4a1454bee79f2d33d3df7305fce8c87713a390fc39cd3ce4bda4c14d7a1c
캐시 무기,,909e4a1454bee79f2d33d3df7305fce8c87713a390fc39cd3ce4bda4c14d7a1c
캐시 방패/보조무기,발아래까치,909e4a1454bee79f2d33d3df7305fce8c87713a390fc39cd3ce4bda4c14d7a1c
캐시 얼굴장식,[30주년]넥슨히어로하트,909e4a1454bee79f2d33d3df7305fce8c87713a390fc39cd3ce4bda4c14d7a1c
캐시 망토,한밤꿈요정날개,909e4a1454bee79f2d33d3df7305fce8c87713a390fc39cd3ce4bda4c14d7a1c
캐시 신발,값진반짝클로버,909e4a1454bee79f2d33d3df7305fce8c87713a390fc39cd3ce4bda4c14d7a1c
캐시 목/어깨장식,,909e4a1454bee79f2d33d3df7305fce8c87713a390fc39cd3ce4bda4c14d7a1c
세트옷,도깨비탐,909e4a1454bee79f2d33d3df7305fce8c87713a390fc39cd3ce4bda4c14d7a1c
캐시 세트옷,,909e4a1454bee79f2d33d3df7305fce8c87713a390fc39cd3ce4bda4c14d7a1c
장신구,파란나비노리개2성,909e4a1454bee79f2d33d3df7305fce8c87713a390fc39cd3ce4bda4c14d7a1c
캐시 장신구,금빛화랑귀걸이,909e4a1454bee79f2d33d3df7305fce8c87713a390fc39cd3ce4bda4c14d7a1c
무기,용천제십검,3dd96c3a072017151e51163b1985523cda85c981e6f6c70048f960f3aa75b57f
갑옷,패자황금갑주,3dd96c3a072017151e51163b1985523cda85c981e6f6c70048f960f3aa75b57f
방패/보조무기,환웅의방패'9성,3dd96c3a072017151e51163b1985523cda85c981e6f6c70048f960f3aa75b57f
투구,용아투구'천8성,3dd96c3a072017151e51163b1985523cda85c981e6f6c70048f960f3aa75b57f
왼손,패자황금팔찌,3dd96c3a072017151e51163b1985523cda85c981e6f6c70048f960f3aa75b57f
오른손,패자황금팔찌,3dd96c3a072017151e51163b1985523cda85c981e6f6c70048f960f3aa75b57f
보조1,마사의귀목,3dd96c3a072017151e51163b1985523cda85c981e6f6c70048f960f3aa75b57f
보조2,마사의귀목,3dd96c3a072017151e51163b1985523cda85c981e6f6c70048f960f3aa75b57f
얼굴장식,고대마령의암막8성,3dd96c3a072017151e51163b1985523cda85c981e6f6c70048f960f3aa75b57f
캐시 투구,가을홀릭소년헤어No02,3dd96c3a072017151e51163b1985523cda85c981e6f6c70048f960f3aa75b57f
망토,용성장견'천8성,3dd96c3a072017151e51163b1985523cda85c981e6f6c70048f960f3aa75b57f
캐시 겉옷,뽀짝피그남자의상No01,3dd96c3a072017151e51163b1985523cda85c981e6f6c70048f960f3aa75b57f
신발,고대마령의군화'흑8성,3dd96c3a072017151e51163b1985523cda85c981e6f6c70048f960f3aa75b57f
목/어깨장식,고대마령의목걸이8성,3dd96c3a072017151e51163b1985523cda85c981e6f6c70048f960f3aa75b57f
캐시 무기,오래된채굴곡괭이,3dd96c3a072017151e51163b1985523cda85c981e6f6c70048f960f3aa75b57f
캐시 방패/보조무기,,3dd96c3a072017151e51163b1985523cda85c981e6f6c70048f960f3aa75b57f
캐시 얼굴장식,,3dd96c3a072017151e51163b1985523cda85c981e6f6c70048f960f3aa75b57f
캐시 망토,벚꽃장식No02,3dd96c3a072017151e51163b1985523cda85c981e6f6c70048f960f3aa75b57f
캐시 신발,나비하양반짝,3dd96c3a072017151e51163b1985523cda85c981e6f6c70048f960f3aa75b57f
캐시 목/어깨장식,웨딩목걸이,3dd96c3a072017151e51163b1985523cda85c981e6f6c70048f960f3aa75b57f
세트옷,강철의탐,3dd96c3a072017151e51163b1985523cda85c981e6f6c70048f960f3aa75b57f
캐시 세트옷,[구]망또No04,3dd96c3a072017151e51163b1985523cda85c981e6f6c70048f960f3aa75b57f
장신구,붉은토끼풀노리개3성,3dd96c3a072017151e51163b1985523cda85c981e6f6c70048f960f3aa75b57f
캐시 장신구,양양귀No01,3dd96c3a072017151e51163b1985523cda85c981e6f6c70048f960f3aa75b57f
무기,용랑제십봉,8955c646754c7c83e6ad590f085c9fecadf35062f1ac1f3de2c07ccfe0d30942
갑옷,패자황금갑주,8955c646754c7c83e6ad590f085c9fecadf35062f1ac1f3de2c07ccfe0d30942
방패/보조무기,,8955c646754c7c83e6ad590f085c9fecadf35062f1ac1f3de2c07ccfe0d30942
투구,태광천신금잠7성,8955c646754c7c83e6ad590f085c9fecadf35062f1ac1f3de2c07ccfe0d30942
왼손,용뿔흑광노리개9성,8955c646754c7c83e6ad590f085c9fecadf35062f1ac1f3de2c07ccfe0d30942
오른손,환웅의팔찌'9성,8955c646754c7c83e6ad590f085c9fecadf35062f1ac1f3de2c07ccfe0d30942
보조1,투명구두,8955c646754c7c83e6ad590f085c9fecadf35062f1ac1f3de2c07ccfe0d30942
보조2,마사의귀목,8955c646754c7c83e6ad590f085c9fecadf35062f1ac1f3de2c07ccfe0d30942
얼굴장식,시바의시선,8955c646754c7c83e6ad590f085c9fecadf35062f1ac1f3de2c07ccfe0d30942
캐시 투구,꽃을든남친헤어No01,8955c646754c7c83e6ad590f085c9fecadf35062f1ac1f3de2c07ccfe0d30942
망토,천마성의망토,8955c646754c7c83e6ad590f085c9fecadf35062f1ac1f3de2c07ccfe0d30942
캐시 겉옷,바람정장'백,8955c646754c7c83e6ad590f085c9fecadf35062f1ac1f3de2c07ccfe0d30942
신발,사령웅의앞발,8955c646754c7c83e6ad590f085c9fecadf35062f1ac1f3de2c07ccfe0d30942
목/어깨장식,고대마령의목걸이6성,8955c646754c7c83e6ad590f085c9fecadf35062f1ac1f3de2c07ccfe0d30942
캐시 무기,밀크티스푼No02,8955c646754c7c83e6ad590f085c9fecadf35062f1ac1f3de2c07ccfe0d30942
캐시 방패/보조무기,,8955c646754c7c83e6ad590f085c9fecadf35062f1ac1f3de2c07ccfe0d30942
캐시 얼굴장식,,8955c646754c7c83e6ad590f085c9fecadf35062f1ac1f3de2c07ccfe0d30942
캐시 망토,검은요정날개,8955c646754c7c83e6ad590f085c9fecadf35062f1ac1f3de2c07ccfe0d30942
캐시 신발,,8955c646754c7c83e6ad590f085c9fecadf35062f1ac1f3de2c07ccfe0d30942
캐시 목/어깨장식,아기턱받이No02,8955c646754c7c83e6ad590f085c9fecadf35062f1ac1f3de2c07ccfe0d30942
세트옷,[괴수의상]아이라바타1성,8955c646754c7c83e6ad590f085c9fecadf35062f1ac1f3de2c07ccfe0d30942
캐시 세트옷,,8955c646754c7c83e6ad590f085c9fecadf35062f1ac1f3de2c07ccfe0d30942
장신구,파란나비노리개3성,8955c646754c7c83e6ad590f085c9fecadf35062f1ac1f3de2c07ccfe0d30942
캐시 장신구,검은마스크,8955c646754c7c83e6ad590f085c9fecadf35062f1ac1f3de2c07ccfe0d30942
무기,황염곤봉9성,c27c037e6834c68bf34939e4b7fbc5582c80a75b10a900bae7267f7b22c88765
갑옷,용랑멸아의8성,c27c037e6834c68bf34939e4b7fbc5582c80a75b10a900bae7267f7b22c88765
방패/보조무기,,c27c037e6834c68bf34939e4b7fbc5582c80a75b10a900bae7267f7b22c88765
투구,태광천신금잠9성,c27c037e6834c68bf34939e4b7fbc5582c80a75b10a900bae7267f7b22c88765
왼손,환웅의장갑'9성,c27c037e6834c68bf34939e4b7fbc5582c80a75b10a900bae7267f7b22c88765
오른손,용발톱흑광노리개9성,c27c037e6834c68bf34939e4b7fbc5582c80a75b10a900bae7267f7b22c88765
보조1,빛나는마사의귀목,c27c037e6834c68bf34939e4b7fbc5582c80a75b10a900bae7267f7b22c88765
보조2,마사의귀목,c27c037e6834c68bf34939e4b7fbc5582c80a75b10a900bae7267f7b22c88765
얼굴장식,고대마령의암막8성,c27c037e6834c68bf34939e4b7fbc5582c80a75b10a900bae7267f7b22c88765
캐시 투구,,c27c037e6834c68bf34939e4b7fbc5582c80a75b10a900bae7267f7b22c88765
망토,용성신부'랑8성,c27c037e6834c68bf34939e4b7fbc5582c80a75b10a900bae7267f7b22c88765
캐시 겉옷,,c27c037e6834c68bf34939e4b7fbc5582c80a75b10a900bae7267f7b22c88765
신발,고대마령의군화'흑8성,c27c037e6834c68bf34939e4b7fbc5582c80a75b10a900bae7267f7b22c88765
목/어깨장식,진'흉수의인장,c27c037e6834c68bf34939e4b7fbc5582c80a75b10a900bae7267f7b22c88765
캐시 무기,,c27c037e6834c68bf34939e4b7fbc5582c80a75b10a900bae7267f7b22c88765
캐시 방패/보조무기,,c27c037e6834c68bf34939e4b7fbc5582c80a75b10a900bae7267f7b22c88765
캐시 얼굴장식,,c27c037e6834c68bf34939e4b7fbc5582c80a75b10a900bae7267f7b22c88765
캐시 망토,,c27c037e6834c68bf34939e4b7fbc5582c80a75b10a900bae7267f7b22c88765
캐시 신발,,c27c037e6834c68bf34939e4b7fbc5582c80a75b10a900bae7267f7b22c88765
캐시 목/어깨장식,,c27c037e6834c68bf34939e4b7fbc5582c80a75b10a900bae7267f7b22c88765
세트옷,[괴수의상]아이라바타1성,c27c037e6834c68bf34939e4b7fbc5582c80a75b10a900bae7267f7b22c88765
캐시 세트옷,진'싸울아비분신,c27c037e6834c68bf34939e4b7fbc5582c80a75b10a900bae7267f7b22c88765
장신구,붉은토끼풀노리개2성,c27c037e6834c68bf34939e4b7fbc5582c80a75b10a900bae7267f7b22c88765
캐시 장신구,,c27c037e6834c68bf34939e4b7fbc5582c80a75b10a900bae7267f7b22c88765
무기,용랑제십봉,700ee9549d95d38cba3c70ecb68bfc4304a92ab23a95a82a2e98e9c3db87507c
갑옷,패자황금갑주,700ee9549d95d38cba3c70ecb68bfc4304a92ab23a95a82a2e98e9c3db87507c
방패/보조무기,,700ee9549d95d38cba3c70ecb68bfc4304a92ab23a95a82a2e98e9c3db87507c
투구,태광천신금잠7성,700ee9549d95d38cba3c70ecb68bfc4304a92ab23a95a82a2e98e9c3db87507c
왼손,패자황금반지,700ee9549d95d38cba3c70ecb68bfc4304a92ab23a95a82a2e98e9c3db87507c
오른손,패자황금반지,700ee9549d95d38cba3c70ecb68bfc4304a92ab23a95a82a2e98e9c3db87507c
보조1,마사의귀목,700ee9549d95d38cba3c70ecb68bfc4304a92ab23a95a82a2e98e9c3db87507c
보조2,마사의귀목,700ee9549d95d38cba3c70ecb68bfc4304a92ab23a95a82a2e98e9c3db87507c
얼굴장식,흐릿한시바의시선,700ee9549d95d38cba3c70ecb68bfc4304a92ab23a95a82a2e98e9c3db87507c
캐시 투구,[먹물]내얼굴버터오징어,700ee9549d95d38cba3c70ecb68bfc4304a92ab23a95a82a2e98e9c3db87507c
망토,천마성의망토,700ee9549d95d38cba3c70ecb68bfc4304a92ab23a95a82a2e98e9c3db87507c
캐시 겉옷,둥글눈사람한벌옷,700ee9549d95d38cba3c70ecb68bfc4304a92ab23a95a82a2e98e9c3db87507c
신발,바루나의천수,700ee9549d95d38cba3c70ecb68bfc4304a92ab23a95a82a2e98e9c3db87507c
목/어깨장식,고대마령의목걸이8성,700ee9549d95d38cba3c70ecb68bfc4304a92ab23a95a82a2e98e9c3db87507c
캐시 무기,행운의채굴곡괭이,700ee9549d95d38cba3c70ecb68bfc4304a92ab23a95a82a2e98e9c3db87507c
캐시 방패/보조무기,에코백,700ee9549d95d38cba3c70ecb68bfc4304a92ab23a95a82a2e98e9c3db87507c
캐시 얼굴장식,고양이수염,700ee9549d95d38cba3c70ecb68bfc4304a92ab23a95a82a2e98e9c3db87507c
캐시 망토,멍멍이꼬리No01,700ee9549d95d38cba3c70ecb68bfc4304a92ab23a95a82a2e98e9c3db87507c
캐시 신발,바람정장구두,700ee9549d95d38cba3c70ecb68bfc4304a92ab23a95a82a2e98e9c3db87507c
캐시 목/어깨장식,포근목후드(검정),700ee9549d95d38cba3c70ecb68bfc4304a92ab23a95a82a2e98e9c3db87507c
세트옷,[괴수의상]아그니1성,700ee9549d95d38cba3c70ecb68bfc4304a92ab23a95a82a2e98e9c3db87507c
캐시 세트옷,고대[신수]황룡神,700ee9549d95d38cba3c70ecb68bfc4304a92ab23a95a82a2e98e9c3db87507c
장신구,붉은토끼풀노리개1성,700ee9549d95d38cba3c70ecb68bfc4304a92ab23a95a82a2e98e9c3db87507c
캐시 장신구,베베머리위뱁새,700ee9549d95d38cba3c70ecb68bfc4304a92ab23a95a82a2e98e9c3db87507c
무기,용랑제십봉,07202a165e9dbc3dc56101c8f30d6c24e221eb359c7f40f8ae500e9f112ae201
갑옷,환웅의치마'9성,07202a165e9dbc3dc56101c8f30d6c24e221eb359c7f40f8ae500e9f112ae201
방패/보조무기,,07202a165e9dbc3dc56101c8f30d6c24e221eb359c7f40f8ae500e9f112ae201
투구,용아천관'랑8성,07202a165e9dbc3dc56101c8f30d6c24e221eb359c7f40f8ae500e9f112ae201
왼손,환웅의반지'9성,07202a165e9dbc3dc56101c8f30d6c24e221eb359c7f40f8ae500e9f112ae201
오른손,태광노리개7성,07202a165e9dbc3dc56101c8f30d6c24e221eb359c7f40f8ae500e9f112ae201
보조1,빛나는마사의귀목,07202a165e9dbc3dc56101c8f30d6c24e221eb359c7f40f8ae500e9f112ae201
보조2,마령의노리개'흑10성,07202a165e9dbc3dc56101c8f30d6c24e221eb359c7f40f8ae500e9f112ae201
얼굴장식,시바의시선,07202a165e9dbc3dc56101c8f30d6c24e221eb359c7f40f8ae500e9f112ae201
캐시 투구,블레스공주헤어No02,07202a165e9dbc3dc56101c8f30d6c24e221eb359c7f40f8ae500e9f112ae201
망토,천마성의망토,07202a165e9dbc3dc56101c8f30d6c24e221eb359c7f40f8ae500e9f112ae201
캐시 겉옷,환계선녀의복,07202a165e9dbc3dc56101c8f30d6c24e221eb359c7f40f8ae500e9f112ae201
신발,고대마령의군화'흑8성,07202a165e9dbc3dc56101c8f30d6c24e221eb359c7f40f8ae500e9f112ae201
목/어깨장식,고대마령의목걸이8성,07202a165e9dbc3dc56101c8f30d6c24e221eb359c7f40f8ae500e9f112ae201
캐시 무기,,07202a165e9dbc3dc56101c8f30d6c24e221eb359c7f40f8ae500e9f112ae201
캐시 방패/보조무기,럭셔리왼손쇼핑백No01,07202a165e9dbc3dc56101c8f30d6c24e221eb359c7f40f8ae500e9f112ae201
캐시 얼굴장식,,07202a165e9dbc3dc56101c8f30d6c24e221eb359c7f40f8ae500e9f112ae201
캐시 망토,젖소무늬깃털효과No1,07202a165e9dbc3dc56101c8f30d6c24e221eb359c7f40f8ae500e9f112ae201
캐시 신발,환계연꽃궁정,07202a165e9dbc3dc56101c8f30d6c24e221eb359c7f40f8ae500e9f112ae201
캐시 목/어깨장식,,07202a165e9dbc3dc56101c8f30d6c24e221eb359c7f40f8ae500e9f112ae201
세트옷,[괴수의상]아그니1성,07202a165e9dbc3dc56101c8f30d6c24e221eb359c7f40f8ae500e9f112ae201
캐시 세트옷,진'이화선인분신,07202a165e9dbc3dc56101c8f30d6c24e221eb359c7f40f8ae500e9f112ae201
장신구,붉은토끼풀노리개3성,07202a165e9dbc3dc56101c8f30d6c24e221eb359c7f40f8ae500e9f112ae201
캐시 장신구,환계선녀삐죽귀,07202a165e9dbc3dc56101c8f30d6c24e221eb359c7f40f8ae500e9f112ae201
무기,용랑제십봉,8d802ca3e529848e84ae6865343afcaabec7474032a45ed478659ded5568b8f3
갑옷,용랑멸아의8성,8d802ca3e529848e84ae6865343afcaabec7474032a45ed478659ded5568b8f3
방패/보조무기,,8d802ca3e529848e84ae6865343afcaabec7474032a45ed478659ded5568b8f3
투구,용아천관'랑8성,8d802ca3e529848e84ae6865343afcaabec7474032a45ed478659ded5568b8f3
왼손,패자황금반지,8d802ca3e529848e84ae6865343afcaabec7474032a45ed478659ded5568b8f3
오른손,환웅의천수'9성,8d802ca3e529848e84ae6865343afcaabec7474032a45ed478659ded5568b8f3
보조1,아그니의적영,8d802ca3e529848e84ae6865343afcaabec7474032a45ed478659ded5568b8f3
보조2,빛나는마사의귀목,8d802ca3e529848e84ae6865343afcaabec7474032a45ed478659ded5568b8f3
얼굴장식,시바의시선,8d802ca3e529848e84ae6865343afcaabec7474032a45ed478659ded5568b8f3
캐시 투구,공항헤어No01여,8d802ca3e529848e84ae6865343afcaabec7474032a45ed478659ded5568b8f3
망토,천마성의망토,8d802ca3e529848e84ae6865343afcaabec7474032a45ed478659ded5568b8f3
캐시 겉옷,야옹집사의상(여),8d802ca3e529848e84ae6865343afcaabec7474032a45ed478659ded5568b8f3
신발,바루나의천수,8d802ca3e529848e84ae6865343afcaabec7474032a45ed478659ded5568b8f3
목/어깨장식,아이라바타의경식,8d802ca3e529848e84ae6865343afcaabec7474032a45ed478659ded5568b8f3
캐시 무기,행운의채굴곡괭이,8d802ca3e529848e84ae6865343afcaabec7474032a45ed478659ded5568b8f3
캐시 방패/보조무기,,8d802ca3e529848e84ae6865343afcaabec7474032a45ed478659ded5568b8f3
캐시 얼굴장식,눈장식:땡글,8d802ca3e529848e84ae6865343afcaabec7474032a45ed478659ded5568b8f3
캐시 망토,겨울한교복털망토,8d802ca3e529848e84ae6865343afcaabec7474032a45ed478659ded5568b8f3
캐시 신발,바람레이스부츠,8d802ca3e529848e84ae6865343afcaabec7474032a45ed478659ded5568b8f3
캐시 목/어깨장식,웨딩목걸이,8d802ca3e529848e84ae6865343afcaabec7474032a45ed478659ded5568b8f3
세트옷,[괴수의상]아그니1성,8d802ca3e529848e84ae6865343afcaabec7474032a45ed478659ded5568b8f3
캐시 세트옷,[구]망또No07,8d802ca3e529848e84ae6865343afcaabec7474032a45ed478659ded5568b8f3
장신구,붉은토끼풀노리개3성,8d802ca3e529848e84ae6865343afcaabec7474032a45ed478659ded5568b8f3
캐시 장신구,대양의선원모자(여),8d802ca3e529848e84ae6865343afcaabec7474032a45ed478659ded5568b8f3
무기,환웅천봉'9각,5a2ac51fe2e0f394a925f5c45bd5669679db86a84b5f676822184a876a9cfbcc
갑옷,태광천신신복8성,5a2ac51fe2e0f394a925f5c45bd5669679db86a84b5f676822184a876a9cfbcc
방패/보조무기,,5a2ac51fe2e0f394a925f5c45bd5669679db86a84b5f676822184a876a9cfbcc
투구,태광천신금잠7성,5a2ac51fe2e0f394a925f5c45bd5669679db86a84b5f676822184a876a9cfbcc
왼손,태광노리개7성,5a2ac51fe2e0f394a925f5c45bd5669679db86a84b5f676822184a876a9cfbcc
오른손,태광노리개7성,5a2ac51fe2e0f394a925f5c45bd5669679db86a84b5f676822184a876a9cfbcc
보조1,마사의귀목,5a2ac51fe2e0f394a925f5c45bd5669679db86a84b5f676822184a876a9cfbcc
보조2,마사의귀목,5a2ac51fe2e0f394a925f5c45bd5669679db86a84b5f676822184a876a9cfbcc
얼굴장식,시바의시선,5a2ac51fe2e0f394a925f5c45bd5669679db86a84b5f676822184a876a9cfbcc
캐시 투구,초코델리소녀헤어,5a2ac51fe2e0f394a925f5c45bd5669679db86a84b5f676822184a876a9cfbcc
망토,무신귀갑주7성,5a2ac51fe2e0f394a925f5c45bd5669679db86a84b5f676822184a876a9cfbcc
캐시 겉옷,양치기소녀의상No01,5a2ac51fe2e0f394a925f5c45bd5669679db86a84b5f676822184a876a9cfbcc
신발,바루나의천수,5a2ac51fe2e0f394a925f5c45bd5669679db86a84b5f676822184a876a9cfbcc
목/어깨장식,단조의심단,5a2ac51fe2e0f394a925f5c45bd5669679db86a84b5f676822184a876a9cfbcc
캐시 무기,오래된채굴곡괭이,5a2ac51fe2e0f394a925f5c45bd5669679db86a84b5f676822184a876a9cfbcc
캐시 방패/보조무기,,5a2ac51fe2e0f394a925f5c45bd5669679db86a84b5f676822184a876a9cfbcc
캐시 얼굴장식,,5a2ac51fe2e0f394a925f5c45bd5669679db86a84b5f676822184a876a9cfbcc
캐시 망토,순백젖소무늬깃털,5a2ac51fe2e0f394a925f5c45bd5669679db86a84b5f676822184a876a9cfbcc
캐시 신발,토끼발자국No01,5a2ac51fe2e0f394a925f5c45bd5669679db86a84b5f676822184a876a9cfbcc
캐시 목/어깨장식,방탄담요,5a2ac51fe2e0f394a925f5c45bd5669679db86a84b5f676822184a876a9cfbcc
세트옷,[괴수의상]아이라바타1성,5a2ac51fe2e0f394a925f5c45bd5669679db86a84b5f676822184a876a9cfbcc
캐시 세트옷,고대티라노사우르스신수의상,5a2ac51fe2e0f394a925f5c45bd5669679db86a84b5f676822184a876a9cfbcc
장신구,붉은토끼풀노리개1성,5a2ac51fe2e0f394a925f5c45bd5669679db86a84b5f676822184a876a9cfbcc
캐시 장신구,초코델리귀걸이,5a2ac51fe2e0f394a925f5c45bd5669679db86a84b5f676822184a876a9cfbcc
무기,용랑제십봉,3d647a8be37dd844ad0c74e1801f9e2228ff9685cfc119839fcc341613e04501
갑옷,환웅의통옷'9성,3d647a8be37dd844ad0c74e1801f9e2228ff9685cfc119839fcc341613e04501
방패/보조무기,,3d647a8be37dd844ad0c74e1801f9e2228ff9685cfc119839fcc341613e04501
투구,고대마령신모10성,3d647a8be37dd844ad0c74e1801f9e2228ff9685cfc119839fcc341613e04501
왼손,패자황금반지,3d647a8be37dd844ad0c74e1801f9e2228ff9685cfc119839fcc341613e04501
오른손,패자황금반지,3d647a8be37dd844ad0c74e1801f9e2228ff9685cfc119839fcc341613e04501
보조1,투명구두,3d647a8be37dd844ad0c74e1801f9e2228ff9685cfc119839fcc341613e04501
보조2,빛나는마사의귀목,3d647a8be37dd844ad0c74e1801f9e2228ff9685cfc119839fcc341613e04501
얼굴장식,빛나는조사장의가면,3d647a8be37dd844ad0c74e1801f9e2228ff9685cfc119839fcc341613e04501
캐시 투구,[콩술사]고깔모자,3d647a8be37dd844ad0c74e1801f9e2228ff9685cfc119839fcc341613e04501
망토,천마성의망토,3d647a8be37dd844ad0c74e1801f9e2228ff9685cfc119839fcc341613e04501
캐시 겉옷,잠옷파티의상(여),3d647a8be37dd844ad0c74e1801f9e2228ff9685cfc119839fcc341613e04501
신발,용왕의신발,3d647a8be37dd844ad0c74e1801f9e2228ff9685cfc119839fcc341613e04501
목/어깨장식,고대마령의목걸이8성,3d647a8be37dd844ad0c74e1801f9e2228ff9685cfc119839fcc341613e04501
캐시 무기,바린족지팡이,3d647a8be37dd844ad0c74e1801f9e2228ff9685cfc119839fcc341613e04501
캐시 방패/보조무기,나락의사신염주,3d647a8be37dd844ad0c74e1801f9e2228ff9685cfc119839fcc341613e04501
캐시 얼굴장식,,3d647a8be37dd844ad0c74e1801f9e2228ff9685cfc119839fcc341613e04501
캐시 망토,바닐라봉봉장식No03,3d647a8be37dd844ad0c74e1801f9e2228ff9685cfc119839fcc341613e04501
캐시 신발,겨울반딧불,3d647a8be37dd844ad0c74e1801f9e2228ff9685cfc119839fcc341613e04501
캐시 목/어깨장식,웨딩목걸이,3d647a8be37dd844ad0c74e1801f9e2228ff9685cfc119839fcc341613e04501
세트옷,[괴수의상]아이라바타1성,3d647a8be37dd844ad0c74e1801f9e2228ff9685cfc119839fcc341613e04501
캐시 세트옷,깜찍주작유체,3d647a8be37dd844ad0c74e1801f9e2228ff9685cfc119839fcc341613e04501
장신구,붉은토끼풀노리개1성,3d647a8be37dd844ad0c74e1801f9e2228ff9685cfc119839fcc341613e04501
캐시 장신구,물방울무늬리본No01,3d647a8be37dd844ad0c74e1801f9e2228ff9685cfc119839fcc341613e04501
무기,고대마령의적혈봉7성,2871f3d79eb9d112c5c75d02a8282514c2f0c5ca839e232980a1ea598fb0fe0e
갑옷,태광천신의복8성,2871f3d79eb9d112c5c75d02a8282514c2f0c5ca839e232980a1ea598fb0fe0e
방패/보조무기,고대마령의단검6성,2871f3d79eb9d112c5c75d02a8282514c2f0c5ca839e232980a1ea598fb0fe0e
투구,태광천신금잠7성,2871f3d79eb9d112c5c75d02a8282514c2f0c5ca839e232980a1ea598fb0fe0e
왼손,쇄자황금반지,2871f3d79eb9d112c5c75d02a8282514c2f0c5ca839e232980a1ea598fb0fe0e
오른손,바람제영식반지,2871f3d79eb9d112c5c75d02a8282514c2f0c5ca839e232980a1ea598fb0fe0e
보조1,마령의노리개'월7성,2871f3d79eb9d112c5c75d02a8282514c2f0c5ca839e232980a1ea598fb0fe0e
보조2,아그니의적영,2871f3d79eb9d112c5c75d02a8282514c2f0c5ca839e232980a1ea598fb0fe0e
얼굴장식,고대마령의표식6성,2871f3d79eb9d112c5c75d02a8282514c2f0c5ca839e232980a1ea598fb0fe0e
캐시 투구,[할로윈]발레헤어No02,2871f3d79eb9d112c5c75d02a8282514c2f0c5ca839e232980a1ea598fb0fe0e
망토,무신귀갑주6성,2871f3d79eb9d112c5c75d02a8282514c2f0c5ca839e232980a1ea598fb0fe0e
캐시 겉옷,김장남의상No02,2871f3d79eb9d112c5c75d02a8282514c2f0c5ca839e232980a1ea598fb0fe0e
신발,사령웅의앞발,2871f3d79eb9d112c5c75d02a8282514c2f0c5ca839e232980a1ea598fb0fe0e
목/어깨장식,진'흉수의인장,2871f3d79eb9d112c5c75d02a8282514c2f0c5ca839e232980a1ea598fb0fe0e
캐시 무기,오래된채굴곡괭이,2871f3d79eb9d112c5c75d02a8282514c2f0c5ca839e232980a1ea598fb0fe0e
캐시 방패/보조무기,어쿠스틱슬링백,2871f3d79eb9d112c5c75d02a8282514c2f0c5ca839e232980a1ea598fb0fe0e
캐시 얼굴장식,,2871f3d79eb9d112c5c75d02a8282514c2f0c5ca839e232980a1ea598fb0fe0e
캐시 망토,멍멍이꼬리No02,2871f3d79eb9d112c5c75d02a8282514c2f0c5ca839e232980a1ea598fb0fe0e
캐시 신발,흩뿌려진꽃잎No01,2871f3d79eb9d112c5c75d02a8282514c2f0c5ca839e232980a1ea598fb0fe0e
캐시 목/어깨장식,선물리본장식(검정),2871f3d79eb9d112c5c75d02a8282514c2f0c5ca839e232980a1ea598fb0fe0e
세트옷,[괴수의상]바루나1성,2871f3d79eb9d112c5c75d02a8282514c2f0c5ca839e232980a1ea598fb0fe0e
캐시 세트옷,귀엽덕,2871f3d79eb9d112c5c75d02a8282514c2f0c5ca839e232980a1ea598fb0fe0e
장신구,자수원앙노리개1성,2871f3d79eb9d112c5c75d02a8282514c2f0c5ca839e232980a1ea598fb0fe0e
캐시 장신구,멍멍귀No02,2871f3d79eb9d112c5c75d02a8282514c2f0c5ca839e232980a1ea598fb0fe0e
무기,용랑제십봉,c209ed5a25fd364fac21ca202f60706a28ff9685cfc119839fcc341613e04501
갑옷,패자황금연갑,c209ed5a25fd364fac21ca202f60706a28ff9685cfc119839fcc341613e04501
방패/보조무기,,c209ed5a25fd364fac21ca202f60706a28ff9685cfc119839fcc341613e04501
투구,태광천신금잠8성,c209ed5a25fd364fac21ca202f60706a28ff9685cfc119839fcc341613e04501
왼손,환웅의반지'9성,c209ed5a25fd364fac21ca202f60706a28ff9685cfc119839fcc341613e04501
오른손,환웅의반지'9성,c209ed5a25fd364fac21ca202f60706a28ff9685cfc119839fcc341613e04501
보조1,마사의귀목,c209ed5a25fd364fac21ca202f60706a28ff9685cfc119839fcc341613e04501
보조2,마사의귀목,c209ed5a25fd364fac21ca202f60706a28ff9685cfc119839fcc341613e04501
얼굴장식,조사장의가면,c209ed5a25fd364fac21ca202f60706a28ff9685cfc119839fcc341613e04501
캐시 투구,고양이귀장식,c209ed5a25fd364fac21ca202f60706a28ff9685cfc119839fcc341613e04501
망토,천마성의망토,c209ed5a25fd364fac21ca202f60706a28ff9685cfc119839fcc341613e04501
캐시 겉옷,토끼소녀의상No01,c209ed5a25fd364fac21ca202f60706a28ff9685cfc119839fcc341613e04501
신발,사령웅의앞발,c209ed5a25fd364fac21ca202f60706a28ff9685cfc119839fcc341613e04501
목/어깨장식,고대마령의목걸이8성,c209ed5a25fd364fac21ca202f60706a28ff9685cfc119839fcc341613e04501
캐시 무기,행운의채굴곡괭이,c209ed5a25fd364fac21ca202f60706a28ff9685cfc119839fcc341613e04501
캐시 방패/보조무기,발아래까치,c209ed5a25fd364fac21ca202f60706a28ff9685cfc119839fcc341613e04501
캐시 얼굴장식,눈장식:쁘띠(밤하늘),c209ed5a25fd364fac21ca202f60706a28ff9685cfc119839fcc341613e04501
캐시 망토,[2023]진인의심장,c209ed5a25fd364fac21ca202f60706a28ff9685cfc119839fcc341613e04501
캐시 신발,샤인뿜뿜별,c209ed5a25fd364fac21ca202f60706a28ff9685cfc119839fcc341613e04501
캐시 목/어깨장식,레이스칼라No01,c209ed5a25fd364fac21ca202f60706a28ff9685cfc119839fcc341613e04501
세트옷,[괴수의상]아그니1성,c209ed5a25fd364fac21ca202f60706a28ff9685cfc119839fcc341613e04501
,,c209ed5a25fd364fac21ca202f60706a28ff9685cfc119839fcc341613e04501
장신구,붉은토끼풀노리개2성,c209ed5a25fd364fac21ca202f60706a28ff9685cfc119839fcc341613e04501
캐시 장신구,[2023]술귀걸이,c209ed5a25fd364fac21ca202f60706a28ff9685cfc119839fcc341613e04501
무기,지옥문,a0b57a178e7e14dcc697b7efcdd4728f5b0bf2c50406f4718ab7e60195194222
갑옷,환웅의치마'8성,a0b57a178e7e14dcc697b7efcdd4728f5b0bf2c50406f4718ab7e60195194222
방패/보조무기,,a0b57a178e7e14dcc697b7efcdd4728f5b0bf2c50406f4718ab7e60195194222
투구,환웅의천관'8성,a0b57a178e7e14dcc697b7efcdd4728f5b0bf2c50406f4718ab7e60195194222
왼손,용뿔흑광노리개9성,a0b57a178e7e14dcc697b7efcdd4728f5b0bf2c50406f4718ab7e60195194222
오른손,용뿔흑광노리개9성,a0b57a178e7e14dcc697b7efcdd4728f5b0bf2c50406f4718ab7e60195194222
보조1,투명구두,a0b57a178e7e14dcc697b7efcdd4728f5b0bf2c50406f4718ab7e60195194222
보조2,마사의귀목,a0b57a178e7e14dcc697b7efcdd4728f5b0bf2c50406f4718ab7e60195194222
얼굴장식,시바의시선,a0b57a178e7e14dcc697b7efcdd4728f5b0bf2c50406f4718ab7e60195194222
캐시 투구,한가위토깽의귀(홍),a0b57a178e7e14dcc697b7efcdd4728f5b0bf2c50406f4718ab7e60195194222
망토,무신귀갑주7성,a0b57a178e7e14dcc697b7efcdd4728f5b0bf2c50406f4718ab7e60195194222
캐시 겉옷,[백두]토끼소녀의상,a0b57a178e7e14dcc697b7efcdd4728f5b0bf2c50406f4718ab7e60195194222
신발,바루나의천수,a0b57a178e7e14dcc697b7efcdd4728f5b0bf2c50406f4718ab7e60195194222
목/어깨장식,고대마령의목걸이8성,a0b57a178e7e14dcc697b7efcdd4728f5b0bf2c50406f4718ab7e60195194222
캐시 무기,한가위애착토끼(홍),a0b57a178e7e14dcc697b7efcdd4728f5b0bf2c50406f4718ab7e60195194222
캐시 방패/보조무기,,a0b57a178e7e14dcc697b7efcdd4728f5b0bf2c50406f4718ab7e60195194222
캐시 얼굴장식,,a0b57a178e7e14dcc697b7efcdd4728f5b0bf2c50406f4718ab7e60195194222
캐시 망토,값진별의날개,a0b57a178e7e14dcc697b7efcdd4728f5b0bf2c50406f4718ab7e60195194222
캐시 신발,값진반짝클로버,a0b57a178e7e14dcc697b7efcdd4728f5b0bf2c50406f4718ab7e60195194222
캐시 목/어깨장식,바린족판초,a0b57a178e7e14dcc697b7efcdd4728f5b0bf2c50406f4718ab7e60195194222
세트옷,[괴수의상]아이라바타1성,a0b57a178e7e14dcc697b7efcdd4728f5b0bf2c50406f4718ab7e60195194222
캐시 세트옷,,a0b57a178e7e14dcc697b7efcdd4728f5b0bf2c50406f4718ab7e60195194222
장신구,붉은토끼풀노리개1성,a0b57a178e7e14dcc697b7efcdd4728f5b0bf2c50406f4718ab7e60195194222
캐시 장신구,값진행운브로치,a0b57a178e7e14dcc697b7efcdd4728f5b0bf2c50406f4718ab7e60195194222
무기,용겸제십봉,93f14cc891a0a9be00da899905c59bf0f23b180acff70a792079407d613c8e3c
갑옷,현무불괴갑,93f14cc891a0a9be00da899905c59bf0f23b180acff70a792079407d613c8e3c
방패/보조무기,,93f14cc891a0a9be00da899905c59bf0f23b180acff70a792079407d613c8e3c
투구,고대마령모자10성,93f14cc891a0a9be00da899905c59bf0f23b180acff70a792079407d613c8e3c
왼손,고대마령의장갑'흑10성,93f14cc891a0a9be00da899905c59bf0f23b180acff70a792079407d613c8e3c
오른손,패자황금선류,93f14cc891a0a9be00da899905c59bf0f23b180acff70a792079407d613c8e3c
보조1,마령의노리개'흑10성,93f14cc891a0a9be00da899905c59bf0f23b180acff70a792079407d613c8e3c
보조2,빛나는마사의귀목,93f14cc891a0a9be00da899905c59bf0f23b180acff70a792079407d613c8e3c
얼굴장식,시바의시선,93f14cc891a0a9be00da899905c59bf0f23b180acff70a792079407d613c8e3c
캐시 투구,새내기볼캡,93f14cc891a0a9be00da899905c59bf0f23b180acff70a792079407d613c8e3c
망토,용성신부'겸8성,93f14cc891a0a9be00da899905c59bf0f23b180acff70a792079407d613c8e3c
캐시 겉옷,딱콩점프슈트No01,93f14cc891a0a9be00da899905c59bf0f23b180acff70a792079407d613c8e3c
신발,고대마령의군화'흑8성,93f14cc891a0a9be00da899905c59bf0f23b180acff70a792079407d613c8e3c
목/어깨장식,고대마령의목걸이8성,93f14cc891a0a9be00da899905c59bf0f23b180acff70a792079407d613c8e3c
캐시 무기,운동회별풍선,93f14cc891a0a9be00da899905c59bf0f23b180acff70a792079407d613c8e3c
캐시 방패/보조무기,왕초보장식,93f14cc891a0a9be00da899905c59bf0f23b180acff70a792079407d613c8e3c
캐시 얼굴장식,[30주년]넥슨히어로하트,93f14cc891a0a9be00da899905c59bf0f23b180acff70a792079407d613c8e3c
캐시 망토,레이닝걸코트No01,93f14cc891a0a9be00da899905c59bf0f23b180acff70a792079407d613c8e3c
캐시 신발,토끼발자국No01,93f14cc891a0a9be00da899905c59bf0f23b180acff70a792079407d613c8e3c
캐시 목/어깨장식,말랑오리튜브,93f14cc891a0a9be00da899905c59bf0f23b180acff70a792079407d613c8e3c
세트옷,[괴수의상]아이라바타1성,93f14cc891a0a9be00da899905c59bf0f23b180acff70a792079407d613c8e3c
캐시 세트옷,,93f14cc891a0a9be00da899905c59bf0f23b180acff70a792079407d613c8e3c
장신구,붉은토끼풀노리개2성,93f14cc891a0a9be00da899905c59bf0f23b180acff70a792079407d613c8e3c
캐시 장신구,바린족얼굴무늬No01,93f14cc891a0a9be00da899905c59bf0f23b180acff70a792079407d613c8e3c
무기,적염곤봉8성,5fdb216ef4b11ffceeb13b0646c359fa93168c65821ed1beee14d5c9b29492fd
갑옷,태염무신보갑8성,5fdb216ef4b11ffceeb13b0646c359fa93168c65821ed1beee14d5c9b29492fd
방패/보조무기,고대마령의단검8성,5fdb216ef4b11ffceeb13b0646c359fa93168c65821ed1beee14d5c9b29492fd
투구,태염무신금잠8성,5fdb216ef4b11ffceeb13b0646c359fa93168c65821ed1beee14d5c9b29492fd
왼손,태광노리개8성,5fdb216ef4b11ffceeb13b0646c359fa93168c65821ed1beee14d5c9b29492fd
오른손,[상급]봉래산반지,5fdb216ef4b11ffceeb13b0646c359fa93168c65821ed1beee14d5c9b29492fd
보조1,마사의귀목,5fdb216ef4b11ffceeb13b0646c359fa93168c65821ed1beee14d5c9b29492fd
보조2,마사의귀목,5fdb216ef4b11ffceeb13b0646c359fa93168c65821ed1beee14d5c9b29492fd
얼굴장식,시바의시선,5fdb216ef4b11ffceeb13b0646c359fa93168c65821ed1beee14d5c9b29492fd
캐시 투구,,5fdb216ef4b11ffceeb13b0646c359fa93168c65821ed1beee14d5c9b29492fd
망토,무신귀갑주8성,5fdb216ef4b11ffceeb13b0646c359fa93168c65821ed1beee14d5c9b29492fd
캐시 겉옷,달콤봄날의상No02여,5fdb216ef4b11ffceeb13b0646c359fa93168c65821ed1beee14d5c9b29492fd
신발,사령웅의앞발,5fdb216ef4b11ffceeb13b0646c359fa93168c65821ed1beee14d5c9b29492fd
목/어깨장식,단조의심단,5fdb216ef4b11ffceeb13b0646c359fa93168c65821ed1beee14d5c9b29492fd
캐시 무기,오래된채굴곡괭이,5fdb216ef4b11ffceeb13b0646c359fa93168c65821ed1beee14d5c9b29492fd
캐시 방패/보조무기,웨딩비둘기,5fdb216ef4b11ffceeb13b0646c359fa93168c65821ed1beee14d5c9b29492fd
캐시 얼굴장식,,5fdb216ef4b11ffceeb13b0646c359fa93168c65821ed1beee14d5c9b29492fd
캐시 망토,베베천사날개,5fdb216ef4b11ffceeb13b0646c359fa93168c65821ed1beee14d5c9b29492fd
캐시 신발,토끼발자국No01,5fdb216ef4b11ffceeb13b0646c359fa93168c65821ed1beee14d5c9b29492fd
캐시 목/어깨장식,웨딩목걸이,5fdb216ef4b11ffceeb13b0646c359fa93168c65821ed1beee14d5c9b29492fd
세트옷,[괴수의상]아이라바타1성,5fdb216ef4b11ffceeb13b0646c359fa93168c65821ed1beee14d5c9b29492fd
캐시 세트옷,고대브라키오사우르스신수의상,5fdb216ef4b11ffceeb13b0646c359fa93168c65821ed1beee14d5c9b29492fd
장신구,붉은토끼풀노리개3성,5fdb216ef4b11ffceeb13b0646c359fa93168c65821ed1beee14d5c9b29492fd
캐시 장신구,초코델리귀걸이,5fdb216ef4b11ffceeb13b0646c359fa93168c65821ed1beee14d5c9b29492fd
무기,진혼제,9eece397ba6d8a44ebaaa9ceb47cb70f16640f133349997ef9d9176312435c54
갑옷,용겸멸아의8성,9eece397ba6d8a44ebaaa9ceb47cb70f16640f133349997ef9d9176312435c54
방패/보조무기,고대마령의방패8성,9eece397ba6d8a44ebaaa9ceb47cb70f16640f133349997ef9d9176312435c54
투구,환웅의두건'9성,9eece397ba6d8a44ebaaa9ceb47cb70f16640f133349997ef9d9176312435c54
왼손,태광노리개6성,9eece397ba6d8a44ebaaa9ceb47cb70f16640f133349997ef9d9176312435c54
오른손,금린반지6성,9eece397ba6d8a44ebaaa9ceb47cb70f16640f133349997ef9d9176312435c54
보조1,마령의노리개'흑8성,9eece397ba6d8a44ebaaa9ceb47cb70f16640f133349997ef9d9176312435c54
보조2,마사의귀목,9eece397ba6d8a44ebaaa9ceb47cb70f16640f133349997ef9d9176312435c54
얼굴장식,빛나는조사장의가면,9eece397ba6d8a44ebaaa9ceb47cb70f16640f133349997ef9d9176312435c54
캐시 투구,,9eece397ba6d8a44ebaaa9ceb47cb70f16640f133349997ef9d9176312435c54
망토,용성신부'겸8성,9eece397ba6d8a44ebaaa9ceb47cb70f16640f133349997ef9d9176312435c54
캐시 겉옷,토끼소녀의상No01,9eece397ba6d8a44ebaaa9ceb47cb70f16640f133349997ef9d9176312435c54
신발,고대마령의군화'월6성,9eece397ba6d8a44ebaaa9ceb47cb70f16640f133349997ef9d9176312435c54
목/어깨장식,고대마령의목걸이8성,9eece397ba6d8a44ebaaa9ceb47cb70f16640f133349997ef9d9176312435c54
캐시 무기,행운의채굴곡괭이,9eece397ba6d8a44ebaaa9ceb47cb70f16640f133349997ef9d9176312435c54
캐시 방패/보조무기,왕초보장식,9eece397ba6d8a44ebaaa9ceb47cb70f16640f133349997ef9d9176312435c54
캐시 얼굴장식,[30주년]넥슨히어로하트,9eece397ba6d8a44ebaaa9ceb47cb70f16640f133349997ef9d9176312435c54
캐시 망토,레이닝걸코트No01,9eece397ba6d8a44ebaaa9ceb47cb70f16640f133349997ef9d9176312435c54
캐시 신발,토끼발자국No01,9eece397ba6d8a44ebaaa9ceb47cb70f16640f133349997ef9d9176312435c54
캐시 목/어깨장식,[20주년]레이스칼라No01,9eece397ba6d8a44ebaaa9ceb47cb70f16640f133349997ef9d9176312435c54
세트옷,[괴수의상]아이라바타1성,9eece397ba6d8a44ebaaa9ceb47cb70f16640f133349997ef9d9176312435c54
캐시 세트옷,,9eece397ba6d8a44ebaaa9ceb47cb70f16640f133349997ef9d9176312435c54
장신구,붉은토끼풀노리개1성,9eece397ba6d8a44ebaaa9ceb47cb70f16640f133349997ef9d9176312435c54
캐시 장신구,,9eece397ba6d8a44ebaaa9ceb47cb70f16640f133349997ef9d9176312435c54
무기,백만위령선,468ef448c7327dc3f49a10c106408209e811f5ec2471d767341141652a5ddbee
갑옷,용겸파천의8성,468ef448c7327dc3f49a10c106408209e811f5ec2471d767341141652a5ddbee
방패/보조무기,고대마령의단검6성,468ef448c7327dc3f49a10c106408209e811f5ec2471d767341141652a5ddbee
투구,환웅의머리띠'8성,468ef448c7327dc3f49a10c106408209e811f5ec2471d767341141652a5ddbee
왼손,태광노리개7성,468ef448c7327dc3f49a10c106408209e811f5ec2471d767341141652a5ddbee
오른손,여의주반지'개,468ef448c7327dc3f49a10c106408209e811f5ec2471d767341141652a5ddbee
보조1,마사의귀목,468ef448c7327dc3f49a10c106408209e811f5ec2471d767341141652a5ddbee
보조2,마사의귀목,468ef448c7327dc3f49a10c106408209e811f5ec2471d767341141652a5ddbee
얼굴장식,조사장의가면,468ef448c7327dc3f49a10c106408209e811f5ec2471d767341141652a5ddbee
캐시 투구,,468ef448c7327dc3f49a10c106408209e811f5ec2471d767341141652a5ddbee
망토,무신귀갑주7성,468ef448c7327dc3f49a10c106408209e811f5ec2471d767341141652a5ddbee
캐시 겉옷,눈냥이니트세트(남),468ef448c7327dc3f49a10c106408209e811f5ec2471d767341141652a5ddbee
신발,사령웅의앞발,468ef448c7327dc3f49a10c106408209e811f5ec2471d767341141652a5ddbee
목/어깨장식,진'흉수의인장,468ef448c7327dc3f49a10c106408209e811f5ec2471d767341141652a5ddbee
캐시 무기,톡톡탄산수,468ef448c7327dc3f49a10c106408209e811f5ec2471d767341141652a5ddbee
캐시 방패/보조무기,무스키가방,468ef448c7327dc3f49a10c106408209e811f5ec2471d767341141652a5ddbee
캐시 얼굴장식,동화나라라운드안경No01,468ef448c7327dc3f49a10c106408209e811f5ec2471d767341141652a5ddbee
캐시 망토,분홍꽃잎,468ef448c7327dc3f49a10c106408209e811f5ec2471d767341141652a5ddbee
캐시 신발,무스키바숑바숑,468ef448c7327dc3f49a10c106408209e811f5ec2471d767341141652a5ddbee
캐시 목/어깨장식,,468ef448c7327dc3f49a10c106408209e811f5ec2471d767341141652a5ddbee
세트옷,강철의탐,468ef448c7327dc3f49a10c106408209e811f5ec2471d767341141652a5ddbee
,,468ef448c7327dc3f49a10c106408209e811f5ec2471d767341141652a5ddbee
장신구,붉은토끼풀노리개1성,468ef448c7327dc3f49a10c106408209e811f5ec2471d767341141652a5ddbee
캐시 장신구,무스키스카프,468ef448c7327dc3f49a10c106408209e811f5ec2471d767341141652a5ddbee
무기,용겸제십봉,d0444571cd71d1f5afc1d8f3e3037cc94256e674f51067bf31b7b0a280b2b318
갑옷,고대마령연갑10성,d0444571cd71d1f5afc1d8f3e3037cc94256e674f51067bf31b7b0a280b2b318
방패/보조무기,,d0444571cd71d1f5afc1d8f3e3037cc94256e674f51067bf31b7b0a280b2b318
투구,태광천신금잠7성,d0444571cd71d1f5afc1d8f3e3037cc94256e674f51067bf31b7b0a280b2b318
왼손,환웅의깍지'9성,d0444571cd71d1f5afc1d8f3e3037cc94256e674f51067bf31b7b0a280b2b318
오른손,금린반지9성,d0444571cd71d1f5afc1d8f3e3037cc94256e674f51067bf31b7b0a280b2b318
보조1,마사의귀목,d0444571cd71d1f5afc1d8f3e3037cc94256e674f51067bf31b7b0a280b2b318
보조2,마사의귀목,d0444571cd71d1f5afc1d8f3e3037cc94256e674f51067bf31b7b0a280b2b318
얼굴장식,빛나는조사장의가면,d0444571cd71d1f5afc1d8f3e3037cc94256e674f51067bf31b7b0a280b2b318
캐시 투구,향긋한정원엣지리본,d0444571cd71d1f5afc1d8f3e3037cc94256e674f51067bf31b7b0a280b2b318
망토,용성신부'겸8성,d0444571cd71d1f5afc1d8f3e3037cc94256e674f51067bf31b7b0a280b2b318
캐시 겉옷,토끼소녀의상No02,d0444571cd71d1f5afc1d8f3e3037cc94256e674f51067bf31b7b0a280b2b318
신발,사령웅의앞발,d0444571cd71d1f5afc1d8f3e3037cc94256e674f51067bf31b7b0a280b2b318
목/어깨장식,고대마령의목걸이8성,d0444571cd71d1f5afc1d8f3e3037cc94256e674f51067bf31b7b0a280b2b318
캐시 무기,,d0444571cd71d1f5afc1d8f3e3037cc94256e674f51067bf31b7b0a280b2b318
캐시 방패/보조무기,왕초보장식,d0444571cd71d1f5afc1d8f3e3037cc94256e674f51067bf31b7b0a280b2b318
캐시 얼굴장식,풍선껌,d0444571cd71d1f5afc1d8f3e3037cc94256e674f51067bf31b7b0a280b2b318
캐시 망토,벚꽃장식No01,d0444571cd71d1f5afc1d8f3e3037cc94256e674f51067bf31b7b0a280b2b318
캐시 신발,흩뿌려진꽃잎No01,d0444571cd71d1f5afc1d8f3e3037cc94256e674f51067bf31b7b0a280b2b318
캐시 목/어깨장식,[20주년]레이스칼라No01,d0444571cd71d1f5afc1d8f3e3037cc94256e674f51067bf31b7b0a280b2b318
세트옷,[괴수의상]아이라바타1성,d0444571cd71d1f5afc1d8f3e3037cc94256e674f51067bf31b7b0a280b2b318
캐시 세트옷,,d0444571cd71d1f5afc1d8f3e3037cc94256e674f51067bf31b7b0a280b2b318
장신구,붉은토끼풀노리개1성,d0444571cd71d1f5afc1d8f3e3037cc94256e674f51067bf31b7b0a280b2b318
캐시 장신구,새내기핑크볼터치,d0444571cd71d1f5afc1d8f3e3037cc94256e674f51067bf31b7b0a280b2b318
무기,용겸제십봉,37258263f41ed7b9bd4e74cf0755d25e8f63c2350f51a64c61992fb5f2c6008c
갑옷,패자황금연갑,37258263f41ed7b9bd4e74cf0755d25e8f63c2350f51a64c61992fb5f2c6008c
방패/보조무기,,37258263f41ed7b9bd4e74cf0755d25e8f63c2350f51a64c61992fb5f2c6008c
투구,용아천관'겸8성,37258263f41ed7b9bd4e74cf0755d25e8f63c2350f51a64c61992fb5f2c6008c
왼손,패자황금선류,37258263f41ed7b9bd4e74cf0755d25e8f63c2350f51a64c61992fb5f2c6008c
오른손,패자황금선류,37258263f41ed7b9bd4e74cf0755d25e8f63c2350f51a64c61992fb5f2c6008c
보조1,마사의귀목,37258263f41ed7b9bd4e74cf0755d25e8f63c2350f51a64c61992fb5f2c6008c
보조2,마사의귀목,37258263f41ed7b9bd4e74cf0755d25e8f63c2350f51a64c61992fb5f2c6008c
얼굴장식,조사장의가면,37258263f41ed7b9bd4e74cf0755d25e8f63c2350f51a64c61992fb5f2c6008c
캐시 투구,초코델리소녀헤어,37258263f41ed7b9bd4e74cf0755d25e8f63c2350f51a64c61992fb5f2c6008c
망토,용성신부'겸9성,37258263f41ed7b9bd4e74cf0755d25e8f63c2350f51a64c61992fb5f2c6008c
캐시 겉옷,토끼소녀의상No01,37258263f41ed7b9bd4e74cf0755d25e8f63c2350f51a64c61992fb5f2c6008c
신발,사령웅의앞발,37258263f41ed7b9bd4e74cf0755d25e8f63c2350f51a64c61992fb5f2c6008c
목/어깨장식,단조의심단,37258263f41ed7b9bd4e74cf0755d25e8f63c2350f51a64c61992fb5f2c6008c
캐시 무기,행운의채굴곡괭이,37258263f41ed7b9bd4e74cf0755d25e8f63c2350f51a64c61992fb5f2c6008c
캐시 방패/보조무기,웨딩비둘기,37258263f41ed7b9bd4e74cf0755d25e8f63c2350f51a64c61992fb5f2c6008c
캐시 얼굴장식,[30주년]넥슨히어로하트,37258263f41ed7b9bd4e74cf0755d25e8f63c2350f51a64c61992fb5f2c6008c
캐시 망토,레이닝걸코트No01,37258263f41ed7b9bd4e74cf0755d25e8f63c2350f51a64c61992fb5f2c6008c
캐시 신발,바람레이스부츠,37258263f41ed7b9bd4e74cf0755d25e8f63c2350f51a64c61992fb5f2c6008c
캐시 목/어깨장식,바닷가방수케이스,37258263f41ed7b9bd4e74cf0755d25e8f63c2350f51a64c61992fb5f2c6008c
세트옷,[괴수의상]아이라바타1성,37258263f41ed7b9bd4e74cf0755d25e8f63c2350f51a64c61992fb5f2c6008c
캐시 세트옷,[구]망또No07,37258263f41ed7b9bd4e74cf0755d25e8f63c2350f51a64c61992fb5f2c6008c
장신구,자수원앙노리개1성,37258263f41ed7b9bd4e74cf0755d25e8f63c2350f51a64c61992fb5f2c6008c
캐시 장신구,바린족얼굴무늬No01,37258263f41ed7b9bd4e74cf0755d25e8f63c2350f51a64c61992fb5f2c6008c
무기,대모홍접선8성,8d92af8eb234721ff7c4eac4fd97e3e0db044692f1d171178b0bff0e7f98a558
갑옷,태염무신보갑8성,8d92af8eb234721ff7c4eac4fd97e3e0db044692f1d171178b0bff0e7f98a558
방패/보조무기,고대마령의단검6성,8d92af8eb234721ff7c4eac4fd97e3e0db044692f1d171178b0bff0e7f98a558
투구,태광천신금잠7성,8d92af8eb234721ff7c4eac4fd97e3e0db044692f1d171178b0bff0e7f98a558
왼손,금린노리개8성,8d92af8eb234721ff7c4eac4fd97e3e0db044692f1d171178b0bff0e7f98a558
오른손,용발톱흑광노리개8성,8d92af8eb234721ff7c4eac4fd97e3e0db044692f1d171178b0bff0e7f98a558
보조1,마사의귀목,8d92af8eb234721ff7c4eac4fd97e3e0db044692f1d171178b0bff0e7f98a558
보조2,마사의귀목,8d92af8eb234721ff7c4eac4fd97e3e0db044692f1d171178b0bff0e7f98a558
얼굴장식,조사장의가면,8d92af8eb234721ff7c4eac4fd97e3e0db044692f1d171178b0bff0e7f98a558
캐시 투구,야옹집사고양이귀,8d92af8eb234721ff7c4eac4fd97e3e0db044692f1d171178b0bff0e7f98a558
망토,무신귀갑주7성,8d92af8eb234721ff7c4eac4fd97e3e0db044692f1d171178b0bff0e7f98a558
캐시 겉옷,값진설날교복(여),8d92af8eb234721ff7c4eac4fd97e3e0db044692f1d171178b0bff0e7f98a558
신발,사령웅의앞발,8d92af8eb234721ff7c4eac4fd97e3e0db044692f1d171178b0bff0e7f98a558
목/어깨장식,고대마령의목걸이6성,8d92af8eb234721ff7c4eac4fd97e3e0db044692f1d171178b0bff0e7f98a558
캐시 무기,행운의채굴곡괭이,8d92af8eb234721ff7c4eac4fd97e3e0db044692f1d171178b0bff0e7f98a558
캐시 방패/보조무기,,8d92af8eb234721ff7c4eac4fd97e3e0db044692f1d171178b0bff0e7f98a558
캐시 얼굴장식,,8d92af8eb234721ff7c4eac4fd97e3e0db044692f1d171178b0bff0e7f98a558
캐시 망토,충무공망토(여)No01,8d92af8eb234721ff7c4eac4fd97e3e0db044692f1d171178b0bff0e7f98a558
캐시 신발,값진반짝클로버,8d92af8eb234721ff7c4eac4fd97e3e0db044692f1d171178b0bff0e7f98a558
캐시 목/어깨장식,청사목도리,8d92af8eb234721ff7c4eac4fd97e3e0db044692f1d171178b0bff0e7f98a558
세트옷,[괴수의상]아이라바타1성,8d92af8eb234721ff7c4eac4fd97e3e0db044692f1d171178b0bff0e7f98a558
캐시 세트옷,[구]망또No01,8d92af8eb234721ff7c4eac4fd97e3e0db044692f1d171178b0bff0e7f98a558
장신구,파란나비노리개1성,8d92af8eb234721ff7c4eac4fd97e3e0db044692f1d171178b0bff0e7f98a558
캐시 장신구,값진행운브로치,8d92af8eb234721ff7c4eac4fd97e3e0db044692f1d171178b0bff0e7f98a558
무기,환웅천선'9각,3be94812736195b91bcc3bc826166058ad1e3732c52609589cd9047e27c9f776
갑옷,현무불괴갑,3be94812736195b91bcc3bc826166058ad1e3732c52609589cd9047e27c9f776
방패/보조무기,고대마령의단검6성,3be94812736195b91bcc3bc826166058ad1e3732c52609589cd9047e27c9f776
투구,환웅의머릿깃'7성,3be94812736195b91bcc3bc826166058ad1e3732c52609589cd9047e27c9f776
왼손,금린반지6성,3be94812736195b91bcc3bc826166058ad1e3732c52609589cd9047e27c9f776
오른손,금린노리개6성,3be94812736195b91bcc3bc826166058ad1e3732c52609589cd9047e27c9f776
보조1,투명구두,3be94812736195b91bcc3bc826166058ad1e3732c52609589cd9047e27c9f776
보조2,마령의노리개'월6성,3be94812736195b91bcc3bc826166058ad1e3732c52609589cd9047e27c9f776
얼굴장식,시바의시선,3be94812736195b91bcc3bc826166058ad1e3732c52609589cd9047e27c9f776
캐시 투구,롤링팝유니콘헬멧,3be94812736195b91bcc3bc826166058ad1e3732c52609589cd9047e27c9f776
망토,금린추월6성,3be94812736195b91bcc3bc826166058ad1e3732c52609589cd9047e27c9f776
캐시 겉옷,은설랑의복,3be94812736195b91bcc3bc826166058ad1e3732c52609589cd9047e27c9f776
신발,사령웅의앞발,3be94812736195b91bcc3bc826166058ad1e3732c52609589cd9047e27c9f776
목/어깨장식,고대마령의목걸이8성,3be94812736195b91bcc3bc826166058ad1e3732c52609589cd9047e27c9f776
캐시 무기,행운의채굴곡괭이,3be94812736195b91bcc3bc826166058ad1e3732c52609589cd9047e27c9f776
캐시 방패/보조무기,,3be94812736195b91bcc3bc826166058ad1e3732c52609589cd9047e27c9f776
캐시 얼굴장식,[30주년]넥슨히어로하트,3be94812736195b91bcc3bc826166058ad1e3732c52609589cd9047e27c9f776
캐시 망토,대양의닻,3be94812736195b91bcc3bc826166058ad1e3732c52609589cd9047e27c9f776
캐시 신발,,3be94812736195b91bcc3bc826166058ad1e3732c52609589cd9047e27c9f776
캐시 목/어깨장식,딱콩삐쭉스카프No03,3be94812736195b91bcc3bc826166058ad1e3732c52609589cd9047e27c9f776
세트옷,[괴수의상]아이라바타1성,3be94812736195b91bcc3bc826166058ad1e3732c52609589cd9047e27c9f776
캐시 세트옷,고대호랑신수의상,3be94812736195b91bcc3bc826166058ad1e3732c52609589cd9047e27c9f776
장신구,파란나비노리개1성,3be94812736195b91bcc3bc826166058ad1e3732c52609589cd9047e27c9f776
캐시 장신구,나비빨강더듬이,3be94812736195b91bcc3bc826166058ad1e3732c52609589cd9047e27c9f776
무기,진혼제,7cc85e7d23ed7dfadbf6298f3f2faaee15a88269cdcfae63f9d800e5b2679a00
갑옷,관복,7cc85e7d23ed7dfadbf6298f3f2faaee15a88269cdcfae63f9d800e5b2679a00
방패/보조무기,고대마령의단검6성,7cc85e7d23ed7dfadbf6298f3f2faaee15a88269cdcfae63f9d800e5b2679a00
투구,태광천신금잠8성,7cc85e7d23ed7dfadbf6298f3f2faaee15a88269cdcfae63f9d800e5b2679a00
왼손,금린반지6성,7cc85e7d23ed7dfadbf6298f3f2faaee15a88269cdcfae63f9d800e5b2679a00
오른손,용안의회복반지5성,7cc85e7d23ed7dfadbf6298f3f2faaee15a88269cdcfae63f9d800e5b2679a00
보조1,마사의귀목,7cc85e7d23ed7dfadbf6298f3f2faaee15a88269cdcfae63f9d800e5b2679a00
보조2,마사의귀목,7cc85e7d23ed7dfadbf6298f3f2faaee15a88269cdcfae63f9d800e5b2679a00
얼굴장식,시바의시선,7cc85e7d23ed7dfadbf6298f3f2faaee15a88269cdcfae63f9d800e5b2679a00
,,7cc85e7d23ed7dfadbf6298f3f2faaee15a88269cdcfae63f9d800e5b2679a00
망토,암흑룡의망토,7cc85e7d23ed7dfadbf6298f3f2faaee15a88269cdcfae63f9d800e5b2679a00
캐시 겉옷,바람정장,7cc85e7d23ed7dfadbf6298f3f2faaee15a88269cdcfae63f9d800e5b2679a00
신발,사령웅의앞발,7cc85e7d23ed7dfadbf6298f3f2faaee15a88269cdcfae63f9d800e5b2679a00
목/어깨장식,고대마령의목걸이8성,7cc85e7d23ed7dfadbf6298f3f2faaee15a88269cdcfae63f9d800e5b2679a00
,,7cc85e7d23ed7dfadbf6298f3f2faaee15a88269cdcfae63f9d800e5b2679a00
캐시 방패/보조무기,,7cc85e7d23ed7dfadbf6298f3f2faaee15a88269cdcfae63f9d800e5b2679a00
캐시 얼굴장식,태극무늬페인팅,7cc85e7d23ed7dfadbf6298f3f2faaee15a88269cdcfae63f9d800e5b2679a00
캐시 망토,하트뿅뿅No02,7cc85e7d23ed7dfadbf6298f3f2faaee15a88269cdcfae63f9d800e5b2679a00
캐시 신발,나비하양반짝,7cc85e7d23ed7dfadbf6298f3f2faaee15a88269cdcfae63f9d800e5b2679a00
캐시 목/어깨장식,웨딩부토니에,7cc85e7d23ed7dfadbf6298f3f2faaee15a88269cdcfae63f9d800e5b2679a00
세트옷,강철의탐,7cc85e7d23ed7dfadbf6298f3f2faaee15a88269cdcfae63f9d800e5b2679a00
캐시 세트옷,,7cc85e7d23ed7dfadbf6298f3f2faaee15a88269cdcfae63f9d800e5b2679a00
장신구,붉은토끼풀노리개1성,7cc85e7d23ed7dfadbf6298f3f2faaee15a88269cdcfae63f9d800e5b2679a00
캐시 장신구,블랙리본카라,7cc85e7d23ed7dfadbf6298f3f2faaee15a88269cdcfae63f9d800e5b2679a00
무기,대모홍접선7성,298d3631632c562cf2e996f98818521a88a892b6020f4cd162661debbf10edd0
갑옷,환웅의통옷'7성,298d3631632c562cf2e996f98818521a88a892b6020f4cd162661debbf10edd0
방패/보조무기,금린방패9성,298d3631632c562cf2e996f98818521a88a892b6020f4cd162661debbf10edd0
투구,환웅의머리띠'7성,298d3631632c562cf2e996f98818521a88a892b6020f4cd162661debbf10edd0
왼손,금린반지6성,298d3631632c562cf2e996f98818521a88a892b6020f4cd162661debbf10edd0
오른손,금린반지7성,298d3631632c562cf2e996f98818521a88a892b6020f4cd162661debbf10edd0
보조1,마령의노리개'흑8성,298d3631632c562cf2e996f98818521a88a892b6020f4cd162661debbf10edd0
보조2,빛나는마사의귀목,298d3631632c562cf2e996f98818521a88a892b6020f4cd162661debbf10edd0
얼굴장식,빛나는조사장의가면,298d3631632c562cf2e996f98818521a88a892b6020f4cd162661debbf10edd0
캐시 투구,꽃을든여친헤어No02,298d3631632c562cf2e996f98818521a88a892b6020f4cd162661debbf10edd0
망토,고대마령의칼날10성,298d3631632c562cf2e996f98818521a88a892b6020f4cd162661debbf10edd0
캐시 겉옷,바람레이스원피스,298d3631632c562cf2e996f98818521a88a892b6020f4cd162661debbf10edd0
신발,사령웅의앞발,298d3631632c562cf2e996f98818521a88a892b6020f4cd162661debbf10edd0
목/어깨장식,고대마령의목걸이8성,298d3631632c562cf2e996f98818521a88a892b6020f4cd162661debbf10edd0
캐시 무기,행운의채굴곡괭이,298d3631632c562cf2e996f98818521a88a892b6020f4cd162661debbf10edd0
캐시 방패/보조무기,순정만화책,298d3631632c562cf2e996f98818521a88a892b6020f4cd162661debbf10edd0
캐시 얼굴장식,,298d3631632c562cf2e996f98818521a88a892b6020f4cd162661debbf10edd0
캐시 망토,하트뿅뿅No01,298d3631632c562cf2e996f98818521a88a892b6020f4cd162661debbf10edd0
캐시 신발,,298d3631632c562cf2e996f98818521a88a892b6020f4cd162661debbf10edd0
캐시 목/어깨장식,[산타선물]레이스칼라No04,298d3631632c562cf2e996f98818521a88a892b6020f4cd162661debbf10edd0
세트옷,[괴수의상]아그니1성,298d3631632c562cf2e996f98818521a88a892b6020f4cd162661debbf10edd0
캐시 세트옷,[구]망또No03,298d3631632c562cf2e996f98818521a88a892b6020f4cd162661debbf10edd0
장신구,자수원앙노리개1성,298d3631632c562cf2e996f98818521a88a892b6020f4cd162661debbf10edd0
캐시 장신구,멍멍귀No02,298d3631632c562cf2e996f98818521a88a892b6020f4cd162661debbf10edd0
무기,불멸용섬궁'3강,64d92b713e471e336b0143b36876fbcb2874d02fe60db04cef8f682ca01d09e0
갑옷,패자황금갑주,64d92b713e471e336b0143b36876fbcb2874d02fe60db04cef8f682ca01d09e0
방패/보조무기,흑룡화살통,64d92b713e471e336b0143b36876fbcb2874d02fe60db04cef8f682ca01d09e0
투구,쇄자황금투구,64d92b713e471e336b0143b36876fbcb2874d02fe60db04cef8f682ca01d09e0
왼손,패자황금깍지,64d92b713e471e336b0143b36876fbcb2874d02fe60db04cef8f682ca01d09e0
오른손,패자황금깍지,64d92b713e471e336b0143b36876fbcb2874d02fe60db04cef8f682ca01d09e0
보조1,마령의노리개'흑10성,64d92b713e471e336b0143b36876fbcb2874d02fe60db04cef8f682ca01d09e0
보조2,마사의귀목,64d92b713e471e336b0143b36876fbcb2874d02fe60db04cef8f682ca01d09e0
얼굴장식,고대마령의암막8성,64d92b713e471e336b0143b36876fbcb2874d02fe60db04cef8f682ca01d09e0
캐시 투구,오방지신현무가호,64d92b713e471e336b0143b36876fbcb2874d02fe60db04cef8f682ca01d09e0
망토,용성장견'섬8성,64d92b713e471e336b0143b36876fbcb2874d02fe60db04cef8f682ca01d09e0
캐시 겉옷,오방지신의상(남),64d92b713e471e336b0143b36876fbcb2874d02fe60db04cef8f682ca01d09e0
신발,고대마령의군화'흑8성,64d92b713e471e336b0143b36876fbcb2874d02fe60db04cef8f682ca01d09e0
목/어깨장식,고대마령의목걸이8성,64d92b713e471e336b0143b36876fbcb2874d02fe60db04cef8f682ca01d09e0
캐시 무기,오방지신백호첨익,64d92b713e471e336b0143b36876fbcb2874d02fe60db04cef8f682ca01d09e0
캐시 방패/보조무기,,64d92b713e471e336b0143b36876fbcb2874d02fe60db04cef8f682ca01d09e0
캐시 얼굴장식,눈장식:땡글,64d92b713e471e336b0143b36876fbcb2874d02fe60db04cef8f682ca01d09e0
캐시 망토,오방지신주작비상,64d92b713e471e336b0143b36876fbcb2874d02fe60db04cef8f682ca01d09e0
캐시 신발,오방지신청룡강림,64d92b713e471e336b0143b36876fbcb2874d02fe60db04cef8f682ca01d09e0
캐시 목/어깨장식,히피목걸이No03,64d92b713e471e336b0143b36876fbcb2874d02fe60db04cef8f682ca01d09e0
세트옷,[괴수의상]아이라바타3성,64d92b713e471e336b0143b36876fbcb2874d02fe60db04cef8f682ca01d09e0
캐시 세트옷,,64d92b713e471e336b0143b36876fbcb2874d02fe60db04cef8f682ca01d09e0
장신구,자수원앙노리개4성,64d92b713e471e336b0143b36876fbcb2874d02fe60db04cef8f682ca01d09e0
캐시 장신구,오방지신오행봉잠,64d92b713e471e336b0143b36876fbcb2874d02fe60db04cef8f682ca01d09e0
무기,용섬제십궁,472d82904bddce8671a1f763d87baf162697b3e9e0a270b9eeecc686c04ecfe0
,,472d82904bddce8671a1f763d87baf162697b3e9e0a270b9eeecc686c04ecfe0
방패/보조무기,고대마령의화살통8성,472d82904bddce8671a1f763d87baf162697b3e9e0a270b9eeecc686c04ecfe0
투구,용아투구'섬8성,472d82904bddce8671a1f763d87baf162697b3e9e0a270b9eeecc686c04ecfe0
왼손,패자황금깍지,472d82904bddce8671a1f763d87baf162697b3e9e0a270b9eeecc686c04ecfe0
오른손,고대마령의장갑'흑10성,472d82904bddce8671a1f763d87baf162697b3e9e0a270b9eeecc686c04ecfe0
보조1,마령의노리개'흑10성,472d82904bddce8671a1f763d87baf162697b3e9e0a270b9eeecc686c04ecfe0
보조2,마사의귀목,472d82904bddce8671a1f763d87baf162697b3e9e0a270b9eeecc686c04ecfe0
얼굴장식,고대마령의암막8성,472d82904bddce8671a1f763d87baf162697b3e9e0a270b9eeecc686c04ecfe0
캐시 투구,,472d82904bddce8671a1f763d87baf162697b3e9e0a270b9eeecc686c04ecfe0
망토,용성장견'섬8성,472d82904bddce8671a1f763d87baf162697b3e9e0a270b9eeecc686c04ecfe0
캐시 겉옷,얼음요정의상(남),472d82904bddce8671a1f763d87baf162697b3e9e0a270b9eeecc686c04ecfe0
신발,고대마령의군화'흑8성,472d82904bddce8671a1f763d87baf162697b3e9e0a270b9eeecc686c04ecfe0
목/어깨장식,단조의심단,472d82904bddce8671a1f763d87baf162697b3e9e0a270b9eeecc686c04ecfe0
캐시 무기,환상의인성초,472d82904bddce8671a1f763d87baf162697b3e9e0a270b9eeecc686c04ecfe0
캐시 방패/보조무기,웨딩비둘기,472d82904bddce8671a1f763d87baf162697b3e9e0a270b9eeecc686c04ecfe0
캐시 얼굴장식,,472d82904bddce8671a1f763d87baf162697b3e9e0a270b9eeecc686c04ecfe0
캐시 망토,[할로윈]꼬마유령No01,472d82904bddce8671a1f763d87baf162697b3e9e0a270b9eeecc686c04ecfe0
캐시 신발,유성우,472d82904bddce8671a1f763d87baf162697b3e9e0a270b9eeecc686c04ecfe0
캐시 목/어깨장식,고무장갑,472d82904bddce8671a1f763d87baf162697b3e9e0a270b9eeecc686c04ecfe0
세트옷,[괴수의상]아이라바타1성,472d82904bddce8671a1f763d87baf162697b3e9e0a270b9eeecc686c04ecfe0
캐시 세트옷,[구]망또No05,472d82904bddce8671a1f763d87baf162697b3e9e0a270b9eeecc686c04ecfe0
장신구,붉은토끼풀노리개3성,472d82904bddce8671a1f763d87baf162697b3e9e0a270b9eeecc686c04ecfe0
캐시 장신구,반짝이천사링,472d82904bddce8671a1f763d87baf162697b3e9e0a270b9eeecc686c04ecfe0
무기,명성강노8성,b2e9c732ab70662686356af68bb9c9b9ec03378eac3163afc82a0bb139d2d564
갑옷,환웅의갑주'9성,b2e9c732ab70662686356af68bb9c9b9ec03378eac3163afc82a0bb139d2d564
방패/보조무기,흑룡화살통,b2e9c732ab70662686356af68bb9c9b9ec03378eac3163afc82a0bb139d2d564
투구,환웅의머릿깃'9성,b2e9c732ab70662686356af68bb9c9b9ec03378eac3163afc82a0bb139d2d564
왼손,환웅의장갑'8성,b2e9c732ab70662686356af68bb9c9b9ec03378eac3163afc82a0bb139d2d564
오른손,환웅의깍지'8성,b2e9c732ab70662686356af68bb9c9b9ec03378eac3163afc82a0bb139d2d564
보조1,마사의귀목,b2e9c732ab70662686356af68bb9c9b9ec03378eac3163afc82a0bb139d2d564
보조2,마사의귀목,b2e9c732ab70662686356af68bb9c9b9ec03378eac3163afc82a0bb139d2d564
얼굴장식,빛나는조사장의가면,b2e9c732ab70662686356af68bb9c9b9ec03378eac3163afc82a0bb139d2d564
캐시 투구,환계나무꾼두각,b2e9c732ab70662686356af68bb9c9b9ec03378eac3163afc82a0bb139d2d564
망토,천마궁의망토,b2e9c732ab70662686356af68bb9c9b9ec03378eac3163afc82a0bb139d2d564
캐시 겉옷,환계나무꾼의복,b2e9c732ab70662686356af68bb9c9b9ec03378eac3163afc82a0bb139d2d564
신발,사령웅의앞발,b2e9c732ab70662686356af68bb9c9b9ec03378eac3163afc82a0bb139d2d564
목/어깨장식,고대마령의목걸이8성,b2e9c732ab70662686356af68bb9c9b9ec03378eac3163afc82a0bb139d2d564
캐시 무기,GM천풍선'매,b2e9c732ab70662686356af68bb9c9b9ec03378eac3163afc82a0bb139d2d564
캐시 방패/보조무기,뽀짝피그복주머니,b2e9c732ab70662686356af68bb9c9b9ec03378eac3163afc82a0bb139d2d564
캐시 얼굴장식,,b2e9c732ab70662686356af68bb9c9b9ec03378eac3163afc82a0bb139d2d564
캐시 망토,요정날개No02,b2e9c732ab70662686356af68bb9c9b9ec03378eac3163afc82a0bb139d2d564
캐시 신발,환계연꽃궁정,b2e9c732ab70662686356af68bb9c9b9ec03378eac3163afc82a0bb139d2d564
캐시 목/어깨장식,레이스스카프No02,b2e9c732ab70662686356af68bb9c9b9ec03378eac3163afc82a0bb139d2d564
세트옷,[괴수의상]아그니1성,b2e9c732ab70662686356af68bb9c9b9ec03378eac3163afc82a0bb139d2d564
캐시 세트옷,,b2e9c732ab70662686356af68bb9c9b9ec03378eac3163afc82a0bb139d2d564
장신구,자수원앙노리개1성,b2e9c732ab70662686356af68bb9c9b9ec03378eac3163afc82a0bb139d2d564
캐시 장신구,초코델리귀걸이,b2e9c732ab70662686356af68bb9c9b9ec03378eac3163afc82a0bb139d2d564
무기,용섬제십궁,79755c460bc729691bfe83b0da25f68f5755d58a067c18cb4877199099d6f64e
갑옷,용섬멸아복8성,79755c460bc729691bfe83b0da25f68f5755d58a067c18cb4877199099d6f64e
방패/보조무기,고대마령의화살통8성,79755c460bc729691bfe83b0da25f68f5755d58a067c18cb4877199099d6f64e
투구,용아투구'섬9성,79755c460bc729691bfe83b0da25f68f5755d58a067c18cb4877199099d6f64e
왼손,패자황금깍지,79755c460bc729691bfe83b0da25f68f5755d58a067c18cb4877199099d6f64e
오른손,환웅의깍지'9성,79755c460bc729691bfe83b0da25f68f5755d58a067c18cb4877199099d6f64e
보조1,마사의귀목,79755c460bc729691bfe83b0da25f68f5755d58a067c18cb4877199099d6f64e
보조2,빛나는마사의귀목,79755c460bc729691bfe83b0da25f68f5755d58a067c18cb4877199099d6f64e
얼굴장식,고대마령의암막6성,79755c460bc729691bfe83b0da25f68f5755d58a067c18cb4877199099d6f64e
캐시 투구,이매망량댕기,79755c460bc729691bfe83b0da25f68f5755d58a067c18cb4877199099d6f64e
망토,용성장견'섬8성,79755c460bc729691bfe83b0da25f68f5755d58a067c18cb4877199099d6f64e
캐시 겉옷,이매망량의상(여),79755c460bc729691bfe83b0da25f68f5755d58a067c18cb4877199099d6f64e
신발,고대마령의군화'흑8성,79755c460bc729691bfe83b0da25f68f5755d58a067c18cb4877199099d6f64e
목/어깨장식,고대마령의목걸이8성,79755c460bc729691bfe83b0da25f68f5755d58a067c18cb4877199099d6f64e
캐시 무기,용겸제십봉의허물,79755c460bc729691bfe83b0da25f68f5755d58a067c18cb4877199099d6f64e
캐시 방패/보조무기,,79755c460bc729691bfe83b0da25f68f5755d58a067c18cb4877199099d6f64e
캐시 얼굴장식,[30주년]넥슨히어로하트,79755c460bc729691bfe83b0da25f68f5755d58a067c18cb4877199099d6f64e
캐시 망토,벚꽃장식No02,79755c460bc729691bfe83b0da25f68f5755d58a067c18cb4877199099d6f64e
캐시 신발,베베별자국,79755c460bc729691bfe83b0da25f68f5755d58a067c18cb4877199099d6f64e
캐시 목/어깨장식,칠석푸른달빛노리개,79755c460bc729691bfe83b0da25f68f5755d58a067c18cb4877199099d6f64e
세트옷,[괴수의상]아이라바타1성,79755c460bc729691bfe83b0da25f68f5755d58a067c18cb4877199099d6f64e
캐시 세트옷,,79755c460bc729691bfe83b0da25f68f5755d58a067c18cb4877199099d6f64e
장신구,붉은토끼풀노리개2성,79755c460bc729691bfe83b0da25f68f5755d58a067c18cb4877199099d6f64e
캐시 장신구,새내기핑크볼터치,79755c460bc729691bfe83b0da25f68f5755d58a067c18cb4877199099d6f64e
무기,용섬제십궁,3be94812736195b91bcc3bc826166058f1d80c4b56ac86621460cabd9580915c
,,3be94812736195b91bcc3bc826166058f1d80c4b56ac86621460cabd9580915c
방패/보조무기,고대마령의화살통7성,3be94812736195b91bcc3bc826166058f1d80c4b56ac86621460cabd9580915c
투구,용아투구'섬8성,3be94812736195b91bcc3bc826166058f1d80c4b56ac86621460cabd9580915c
왼손,패자황금깍지,3be94812736195b91bcc3bc826166058f1d80c4b56ac86621460cabd9580915c
오른손,용발톱흑광노리개9성,3be94812736195b91bcc3bc826166058f1d80c4b56ac86621460cabd9580915c
보조1,마령의노리개'흑8성,3be94812736195b91bcc3bc826166058f1d80c4b56ac86621460cabd9580915c
보조2,마사의귀목,3be94812736195b91bcc3bc826166058f1d80c4b56ac86621460cabd9580915c
얼굴장식,조사장의가면,3be94812736195b91bcc3bc826166058f1d80c4b56ac86621460cabd9580915c
캐시 투구,바닐라봉봉소년헤어No01,3be94812736195b91bcc3bc826166058f1d80c4b56ac86621460cabd9580915c
망토,용성장견'섬8성,3be94812736195b91bcc3bc826166058f1d80c4b56ac86621460cabd9580915c
캐시 겉옷,바람추석한복No02(남),3be94812736195b91bcc3bc826166058f1d80c4b56ac86621460cabd9580915c
신발,고대마령의군화'월8성,3be94812736195b91bcc3bc826166058f1d80c4b56ac86621460cabd9580915c
목/어깨장식,단조의심단,3be94812736195b91bcc3bc826166058f1d80c4b56ac86621460cabd9580915c
캐시 무기,행운의채굴곡괭이,3be94812736195b91bcc3bc826166058f1d80c4b56ac86621460cabd9580915c
캐시 방패/보조무기,유리염주,3be94812736195b91bcc3bc826166058f1d80c4b56ac86621460cabd9580915c
캐시 얼굴장식,,3be94812736195b91bcc3bc826166058f1d80c4b56ac86621460cabd9580915c
캐시 망토,바닐라봉봉장식No03,3be94812736195b91bcc3bc826166058f1d80c4b56ac86621460cabd9580915c
캐시 신발,값진반짝클로버,3be94812736195b91bcc3bc826166058f1d80c4b56ac86621460cabd9580915c
캐시 목/어깨장식,설빔뽀송목도리,3be94812736195b91bcc3bc826166058f1d80c4b56ac86621460cabd9580915c
세트옷,[괴수의상]바루나1성,3be94812736195b91bcc3bc826166058f1d80c4b56ac86621460cabd9580915c
캐시 세트옷,[구]망또No02,3be94812736195b91bcc3bc826166058f1d80c4b56ac86621460cabd9580915c
장신구,,3be94812736195b91bcc3bc826166058f1d80c4b56ac86621460cabd9580915c
캐시 장신구,달콤반짝이No01,3be94812736195b91bcc3bc826166058f1d80c4b56ac86621460cabd9580915c
무기,고대마령의적혈궁8성,6c1b3a0400ead7941c338484b76e35cbe0e9bc1c0abb522e3b6c28a3679b5b1a
갑옷,태광천신의복8성,6c1b3a0400ead7941c338484b76e35cbe0e9bc1c0abb522e3b6c28a3679b5b1a
방패/보조무기,고대마령의화살통6성,6c1b3a0400ead7941c338484b76e35cbe0e9bc1c0abb522e3b6c28a3679b5b1a
투구,환웅의모자'8성,6c1b3a0400ead7941c338484b76e35cbe0e9bc1c0abb522e3b6c28a3679b5b1a
왼손,금린반지7성,6c1b3a0400ead7941c338484b76e35cbe0e9bc1c0abb522e3b6c28a3679b5b1a
오른손,금린반지8성,6c1b3a0400ead7941c338484b76e35cbe0e9bc1c0abb522e3b6c28a3679b5b1a
보조1,마사의귀목,6c1b3a0400ead7941c338484b76e35cbe0e9bc1c0abb522e3b6c28a3679b5b1a
보조2,마사의귀목,6c1b3a0400ead7941c338484b76e35cbe0e9bc1c0abb522e3b6c28a3679b5b1a
얼굴장식,시바의시선,6c1b3a0400ead7941c338484b76e35cbe0e9bc1c0abb522e3b6c28a3679b5b1a
캐시 투구,착호갑사전대,6c1b3a0400ead7941c338484b76e35cbe0e9bc1c0abb522e3b6c28a3679b5b1a
망토,무신귀갑주7성,6c1b3a0400ead7941c338484b76e35cbe0e9bc1c0abb522e3b6c28a3679b5b1a
캐시 겉옷,은설랑의복,6c1b3a0400ead7941c338484b76e35cbe0e9bc1c0abb522e3b6c28a3679b5b1a
신발,사령웅의앞발,6c1b3a0400ead7941c338484b76e35cbe0e9bc1c0abb522e3b6c28a3679b5b1a
목/어깨장식,단조의심단,6c1b3a0400ead7941c338484b76e35cbe0e9bc1c0abb522e3b6c28a3679b5b1a
,,6c1b3a0400ead7941c338484b76e35cbe0e9bc1c0abb522e3b6c28a3679b5b1a
캐시 방패/보조무기,웨딩비둘기,6c1b3a0400ead7941c338484b76e35cbe0e9bc1c0abb522e3b6c28a3679b5b1a
캐시 얼굴장식,[30주년]넥슨히어로하트,6c1b3a0400ead7941c338484b76e35cbe0e9bc1c0abb522e3b6c28a3679b5b1a
캐시 망토,천상계십이장복,6c1b3a0400ead7941c338484b76e35cbe0e9bc1c0abb522e3b6c28a3679b5b1a
캐시 신발,할로윈악마빛,6c1b3a0400ead7941c338484b76e35cbe0e9bc1c0abb522e3b6c28a3679b5b1a
캐시 목/어깨장식,칠석붉은달빛노리개,6c1b3a0400ead7941c338484b76e35cbe0e9bc1c0abb522e3b6c28a3679b5b1a
세트옷,[괴수의상]아이라바타1성,6c1b3a0400ead7941c338484b76e35cbe0e9bc1c0abb522e3b6c28a3679b5b1a
캐시 세트옷,,6c1b3a0400ead7941c338484b76e35cbe0e9bc1c0abb522e3b6c28a3679b5b1a
장신구,파란나비노리개2성,6c1b3a0400ead7941c338484b76e35cbe0e9bc1c0abb522e3b6c28a3679b5b1a
캐시 장신구,앤틱바람귀걸이,6c1b3a0400ead7941c338484b76e35cbe0e9bc1c0abb522e3b6c28a3679b5b1a
무기,고대마령의적혈궁8성,b0513e5239634cc0299cd6ae2c5808ceaf3c67bec2c8976c611a76dd794327c6
갑옷,환웅의궁포'8성,b0513e5239634cc0299cd6ae2c5808ceaf3c67bec2c8976c611a76dd794327c6
방패/보조무기,고대마령의화살통8성,b0513e5239634cc0299cd6ae2c5808ceaf3c67bec2c8976c611a76dd794327c6
투구,환웅의머릿깃'8성,b0513e5239634cc0299cd6ae2c5808ceaf3c67bec2c8976c611a76dd794327c6
왼손,용발톱흑광노리개8성,b0513e5239634cc0299cd6ae2c5808ceaf3c67bec2c8976c611a76dd794327c6
오른손,환웅의깍지'8성,b0513e5239634cc0299cd6ae2c5808ceaf3c67bec2c8976c611a76dd794327c6
보조1,마사의귀목,b0513e5239634cc0299cd6ae2c5808ceaf3c67bec2c8976c611a76dd794327c6
보조2,마사의귀목,b0513e5239634cc0299cd6ae2c5808ceaf3c67bec2c8976c611a76dd794327c6
얼굴장식,조사장의가면,b0513e5239634cc0299cd6ae2c5808ceaf3c67bec2c8976c611a76dd794327c6
캐시 투구,토끼유모자(하양),b0513e5239634cc0299cd6ae2c5808ceaf3c67bec2c8976c611a76dd794327c6
망토,무신귀갑주6성,b0513e5239634cc0299cd6ae2c5808ceaf3c67bec2c8976c611a76dd794327c6
캐시 겉옷,바람정장,b0513e5239634cc0299cd6ae2c5808ceaf3c67bec2c8976c611a76dd794327c6
신발,사령웅의앞발,b0513e5239634cc0299cd6ae2c5808ceaf3c67bec2c8976c611a76dd794327c6
목/어깨장식,진'흉수의인장,b0513e5239634cc0299cd6ae2c5808ceaf3c67bec2c8976c611a76dd794327c6
캐시 무기,행운의채굴곡괭이,b0513e5239634cc0299cd6ae2c5808ceaf3c67bec2c8976c611a76dd794327c6
캐시 방패/보조무기,눈꽃연등,b0513e5239634cc0299cd6ae2c5808ceaf3c67bec2c8976c611a76dd794327c6
캐시 얼굴장식,눈장식:칼라렌즈(밤하늘),b0513e5239634cc0299cd6ae2c5808ceaf3c67bec2c8976c611a76dd794327c6
캐시 망토,펑키스타No04,b0513e5239634cc0299cd6ae2c5808ceaf3c67bec2c8976c611a76dd794327c6
캐시 신발,잠옷파티풍선장식,b0513e5239634cc0299cd6ae2c5808ceaf3c67bec2c8976c611a76dd794327c6
캐시 목/어깨장식,바람레이스칼라,b0513e5239634cc0299cd6ae2c5808ceaf3c67bec2c8976c611a76dd794327c6
세트옷,강철의탐,b0513e5239634cc0299cd6ae2c5808ceaf3c67bec2c8976c611a76dd794327c6
캐시 세트옷,,b0513e5239634cc0299cd6ae2c5808ceaf3c67bec2c8976c611a76dd794327c6
장신구,파란나비노리개1성,b0513e5239634cc0299cd6ae2c5808ceaf3c67bec2c8976c611a76dd794327c6
캐시 장신구,꽃도령곰곰귀,b0513e5239634cc0299cd6ae2c5808ceaf3c67bec2c8976c611a76dd794327c6
무기,고대마령의적혈궁8성,3be94812736195b91bcc3bc826166058cd9ccdbc47629f53e1a73e502358e4fa
갑옷,태염무신보갑8성,3be94812736195b91bcc3bc826166058cd9ccdbc47629f53e1a73e502358e4fa
방패/보조무기,고대마령의화살통6성,3be94812736195b91bcc3bc826166058cd9ccdbc47629f53e1a73e502358e4fa
투구,태염무신금잠7성,3be94812736195b91bcc3bc826166058cd9ccdbc47629f53e1a73e502358e4fa
왼손,태염반지6성,3be94812736195b91bcc3bc826166058cd9ccdbc47629f53e1a73e502358e4fa
오른손,태염반지6성,3be94812736195b91bcc3bc826166058cd9ccdbc47629f53e1a73e502358e4fa
보조1,마사의귀목,3be94812736195b91bcc3bc826166058cd9ccdbc47629f53e1a73e502358e4fa
보조2,마사의귀목,3be94812736195b91bcc3bc826166058cd9ccdbc47629f53e1a73e502358e4fa
얼굴장식,고대마령의암막6성,3be94812736195b91bcc3bc826166058cd9ccdbc47629f53e1a73e502358e4fa
캐시 투구,할로윈금빛왕관,3be94812736195b91bcc3bc826166058cd9ccdbc47629f53e1a73e502358e4fa
망토,무신귀갑주7성,3be94812736195b91bcc3bc826166058cd9ccdbc47629f53e1a73e502358e4fa
캐시 겉옷,꽃도령도포No01,3be94812736195b91bcc3bc826166058cd9ccdbc47629f53e1a73e502358e4fa
신발,고대마령의군화'흑6성,3be94812736195b91bcc3bc826166058cd9ccdbc47629f53e1a73e502358e4fa
목/어깨장식,고대마령의목걸이6성,3be94812736195b91bcc3bc826166058cd9ccdbc47629f53e1a73e502358e4fa
캐시 무기,행운의채굴곡괭이,3be94812736195b91bcc3bc826166058cd9ccdbc47629f53e1a73e502358e4fa
캐시 방패/보조무기,내가꽃이슬잎,3be94812736195b91bcc3bc826166058cd9ccdbc47629f53e1a73e502358e4fa
캐시 얼굴장식,사랑의한입플라워,3be94812736195b91bcc3bc826166058cd9ccdbc47629f53e1a73e502358e4fa
캐시 망토,겨울함박눈,3be94812736195b91bcc3bc826166058cd9ccdbc47629f53e1a73e502358e4fa
캐시 신발,한가위토깽의달,3be94812736195b91bcc3bc826166058cd9ccdbc47629f53e1a73e502358e4fa
캐시 목/어깨장식,잠옷파티붉은리본,3be94812736195b91bcc3bc826166058cd9ccdbc47629f53e1a73e502358e4fa
세트옷,[괴수의상]가루다1성,3be94812736195b91bcc3bc826166058cd9ccdbc47629f53e1a73e502358e4fa
캐시 세트옷,,3be94812736195b91bcc3bc826166058cd9ccdbc47629f53e1a73e502358e4fa
장신구,파란나비노리개1성,3be94812736195b91bcc3bc826166058cd9ccdbc47629f53e1a73e502358e4fa
캐시 장신구,환계선녀삐죽귀,3be94812736195b91bcc3bc826166058cd9ccdbc47629f53e1a73e502358e4fa
무기,고대마령의적혈궁8성,f003a3b12e09ee62f0f1604a21f687963c3b6387e1baf6e7144b719f291c6812
갑옷,환웅의천예'8성,f003a3b12e09ee62f0f1604a21f687963c3b6387e1baf6e7144b719f291c6812
방패/보조무기,고대마령의화살통7성,f003a3b12e09ee62f0f1604a21f687963c3b6387e1baf6e7144b719f291c6812
투구,환웅의머릿깃'7성,f003a3b12e09ee62f0f1604a21f687963c3b6387e1baf6e7144b719f291c6812
왼손,금린반지6성,f003a3b12e09ee62f0f1604a21f687963c3b6387e1baf6e7144b719f291c6812
오른손,금린반지6성,f003a3b12e09ee62f0f1604a21f687963c3b6387e1baf6e7144b719f291c6812
보조1,마사의귀목,f003a3b12e09ee62f0f1604a21f687963c3b6387e1baf6e7144b719f291c6812
보조2,마사의귀목,f003a3b12e09ee62f0f1604a21f687963c3b6387e1baf6e7144b719f291c6812
얼굴장식,고대마령의암막6성,f003a3b12e09ee62f0f1604a21f687963c3b6387e1baf6e7144b719f291c6812
캐시 투구,미니머리띠,f003a3b12e09ee62f0f1604a21f687963c3b6387e1baf6e7144b719f291c6812
망토,무신귀갑주7성,f003a3b12e09ee62f0f1604a21f687963c3b6387e1baf6e7144b719f291c6812
캐시 겉옷,바람레이스원피스'백,f003a3b12e09ee62f0f1604a21f687963c3b6387e1baf6e7144b719f291c6812
신발,고대마령의군화'흑6성,f003a3b12e09ee62f0f1604a21f687963c3b6387e1baf6e7144b719f291c6812
목/어깨장식,고대마령의목걸이7성,f003a3b12e09ee62f0f1604a21f687963c3b6387e1baf6e7144b719f291c6812
캐시 무기,오래된채굴곡괭이,f003a3b12e09ee62f0f1604a21f687963c3b6387e1baf6e7144b719f291c6812
캐시 방패/보조무기,해방의사신염주,f003a3b12e09ee62f0f1604a21f687963c3b6387e1baf6e7144b719f291c6812
캐시 얼굴장식,,f003a3b12e09ee62f0f1604a21f687963c3b6387e1baf6e7144b719f291c6812
캐시 망토,시고르인절미,f003a3b12e09ee62f0f1604a21f687963c3b6387e1baf6e7144b719f291c6812
캐시 신발,칠석직녀은하수까치,f003a3b12e09ee62f0f1604a21f687963c3b6387e1baf6e7144b719f291c6812
캐시 목/어깨장식,여름별빛달콤카라,f003a3b12e09ee62f0f1604a21f687963c3b6387e1baf6e7144b719f291c6812
세트옷,강철의탐,f003a3b12e09ee62f0f1604a21f687963c3b6387e1baf6e7144b719f291c6812
캐시 세트옷,,f003a3b12e09ee62f0f1604a21f687963c3b6387e1baf6e7144b719f291c6812
장신구,파란나비노리개1성,f003a3b12e09ee62f0f1604a21f687963c3b6387e1baf6e7144b719f291c6812
캐시 장신구,가을홀릭이어링No01,f003a3b12e09ee62f0f1604a21f687963c3b6387e1baf6e7144b719f291c6812
무기,고대마령의적혈궁7성,3be94812736195b91bcc3bc8261660584922fae541b6f43db0960eb489616248
갑옷,태염무신장갑6성,3be94812736195b91bcc3bc8261660584922fae541b6f43db0960eb489616248
방패/보조무기,고대마령의화살통6성,3be94812736195b91bcc3bc8261660584922fae541b6f43db0960eb489616248
투구,태광천신금잠6성,3be94812736195b91bcc3bc8261660584922fae541b6f43db0960eb489616248
왼손,태염반지6성,3be94812736195b91bcc3bc8261660584922fae541b6f43db0960eb489616248
오른손,태염반지6성,3be94812736195b91bcc3bc8261660584922fae541b6f43db0960eb489616248
보조1,마사의귀목,3be94812736195b91bcc3bc8261660584922fae541b6f43db0960eb489616248
보조2,마사의귀목,3be94812736195b91bcc3bc8261660584922fae541b6f43db0960eb489616248
얼굴장식,조사장의가면,3be94812736195b91bcc3bc8261660584922fae541b6f43db0960eb489616248
캐시 투구,반짇고리도깨비바늘쌈지No03,3be94812736195b91bcc3bc8261660584922fae541b6f43db0960eb489616248
망토,무신귀갑주6성,3be94812736195b91bcc3bc8261660584922fae541b6f43db0960eb489616248
캐시 겉옷,반짇고리도깨비의상No03,3be94812736195b91bcc3bc8261660584922fae541b6f43db0960eb489616248
신발,사령웅의앞발,3be94812736195b91bcc3bc8261660584922fae541b6f43db0960eb489616248
목/어깨장식,진'흉수의인장,3be94812736195b91bcc3bc8261660584922fae541b6f43db0960eb489616248
캐시 무기,반짇고리도깨비방망이,3be94812736195b91bcc3bc8261660584922fae541b6f43db0960eb489616248
캐시 방패/보조무기,반짇고리도깨비빨간골무,3be94812736195b91bcc3bc8261660584922fae541b6f43db0960eb489616248
캐시 얼굴장식,[30주년]넥슨히어로하트,3be94812736195b91bcc3bc8261660584922fae541b6f43db0960eb489616248
캐시 망토,,3be94812736195b91bcc3bc8261660584922fae541b6f43db0960eb489616248
캐시 신발,반짇고리도깨비연홍문양,3be94812736195b91bcc3bc8261660584922fae541b6f43db0960eb489616248
캐시 목/어깨장식,,3be94812736195b91bcc3bc8261660584922fae541b6f43db0960eb489616248
세트옷,강철의탐,3be94812736195b91bcc3bc8261660584922fae541b6f43db0960eb489616248
캐시 세트옷,,3be94812736195b91bcc3bc8261660584922fae541b6f43db0960eb489616248
장신구,파란나비노리개1성,3be94812736195b91bcc3bc8261660584922fae541b6f43db0960eb489616248
캐시 장신구,반짇고리도깨비실패No03,3be94812736195b91bcc3bc8261660584922fae541b6f43db0960eb489616248
무기,고대마령의적혈포9성,f5c7c2de093f397e3131242eea5e4ec49c4668c7065013d153fe7263e63c041c
갑옷,환웅의천의'9성,f5c7c2de093f397e3131242eea5e4ec49c4668c7065013d153fe7263e63c041c
방패/보조무기,,f5c7c2de093f397e3131242eea5e4ec49c4668c7065013d153fe7263e63c041c
투구,환웅의천관'9성,f5c7c2de093f397e3131242eea5e4ec49c4668c7065013d153fe7263e63c041c
왼손,환웅의천수'9성,f5c7c2de093f397e3131242eea5e4ec49c4668c7065013d153fe7263e63c041c
오른손,환웅의천수'9성,f5c7c2de093f397e3131242eea5e4ec49c4668c7065013d153fe7263e63c041c
보조1,마령의노리개'흑8성,f5c7c2de093f397e3131242eea5e4ec49c4668c7065013d153fe7263e63c041c
보조2,빛나는마사의귀목,f5c7c2de093f397e3131242eea5e4ec49c4668c7065013d153fe7263e63c041c
얼굴장식,시바의시선,f5c7c2de093f397e3131242eea5e4ec49c4668c7065013d153fe7263e63c041c
캐시 투구,꽃을든남친헤어No02,f5c7c2de093f397e3131242eea5e4ec49c4668c7065013d153fe7263e63c041c
망토,고대마령의칼날8성,f5c7c2de093f397e3131242eea5e4ec49c4668c7065013d153fe7263e63c041c
캐시 겉옷,뽀짝피그남자의상No01,f5c7c2de093f397e3131242eea5e4ec49c4668c7065013d153fe7263e63c041c
신발,사령웅의앞발,f5c7c2de093f397e3131242eea5e4ec49c4668c7065013d153fe7263e63c041c
목/어깨장식,고대마령의목걸이8성,f5c7c2de093f397e3131242eea5e4ec49c4668c7065013d153fe7263e63c041c
캐시 무기,행운의채굴곡괭이,f5c7c2de093f397e3131242eea5e4ec49c4668c7065013d153fe7263e63c041c
캐시 방패/보조무기,양양이No01,f5c7c2de093f397e3131242eea5e4ec49c4668c7065013d153fe7263e63c041c
캐시 얼굴장식,고양이수염,f5c7c2de093f397e3131242eea5e4ec49c4668c7065013d153fe7263e63c041c
캐시 망토,,f5c7c2de093f397e3131242eea5e4ec49c4668c7065013d153fe7263e63c041c
캐시 신발,토끼발자국No01,f5c7c2de093f397e3131242eea5e4ec49c4668c7065013d153fe7263e63c041c
캐시 목/어깨장식,초코델리힙색No02,f5c7c2de093f397e3131242eea5e4ec49c4668c7065013d153fe7263e63c041c
세트옷,[괴수의상]아그니1성,f5c7c2de093f397e3131242eea5e4ec49c4668c7065013d153fe7263e63c041c
캐시 세트옷,[구]망또No05,f5c7c2de093f397e3131242eea5e4ec49c4668c7065013d153fe7263e63c041c
장신구,붉은토끼풀노리개2성,f5c7c2de093f397e3131242eea5e4ec49c4668c7065013d153fe7263e63c041c
캐시 장신구,,f5c7c2de093f397e3131242eea5e4ec49c4668c7065013d153fe7263e63c041c
무기,용주제십도,c3990e60a8ce23ab527f2f61202fa667c131e9de8b295af0d26bb298e91da305
갑옷,패자황금갑주,c3990e60a8ce23ab527f2f61202fa667c131e9de8b295af0d26bb298e91da305
방패/보조무기,,c3990e60a8ce23ab527f2f61202fa667c131e9de8b295af0d26bb298e91da305
투구,고대마령투구10성,c3990e60a8ce23ab527f2f61202fa667c131e9de8b295af0d26bb298e91da305
왼손,용발톱흑광노리개9성,c3990e60a8ce23ab527f2f61202fa667c131e9de8b295af0d26bb298e91da305
오른손,패자황금손목띠,c3990e60a8ce23ab527f2f61202fa667c131e9de8b295af0d26bb298e91da305
보조1,아그니의적영,c3990e60a8ce23ab527f2f61202fa667c131e9de8b295af0d26bb298e91da305
보조2,마사의귀목,c3990e60a8ce23ab527f2f61202fa667c131e9de8b295af0d26bb298e91da305
얼굴장식,찬란한시바의시선,c3990e60a8ce23ab527f2f61202fa667c131e9de8b295af0d26bb298e91da305
캐시 투구,딱콩별프로머리,c3990e60a8ce23ab527f2f61202fa667c131e9de8b295af0d26bb298e91da305
망토,용성신부'주8성,c3990e60a8ce23ab527f2f61202fa667c131e9de8b295af0d26bb298e91da305
캐시 겉옷,튜브오리인형옷,c3990e60a8ce23ab527f2f61202fa667c131e9de8b295af0d26bb298e91da305
신발,사령웅의앞발,c3990e60a8ce23ab527f2f61202fa667c131e9de8b295af0d26bb298e91da305
목/어깨장식,고대마령의목걸이6성,c3990e60a8ce23ab527f2f61202fa667c131e9de8b295af0d26bb298e91da305
캐시 무기,뿅뿅망치,c3990e60a8ce23ab527f2f61202fa667c131e9de8b295af0d26bb298e91da305
캐시 방패/보조무기,발아래까치,c3990e60a8ce23ab527f2f61202fa667c131e9de8b295af0d26bb298e91da305
캐시 얼굴장식,왕초보대두(남),c3990e60a8ce23ab527f2f61202fa667c131e9de8b295af0d26bb298e91da305
캐시 망토,할로윈주황호박장식,c3990e60a8ce23ab527f2f61202fa667c131e9de8b295af0d26bb298e91da305
캐시 신발,바람정장구두,c3990e60a8ce23ab527f2f61202fa667c131e9de8b295af0d26bb298e91da305
캐시 목/어깨장식,웨딩부토니에,c3990e60a8ce23ab527f2f61202fa667c131e9de8b295af0d26bb298e91da305
세트옷,[괴수의상]아그니1성,c3990e60a8ce23ab527f2f61202fa667c131e9de8b295af0d26bb298e91da305
캐시 세트옷,고대호랑신수의상,c3990e60a8ce23ab527f2f61202fa667c131e9de8b295af0d26bb298e91da305
장신구,붉은토끼풀노리개1성,c3990e60a8ce23ab527f2f61202fa667c131e9de8b295af0d26bb298e91da305
캐시 장신구,나비노랑더듬이,c3990e60a8ce23ab527f2f61202fa667c131e9de8b295af0d26bb298e91da305
무기,용주제십도,2ae1bef72be4aadccfb8b1a8ab463b669b9c42154fefd7b366d8f5c4affbebf8
갑옷,패자황금연갑,2ae1bef72be4aadccfb8b1a8ab463b669b9c42154fefd7b366d8f5c4affbebf8
방패/보조무기,,2ae1bef72be4aadccfb8b1a8ab463b669b9c42154fefd7b366d8f5c4affbebf8
투구,고대마령모자10성,2ae1bef72be4aadccfb8b1a8ab463b669b9c42154fefd7b366d8f5c4affbebf8
왼손,용발톱흑광노리개9성,2ae1bef72be4aadccfb8b1a8ab463b669b9c42154fefd7b366d8f5c4affbebf8
오른손,용발톱흑광노리개9성,2ae1bef72be4aadccfb8b1a8ab463b669b9c42154fefd7b366d8f5c4affbebf8
보조1,마사의귀목,2ae1bef72be4aadccfb8b1a8ab463b669b9c42154fefd7b366d8f5c4affbebf8
보조2,마사의귀목,2ae1bef72be4aadccfb8b1a8ab463b669b9c42154fefd7b366d8f5c4affbebf8
얼굴장식,시바의시선,2ae1bef72be4aadccfb8b1a8ab463b669b9c42154fefd7b366d8f5c4affbebf8
캐시 투구,매혹악마헤어(여),2ae1bef72be4aadccfb8b1a8ab463b669b9c42154fefd7b366d8f5c4affbebf8
망토,용성신부'주8성,2ae1bef72be4aadccfb8b1a8ab463b669b9c42154fefd7b366d8f5c4affbebf8
캐시 겉옷,딱콩점프슈트No01,2ae1bef72be4aadccfb8b1a8ab463b669b9c42154fefd7b366d8f5c4affbebf8
신발,사령웅의앞발,2ae1bef72be4aadccfb8b1a8ab463b669b9c42154fefd7b366d8f5c4affbebf8
목/어깨장식,단조의심단,2ae1bef72be4aadccfb8b1a8ab463b669b9c42154fefd7b366d8f5c4affbebf8
캐시 무기,행운의채굴곡괭이,2ae1bef72be4aadccfb8b1a8ab463b669b9c42154fefd7b366d8f5c4affbebf8
캐시 방패/보조무기,추억의라디오,2ae1bef72be4aadccfb8b1a8ab463b669b9c42154fefd7b366d8f5c4affbebf8
캐시 얼굴장식,,2ae1bef72be4aadccfb8b1a8ab463b669b9c42154fefd7b366d8f5c4affbebf8
캐시 망토,왕실공주날개장식No01,2ae1bef72be4aadccfb8b1a8ab463b669b9c42154fefd7b366d8f5c4affbebf8
캐시 신발,한가위토깽의달,2ae1bef72be4aadccfb8b1a8ab463b669b9c42154fefd7b366d8f5c4affbebf8
캐시 목/어깨장식,,2ae1bef72be4aadccfb8b1a8ab463b669b9c42154fefd7b366d8f5c4affbebf8
세트옷,[괴수의상]아그니1성,2ae1bef72be4aadccfb8b1a8ab463b669b9c42154fefd7b366d8f5c4affbebf8
캐시 세트옷,,2ae1bef72be4aadccfb8b1a8ab463b669b9c42154fefd7b366d8f5c4affbebf8
장신구,파란나비노리개1성,2ae1bef72be4aadccfb8b1a8ab463b669b9c42154fefd7b366d8f5c4affbebf8
캐시 장신구,헤리티지포인트핀,2ae1bef72be4aadccfb8b1a8ab463b669b9c42154fefd7b366d8f5c4affbebf8
무기,용주제십도,bc2e94d5e6cf7869c2486e141e035f1c59e228811fec59855e09edf5c79db85f
갑옷,용주파천단8성,bc2e94d5e6cf7869c2486e141e035f1c59e228811fec59855e09edf5c79db85f
방패/보조무기,,bc2e94d5e6cf7869c2486e141e035f1c59e228811fec59855e09edf5c79db85f
투구,용아천관'주8성,bc2e94d5e6cf7869c2486e141e035f1c59e228811fec59855e09edf5c79db85f
왼손,용비늘흑광노리개9성,bc2e94d5e6cf7869c2486e141e035f1c59e228811fec59855e09edf5c79db85f
오른손,패자황금손목띠,bc2e94d5e6cf7869c2486e141e035f1c59e228811fec59855e09edf5c79db85f
보조1,마령의노리개'흑8성,bc2e94d5e6cf7869c2486e141e035f1c59e228811fec59855e09edf5c79db85f
보조2,마사의귀목,bc2e94d5e6cf7869c2486e141e035f1c59e228811fec59855e09edf5c79db85f
얼굴장식,고대마령의암막8성,bc2e94d5e6cf7869c2486e141e035f1c59e228811fec59855e09edf5c79db85f
캐시 투구,성탄요정헤어(남),bc2e94d5e6cf7869c2486e141e035f1c59e228811fec59855e09edf5c79db85f
망토,용성신부'주8성,bc2e94d5e6cf7869c2486e141e035f1c59e228811fec59855e09edf5c79db85f
캐시 겉옷,한가위토깽의복(흑),bc2e94d5e6cf7869c2486e141e035f1c59e228811fec59855e09edf5c79db85f
신발,바루나의천수,bc2e94d5e6cf7869c2486e141e035f1c59e228811fec59855e09edf5c79db85f
목/어깨장식,고대마령의목걸이8성,bc2e94d5e6cf7869c2486e141e035f1c59e228811fec59855e09edf5c79db85f
캐시 무기,행운의채굴곡괭이,bc2e94d5e6cf7869c2486e141e035f1c59e228811fec59855e09edf5c79db85f
캐시 방패/보조무기,발아래까치,bc2e94d5e6cf7869c2486e141e035f1c59e228811fec59855e09edf5c79db85f
캐시 얼굴장식,,bc2e94d5e6cf7869c2486e141e035f1c59e228811fec59855e09edf5c79db85f
캐시 망토,달콤토끼가방No02,bc2e94d5e6cf7869c2486e141e035f1c59e228811fec59855e09edf5c79db85f
캐시 신발,바람정장구두,bc2e94d5e6cf7869c2486e141e035f1c59e228811fec59855e09edf5c79db85f
캐시 목/어깨장식,따숩겨울목도리,bc2e94d5e6cf7869c2486e141e035f1c59e228811fec59855e09edf5c79db85f
세트옷,[괴수의상]바루나1성,bc2e94d5e6cf7869c2486e141e035f1c59e228811fec59855e09edf5c79db85f
캐시 세트옷,고대구망또신수의상No01,bc2e94d5e6cf7869c2486e141e035f1c59e228811fec59855e09edf5c79db85f
장신구,붉은토끼풀노리개1성,bc2e94d5e6cf7869c2486e141e035f1c59e228811fec59855e09edf5c79db85f
캐시 장신구,금빛화랑귀걸이,bc2e94d5e6cf7869c2486e141e035f1c59e228811fec59855e09edf5c79db85f
무기,용주제십도,a7d30fa990ef1c9283200de00dd0b697630a5affea3ab61e251f69b860a055ff
갑옷,용주멸아단8성,a7d30fa990ef1c9283200de00dd0b697630a5affea3ab61e251f69b860a055ff
방패/보조무기,,a7d30fa990ef1c9283200de00dd0b697630a5affea3ab61e251f69b860a055ff
투구,용아천관'주8성,a7d30fa990ef1c9283200de00dd0b697630a5affea3ab61e251f69b860a055ff
왼손,용비늘흑광노리개9성,a7d30fa990ef1c9283200de00dd0b697630a5affea3ab61e251f69b860a055ff
오른손,용비늘흑광노리개9성,a7d30fa990ef1c9283200de00dd0b697630a5affea3ab61e251f69b860a055ff
보조1,빛나는마사의귀목,a7d30fa990ef1c9283200de00dd0b697630a5affea3ab61e251f69b860a055ff
보조2,빛나는마사의귀목,a7d30fa990ef1c9283200de00dd0b697630a5affea3ab61e251f69b860a055ff
얼굴장식,빛나는조사장의가면,a7d30fa990ef1c9283200de00dd0b697630a5affea3ab61e251f69b860a055ff
캐시 투구,고양이귀장식,a7d30fa990ef1c9283200de00dd0b697630a5affea3ab61e251f69b860a055ff
망토,용성신부'주8성,a7d30fa990ef1c9283200de00dd0b697630a5affea3ab61e251f69b860a055ff
캐시 겉옷,충무공의상(남)No02,a7d30fa990ef1c9283200de00dd0b697630a5affea3ab61e251f69b860a055ff
신발,고대마령의군화'흑7성,a7d30fa990ef1c9283200de00dd0b697630a5affea3ab61e251f69b860a055ff
목/어깨장식,고대마령의목걸이8성,a7d30fa990ef1c9283200de00dd0b697630a5affea3ab61e251f69b860a055ff
캐시 무기,인왕산금장환도,a7d30fa990ef1c9283200de00dd0b697630a5affea3ab61e251f69b860a055ff
캐시 방패/보조무기,서리화살통,a7d30fa990ef1c9283200de00dd0b697630a5affea3ab61e251f69b860a055ff
캐시 얼굴장식,,a7d30fa990ef1c9283200de00dd0b697630a5affea3ab61e251f69b860a055ff
캐시 망토,충무공망토(남)No02,a7d30fa990ef1c9283200de00dd0b697630a5affea3ab61e251f69b860a055ff
캐시 신발,인어파도,a7d30fa990ef1c9283200de00dd0b697630a5affea3ab61e251f69b860a055ff
캐시 목/어깨장식,히피목걸이No03,a7d30fa990ef1c9283200de00dd0b697630a5affea3ab61e251f69b860a055ff
세트옷,[괴수의상]아그니1성,a7d30fa990ef1c9283200de00dd0b697630a5affea3ab61e251f69b860a055ff
캐시 세트옷,,a7d30fa990ef1c9283200de00dd0b697630a5affea3ab61e251f69b860a055ff
장신구,붉은토끼풀노리개1성,a7d30fa990ef1c9283200de00dd0b697630a5affea3ab61e251f69b860a055ff
캐시 장신구,바린족얼굴무늬No02,a7d30fa990ef1c9283200de00dd0b697630a5affea3ab61e251f69b860a055ff
무기,환웅천륜'9각,2b1a6a8051fe1a5b2feba4e2be2d022f8295750b1f4857867454debc45ec9c8a
갑옷,패자황금갑주,2b1a6a8051fe1a5b2feba4e2be2d022f8295750b1f4857867454debc45ec9c8a
방패/보조무기,고대마령의단검6성,2b1a6a8051fe1a5b2feba4e2be2d022f8295750b1f4857867454debc45ec9c8a
투구,태광천신금잠7성,2b1a6a8051fe1a5b2feba4e2be2d022f8295750b1f4857867454debc45ec9c8a
왼손,고대물의성물'1성,2b1a6a8051fe1a5b2feba4e2be2d022f8295750b1f4857867454debc45ec9c8a
오른손,환웅의장갑'8성,2b1a6a8051fe1a5b2feba4e2be2d022f8295750b1f4857867454debc45ec9c8a
보조1,마사의귀목,2b1a6a8051fe1a5b2feba4e2be2d022f8295750b1f4857867454debc45ec9c8a
보조2,마사의귀목,2b1a6a8051fe1a5b2feba4e2be2d022f8295750b1f4857867454debc45ec9c8a
얼굴장식,조사장의가면,2b1a6a8051fe1a5b2feba4e2be2d022f8295750b1f4857867454debc45ec9c8a
캐시 투구,리본토끼모자,2b1a6a8051fe1a5b2feba4e2be2d022f8295750b1f4857867454debc45ec9c8a
망토,무신귀갑주7성,2b1a6a8051fe1a5b2feba4e2be2d022f8295750b1f4857867454debc45ec9c8a
캐시 겉옷,삐약소풍의상(남),2b1a6a8051fe1a5b2feba4e2be2d022f8295750b1f4857867454debc45ec9c8a
신발,사령웅의앞발,2b1a6a8051fe1a5b2feba4e2be2d022f8295750b1f4857867454debc45ec9c8a
,,2b1a6a8051fe1a5b2feba4e2be2d022f8295750b1f4857867454debc45ec9c8a
캐시 무기,오래된채굴곡괭이,2b1a6a8051fe1a5b2feba4e2be2d022f8295750b1f4857867454debc45ec9c8a
캐시 방패/보조무기,왕초보장식,2b1a6a8051fe1a5b2feba4e2be2d022f8295750b1f4857867454debc45ec9c8a
캐시 얼굴장식,고양이수염,2b1a6a8051fe1a5b2feba4e2be2d022f8295750b1f4857867454debc45ec9c8a
캐시 망토,[할로윈]꼬마유령No01,2b1a6a8051fe1a5b2feba4e2be2d022f8295750b1f4857867454debc45ec9c8a
캐시 신발,토끼발자국No01,2b1a6a8051fe1a5b2feba4e2be2d022f8295750b1f4857867454debc45ec9c8a
캐시 목/어깨장식,반짝하트목걸이,2b1a6a8051fe1a5b2feba4e2be2d022f8295750b1f4857867454debc45ec9c8a
세트옷,[괴수의상]아이라바타1성,2b1a6a8051fe1a5b2feba4e2be2d022f8295750b1f4857867454debc45ec9c8a
캐시 세트옷,,2b1a6a8051fe1a5b2feba4e2be2d022f8295750b1f4857867454debc45ec9c8a
장신구,붉은토끼풀노리개2성,2b1a6a8051fe1a5b2feba4e2be2d022f8295750b1f4857867454debc45ec9c8a
캐시 장신구,좋아요하트No02,2b1a6a8051fe1a5b2feba4e2be2d022f8295750b1f4857867454debc45ec9c8a
무기,고대마령의적혈포8성,84c4073d8d60afe64d7bd61d9d2230d285275aea5b2426bb17224395f821108d
갑옷,태광천신신복8성,84c4073d8d60afe64d7bd61d9d2230d285275aea5b2426bb17224395f821108d
방패/보조무기,,84c4073d8d60afe64d7bd61d9d2230d285275aea5b2426bb17224395f821108d
투구,태광천신금잠7성,84c4073d8d60afe64d7bd61d9d2230d285275aea5b2426bb17224395f821108d
왼손,[상급]봉래산반지,84c4073d8d60afe64d7bd61d9d2230d285275aea5b2426bb17224395f821108d
오른손,금린반지10성,84c4073d8d60afe64d7bd61d9d2230d285275aea5b2426bb17224395f821108d
보조1,마사의귀목,84c4073d8d60afe64d7bd61d9d2230d285275aea5b2426bb17224395f821108d
보조2,빛나는마사의귀목,84c4073d8d60afe64d7bd61d9d2230d285275aea5b2426bb17224395f821108d
얼굴장식,흐릿한시바의시선,84c4073d8d60afe64d7bd61d9d2230d285275aea5b2426bb17224395f821108d
캐시 투구,고풍스런진주핀,84c4073d8d60afe64d7bd61d9d2230d285275aea5b2426bb17224395f821108d
망토,용성신부'주7성,84c4073d8d60afe64d7bd61d9d2230d285275aea5b2426bb17224395f821108d
캐시 겉옷,토끼소녀의상No02,84c4073d8d60afe64d7bd61d9d2230d285275aea5b2426bb17224395f821108d
신발,사령웅의앞발,84c4073d8d60afe64d7bd61d9d2230d285275aea5b2426bb17224395f821108d
목/어깨장식,아이라바타의경식,84c4073d8d60afe64d7bd61d9d2230d285275aea5b2426bb17224395f821108d
캐시 무기,반짝이하트봉,84c4073d8d60afe64d7bd61d9d2230d285275aea5b2426bb17224395f821108d
캐시 방패/보조무기,베베토끼인형,84c4073d8d60afe64d7bd61d9d2230d285275aea5b2426bb17224395f821108d
캐시 얼굴장식,[30주년]넥슨히어로하트,84c4073d8d60afe64d7bd61d9d2230d285275aea5b2426bb17224395f821108d
캐시 망토,봄의청사꽃송이,84c4073d8d60afe64d7bd61d9d2230d285275aea5b2426bb17224395f821108d
캐시 신발,힙캐주얼하트퐁퐁,84c4073d8d60afe64d7bd61d9d2230d285275aea5b2426bb17224395f821108d
캐시 목/어깨장식,선물리본장식(하양),84c4073d8d60afe64d7bd61d9d2230d285275aea5b2426bb17224395f821108d
세트옷,[괴수의상]아이라바타1성,84c4073d8d60afe64d7bd61d9d2230d285275aea5b2426bb17224395f821108d
캐시 세트옷,,84c4073d8d60afe64d7bd61d9d2230d285275aea5b2426bb17224395f821108d
장신구,파란나비노리개2성,84c4073d8d60afe64d7bd61d9d2230d285275aea5b2426bb17224395f821108d
캐시 장신구,왼볼하트뿅,84c4073d8d60afe64d7bd61d9d2230d285275aea5b2426bb17224395f821108d
무기,환웅천륜'9각,bf6827a0519022d8b8ee9166f17cd659262ad2410c168a1a6ea914ca2fc792b9
갑옷,태염무신장갑8성,bf6827a0519022d8b8ee9166f17cd659262ad2410c168a1a6ea914ca2fc792b9
방패/보조무기,고대마령의단검6성,bf6827a0519022d8b8ee9166f17cd659262ad2410c168a1a6ea914ca2fc792b9
투구,환웅의투구'8성,bf6827a0519022d8b8ee9166f17cd659262ad2410c168a1a6ea914ca2fc792b9
왼손,금린반지6성,bf6827a0519022d8b8ee9166f17cd659262ad2410c168a1a6ea914ca2fc792b9
오른손,금린반지6성,bf6827a0519022d8b8ee9166f17cd659262ad2410c168a1a6ea914ca2fc792b9
보조1,마령의노리개'흑6성,bf6827a0519022d8b8ee9166f17cd659262ad2410c168a1a6ea914ca2fc792b9
보조2,마사의귀목,bf6827a0519022d8b8ee9166f17cd659262ad2410c168a1a6ea914ca2fc792b9
얼굴장식,시바의시선,bf6827a0519022d8b8ee9166f17cd659262ad2410c168a1a6ea914ca2fc792b9
캐시 투구,나들이헤어No01남,bf6827a0519022d8b8ee9166f17cd659262ad2410c168a1a6ea914ca2fc792b9
망토,용성신부'주8성,bf6827a0519022d8b8ee9166f17cd659262ad2410c168a1a6ea914ca2fc792b9
캐시 겉옷,동물농장큐티의상(남)No03,bf6827a0519022d8b8ee9166f17cd659262ad2410c168a1a6ea914ca2fc792b9
신발,사령웅의앞발,bf6827a0519022d8b8ee9166f17cd659262ad2410c168a1a6ea914ca2fc792b9
목/어깨장식,고대마령의목걸이8성,bf6827a0519022d8b8ee9166f17cd659262ad2410c168a1a6ea914ca2fc792b9
캐시 무기,애완령'화(오른팔),bf6827a0519022d8b8ee9166f17cd659262ad2410c168a1a6ea914ca2fc792b9
캐시 방패/보조무기,반짇고리도깨비빨간골무,bf6827a0519022d8b8ee9166f17cd659262ad2410c168a1a6ea914ca2fc792b9
캐시 얼굴장식,,bf6827a0519022d8b8ee9166f17cd659262ad2410c168a1a6ea914ca2fc792b9
캐시 망토,하트뿅뿅No02,bf6827a0519022d8b8ee9166f17cd659262ad2410c168a1a6ea914ca2fc792b9
캐시 신발,토끼발자국No01,bf6827a0519022d8b8ee9166f17cd659262ad2410c168a1a6ea914ca2fc792b9
캐시 목/어깨장식,매달린고냥,bf6827a0519022d8b8ee9166f17cd659262ad2410c168a1a6ea914ca2fc792b9
세트옷,[괴수의상]가루다1성,bf6827a0519022d8b8ee9166f17cd659262ad2410c168a1a6ea914ca2fc792b9
캐시 세트옷,,bf6827a0519022d8b8ee9166f17cd659262ad2410c168a1a6ea914ca2fc792b9
장신구,자수원앙노리개1성,bf6827a0519022d8b8ee9166f17cd659262ad2410c168a1a6ea914ca2fc792b9
캐시 장신구,청옥한쪽귀걸이,bf6827a0519022d8b8ee9166f17cd659262ad2410c168a1a6ea914ca2fc792b9
무기,용주제십도,78597d325893870d73875b0f9865f1bafd842dab14be2a956555625b37c97bff
갑옷,패자황금갑주,78597d325893870d73875b0f9865f1bafd842dab14be2a956555625b37c97bff
방패/보조무기,,78597d325893870d73875b0f9865f1bafd842dab14be2a956555625b37c97bff
투구,환웅의천관'9성,78597d325893870d73875b0f9865f1bafd842dab14be2a956555625b37c97bff
왼손,[상급]봉래산반지,78597d325893870d73875b0f9865f1bafd842dab14be2a956555625b37c97bff
오른손,[상급]봉래산반지,78597d325893870d73875b0f9865f1bafd842dab14be2a956555625b37c97bff
보조1,마사의귀목,78597d325893870d73875b0f9865f1bafd842dab14be2a956555625b37c97bff
보조2,마사의귀목,78597d325893870d73875b0f9865f1bafd842dab14be2a956555625b37c97bff
얼굴장식,고대마령의암막8성,78597d325893870d73875b0f9865f1bafd842dab14be2a956555625b37c97bff
캐시 투구,커플리본밴드,78597d325893870d73875b0f9865f1bafd842dab14be2a956555625b37c97bff
망토,천마신의망토,78597d325893870d73875b0f9865f1bafd842dab14be2a956555625b37c97bff
캐시 겉옷,희망의플라워슈트,78597d325893870d73875b0f9865f1bafd842dab14be2a956555625b37c97bff
신발,고대마령의군화'흑8성,78597d325893870d73875b0f9865f1bafd842dab14be2a956555625b37c97bff
목/어깨장식,고대마령의목걸이8성,78597d325893870d73875b0f9865f1bafd842dab14be2a956555625b37c97bff
캐시 무기,행운의채굴곡괭이,78597d325893870d73875b0f9865f1bafd842dab14be2a956555625b37c97bff
캐시 방패/보조무기,,78597d325893870d73875b0f9865f1bafd842dab14be2a956555625b37c97bff
캐시 얼굴장식,,78597d325893870d73875b0f9865f1bafd842dab14be2a956555625b37c97bff
캐시 망토,펑키스타No04,78597d325893870d73875b0f9865f1bafd842dab14be2a956555625b37c97bff
캐시 신발,나비노랑반짝,78597d325893870d73875b0f9865f1bafd842dab14be2a956555625b37c97bff
캐시 목/어깨장식,딱콩삐쭉스카프No02,78597d325893870d73875b0f9865f1bafd842dab14be2a956555625b37c97bff
세트옷,강철의탐,78597d325893870d73875b0f9865f1bafd842dab14be2a956555625b37c97bff
캐시 세트옷,[구]망또No07,78597d325893870d73875b0f9865f1bafd842dab14be2a956555625b37c97bff
장신구,붉은토끼풀노리개1성,78597d325893870d73875b0f9865f1bafd842dab14be2a956555625b37c97bff
캐시 장신구,발바닥풍선장신구,78597d325893870d73875b0f9865f1bafd842dab14be2a956555625b37c97bff
무기,환웅천궁'9각,902482be57301a278156a70c44aa91217af71c9a4c74607ea8967b6724b47d93
갑옷,환웅의치마'8성,902482be57301a278156a70c44aa91217af71c9a4c74607ea8967b6724b47d93
방패/보조무기,고대마령의단검7성,902482be57301a278156a70c44aa91217af71c9a4c74607ea8967b6724b47d93
투구,환웅의두건'8성,902482be57301a278156a70c44aa91217af71c9a4c74607ea8967b6724b47d93
왼손,태염반지6성,902482be57301a278156a70c44aa91217af71c9a4c74607ea8967b6724b47d93
오른손,태염반지6성,902482be57301a278156a70c44aa91217af71c9a4c74607ea8967b6724b47d93
보조1,마사의귀목,902482be57301a278156a70c44aa91217af71c9a4c74607ea8967b6724b47d93
보조2,마사의귀목,902482be57301a278156a70c44aa91217af71c9a4c74607ea8967b6724b47d93
얼굴장식,빛나는조사장의가면,902482be57301a278156a70c44aa91217af71c9a4c74607ea8967b6724b47d93
캐시 투구,황금가마솥토끼귀,902482be57301a278156a70c44aa91217af71c9a4c74607ea8967b6724b47d93
망토,고대마령의칼날6성,902482be57301a278156a70c44aa91217af71c9a4c74607ea8967b6724b47d93
캐시 겉옷,대양의선원복(여),902482be57301a278156a70c44aa91217af71c9a4c74607ea8967b6724b47d93
신발,사령웅의앞발,902482be57301a278156a70c44aa91217af71c9a4c74607ea8967b6724b47d93
목/어깨장식,암흑룡의목걸이,902482be57301a278156a70c44aa91217af71c9a4c74607ea8967b6724b47d93
캐시 무기,손폭죽,902482be57301a278156a70c44aa91217af71c9a4c74607ea8967b6724b47d93
캐시 방패/보조무기,어흥깜찍가방,902482be57301a278156a70c44aa91217af71c9a4c74607ea8967b6724b47d93
캐시 얼굴장식,,902482be57301a278156a70c44aa91217af71c9a4c74607ea8967b6724b47d93
캐시 망토,멍멍이꼬리No03,902482be57301a278156a70c44aa91217af71c9a4c74607ea8967b6724b47d93
캐시 신발,여름별빛달콤반짝,902482be57301a278156a70c44aa91217af71c9a4c74607ea8967b6724b47d93
캐시 목/어깨장식,딱콩삐쭉스카프No03,902482be57301a278156a70c44aa91217af71c9a4c74607ea8967b6724b47d93
세트옷,도깨비탐,902482be57301a278156a70c44aa91217af71c9a4c74607ea8967b6724b47d93
캐시 세트옷,고대토실다람쥐신수의상,902482be57301a278156a70c44aa91217af71c9a4c74607ea8967b6724b47d93
장신구,파란나비노리개1성,902482be57301a278156a70c44aa91217af71c9a4c74607ea8967b6724b47d93
캐시 장신구,가을홀릭이어링No01,902482be57301a278156a70c44aa91217af71c9a4c74607ea8967b6724b47d93
무기,환웅천륜'9각,a25aadfe0bdffde99c4809358f17de4671c94507011f02c594a92cf9fa14bd4a
갑옷,환웅의궁의'9성,a25aadfe0bdffde99c4809358f17de4671c94507011f02c594a92cf9fa14bd4a
방패/보조무기,고대마령의단검7성,a25aadfe0bdffde99c4809358f17de4671c94507011f02c594a92cf9fa14bd4a
투구,환웅의화관'8성,a25aadfe0bdffde99c4809358f17de4671c94507011f02c594a92cf9fa14bd4a
왼손,[상급]봉래산반지,a25aadfe0bdffde99c4809358f17de4671c94507011f02c594a92cf9fa14bd4a
오른손,[상급]봉래산반지,a25aadfe0bdffde99c4809358f17de4671c94507011f02c594a92cf9fa14bd4a
보조1,마령의노리개'흑8성,a25aadfe0bdffde99c4809358f17de4671c94507011f02c594a92cf9fa14bd4a
보조2,빛나는마사의귀목,a25aadfe0bdffde99c4809358f17de4671c94507011f02c594a92cf9fa14bd4a
얼굴장식,시바의시선,a25aadfe0bdffde99c4809358f17de4671c94507011f02c594a92cf9fa14bd4a
캐시 투구,판다인형모자,a25aadfe0bdffde99c4809358f17de4671c94507011f02c594a92cf9fa14bd4a
망토,고대마령의칼날7성,a25aadfe0bdffde99c4809358f17de4671c94507011f02c594a92cf9fa14bd4a
캐시 겉옷,판다인형옷,a25aadfe0bdffde99c4809358f17de4671c94507011f02c594a92cf9fa14bd4a
신발,사령웅의앞발,a25aadfe0bdffde99c4809358f17de4671c94507011f02c594a92cf9fa14bd4a
목/어깨장식,고대마령의목걸이8성,a25aadfe0bdffde99c4809358f17de4671c94507011f02c594a92cf9fa14bd4a
캐시 무기,GM유령구미호명도,a25aadfe0bdffde99c4809358f17de4671c94507011f02c594a92cf9fa14bd4a
캐시 방패/보조무기,왕초보장식,a25aadfe0bdffde99c4809358f17de4671c94507011f02c594a92cf9fa14bd4a
캐시 얼굴장식,[30주년]넥슨히어로하트,a25aadfe0bdffde99c4809358f17de4671c94507011f02c594a92cf9fa14bd4a
캐시 망토,풍월요괴고방한외투,a25aadfe0bdffde99c4809358f17de4671c94507011f02c594a92cf9fa14bd4a
캐시 신발,이매망량큰운무,a25aadfe0bdffde99c4809358f17de4671c94507011f02c594a92cf9fa14bd4a
캐시 목/어깨장식,웨딩목걸이,a25aadfe0bdffde99c4809358f17de4671c94507011f02c594a92cf9fa14bd4a
세트옷,도깨비탐,a25aadfe0bdffde99c4809358f17de4671c94507011f02c594a92cf9fa14bd4a
캐시 세트옷,,a25aadfe0bdffde99c4809358f17de4671c94507011f02c594a92cf9fa14bd4a
장신구,붉은토끼풀노리개1성,a25aadfe0bdffde99c4809358f17de4671c94507011f02c594a92cf9fa14bd4a
캐시 장신구,새내기핑크볼터치,a25aadfe0bdffde99c4809358f17de4671c94507011f02c594a92cf9fa14bd4a
무기,고대마령의적혈단봉8성,3be94812736195b91bcc3bc82616605859cdf6ee4404ab1280ff9988b3ad2a67
갑옷,환웅의답호'8성,3be94812736195b91bcc3bc82616605859cdf6ee4404ab1280ff9988b3ad2a67
방패/보조무기,고대마령의단검6성,3be94812736195b91bcc3bc82616605859cdf6ee4404ab1280ff9988b3ad2a67
투구,환웅의화관'8성,3be94812736195b91bcc3bc82616605859cdf6ee4404ab1280ff9988b3ad2a67
왼손,금린반지7성,3be94812736195b91bcc3bc82616605859cdf6ee4404ab1280ff9988b3ad2a67
오른손,금린반지6성,3be94812736195b91bcc3bc82616605859cdf6ee4404ab1280ff9988b3ad2a67
보조1,아그니의적영,3be94812736195b91bcc3bc82616605859cdf6ee4404ab1280ff9988b3ad2a67
보조2,마사의귀목,3be94812736195b91bcc3bc82616605859cdf6ee4404ab1280ff9988b3ad2a67
얼굴장식,시바의시선,3be94812736195b91bcc3bc82616605859cdf6ee4404ab1280ff9988b3ad2a67
캐시 투구,드레스헤어,3be94812736195b91bcc3bc82616605859cdf6ee4404ab1280ff9988b3ad2a67
망토,무신귀갑주7성,3be94812736195b91bcc3bc82616605859cdf6ee4404ab1280ff9988b3ad2a67
캐시 겉옷,하얀드레스,3be94812736195b91bcc3bc82616605859cdf6ee4404ab1280ff9988b3ad2a67
신발,사령웅의앞발,3be94812736195b91bcc3bc82616605859cdf6ee4404ab1280ff9988b3ad2a67
목/어깨장식,고대마령의목걸이8성,3be94812736195b91bcc3bc82616605859cdf6ee4404ab1280ff9988b3ad2a67
캐시 무기,오래된채굴곡괭이,3be94812736195b91bcc3bc82616605859cdf6ee4404ab1280ff9988b3ad2a67
캐시 방패/보조무기,순정만화책,3be94812736195b91bcc3bc82616605859cdf6ee4404ab1280ff9988b3ad2a67
캐시 얼굴장식,,3be94812736195b91bcc3bc82616605859cdf6ee4404ab1280ff9988b3ad2a67
캐시 망토,요정날개No01,3be94812736195b91bcc3bc82616605859cdf6ee4404ab1280ff9988b3ad2a67
캐시 신발,버블샌들No01여,3be94812736195b91bcc3bc82616605859cdf6ee4404ab1280ff9988b3ad2a67
캐시 목/어깨장식,,3be94812736195b91bcc3bc82616605859cdf6ee4404ab1280ff9988b3ad2a67
세트옷,강철의탐,3be94812736195b91bcc3bc82616605859cdf6ee4404ab1280ff9988b3ad2a67
캐시 세트옷,고대[신수]황룡神,3be94812736195b91bcc3bc82616605859cdf6ee4404ab1280ff9988b3ad2a67
장신구,붉은토끼풀노리개1성,3be94812736195b91bcc3bc82616605859cdf6ee4404ab1280ff9988b3ad2a67
캐시 장신구,웨딩화관,3be94812736195b91bcc3bc82616605859cdf6ee4404ab1280ff9988b3ad2a67
무기,금홍단봉8성,ff5ca042942aba26e6e17f6ffd2be231448c19e31eea651442972a58d78276ec
갑옷,환웅의치마'8성,ff5ca042942aba26e6e17f6ffd2be231448c19e31eea651442972a58d78276ec
방패/보조무기,고대마령의단검6성,ff5ca042942aba26e6e17f6ffd2be231448c19e31eea651442972a58d78276ec
투구,환웅의머릿깃'8성,ff5ca042942aba26e6e17f6ffd2be231448c19e31eea651442972a58d78276ec
왼손,금린노리개6성,ff5ca042942aba26e6e17f6ffd2be231448c19e31eea651442972a58d78276ec
오른손,금린반지6성,ff5ca042942aba26e6e17f6ffd2be231448c19e31eea651442972a58d78276ec
보조1,마령의노리개'흑6성,ff5ca042942aba26e6e17f6ffd2be231448c19e31eea651442972a58d78276ec
보조2,마사의귀목,ff5ca042942aba26e6e17f6ffd2be231448c19e31eea651442972a58d78276ec
얼굴장식,시바의시선,ff5ca042942aba26e6e17f6ffd2be231448c19e31eea651442972a58d78276ec
캐시 투구,성탄요정헤어(여),ff5ca042942aba26e6e17f6ffd2be231448c19e31eea651442972a58d78276ec
망토,무신귀갑주7성,ff5ca042942aba26e6e17f6ffd2be231448c19e31eea651442972a58d78276ec
캐시 겉옷,새내기룩(여),ff5ca042942aba26e6e17f6ffd2be231448c19e31eea651442972a58d78276ec
신발,고대마령의군화'월8성,ff5ca042942aba26e6e17f6ffd2be231448c19e31eea651442972a58d78276ec
목/어깨장식,고대마령의목걸이6성,ff5ca042942aba26e6e17f6ffd2be231448c19e31eea651442972a58d78276ec
캐시 무기,나사펫아이스바,ff5ca042942aba26e6e17f6ffd2be231448c19e31eea651442972a58d78276ec
캐시 방패/보조무기,나사펫코기,ff5ca042942aba26e6e17f6ffd2be231448c19e31eea651442972a58d78276ec
캐시 얼굴장식,,ff5ca042942aba26e6e17f6ffd2be231448c19e31eea651442972a58d78276ec
캐시 망토,러블리토끼No01,ff5ca042942aba26e6e17f6ffd2be231448c19e31eea651442972a58d78276ec
캐시 신발,겨울반딧불,ff5ca042942aba26e6e17f6ffd2be231448c19e31eea651442972a58d78276ec
캐시 목/어깨장식,추억의카메라,ff5ca042942aba26e6e17f6ffd2be231448c19e31eea651442972a58d78276ec
세트옷,강철의탐,ff5ca042942aba26e6e17f6ffd2be231448c19e31eea651442972a58d78276ec
캐시 세트옷,,ff5ca042942aba26e6e17f6ffd2be231448c19e31eea651442972a58d78276ec
장신구,파란나비노리개2성,ff5ca042942aba26e6e17f6ffd2be231448c19e31eea651442972a58d78276ec
캐시 장신구,귀농이장모자,ff5ca042942aba26e6e17f6ffd2be231448c19e31eea651442972a58d78276ec
무기,고대마령의적혈단봉8성,a691dc6e0c7a0254042dfe436eec527a71678b0e9a6ad93e065520d4186e7637
갑옷,환웅의쾌자'9성,a691dc6e0c7a0254042dfe436eec527a71678b0e9a6ad93e065520d4186e7637
방패/보조무기,고대마령의단검6성,a691dc6e0c7a0254042dfe436eec527a71678b0e9a6ad93e065520d4186e7637
투구,환웅의마관'9성,a691dc6e0c7a0254042dfe436eec527a71678b0e9a6ad93e065520d4186e7637
왼손,환웅의토시'9성,a691dc6e0c7a0254042dfe436eec527a71678b0e9a6ad93e065520d4186e7637
오른손,환웅의토시'9성,a691dc6e0c7a0254042dfe436eec527a71678b0e9a6ad93e065520d4186e7637
보조1,마령의노리개'월6성,a691dc6e0c7a0254042dfe436eec527a71678b0e9a6ad93e065520d4186e7637
보조2,빛나는마사의귀목,a691dc6e0c7a0254042dfe436eec527a71678b0e9a6ad93e065520d4186e7637
얼굴장식,고대마령의표식6성,a691dc6e0c7a0254042dfe436eec527a71678b0e9a6ad93e065520d4186e7637
캐시 투구,ILOVEYOU전자파밴드,a691dc6e0c7a0254042dfe436eec527a71678b0e9a6ad93e065520d4186e7637
망토,무신귀갑주7성,a691dc6e0c7a0254042dfe436eec527a71678b0e9a6ad93e065520d4186e7637
캐시 겉옷,환계나무꾼의복,a691dc6e0c7a0254042dfe436eec527a71678b0e9a6ad93e065520d4186e7637
신발,사령웅의앞발,a691dc6e0c7a0254042dfe436eec527a71678b0e9a6ad93e065520d4186e7637
목/어깨장식,고대마령의목걸이6성,a691dc6e0c7a0254042dfe436eec527a71678b0e9a6ad93e065520d4186e7637
캐시 무기,오래된채굴곡괭이,a691dc6e0c7a0254042dfe436eec527a71678b0e9a6ad93e065520d4186e7637
캐시 방패/보조무기,네온하트방패No01,a691dc6e0c7a0254042dfe436eec527a71678b0e9a6ad93e065520d4186e7637
캐시 얼굴장식,왕초보대두(남),a691dc6e0c7a0254042dfe436eec527a71678b0e9a6ad93e065520d4186e7637
캐시 망토,펑키스타No04,a691dc6e0c7a0254042dfe436eec527a71678b0e9a6ad93e065520d4186e7637
캐시 신발,토끼슬리퍼(남),a691dc6e0c7a0254042dfe436eec527a71678b0e9a6ad93e065520d4186e7637
캐시 목/어깨장식,형광우비망토No01,a691dc6e0c7a0254042dfe436eec527a71678b0e9a6ad93e065520d4186e7637
세트옷,[괴수의상]쿠라칸2성,a691dc6e0c7a0254042dfe436eec527a71678b0e9a6ad93e065520d4186e7637
캐시 세트옷,[구]망또No04,a691dc6e0c7a0254042dfe436eec527a71678b0e9a6ad93e065520d4186e7637
장신구,붉은토끼풀노리개2성,a691dc6e0c7a0254042dfe436eec527a71678b0e9a6ad93e065520d4186e7637
캐시 장신구,귀농뽀글헤어,a691dc6e0c7a0254042dfe436eec527a71678b0e9a6ad93e065520d4186e7637
무기,용화제십단봉,a691dc6e0c7a0254042dfe436eec527ad9071fb5fee736b238ae71496aaf03ec
갑옷,패자황금갑주,a691dc6e0c7a0254042dfe436eec527ad9071fb5fee736b238ae71496aaf03ec
방패/보조무기,고대마령의단검6성,a691dc6e0c7a0254042dfe436eec527ad9071fb5fee736b238ae71496aaf03ec
투구,고대마령투구10성,a691dc6e0c7a0254042dfe436eec527ad9071fb5fee736b238ae71496aaf03ec
왼손,패자황금토시,a691dc6e0c7a0254042dfe436eec527ad9071fb5fee736b238ae71496aaf03ec
오른손,금린반지6성,a691dc6e0c7a0254042dfe436eec527ad9071fb5fee736b238ae71496aaf03ec
보조1,마사의귀목,a691dc6e0c7a0254042dfe436eec527ad9071fb5fee736b238ae71496aaf03ec
보조2,마사의귀목,a691dc6e0c7a0254042dfe436eec527ad9071fb5fee736b238ae71496aaf03ec
얼굴장식,고대마령의암막6성,a691dc6e0c7a0254042dfe436eec527ad9071fb5fee736b238ae71496aaf03ec
캐시 투구,겨울한교복도령모,a691dc6e0c7a0254042dfe436eec527ad9071fb5fee736b238ae71496aaf03ec
망토,무신귀갑주6성,a691dc6e0c7a0254042dfe436eec527ad9071fb5fee736b238ae71496aaf03ec
캐시 겉옷,겨울한교복(남),a691dc6e0c7a0254042dfe436eec527ad9071fb5fee736b238ae71496aaf03ec
신발,사령웅의앞발,a691dc6e0c7a0254042dfe436eec527ad9071fb5fee736b238ae71496aaf03ec
목/어깨장식,고대마령의목걸이7성,a691dc6e0c7a0254042dfe436eec527ad9071fb5fee736b238ae71496aaf03ec
캐시 무기,,a691dc6e0c7a0254042dfe436eec527ad9071fb5fee736b238ae71496aaf03ec
캐시 방패/보조무기,악마계약자갈퀴방패,a691dc6e0c7a0254042dfe436eec527ad9071fb5fee736b238ae71496aaf03ec
캐시 얼굴장식,[30주년]넥슨히어로하트,a691dc6e0c7a0254042dfe436eec527ad9071fb5fee736b238ae71496aaf03ec
캐시 망토,겨울한교복털망토,a691dc6e0c7a0254042dfe436eec527ad9071fb5fee736b238ae71496aaf03ec
캐시 신발,겨울반딧불,a691dc6e0c7a0254042dfe436eec527ad9071fb5fee736b238ae71496aaf03ec
캐시 목/어깨장식,레이스스카프No01,a691dc6e0c7a0254042dfe436eec527ad9071fb5fee736b238ae71496aaf03ec
세트옷,강철의탐,a691dc6e0c7a0254042dfe436eec527ad9071fb5fee736b238ae71496aaf03ec
캐시 세트옷,,a691dc6e0c7a0254042dfe436eec527ad9071fb5fee736b238ae71496aaf03ec
장신구,파란나비노리개2성,a691dc6e0c7a0254042dfe436eec527ad9071fb5fee736b238ae71496aaf03ec
캐시 장신구,,a691dc6e0c7a0254042dfe436eec527ad9071fb5fee736b238ae71496aaf03ec
무기,고대마령의적혈단봉8성,3be94812736195b91bcc3bc826166058dd00002086cd6fee05598cd3358286eb
갑옷,환웅의답호'8성,3be94812736195b91bcc3bc826166058dd00002086cd6fee05598cd3358286eb
방패/보조무기,,3be94812736195b91bcc3bc826166058dd00002086cd6fee05598cd3358286eb
투구,환웅의화관'8성,3be94812736195b91bcc3bc826166058dd00002086cd6fee05598cd3358286eb
왼손,환웅의토시'8성,3be94812736195b91bcc3bc826166058dd00002086cd6fee05598cd3358286eb
오른손,환웅의토시'7성,3be94812736195b91bcc3bc826166058dd00002086cd6fee05598cd3358286eb
보조1,마령의노리개'흑6성,3be94812736195b91bcc3bc826166058dd00002086cd6fee05598cd3358286eb
보조2,마사의귀목,3be94812736195b91bcc3bc826166058dd00002086cd6fee05598cd3358286eb
얼굴장식,고대마령의표식6성,3be94812736195b91bcc3bc826166058dd00002086cd6fee05598cd3358286eb
캐시 투구,바람레이스머리띠,3be94812736195b91bcc3bc826166058dd00002086cd6fee05598cd3358286eb
망토,천신부금장7성,3be94812736195b91bcc3bc826166058dd00002086cd6fee05598cd3358286eb
캐시 겉옷,바닷바람세일러정복(여),3be94812736195b91bcc3bc826166058dd00002086cd6fee05598cd3358286eb
신발,사령웅의앞발,3be94812736195b91bcc3bc826166058dd00002086cd6fee05598cd3358286eb
목/어깨장식,고대마령의목걸이6성,3be94812736195b91bcc3bc826166058dd00002086cd6fee05598cd3358286eb
캐시 무기,행운의채굴곡괭이,3be94812736195b91bcc3bc826166058dd00002086cd6fee05598cd3358286eb
캐시 방패/보조무기,,3be94812736195b91bcc3bc826166058dd00002086cd6fee05598cd3358286eb
캐시 얼굴장식,,3be94812736195b91bcc3bc826166058dd00002086cd6fee05598cd3358286eb
캐시 망토,시고르인절미,3be94812736195b91bcc3bc826166058dd00002086cd6fee05598cd3358286eb
캐시 신발,샤인뿜뿜별,3be94812736195b91bcc3bc826166058dd00002086cd6fee05598cd3358286eb
캐시 목/어깨장식,숲속친구올빼미,3be94812736195b91bcc3bc826166058dd00002086cd6fee05598cd3358286eb
세트옷,강철의탐,3be94812736195b91bcc3bc826166058dd00002086cd6fee05598cd3358286eb
캐시 세트옷,,3be94812736195b91bcc3bc826166058dd00002086cd6fee05598cd3358286eb
장신구,파란나비노리개1성,3be94812736195b91bcc3bc826166058dd00002086cd6fee05598cd3358286eb
캐시 장신구,베베반짝별,3be94812736195b91bcc3bc826166058dd00002086cd6fee05598cd3358286eb
캐시 무기,홍삼즙,a691dc6e0c7a0254042dfe436eec527ab4922bbd67f8ea6d5a7c8c4f0ced459d
무기,고대마령의적혈단봉8성,a691dc6e0c7a0254042dfe436eec527ab4922bbd67f8ea6d5a7c8c4f0ced459d
갑옷,환웅의답호'7성,a691dc6e0c7a0254042dfe436eec527ab4922bbd67f8ea6d5a7c8c4f0ced459d
방패/보조무기,고대마령의단검6성,a691dc6e0c7a0254042dfe436eec527ab4922bbd67f8ea6d5a7c8c4f0ced459d
투구,환웅의화관'7성,a691dc6e0c7a0254042dfe436eec527ab4922bbd67f8ea6d5a7c8c4f0ced459d
왼손,환웅의토시'8성,a691dc6e0c7a0254042dfe436eec527ab4922bbd67f8ea6d5a7c8c4f0ced459d
오른손,환웅의토시'7성,a691dc6e0c7a0254042dfe436eec527ab4922bbd67f8ea6d5a7c8c4f0ced459d
보조1,마령의노리개'흑6성,a691dc6e0c7a0254042dfe436eec527ab4922bbd67f8ea6d5a7c8c4f0ced459d
보조2,마사의귀목,a691dc6e0c7a0254042dfe436eec527ab4922bbd67f8ea6d5a7c8c4f0ced459d
얼굴장식,고대마령의표식6성,a691dc6e0c7a0254042dfe436eec527ab4922bbd67f8ea6d5a7c8c4f0ced459d
캐시 투구,꽃을든여친헤어No02,a691dc6e0c7a0254042dfe436eec527ab4922bbd67f8ea6d5a7c8c4f0ced459d
망토,금린추월6성,a691dc6e0c7a0254042dfe436eec527ab4922bbd67f8ea6d5a7c8c4f0ced459d
캐시 겉옷,바람레이스원피스'백,a691dc6e0c7a0254042dfe436eec527ab4922bbd67f8ea6d5a7c8c4f0ced459d
신발,사령웅의앞발,a691dc6e0c7a0254042dfe436eec527ab4922bbd67f8ea6d5a7c8c4f0ced459d
목/어깨장식,고대마령의목걸이6성,a691dc6e0c7a0254042dfe436eec527ab4922bbd67f8ea6d5a7c8c4f0ced459d
캐시 방패/보조무기,,a691dc6e0c7a0254042dfe436eec527ab4922bbd67f8ea6d5a7c8c4f0ced459d
캐시 얼굴장식,눈장식:칼라렌즈(밤하늘),a691dc6e0c7a0254042dfe436eec527ab4922bbd67f8ea6d5a7c8c4f0ced459d
캐시 망토,노랑요정날개,a691dc6e0c7a0254042dfe436eec527ab4922bbd67f8ea6d5a7c8c4f0ced459d
캐시 신발,버블샌들No01여,a691dc6e0c7a0254042dfe436eec527ab4922bbd67f8ea6d5a7c8c4f0ced459d
캐시 목/어깨장식,아기턱받이No01,a691dc6e0c7a0254042dfe436eec527ab4922bbd67f8ea6d5a7c8c4f0ced459d
세트옷,도깨비탐,a691dc6e0c7a0254042dfe436eec527ab4922bbd67f8ea6d5a7c8c4f0ced459d
캐시 세트옷,,a691dc6e0c7a0254042dfe436eec527ab4922bbd67f8ea6d5a7c8c4f0ced459d
장신구,파란나비노리개1성,a691dc6e0c7a0254042dfe436eec527ab4922bbd67f8ea6d5a7c8c4f0ced459d
캐시 장신구,꼬마집요정모자No01,a691dc6e0c7a0254042dfe436eec527ab4922bbd67f8ea6d5a7c8c4f0ced459d
무기,금홍단봉7성,91465fe6f30ecaa51597aa2cfefa02c36f6e4fa117200fbc95eea9863b0d5f96
갑옷,환웅의연갑'9성,91465fe6f30ecaa51597aa2cfefa02c36f6e4fa117200fbc95eea9863b0d5f96
방패/보조무기,고대마령의주술서5성,91465fe6f30ecaa51597aa2cfefa02c36f6e4fa117200fbc95eea9863b0d5f96
투구,환웅의모자'9성,91465fe6f30ecaa51597aa2cfefa02c36f6e4fa117200fbc95eea9863b0d5f96
왼손,환웅의토시'8성,91465fe6f30ecaa51597aa2cfefa02c36f6e4fa117200fbc95eea9863b0d5f96
오른손,환웅의토시'7성,91465fe6f30ecaa51597aa2cfefa02c36f6e4fa117200fbc95eea9863b0d5f96
보조1,마사의귀목,91465fe6f30ecaa51597aa2cfefa02c36f6e4fa117200fbc95eea9863b0d5f96
보조2,마령의노리개'흑8성,91465fe6f30ecaa51597aa2cfefa02c36f6e4fa117200fbc95eea9863b0d5f96
얼굴장식,고대마령의암막6성,91465fe6f30ecaa51597aa2cfefa02c36f6e4fa117200fbc95eea9863b0d5f96
캐시 투구,한가위토깽의귀(홍),91465fe6f30ecaa51597aa2cfefa02c36f6e4fa117200fbc95eea9863b0d5f96
망토,금린추월6성,91465fe6f30ecaa51597aa2cfefa02c36f6e4fa117200fbc95eea9863b0d5f96
캐시 겉옷,베베천사의상(여),91465fe6f30ecaa51597aa2cfefa02c36f6e4fa117200fbc95eea9863b0d5f96
신발,사령웅의앞발,91465fe6f30ecaa51597aa2cfefa02c36f6e4fa117200fbc95eea9863b0d5f96
목/어깨장식,고대마령의목걸이6성,91465fe6f30ecaa51597aa2cfefa02c36f6e4fa117200fbc95eea9863b0d5f96
캐시 무기,행운의채굴곡괭이,91465fe6f30ecaa51597aa2cfefa02c36f6e4fa117200fbc95eea9863b0d5f96
캐시 방패/보조무기,추억의라디오,91465fe6f30ecaa51597aa2cfefa02c36f6e4fa117200fbc95eea9863b0d5f96
캐시 얼굴장식,,91465fe6f30ecaa51597aa2cfefa02c36f6e4fa117200fbc95eea9863b0d5f96
캐시 망토,,91465fe6f30ecaa51597aa2cfefa02c36f6e4fa117200fbc95eea9863b0d5f96
캐시 신발,인어파도,91465fe6f30ecaa51597aa2cfefa02c36f6e4fa117200fbc95eea9863b0d5f96
캐시 목/어깨장식,,91465fe6f30ecaa51597aa2cfefa02c36f6e4fa117200fbc95eea9863b0d5f96
세트옷,도깨비탐,91465fe6f30ecaa51597aa2cfefa02c36f6e4fa117200fbc95eea9863b0d5f96
캐시 세트옷,,91465fe6f30ecaa51597aa2cfefa02c36f6e4fa117200fbc95eea9863b0d5f96
장신구,붉은토끼풀노리개1성,91465fe6f30ecaa51597aa2cfefa02c36f6e4fa117200fbc95eea9863b0d5f96
캐시 장신구,앤틱바람귀걸이,91465fe6f30ecaa51597aa2cfefa02c36f6e4fa117200fbc95eea9863b0d5f96
무기,천상화,5a2ac51fe2e0f394a925f5c45bd566968ea0409b5f1afa3b4cb04e0f21f5ed5a
갑옷,용화멸아의6성,5a2ac51fe2e0f394a925f5c45bd566968ea0409b5f1afa3b4cb04e0f21f5ed5a
방패/보조무기,고대마령의단검6성,5a2ac51fe2e0f394a925f5c45bd566968ea0409b5f1afa3b4cb04e0f21f5ed5a
투구,용아천관'화5성,5a2ac51fe2e0f394a925f5c45bd566968ea0409b5f1afa3b4cb04e0f21f5ed5a
왼손,태염반지5성,5a2ac51fe2e0f394a925f5c45bd566968ea0409b5f1afa3b4cb04e0f21f5ed5a
오른손,태염반지5성,5a2ac51fe2e0f394a925f5c45bd566968ea0409b5f1afa3b4cb04e0f21f5ed5a
보조1,마사의귀목,5a2ac51fe2e0f394a925f5c45bd566968ea0409b5f1afa3b4cb04e0f21f5ed5a
보조2,마사의귀목,5a2ac51fe2e0f394a925f5c45bd566968ea0409b5f1afa3b4cb04e0f21f5ed5a
얼굴장식,고대마령의표식6성,5a2ac51fe2e0f394a925f5c45bd566968ea0409b5f1afa3b4cb04e0f21f5ed5a
캐시 투구,드레스헤어,5a2ac51fe2e0f394a925f5c45bd566968ea0409b5f1afa3b4cb04e0f21f5ed5a
망토,금린화월6성,5a2ac51fe2e0f394a925f5c45bd566968ea0409b5f1afa3b4cb04e0f21f5ed5a
캐시 겉옷,,5a2ac51fe2e0f394a925f5c45bd566968ea0409b5f1afa3b4cb04e0f21f5ed5a
신발,사령웅의앞발,5a2ac51fe2e0f394a925f5c45bd566968ea0409b5f1afa3b4cb04e0f21f5ed5a
목/어깨장식,진'흉수의인장,5a2ac51fe2e0f394a925f5c45bd566968ea0409b5f1afa3b4cb04e0f21f5ed5a
캐시 무기,한가위애착토끼(흑),5a2ac51fe2e0f394a925f5c45bd566968ea0409b5f1afa3b4cb04e0f21f5ed5a
캐시 방패/보조무기,,5a2ac51fe2e0f394a925f5c45bd566968ea0409b5f1afa3b4cb04e0f21f5ed5a
캐시 얼굴장식,눈장식:멍눈(딥다크),5a2ac51fe2e0f394a925f5c45bd566968ea0409b5f1afa3b4cb04e0f21f5ed5a
캐시 망토,문방구남주딱지,5a2ac51fe2e0f394a925f5c45bd566968ea0409b5f1afa3b4cb04e0f21f5ed5a
캐시 신발,환계연꽃궁정,5a2ac51fe2e0f394a925f5c45bd566968ea0409b5f1afa3b4cb04e0f21f5ed5a
캐시 목/어깨장식,어쿠스틱목도리,5a2ac51fe2e0f394a925f5c45bd566968ea0409b5f1afa3b4cb04e0f21f5ed5a
세트옷,도깨비탐,5a2ac51fe2e0f394a925f5c45bd566968ea0409b5f1afa3b4cb04e0f21f5ed5a
캐시 세트옷,고대[신수]현무神,5a2ac51fe2e0f394a925f5c45bd566968ea0409b5f1afa3b4cb04e0f21f5ed5a
장신구,자수원앙노리개2성,5a2ac51fe2e0f394a925f5c45bd566968ea0409b5f1afa3b4cb04e0f21f5ed5a
캐시 장신구,바람유니콘목장식(여),5a2ac51fe2e0f394a925f5c45bd566968ea0409b5f1afa3b4cb04e0f21f5ed5a
무기,칠지천지환단봉,a529b8342fbf40da3ef992ab10fed8d39bbca414833aa18b2eb56d2bb9fba68f
갑옷,전설남자구미호갑옷,a529b8342fbf40da3ef992ab10fed8d39bbca414833aa18b2eb56d2bb9fba68f
방패/보조무기,고대마령의방패6성,a529b8342fbf40da3ef992ab10fed8d39bbca414833aa18b2eb56d2bb9fba68f
투구,전설구미호모자,a529b8342fbf40da3ef992ab10fed8d39bbca414833aa18b2eb56d2bb9fba68f
왼손,쇄자황금토시,a529b8342fbf40da3ef992ab10fed8d39bbca414833aa18b2eb56d2bb9fba68f
오른손,쇄자황금토시,a529b8342fbf40da3ef992ab10fed8d39bbca414833aa18b2eb56d2bb9fba68f
보조1,마령의노리개'월6성,a529b8342fbf40da3ef992ab10fed8d39bbca414833aa18b2eb56d2bb9fba68f
보조2,마사의귀목,a529b8342fbf40da3ef992ab10fed8d39bbca414833aa18b2eb56d2bb9fba68f
얼굴장식,고대마령의암막6성,a529b8342fbf40da3ef992ab10fed8d39bbca414833aa18b2eb56d2bb9fba68f
캐시 투구,가을홀릭소년헤어No01,a529b8342fbf40da3ef992ab10fed8d39bbca414833aa18b2eb56d2bb9fba68f
망토,고대마령의칼날6성,a529b8342fbf40da3ef992ab10fed8d39bbca414833aa18b2eb56d2bb9fba68f
캐시 겉옷,[빽투]황금빛망또,a529b8342fbf40da3ef992ab10fed8d39bbca414833aa18b2eb56d2bb9fba68f
신발,고대마령의군화'월6성,a529b8342fbf40da3ef992ab10fed8d39bbca414833aa18b2eb56d2bb9fba68f
목/어깨장식,고대마령의목걸이6성,a529b8342fbf40da3ef992ab10fed8d39bbca414833aa18b2eb56d2bb9fba68f
캐시 무기,,a529b8342fbf40da3ef992ab10fed8d39bbca414833aa18b2eb56d2bb9fba68f
캐시 방패/보조무기,발아래까치,a529b8342fbf40da3ef992ab10fed8d39bbca414833aa18b2eb56d2bb9fba68f
캐시 얼굴장식,,a529b8342fbf40da3ef992ab10fed8d39bbca414833aa18b2eb56d2bb9fba68f
캐시 망토,벚꽃장식No02,a529b8342fbf40da3ef992ab10fed8d39bbca414833aa18b2eb56d2bb9fba68f
캐시 신발,흩뿌려진꽃잎No02,a529b8342fbf40da3ef992ab10fed8d39bbca414833aa18b2eb56d2bb9fba68f
캐시 목/어깨장식,웨딩부토니에,a529b8342fbf40da3ef992ab10fed8d39bbca414833aa18b2eb56d2bb9fba68f
세트옷,도깨비탐,a529b8342fbf40da3ef992ab10fed8d39bbca414833aa18b2eb56d2bb9fba68f
캐시 세트옷,,a529b8342fbf40da3ef992ab10fed8d39bbca414833aa18b2eb56d2bb9fba68f
장신구,붉은토끼풀노리개1성,a529b8342fbf40da3ef992ab10fed8d39bbca414833aa18b2eb56d2bb9fba68f
캐시 장신구,나비빨강더듬이,a529b8342fbf40da3ef992ab10fed8d39bbca414833aa18b2eb56d2bb9fba68f
무기,고대마령의적혈장8성,47170b1e901116231f1e3ce62695294a762c1196c5b3535b1e5d35d92763b093
갑옷,태광천신신복8성,47170b1e901116231f1e3ce62695294a762c1196c5b3535b1e5d35d92763b093
방패/보조무기,고대마령의방패6성,47170b1e901116231f1e3ce62695294a762c1196c5b3535b1e5d35d92763b093
투구,태광천신금잠7성,47170b1e901116231f1e3ce62695294a762c1196c5b3535b1e5d35d92763b093
왼손,용뿔흑광노리개9성,47170b1e901116231f1e3ce62695294a762c1196c5b3535b1e5d35d92763b093
오른손,용뿔흑광노리개9성,47170b1e901116231f1e3ce62695294a762c1196c5b3535b1e5d35d92763b093
보조1,마령의노리개'흑8성,47170b1e901116231f1e3ce62695294a762c1196c5b3535b1e5d35d92763b093
보조2,빛나는마사의귀목,47170b1e901116231f1e3ce62695294a762c1196c5b3535b1e5d35d92763b093
얼굴장식,고대마령의표식6성,47170b1e901116231f1e3ce62695294a762c1196c5b3535b1e5d35d92763b093
캐시 투구,고양이귀장식,47170b1e901116231f1e3ce62695294a762c1196c5b3535b1e5d35d92763b093
망토,무신귀갑주7성,47170b1e901116231f1e3ce62695294a762c1196c5b3535b1e5d35d92763b093
캐시 겉옷,토끼소녀의상No01,47170b1e901116231f1e3ce62695294a762c1196c5b3535b1e5d35d92763b093
신발,고대마령의군화'흑6성,47170b1e901116231f1e3ce62695294a762c1196c5b3535b1e5d35d92763b093
목/어깨장식,진'흉수의인장,47170b1e901116231f1e3ce62695294a762c1196c5b3535b1e5d35d92763b093
캐시 무기,,47170b1e901116231f1e3ce62695294a762c1196c5b3535b1e5d35d92763b093
캐시 방패/보조무기,5월동화냥젤리백,47170b1e901116231f1e3ce62695294a762c1196c5b3535b1e5d35d92763b093
캐시 얼굴장식,풍선껌,47170b1e901116231f1e3ce62695294a762c1196c5b3535b1e5d35d92763b093
캐시 망토,은하수꿈꾸는날개,47170b1e901116231f1e3ce62695294a762c1196c5b3535b1e5d35d92763b093
캐시 신발,토끼발자국No01,47170b1e901116231f1e3ce62695294a762c1196c5b3535b1e5d35d92763b093
캐시 목/어깨장식,바다케이프,47170b1e901116231f1e3ce62695294a762c1196c5b3535b1e5d35d92763b093
세트옷,꺄꺄,47170b1e901116231f1e3ce62695294a762c1196c5b3535b1e5d35d92763b093
캐시 세트옷,,47170b1e901116231f1e3ce62695294a762c1196c5b3535b1e5d35d92763b093
장신구,자수원앙노리개1성,47170b1e901116231f1e3ce62695294a762c1196c5b3535b1e5d35d92763b093
캐시 장신구,새내기핑크볼터치,47170b1e901116231f1e3ce62695294a762c1196c5b3535b1e5d35d92763b093
무기,용신제십장,91465fe6f30ecaa51597aa2cfefa02c38efa681c745f4ac47dea1a67e1322615
갑옷,환웅의신의'9성,91465fe6f30ecaa51597aa2cfefa02c38efa681c745f4ac47dea1a67e1322615
방패/보조무기,고대마령의단검8성,91465fe6f30ecaa51597aa2cfefa02c38efa681c745f4ac47dea1a67e1322615
투구,용아천관'신8성,91465fe6f30ecaa51597aa2cfefa02c38efa681c745f4ac47dea1a67e1322615
왼손,용비늘흑광노리개9성,91465fe6f30ecaa51597aa2cfefa02c38efa681c745f4ac47dea1a67e1322615
오른손,용비늘흑광노리개9성,91465fe6f30ecaa51597aa2cfefa02c38efa681c745f4ac47dea1a67e1322615
보조1,마령의노리개'월8성,91465fe6f30ecaa51597aa2cfefa02c38efa681c745f4ac47dea1a67e1322615
보조2,빛나는마사의귀목,91465fe6f30ecaa51597aa2cfefa02c38efa681c745f4ac47dea1a67e1322615
얼굴장식,찬란한시바의시선,91465fe6f30ecaa51597aa2cfefa02c38efa681c745f4ac47dea1a67e1322615
캐시 투구,할로윈은빛왕관,91465fe6f30ecaa51597aa2cfefa02c38efa681c745f4ac47dea1a67e1322615
망토,고대마령의비수8성,91465fe6f30ecaa51597aa2cfefa02c38efa681c745f4ac47dea1a67e1322615
캐시 겉옷,대양의선원복(여),91465fe6f30ecaa51597aa2cfefa02c38efa681c745f4ac47dea1a67e1322615
신발,고대마령의군화'월6성,91465fe6f30ecaa51597aa2cfefa02c38efa681c745f4ac47dea1a67e1322615
목/어깨장식,고대마령의목걸이8성,91465fe6f30ecaa51597aa2cfefa02c38efa681c745f4ac47dea1a67e1322615
캐시 무기,어쿠스틱불꽃,91465fe6f30ecaa51597aa2cfefa02c38efa681c745f4ac47dea1a67e1322615
캐시 방패/보조무기,애니멀펑크고양이친구,91465fe6f30ecaa51597aa2cfefa02c38efa681c745f4ac47dea1a67e1322615
캐시 얼굴장식,[30주년]넥슨히어로하트,91465fe6f30ecaa51597aa2cfefa02c38efa681c745f4ac47dea1a67e1322615
캐시 망토,,91465fe6f30ecaa51597aa2cfefa02c38efa681c745f4ac47dea1a67e1322615
캐시 신발,여름별빛달콤반짝,91465fe6f30ecaa51597aa2cfefa02c38efa681c745f4ac47dea1a67e1322615
캐시 목/어깨장식,웨딩목걸이,91465fe6f30ecaa51597aa2cfefa02c38efa681c745f4ac47dea1a67e1322615
세트옷,[괴수의상]아그니1성,91465fe6f30ecaa51597aa2cfefa02c38efa681c745f4ac47dea1a67e1322615
캐시 세트옷,,91465fe6f30ecaa51597aa2cfefa02c38efa681c745f4ac47dea1a67e1322615
장신구,붉은토끼풀노리개1성,91465fe6f30ecaa51597aa2cfefa02c38efa681c745f4ac47dea1a67e1322615
캐시 장신구,초코델리귀걸이,91465fe6f30ecaa51597aa2cfefa02c38efa681c745f4ac47dea1a67e1322615
무기,고대마령의적혈장10성,50f7e3da3c884ce7dcab112cbf158007b588a2c661cd658cf99ebfd533d49ca7
갑옷,환웅의신의'9성,50f7e3da3c884ce7dcab112cbf158007b588a2c661cd658cf99ebfd533d49ca7
방패/보조무기,고대마령의단검6성,50f7e3da3c884ce7dcab112cbf158007b588a2c661cd658cf99ebfd533d49ca7
투구,환웅의신모'9성,50f7e3da3c884ce7dcab112cbf158007b588a2c661cd658cf99ebfd533d49ca7
왼손,환웅의염주'9성,50f7e3da3c884ce7dcab112cbf158007b588a2c661cd658cf99ebfd533d49ca7
오른손,환웅의염주'9성,50f7e3da3c884ce7dcab112cbf158007b588a2c661cd658cf99ebfd533d49ca7
보조1,마령의노리개'흑8성,50f7e3da3c884ce7dcab112cbf158007b588a2c661cd658cf99ebfd533d49ca7
보조2,마사의귀목,50f7e3da3c884ce7dcab112cbf158007b588a2c661cd658cf99ebfd533d49ca7
얼굴장식,고대마령의표식7성,50f7e3da3c884ce7dcab112cbf158007b588a2c661cd658cf99ebfd533d49ca7
캐시 투구,커플소녀헤어No02,50f7e3da3c884ce7dcab112cbf158007b588a2c661cd658cf99ebfd533d49ca7
망토,무신귀갑주7성,50f7e3da3c884ce7dcab112cbf158007b588a2c661cd658cf99ebfd533d49ca7
캐시 겉옷,토끼소녀의상No01,50f7e3da3c884ce7dcab112cbf158007b588a2c661cd658cf99ebfd533d49ca7
신발,고대마령의군화'월6성,50f7e3da3c884ce7dcab112cbf158007b588a2c661cd658cf99ebfd533d49ca7
목/어깨장식,고대마령의목걸이7성,50f7e3da3c884ce7dcab112cbf158007b588a2c661cd658cf99ebfd533d49ca7
캐시 무기,,50f7e3da3c884ce7dcab112cbf158007b588a2c661cd658cf99ebfd533d49ca7
캐시 방패/보조무기,,50f7e3da3c884ce7dcab112cbf158007b588a2c661cd658cf99ebfd533d49ca7
캐시 얼굴장식,,50f7e3da3c884ce7dcab112cbf158007b588a2c661cd658cf99ebfd533d49ca7
캐시 망토,벚꽃장식No02,50f7e3da3c884ce7dcab112cbf158007b588a2c661cd658cf99ebfd533d49ca7
캐시 신발,바람레이스부츠,50f7e3da3c884ce7dcab112cbf158007b588a2c661cd658cf99ebfd533d49ca7
캐시 목/어깨장식,웨딩목걸이,50f7e3da3c884ce7dcab112cbf158007b588a2c661cd658cf99ebfd533d49ca7
세트옷,[괴수의상]아그니1성,50f7e3da3c884ce7dcab112cbf158007b588a2c661cd658cf99ebfd533d49ca7
캐시 세트옷,,50f7e3da3c884ce7dcab112cbf158007b588a2c661cd658cf99ebfd533d49ca7
장신구,붉은토끼풀노리개1성,50f7e3da3c884ce7dcab112cbf158007b588a2c661cd658cf99ebfd533d49ca7
캐시 장신구,바린족얼굴무늬No01,50f7e3da3c884ce7dcab112cbf158007b588a2c661cd658cf99ebfd533d49ca7
무기,용신제십장,e9812cc82ba121fa31b2401ae8227c9b15dfbef77b4c815773be4018e05c77ed
갑옷,용신파천의9성,e9812cc82ba121fa31b2401ae8227c9b15dfbef77b4c815773be4018e05c77ed
방패/보조무기,고대마령의방패8성,e9812cc82ba121fa31b2401ae8227c9b15dfbef77b4c815773be4018e05c77ed
투구,용아천관'신8성,e9812cc82ba121fa31b2401ae8227c9b15dfbef77b4c815773be4018e05c77ed
왼손,패자황금염주,e9812cc82ba121fa31b2401ae8227c9b15dfbef77b4c815773be4018e05c77ed
오른손,바람청옥염주,e9812cc82ba121fa31b2401ae8227c9b15dfbef77b4c815773be4018e05c77ed
보조1,마령의노리개'월8성,e9812cc82ba121fa31b2401ae8227c9b15dfbef77b4c815773be4018e05c77ed
보조2,마사의귀목,e9812cc82ba121fa31b2401ae8227c9b15dfbef77b4c815773be4018e05c77ed
얼굴장식,고대마령의표식7성,e9812cc82ba121fa31b2401ae8227c9b15dfbef77b4c815773be4018e05c77ed
캐시 투구,[만일]만월비녀,e9812cc82ba121fa31b2401ae8227c9b15dfbef77b4c815773be4018e05c77ed
망토,용성신부'신8성,e9812cc82ba121fa31b2401ae8227c9b15dfbef77b4c815773be4018e05c77ed
캐시 겉옷,고고한선비도포(남),e9812cc82ba121fa31b2401ae8227c9b15dfbef77b4c815773be4018e05c77ed
신발,고대마령의군화'월6성,e9812cc82ba121fa31b2401ae8227c9b15dfbef77b4c815773be4018e05c77ed
목/어깨장식,진'흉수의인장,e9812cc82ba121fa31b2401ae8227c9b15dfbef77b4c815773be4018e05c77ed
캐시 무기,착호갑사흑호도,e9812cc82ba121fa31b2401ae8227c9b15dfbef77b4c815773be4018e05c77ed
캐시 방패/보조무기,웨딩비둘기,e9812cc82ba121fa31b2401ae8227c9b15dfbef77b4c815773be4018e05c77ed
캐시 얼굴장식,유니콘음악대반짝이,e9812cc82ba121fa31b2401ae8227c9b15dfbef77b4c815773be4018e05c77ed
캐시 망토,난춘서생두루마기,e9812cc82ba121fa31b2401ae8227c9b15dfbef77b4c815773be4018e05c77ed
캐시 신발,들꽃나그네화사한꽃길,e9812cc82ba121fa31b2401ae8227c9b15dfbef77b4c815773be4018e05c77ed
캐시 목/어깨장식,들꽃나그네노리개,e9812cc82ba121fa31b2401ae8227c9b15dfbef77b4c815773be4018e05c77ed
세트옷,[괴수의상]아그니1성,e9812cc82ba121fa31b2401ae8227c9b15dfbef77b4c815773be4018e05c77ed
캐시 세트옷,바캉스깜찍펭귄,e9812cc82ba121fa31b2401ae8227c9b15dfbef77b4c815773be4018e05c77ed
장신구,붉은토끼풀노리개3성,e9812cc82ba121fa31b2401ae8227c9b15dfbef77b4c815773be4018e05c77ed
캐시 장신구,금빛화랑귀걸이,e9812cc82ba121fa31b2401ae8227c9b15dfbef77b4c815773be4018e05c77ed
무기,천룡신장7성,e9812cc82ba121fa31b2401ae8227c9b077a48ff97d8a053efa79c02a5072523
갑옷,환웅의연갑'7성,e9812cc82ba121fa31b2401ae8227c9b077a48ff97d8a053efa79c02a5072523
방패/보조무기,고대마령의단검6성,e9812cc82ba121fa31b2401ae8227c9b077a48ff97d8a053efa79c02a5072523
투구,고대마령신모8성,e9812cc82ba121fa31b2401ae8227c9b077a48ff97d8a053efa79c02a5072523
왼손,환웅의염주'7성,e9812cc82ba121fa31b2401ae8227c9b077a48ff97d8a053efa79c02a5072523
오른손,환웅의염주'8성,e9812cc82ba121fa31b2401ae8227c9b077a48ff97d8a053efa79c02a5072523
보조1,마사의귀목,e9812cc82ba121fa31b2401ae8227c9b077a48ff97d8a053efa79c02a5072523
보조2,마사의귀목,e9812cc82ba121fa31b2401ae8227c9b077a48ff97d8a053efa79c02a5072523
얼굴장식,시바의시선,e9812cc82ba121fa31b2401ae8227c9b077a48ff97d8a053efa79c02a5072523
캐시 투구,매혹악마헤어(여),e9812cc82ba121fa31b2401ae8227c9b077a48ff97d8a053efa79c02a5072523
망토,무신귀갑주7성,e9812cc82ba121fa31b2401ae8227c9b077a48ff97d8a053efa79c02a5072523
캐시 겉옷,모던커플의상(여),e9812cc82ba121fa31b2401ae8227c9b077a48ff97d8a053efa79c02a5072523
신발,사령웅의앞발,e9812cc82ba121fa31b2401ae8227c9b077a48ff97d8a053efa79c02a5072523
목/어깨장식,진'흉수의인장,e9812cc82ba121fa31b2401ae8227c9b077a48ff97d8a053efa79c02a5072523
캐시 무기,오래된채굴곡괭이,e9812cc82ba121fa31b2401ae8227c9b077a48ff97d8a053efa79c02a5072523
캐시 방패/보조무기,우쿨렐레No03,e9812cc82ba121fa31b2401ae8227c9b077a48ff97d8a053efa79c02a5072523
캐시 얼굴장식,눈장식:꺄핫,e9812cc82ba121fa31b2401ae8227c9b077a48ff97d8a053efa79c02a5072523
캐시 망토,러블리키스No08,e9812cc82ba121fa31b2401ae8227c9b077a48ff97d8a053efa79c02a5072523
캐시 신발,,e9812cc82ba121fa31b2401ae8227c9b077a48ff97d8a053efa79c02a5072523
캐시 목/어깨장식,,e9812cc82ba121fa31b2401ae8227c9b077a48ff97d8a053efa79c02a5072523
세트옷,뀨뀨,e9812cc82ba121fa31b2401ae8227c9b077a48ff97d8a053efa79c02a5072523
캐시 세트옷,,e9812cc82ba121fa31b2401ae8227c9b077a48ff97d8a053efa79c02a5072523
장신구,붉은토끼풀노리개1성,e9812cc82ba121fa31b2401ae8227c9b077a48ff97d8a053efa79c02a5072523
캐시 장신구,인어왕관,e9812cc82ba121fa31b2401ae8227c9b077a48ff97d8a053efa79c02a5072523
무기,단단한방울막대기,222edd388b374b62c2f478cef92b7df9a9d73423c22dd7cac4654497702f6361
갑옷,산타복,222edd388b374b62c2f478cef92b7df9a9d73423c22dd7cac4654497702f6361
방패/보조무기,,222edd388b374b62c2f478cef92b7df9a9d73423c22dd7cac4654497702f6361
투구,연홍투구,222edd388b374b62c2f478cef92b7df9a9d73423c22dd7cac4654497702f6361
왼손,금장신패,222edd388b374b62c2f478cef92b7df9a9d73423c22dd7cac4654497702f6361
오른손,금장신패,222edd388b374b62c2f478cef92b7df9a9d73423c22dd7cac4654497702f6361
보조1,마령의노리개'월6성,222edd388b374b62c2f478cef92b7df9a9d73423c22dd7cac4654497702f6361
보조2,마사의귀목,222edd388b374b62c2f478cef92b7df9a9d73423c22dd7cac4654497702f6361
얼굴장식,고대마령의표식6성,222edd388b374b62c2f478cef92b7df9a9d73423c22dd7cac4654497702f6361
캐시 투구,포립No02,222edd388b374b62c2f478cef92b7df9a9d73423c22dd7cac4654497702f6361
망토,무신귀갑주7성,222edd388b374b62c2f478cef92b7df9a9d73423c22dd7cac4654497702f6361
캐시 겉옷,꽃도령도포No02,222edd388b374b62c2f478cef92b7df9a9d73423c22dd7cac4654497702f6361
신발,고대마령의군화'월6성,222edd388b374b62c2f478cef92b7df9a9d73423c22dd7cac4654497702f6361
목/어깨장식,고대마령의목걸이6성,222edd388b374b62c2f478cef92b7df9a9d73423c22dd7cac4654497702f6361
캐시 무기,행운의채굴곡괭이,222edd388b374b62c2f478cef92b7df9a9d73423c22dd7cac4654497702f6361
캐시 방패/보조무기,추억의라디오,222edd388b374b62c2f478cef92b7df9a9d73423c22dd7cac4654497702f6361
캐시 얼굴장식,왕초보대두(남),222edd388b374b62c2f478cef92b7df9a9d73423c22dd7cac4654497702f6361
캐시 망토,꿀벌보호대묶음,222edd388b374b62c2f478cef92b7df9a9d73423c22dd7cac4654497702f6361
캐시 신발,루나빗글라스돔,222edd388b374b62c2f478cef92b7df9a9d73423c22dd7cac4654497702f6361
캐시 목/어깨장식,성탄요정왕별,222edd388b374b62c2f478cef92b7df9a9d73423c22dd7cac4654497702f6361
세트옷,강철의탐,222edd388b374b62c2f478cef92b7df9a9d73423c22dd7cac4654497702f6361
캐시 세트옷,[구]망또No04,222edd388b374b62c2f478cef92b7df9a9d73423c22dd7cac4654497702f6361
장신구,붉은토끼풀노리개1성,222edd388b374b62c2f478cef92b7df9a9d73423c22dd7cac4654497702f6361
캐시 장신구,알파봇K,222edd388b374b62c2f478cef92b7df9a9d73423c22dd7cac4654497702f6361
무기,고대마령의적혈장9성,a0be38b3781c8706b4be7a82764e145a6a8f93343f990ba26ebeae318af30153
갑옷,환웅의통옷'9성,a0be38b3781c8706b4be7a82764e145a6a8f93343f990ba26ebeae318af30153
방패/보조무기,고대마령의단검6성,a0be38b3781c8706b4be7a82764e145a6a8f93343f990ba26ebeae318af30153
투구,환웅의신모'8성,a0be38b3781c8706b4be7a82764e145a6a8f93343f990ba26ebeae318af30153
왼손,환웅의염주'8성,a0be38b3781c8706b4be7a82764e145a6a8f93343f990ba26ebeae318af30153
오른손,환웅의염주'8성,a0be38b3781c8706b4be7a82764e145a6a8f93343f990ba26ebeae318af30153
보조1,마사의귀목,a0be38b3781c8706b4be7a82764e145a6a8f93343f990ba26ebeae318af30153
보조2,마사의귀목,a0be38b3781c8706b4be7a82764e145a6a8f93343f990ba26ebeae318af30153
얼굴장식,고대마령의표식7성,a0be38b3781c8706b4be7a82764e145a6a8f93343f990ba26ebeae318af30153
캐시 투구,쌍둥이커플헤어(여),a0be38b3781c8706b4be7a82764e145a6a8f93343f990ba26ebeae318af30153
망토,금린추월7성,a0be38b3781c8706b4be7a82764e145a6a8f93343f990ba26ebeae318af30153
캐시 겉옷,환계선녀의복,a0be38b3781c8706b4be7a82764e145a6a8f93343f990ba26ebeae318af30153
신발,사령웅의앞발,a0be38b3781c8706b4be7a82764e145a6a8f93343f990ba26ebeae318af30153
목/어깨장식,진'흉수의인장,a0be38b3781c8706b4be7a82764e145a6a8f93343f990ba26ebeae318af30153
캐시 무기,성탄요정지팡이,a0be38b3781c8706b4be7a82764e145a6a8f93343f990ba26ebeae318af30153
캐시 방패/보조무기,별헤는크로스백,a0be38b3781c8706b4be7a82764e145a6a8f93343f990ba26ebeae318af30153
캐시 얼굴장식,그대볼에츄,a0be38b3781c8706b4be7a82764e145a6a8f93343f990ba26ebeae318af30153
캐시 망토,환계날개옷,a0be38b3781c8706b4be7a82764e145a6a8f93343f990ba26ebeae318af30153
캐시 신발,게이밍감성컴퓨터,a0be38b3781c8706b4be7a82764e145a6a8f93343f990ba26ebeae318af30153
캐시 목/어깨장식,,a0be38b3781c8706b4be7a82764e145a6a8f93343f990ba26ebeae318af30153
세트옷,뀨뀨,a0be38b3781c8706b4be7a82764e145a6a8f93343f990ba26ebeae318af30153
캐시 세트옷,,a0be38b3781c8706b4be7a82764e145a6a8f93343f990ba26ebeae318af30153
장신구,붉은토끼풀노리개1성,a0be38b3781c8706b4be7a82764e145a6a8f93343f990ba26ebeae318af30153
캐시 장신구,환계선녀삐죽귀,a0be38b3781c8706b4be7a82764e145a6a8f93343f990ba26ebeae318af30153
무기,고대마령의적혈장9성,e9812cc82ba121fa31b2401ae8227c9b48457c64d7fb6d6b26d7b1e493c8dfd6
갑옷,환웅의신의'7성,e9812cc82ba121fa31b2401ae8227c9b48457c64d7fb6d6b26d7b1e493c8dfd6
방패/보조무기,고대마령의단검6성,e9812cc82ba121fa31b2401ae8227c9b48457c64d7fb6d6b26d7b1e493c8dfd6
투구,환웅의신모'7성,e9812cc82ba121fa31b2401ae8227c9b48457c64d7fb6d6b26d7b1e493c8dfd6
왼손,태염반지6성,e9812cc82ba121fa31b2401ae8227c9b48457c64d7fb6d6b26d7b1e493c8dfd6
오른손,태염반지6성,e9812cc82ba121fa31b2401ae8227c9b48457c64d7fb6d6b26d7b1e493c8dfd6
보조1,마령의노리개'월6성,e9812cc82ba121fa31b2401ae8227c9b48457c64d7fb6d6b26d7b1e493c8dfd6
보조2,마사의귀목,e9812cc82ba121fa31b2401ae8227c9b48457c64d7fb6d6b26d7b1e493c8dfd6
얼굴장식,고대마령의암막6성,e9812cc82ba121fa31b2401ae8227c9b48457c64d7fb6d6b26d7b1e493c8dfd6
캐시 투구,초코델리소녀헤어,e9812cc82ba121fa31b2401ae8227c9b48457c64d7fb6d6b26d7b1e493c8dfd6
망토,무신귀갑주7성,e9812cc82ba121fa31b2401ae8227c9b48457c64d7fb6d6b26d7b1e493c8dfd6
캐시 겉옷,악마계약자의상(여),e9812cc82ba121fa31b2401ae8227c9b48457c64d7fb6d6b26d7b1e493c8dfd6
신발,고대마령의군화'흑6성,e9812cc82ba121fa31b2401ae8227c9b48457c64d7fb6d6b26d7b1e493c8dfd6
목/어깨장식,진'흉수의인장,e9812cc82ba121fa31b2401ae8227c9b48457c64d7fb6d6b26d7b1e493c8dfd6
캐시 무기,백악산군신칼,e9812cc82ba121fa31b2401ae8227c9b48457c64d7fb6d6b26d7b1e493c8dfd6
캐시 방패/보조무기,,e9812cc82ba121fa31b2401ae8227c9b48457c64d7fb6d6b26d7b1e493c8dfd6
캐시 얼굴장식,,e9812cc82ba121fa31b2401ae8227c9b48457c64d7fb6d6b26d7b1e493c8dfd6
캐시 망토,악마계약자날개(여),e9812cc82ba121fa31b2401ae8227c9b48457c64d7fb6d6b26d7b1e493c8dfd6
캐시 신발,멍뭉이눈사람,e9812cc82ba121fa31b2401ae8227c9b48457c64d7fb6d6b26d7b1e493c8dfd6
캐시 목/어깨장식,바람레이스칼라'금,e9812cc82ba121fa31b2401ae8227c9b48457c64d7fb6d6b26d7b1e493c8dfd6
세트옷,도깨비탐,e9812cc82ba121fa31b2401ae8227c9b48457c64d7fb6d6b26d7b1e493c8dfd6
캐시 세트옷,,e9812cc82ba121fa31b2401ae8227c9b48457c64d7fb6d6b26d7b1e493c8dfd6
장신구,붉은토끼풀노리개1성,e9812cc82ba121fa31b2401ae8227c9b48457c64d7fb6d6b26d7b1e493c8dfd6
캐시 장신구,악마계약자왕관(여),e9812cc82ba121fa31b2401ae8227c9b48457c64d7fb6d6b26d7b1e493c8dfd6
무기,용신제십장,50f7e3da3c884ce7dcab112cbf158007312727ca9735a9bcb2e2437ba46af81e
갑옷,용신파천의8성,50f7e3da3c884ce7dcab112cbf158007312727ca9735a9bcb2e2437ba46af81e
방패/보조무기,고대마령의단검6성,50f7e3da3c884ce7dcab112cbf158007312727ca9735a9bcb2e2437ba46af81e
투구,용아천관'신8성,50f7e3da3c884ce7dcab112cbf158007312727ca9735a9bcb2e2437ba46af81e
왼손,환웅의천수'7성,50f7e3da3c884ce7dcab112cbf158007312727ca9735a9bcb2e2437ba46af81e
오른손,환웅의팔찌'7성,50f7e3da3c884ce7dcab112cbf158007312727ca9735a9bcb2e2437ba46af81e
보조1,마사의귀목,50f7e3da3c884ce7dcab112cbf158007312727ca9735a9bcb2e2437ba46af81e
보조2,마사의귀목,50f7e3da3c884ce7dcab112cbf158007312727ca9735a9bcb2e2437ba46af81e
얼굴장식,조사장의가면,50f7e3da3c884ce7dcab112cbf158007312727ca9735a9bcb2e2437ba46af81e
캐시 투구,오리엔탈샤인헤어(남),50f7e3da3c884ce7dcab112cbf158007312727ca9735a9bcb2e2437ba46af81e
망토,용성신부'신8성,50f7e3da3c884ce7dcab112cbf158007312727ca9735a9bcb2e2437ba46af81e
캐시 겉옷,겨울한교복(남),50f7e3da3c884ce7dcab112cbf158007312727ca9735a9bcb2e2437ba46af81e
신발,사령웅의앞발,50f7e3da3c884ce7dcab112cbf158007312727ca9735a9bcb2e2437ba46af81e
목/어깨장식,진'흉수의인장,50f7e3da3c884ce7dcab112cbf158007312727ca9735a9bcb2e2437ba46af81e
캐시 무기,,50f7e3da3c884ce7dcab112cbf158007312727ca9735a9bcb2e2437ba46af81e
캐시 방패/보조무기,캠퍼스커플노트,50f7e3da3c884ce7dcab112cbf158007312727ca9735a9bcb2e2437ba46af81e
캐시 얼굴장식,,50f7e3da3c884ce7dcab112cbf158007312727ca9735a9bcb2e2437ba46af81e
캐시 망토,환계날개옷,50f7e3da3c884ce7dcab112cbf158007312727ca9735a9bcb2e2437ba46af81e
캐시 신발,,50f7e3da3c884ce7dcab112cbf158007312727ca9735a9bcb2e2437ba46af81e
캐시 목/어깨장식,반짝하트목걸이,50f7e3da3c884ce7dcab112cbf158007312727ca9735a9bcb2e2437ba46af81e
세트옷,강철의탐,50f7e3da3c884ce7dcab112cbf158007312727ca9735a9bcb2e2437ba46af81e
캐시 세트옷,[구]망또No01,50f7e3da3c884ce7dcab112cbf158007312727ca9735a9bcb2e2437ba46af81e
장신구,자수원앙노리개1성,50f7e3da3c884ce7dcab112cbf158007312727ca9735a9bcb2e2437ba46af81e
캐시 장신구,핫엣지물안경No02,50f7e3da3c884ce7dcab112cbf158007312727ca9735a9bcb2e2437ba46af81e
무기,고대마령의적혈장9성,65295b1e4871442d71a81b0ef69d561c3b57fd32b10f6214251c05b905aef05f
갑옷,태광천신신복8성,65295b1e4871442d71a81b0ef69d561c3b57fd32b10f6214251c05b905aef05f
방패/보조무기,고대마령의단검8성,65295b1e4871442d71a81b0ef69d561c3b57fd32b10f6214251c05b905aef05f
투구,태광천신금잠7성,65295b1e4871442d71a81b0ef69d561c3b57fd32b10f6214251c05b905aef05f
왼손,용뿔흑광노리개9성,65295b1e4871442d71a81b0ef69d561c3b57fd32b10f6214251c05b905aef05f
오른손,,65295b1e4871442d71a81b0ef69d561c3b57fd32b10f6214251c05b905aef05f
보조1,마령의노리개'월8성,65295b1e4871442d71a81b0ef69d561c3b57fd32b10f6214251c05b905aef05f
보조2,남북의패기,65295b1e4871442d71a81b0ef69d561c3b57fd32b10f6214251c05b905aef05f
얼굴장식,고대마령의표식6성,65295b1e4871442d71a81b0ef69d561c3b57fd32b10f6214251c05b905aef05f
캐시 투구,선물리본머리띠No01,65295b1e4871442d71a81b0ef69d561c3b57fd32b10f6214251c05b905aef05f
망토,천마령의망토,65295b1e4871442d71a81b0ef69d561c3b57fd32b10f6214251c05b905aef05f
캐시 겉옷,토끼소녀의상No02,65295b1e4871442d71a81b0ef69d561c3b57fd32b10f6214251c05b905aef05f
신발,용왕의신발,65295b1e4871442d71a81b0ef69d561c3b57fd32b10f6214251c05b905aef05f
목/어깨장식,사색인장,65295b1e4871442d71a81b0ef69d561c3b57fd32b10f6214251c05b905aef05f
캐시 무기,,65295b1e4871442d71a81b0ef69d561c3b57fd32b10f6214251c05b905aef05f
캐시 방패/보조무기,양양이No01,65295b1e4871442d71a81b0ef69d561c3b57fd32b10f6214251c05b905aef05f
캐시 얼굴장식,,65295b1e4871442d71a81b0ef69d561c3b57fd32b10f6214251c05b905aef05f
캐시 망토,GM눈꽃송이'일,65295b1e4871442d71a81b0ef69d561c3b57fd32b10f6214251c05b905aef05f
캐시 신발,무희방울,65295b1e4871442d71a81b0ef69d561c3b57fd32b10f6214251c05b905aef05f
캐시 목/어깨장식,웨딩목걸이,65295b1e4871442d71a81b0ef69d561c3b57fd32b10f6214251c05b905aef05f
세트옷,도깨비탐,65295b1e4871442d71a81b0ef69d561c3b57fd32b10f6214251c05b905aef05f
캐시 세트옷,,65295b1e4871442d71a81b0ef69d561c3b57fd32b10f6214251c05b905aef05f
장신구,봉황삼작금노리개1성,65295b1e4871442d71a81b0ef69d561c3b57fd32b10f6214251c05b905aef05f
캐시 장신구,,65295b1e4871442d71a81b0ef69d561c3b57fd32b10f6214251c05b905aef05f
무기,용라제십명도,78651642972b397fe20646cc408c9457cbc86c6836bb3f56f95834231989a1d8
갑옷,용라파천갑8성,78651642972b397fe20646cc408c9457cbc86c6836bb3f56f95834231989a1d8
방패/보조무기,,78651642972b397fe20646cc408c9457cbc86c6836bb3f56f95834231989a1d8
투구,고대마령투구10성,78651642972b397fe20646cc408c9457cbc86c6836bb3f56f95834231989a1d8
왼손,고대물의성물'4성,78651642972b397fe20646cc408c9457cbc86c6836bb3f56f95834231989a1d8
오른손,패자황금보호대,78651642972b397fe20646cc408c9457cbc86c6836bb3f56f95834231989a1d8
보조1,투명구두,78651642972b397fe20646cc408c9457cbc86c6836bb3f56f95834231989a1d8
보조2,마사의귀목,78651642972b397fe20646cc408c9457cbc86c6836bb3f56f95834231989a1d8
얼굴장식,빛나는조사장의가면,78651642972b397fe20646cc408c9457cbc86c6836bb3f56f95834231989a1d8
,,78651642972b397fe20646cc408c9457cbc86c6836bb3f56f95834231989a1d8
망토,용성장견'라9성,78651642972b397fe20646cc408c9457cbc86c6836bb3f56f95834231989a1d8
캐시 겉옷,고고한선비도포(남),78651642972b397fe20646cc408c9457cbc86c6836bb3f56f95834231989a1d8
신발,고대마령의군화'흑6성,78651642972b397fe20646cc408c9457cbc86c6836bb3f56f95834231989a1d8
목/어깨장식,고대마령의목걸이8성,78651642972b397fe20646cc408c9457cbc86c6836bb3f56f95834231989a1d8
캐시 무기,행운의채굴곡괭이,78651642972b397fe20646cc408c9457cbc86c6836bb3f56f95834231989a1d8
캐시 방패/보조무기,,78651642972b397fe20646cc408c9457cbc86c6836bb3f56f95834231989a1d8
,,78651642972b397fe20646cc408c9457cbc86c6836bb3f56f95834231989a1d8
캐시 망토,젖소무늬깃털효과No1,78651642972b397fe20646cc408c9457cbc86c6836bb3f56f95834231989a1d8
캐시 신발,신이난초코No01,78651642972b397fe20646cc408c9457cbc86c6836bb3f56f95834231989a1d8
캐시 목/어깨장식,곤충채집무당벌레,78651642972b397fe20646cc408c9457cbc86c6836bb3f56f95834231989a1d8
세트옷,[괴수의상]바루나1성,78651642972b397fe20646cc408c9457cbc86c6836bb3f56f95834231989a1d8
캐시 세트옷,깜찍백호유체,78651642972b397fe20646cc408c9457cbc86c6836bb3f56f95834231989a1d8
장신구,붉은토끼풀노리개1성,78651642972b397fe20646cc408c9457cbc86c6836bb3f56f95834231989a1d8
캐시 장신구,베베머리위뱁새,78651642972b397fe20646cc408c9457cbc86c6836bb3f56f95834231989a1d8
무기,용라제십명도,2cbacc66aea48586d445375d1c98883ab593c413915dcc03a207adb702c1a8ec
갑옷,용라파천갑9성,2cbacc66aea48586d445375d1c98883ab593c413915dcc03a207adb702c1a8ec
방패/보조무기,,2cbacc66aea48586d445375d1c98883ab593c413915dcc03a207adb702c1a8ec
투구,용아투구'라8성,2cbacc66aea48586d445375d1c98883ab593c413915dcc03a207adb702c1a8ec
왼손,패자황금보호대,2cbacc66aea48586d445375d1c98883ab593c413915dcc03a207adb702c1a8ec
오른손,환웅의선류'8성,2cbacc66aea48586d445375d1c98883ab593c413915dcc03a207adb702c1a8ec
보조1,마령의노리개'흑6성,2cbacc66aea48586d445375d1c98883ab593c413915dcc03a207adb702c1a8ec
보조2,빛나는마사의귀목,2cbacc66aea48586d445375d1c98883ab593c413915dcc03a207adb702c1a8ec
얼굴장식,고대마령의암막7성,2cbacc66aea48586d445375d1c98883ab593c413915dcc03a207adb702c1a8ec
캐시 투구,꽃도령갓,2cbacc66aea48586d445375d1c98883ab593c413915dcc03a207adb702c1a8ec
망토,용성장견'라8성,2cbacc66aea48586d445375d1c98883ab593c413915dcc03a207adb702c1a8ec
캐시 겉옷,천자봉황두루마기,2cbacc66aea48586d445375d1c98883ab593c413915dcc03a207adb702c1a8ec
신발,고대마령의군화'흑8성,2cbacc66aea48586d445375d1c98883ab593c413915dcc03a207adb702c1a8ec
목/어깨장식,고대마령의목걸이9성,2cbacc66aea48586d445375d1c98883ab593c413915dcc03a207adb702c1a8ec
캐시 무기,인왕산금장환도,2cbacc66aea48586d445375d1c98883ab593c413915dcc03a207adb702c1a8ec
캐시 방패/보조무기,유리염주,2cbacc66aea48586d445375d1c98883ab593c413915dcc03a207adb702c1a8ec
캐시 얼굴장식,눈장식:칼라렌즈(밤하늘),2cbacc66aea48586d445375d1c98883ab593c413915dcc03a207adb702c1a8ec
캐시 망토,백악산군연화세계,2cbacc66aea48586d445375d1c98883ab593c413915dcc03a207adb702c1a8ec
캐시 신발,백악산군매중백학,2cbacc66aea48586d445375d1c98883ab593c413915dcc03a207adb702c1a8ec
캐시 목/어깨장식,설빔뽀송목도리,2cbacc66aea48586d445375d1c98883ab593c413915dcc03a207adb702c1a8ec
세트옷,[괴수의상]바루나1성,2cbacc66aea48586d445375d1c98883ab593c413915dcc03a207adb702c1a8ec
캐시 세트옷,,2cbacc66aea48586d445375d1c98883ab593c413915dcc03a207adb702c1a8ec
장신구,붉은토끼풀노리개1성,2cbacc66aea48586d445375d1c98883ab593c413915dcc03a207adb702c1a8ec
캐시 장신구,앤틱바람귀걸이,2cbacc66aea48586d445375d1c98883ab593c413915dcc03a207adb702c1a8ec
무기,고대마령의적혈명도10성,5aa91de7452aaa04908f735e7bfbcdbb7adf5741edcbacaa8de08d7d7a2efce6
갑옷,환웅의흑의'9성,5aa91de7452aaa04908f735e7bfbcdbb7adf5741edcbacaa8de08d7d7a2efce6
방패/보조무기,,5aa91de7452aaa04908f735e7bfbcdbb7adf5741edcbacaa8de08d7d7a2efce6
투구,환웅의갓'9성,5aa91de7452aaa04908f735e7bfbcdbb7adf5741edcbacaa8de08d7d7a2efce6
왼손,환웅의보호대'9성,5aa91de7452aaa04908f735e7bfbcdbb7adf5741edcbacaa8de08d7d7a2efce6
오른손,환웅의보호대'9성,5aa91de7452aaa04908f735e7bfbcdbb7adf5741edcbacaa8de08d7d7a2efce6
보조1,마사의귀목,5aa91de7452aaa04908f735e7bfbcdbb7adf5741edcbacaa8de08d7d7a2efce6
보조2,마사의귀목,5aa91de7452aaa04908f735e7bfbcdbb7adf5741edcbacaa8de08d7d7a2efce6
얼굴장식,시바의시선,5aa91de7452aaa04908f735e7bfbcdbb7adf5741edcbacaa8de08d7d7a2efce6
캐시 투구,오버핏보이헤어No01,5aa91de7452aaa04908f735e7bfbcdbb7adf5741edcbacaa8de08d7d7a2efce6
망토,고대마령의칼날9성,5aa91de7452aaa04908f735e7bfbcdbb7adf5741edcbacaa8de08d7d7a2efce6
캐시 겉옷,판다인형옷,5aa91de7452aaa04908f735e7bfbcdbb7adf5741edcbacaa8de08d7d7a2efce6
신발,사령웅의앞발,5aa91de7452aaa04908f735e7bfbcdbb7adf5741edcbacaa8de08d7d7a2efce6
목/어깨장식,암흑룡의목걸이,5aa91de7452aaa04908f735e7bfbcdbb7adf5741edcbacaa8de08d7d7a2efce6
캐시 무기,GM차사명도,5aa91de7452aaa04908f735e7bfbcdbb7adf5741edcbacaa8de08d7d7a2efce6
캐시 방패/보조무기,왕초보장식,5aa91de7452aaa04908f735e7bfbcdbb7adf5741edcbacaa8de08d7d7a2efce6
캐시 얼굴장식,,5aa91de7452aaa04908f735e7bfbcdbb7adf5741edcbacaa8de08d7d7a2efce6
캐시 망토,풍월요괴고두루마기,5aa91de7452aaa04908f735e7bfbcdbb7adf5741edcbacaa8de08d7d7a2efce6
캐시 신발,이매망량큰운무,5aa91de7452aaa04908f735e7bfbcdbb7adf5741edcbacaa8de08d7d7a2efce6
캐시 목/어깨장식,어쿠스틱목도리,5aa91de7452aaa04908f735e7bfbcdbb7adf5741edcbacaa8de08d7d7a2efce6
세트옷,[괴수의상]아이라바타1성,5aa91de7452aaa04908f735e7bfbcdbb7adf5741edcbacaa8de08d7d7a2efce6
캐시 세트옷,,5aa91de7452aaa04908f735e7bfbcdbb7adf5741edcbacaa8de08d7d7a2efce6
장신구,붉은토끼풀노리개2성,5aa91de7452aaa04908f735e7bfbcdbb7adf5741edcbacaa8de08d7d7a2efce6
캐시 장신구,,5aa91de7452aaa04908f735e7bfbcdbb7adf5741edcbacaa8de08d7d7a2efce6
무기,환웅천명도'9각,f8ce9fc39c64ac0da6d67f79095611c41e1687070fdaf0269d958ec3e1d06939
갑옷,환웅의천예'8성,f8ce9fc39c64ac0da6d67f79095611c41e1687070fdaf0269d958ec3e1d06939
방패/보조무기,,f8ce9fc39c64ac0da6d67f79095611c41e1687070fdaf0269d958ec3e1d06939
투구,환웅의천관'8성,f8ce9fc39c64ac0da6d67f79095611c41e1687070fdaf0269d958ec3e1d06939
왼손,금린반지6성,f8ce9fc39c64ac0da6d67f79095611c41e1687070fdaf0269d958ec3e1d06939
오른손,금린반지6성,f8ce9fc39c64ac0da6d67f79095611c41e1687070fdaf0269d958ec3e1d06939
보조1,마령의노리개'흑6성,f8ce9fc39c64ac0da6d67f79095611c41e1687070fdaf0269d958ec3e1d06939
보조2,마사의귀목,f8ce9fc39c64ac0da6d67f79095611c41e1687070fdaf0269d958ec3e1d06939
얼굴장식,고대마령의표식7성,f8ce9fc39c64ac0da6d67f79095611c41e1687070fdaf0269d958ec3e1d06939
캐시 투구,바닷가밀짚모자(남),f8ce9fc39c64ac0da6d67f79095611c41e1687070fdaf0269d958ec3e1d06939
망토,무신귀갑주7성,f8ce9fc39c64ac0da6d67f79095611c41e1687070fdaf0269d958ec3e1d06939
캐시 겉옷,바람추석한복(남),f8ce9fc39c64ac0da6d67f79095611c41e1687070fdaf0269d958ec3e1d06939
신발,사령웅의앞발,f8ce9fc39c64ac0da6d67f79095611c41e1687070fdaf0269d958ec3e1d06939
목/어깨장식,고대마령의목걸이7성,f8ce9fc39c64ac0da6d67f79095611c41e1687070fdaf0269d958ec3e1d06939
캐시 무기,반짇고리도깨비방망이,f8ce9fc39c64ac0da6d67f79095611c41e1687070fdaf0269d958ec3e1d06939
캐시 방패/보조무기,다이어터팝콘,f8ce9fc39c64ac0da6d67f79095611c41e1687070fdaf0269d958ec3e1d06939
캐시 얼굴장식,,f8ce9fc39c64ac0da6d67f79095611c41e1687070fdaf0269d958ec3e1d06939
캐시 망토,러블리토끼No01,f8ce9fc39c64ac0da6d67f79095611c41e1687070fdaf0269d958ec3e1d06939
캐시 신발,흩뿌려진꽃잎No02,f8ce9fc39c64ac0da6d67f79095611c41e1687070fdaf0269d958ec3e1d06939
캐시 목/어깨장식,에어로빅헤드셋,f8ce9fc39c64ac0da6d67f79095611c41e1687070fdaf0269d958ec3e1d06939
세트옷,청룡정령,f8ce9fc39c64ac0da6d67f79095611c41e1687070fdaf0269d958ec3e1d06939
캐시 세트옷,,f8ce9fc39c64ac0da6d67f79095611c41e1687070fdaf0269d958ec3e1d06939
장신구,붉은토끼풀노리개1성,f8ce9fc39c64ac0da6d67f79095611c41e1687070fdaf0269d958ec3e1d06939
캐시 장신구,달콤반짝이No01,f8ce9fc39c64ac0da6d67f79095611c41e1687070fdaf0269d958ec3e1d06939
무기,고대마령의적혈명도9성,7a15fa20e870691f84286ef8c128e54489d90475ec312cff21b7d0899e08e8cc
갑옷,환웅의흑예'9성,7a15fa20e870691f84286ef8c128e54489d90475ec312cff21b7d0899e08e8cc
방패/보조무기,,7a15fa20e870691f84286ef8c128e54489d90475ec312cff21b7d0899e08e8cc
투구,환웅의갓'9성,7a15fa20e870691f84286ef8c128e54489d90475ec312cff21b7d0899e08e8cc
왼손,환웅의팔찌'9성,7a15fa20e870691f84286ef8c128e54489d90475ec312cff21b7d0899e08e8cc
오른손,환웅의팔찌'9성,7a15fa20e870691f84286ef8c128e54489d90475ec312cff21b7d0899e08e8cc
보조1,마사의귀목,7a15fa20e870691f84286ef8c128e54489d90475ec312cff21b7d0899e08e8cc
보조2,마사의귀목,7a15fa20e870691f84286ef8c128e54489d90475ec312cff21b7d0899e08e8cc
얼굴장식,조사장의가면,7a15fa20e870691f84286ef8c128e54489d90475ec312cff21b7d0899e08e8cc
캐시 투구,눈꽃코사지,7a15fa20e870691f84286ef8c128e54489d90475ec312cff21b7d0899e08e8cc
망토,용성장견'라7성,7a15fa20e870691f84286ef8c128e54489d90475ec312cff21b7d0899e08e8cc
캐시 겉옷,레이닝걸의상No01,7a15fa20e870691f84286ef8c128e54489d90475ec312cff21b7d0899e08e8cc
신발,사령웅의앞발,7a15fa20e870691f84286ef8c128e54489d90475ec312cff21b7d0899e08e8cc
목/어깨장식,암흑룡의목걸이,7a15fa20e870691f84286ef8c128e54489d90475ec312cff21b7d0899e08e8cc
캐시 무기,행운의채굴곡괭이,7a15fa20e870691f84286ef8c128e54489d90475ec312cff21b7d0899e08e8cc
캐시 방패/보조무기,,7a15fa20e870691f84286ef8c128e54489d90475ec312cff21b7d0899e08e8cc
캐시 얼굴장식,,7a15fa20e870691f84286ef8c128e54489d90475ec312cff21b7d0899e08e8cc
캐시 망토,검은요정날개,7a15fa20e870691f84286ef8c128e54489d90475ec312cff21b7d0899e08e8cc
캐시 신발,겨울반딧불,7a15fa20e870691f84286ef8c128e54489d90475ec312cff21b7d0899e08e8cc
캐시 목/어깨장식,복숭아맛사탕반지,7a15fa20e870691f84286ef8c128e54489d90475ec312cff21b7d0899e08e8cc
세트옷,[괴수의상]바루나1성,7a15fa20e870691f84286ef8c128e54489d90475ec312cff21b7d0899e08e8cc
캐시 세트옷,,7a15fa20e870691f84286ef8c128e54489d90475ec312cff21b7d0899e08e8cc
장신구,파란나비노리개1성,7a15fa20e870691f84286ef8c128e54489d90475ec312cff21b7d0899e08e8cc
캐시 장신구,가을홀릭이어링No01,7a15fa20e870691f84286ef8c128e54489d90475ec312cff21b7d0899e08e8cc
무기,고대마령의적혈명도9성,bc2e94d5e6cf7869c2486e141e035f1c1922239bc6b168b78795d1dcbbd736f3
갑옷,환웅의흑의'9성,bc2e94d5e6cf7869c2486e141e035f1c1922239bc6b168b78795d1dcbbd736f3
방패/보조무기,,bc2e94d5e6cf7869c2486e141e035f1c1922239bc6b168b78795d1dcbbd736f3
투구,태광천신금잠7성,bc2e94d5e6cf7869c2486e141e035f1c1922239bc6b168b78795d1dcbbd736f3
왼손,태염반지6성,bc2e94d5e6cf7869c2486e141e035f1c1922239bc6b168b78795d1dcbbd736f3
오른손,태염반지6성,bc2e94d5e6cf7869c2486e141e035f1c1922239bc6b168b78795d1dcbbd736f3
보조1,마령의노리개'흑6성,bc2e94d5e6cf7869c2486e141e035f1c1922239bc6b168b78795d1dcbbd736f3
보조2,마사의귀목,bc2e94d5e6cf7869c2486e141e035f1c1922239bc6b168b78795d1dcbbd736f3
얼굴장식,조사장의가면,bc2e94d5e6cf7869c2486e141e035f1c1922239bc6b168b78795d1dcbbd736f3
캐시 투구,애니멀펑크고양이탈,bc2e94d5e6cf7869c2486e141e035f1c1922239bc6b168b78795d1dcbbd736f3
망토,무신귀갑주7성,bc2e94d5e6cf7869c2486e141e035f1c1922239bc6b168b78795d1dcbbd736f3
캐시 겉옷,은설랑의복,bc2e94d5e6cf7869c2486e141e035f1c1922239bc6b168b78795d1dcbbd736f3
신발,사령웅의앞발,bc2e94d5e6cf7869c2486e141e035f1c1922239bc6b168b78795d1dcbbd736f3
목/어깨장식,고대마령의목걸이6성,bc2e94d5e6cf7869c2486e141e035f1c1922239bc6b168b78795d1dcbbd736f3
캐시 무기,라후의뼈칼,bc2e94d5e6cf7869c2486e141e035f1c1922239bc6b168b78795d1dcbbd736f3
캐시 방패/보조무기,웨딩비둘기,bc2e94d5e6cf7869c2486e141e035f1c1922239bc6b168b78795d1dcbbd736f3
캐시 얼굴장식,고양이수염,bc2e94d5e6cf7869c2486e141e035f1c1922239bc6b168b78795d1dcbbd736f3
캐시 망토,벚꽃장식No02,bc2e94d5e6cf7869c2486e141e035f1c1922239bc6b168b78795d1dcbbd736f3
캐시 신발,할로윈악마빛,bc2e94d5e6cf7869c2486e141e035f1c1922239bc6b168b78795d1dcbbd736f3
캐시 목/어깨장식,히피목걸이No03,bc2e94d5e6cf7869c2486e141e035f1c1922239bc6b168b78795d1dcbbd736f3
세트옷,도깨비탐,bc2e94d5e6cf7869c2486e141e035f1c1922239bc6b168b78795d1dcbbd736f3
캐시 세트옷,,bc2e94d5e6cf7869c2486e141e035f1c1922239bc6b168b78795d1dcbbd736f3
장신구,붉은토끼풀노리개1성,bc2e94d5e6cf7869c2486e141e035f1c1922239bc6b168b78795d1dcbbd736f3
캐시 장신구,좋아요하트No01,bc2e94d5e6cf7869c2486e141e035f1c1922239bc6b168b78795d1dcbbd736f3
무기,고대마령의적혈명도9성,78651642972b397fe20646cc408c945778f7176406f5b549b2a9cb5c2fdcf1af
갑옷,태광천신의복8성,78651642972b397fe20646cc408c945778f7176406f5b549b2a9cb5c2fdcf1af
방패/보조무기,,78651642972b397fe20646cc408c945778f7176406f5b549b2a9cb5c2fdcf1af
투구,태광천신금잠7성,78651642972b397fe20646cc408c945778f7176406f5b549b2a9cb5c2fdcf1af
왼손,환웅의보호대'7성,78651642972b397fe20646cc408c945778f7176406f5b549b2a9cb5c2fdcf1af
오른손,환웅의보호대'7성,78651642972b397fe20646cc408c945778f7176406f5b549b2a9cb5c2fdcf1af
보조1,마령의노리개'흑7성,78651642972b397fe20646cc408c945778f7176406f5b549b2a9cb5c2fdcf1af
보조2,마사의귀목,78651642972b397fe20646cc408c945778f7176406f5b549b2a9cb5c2fdcf1af
얼굴장식,고대마령의암막6성,78651642972b397fe20646cc408c945778f7176406f5b549b2a9cb5c2fdcf1af
캐시 투구,애완령'영(머리),78651642972b397fe20646cc408c945778f7176406f5b549b2a9cb5c2fdcf1af
망토,금린화월9성,78651642972b397fe20646cc408c945778f7176406f5b549b2a9cb5c2fdcf1af
캐시 겉옷,[20주년]정장No02,78651642972b397fe20646cc408c945778f7176406f5b549b2a9cb5c2fdcf1af
신발,사령웅의앞발,78651642972b397fe20646cc408c945778f7176406f5b549b2a9cb5c2fdcf1af
목/어깨장식,고대마령의목걸이6성,78651642972b397fe20646cc408c945778f7176406f5b549b2a9cb5c2fdcf1af
캐시 무기,GM대모홍접선,78651642972b397fe20646cc408c945778f7176406f5b549b2a9cb5c2fdcf1af
캐시 방패/보조무기,멋진어깨먹물문어,78651642972b397fe20646cc408c945778f7176406f5b549b2a9cb5c2fdcf1af
캐시 얼굴장식,졸린눈(회색),78651642972b397fe20646cc408c945778f7176406f5b549b2a9cb5c2fdcf1af
캐시 망토,애완령'영(등),78651642972b397fe20646cc408c945778f7176406f5b549b2a9cb5c2fdcf1af
캐시 신발,바람정장구두,78651642972b397fe20646cc408c945778f7176406f5b549b2a9cb5c2fdcf1af
캐시 목/어깨장식,,78651642972b397fe20646cc408c945778f7176406f5b549b2a9cb5c2fdcf1af
세트옷,[괴수의상]가네샤1성,78651642972b397fe20646cc408c945778f7176406f5b549b2a9cb5c2fdcf1af
캐시 세트옷,,78651642972b397fe20646cc408c945778f7176406f5b549b2a9cb5c2fdcf1af
장신구,자수원앙노리개2성,78651642972b397fe20646cc408c945778f7176406f5b549b2a9cb5c2fdcf1af
캐시 장신구,금빛화랑귀걸이,78651642972b397fe20646cc408c945778f7176406f5b549b2a9cb5c2fdcf1af
무기,고대마령의적혈명도9성,78651642972b397fe20646cc408c9457aba03e10656b5f5437f926b7e65de056
갑옷,용라파천갑8성,78651642972b397fe20646cc408c9457aba03e10656b5f5437f926b7e65de056
방패/보조무기,,78651642972b397fe20646cc408c9457aba03e10656b5f5437f926b7e65de056
투구,용아투구'라9성,78651642972b397fe20646cc408c9457aba03e10656b5f5437f926b7e65de056
왼손,금린반지6성,78651642972b397fe20646cc408c9457aba03e10656b5f5437f926b7e65de056
오른손,금린반지7성,78651642972b397fe20646cc408c9457aba03e10656b5f5437f926b7e65de056
보조1,마사의귀목,78651642972b397fe20646cc408c9457aba03e10656b5f5437f926b7e65de056
보조2,마사의귀목,78651642972b397fe20646cc408c9457aba03e10656b5f5437f926b7e65de056
얼굴장식,,78651642972b397fe20646cc408c9457aba03e10656b5f5437f926b7e65de056
캐시 투구,한가위토깽의귀(흑),78651642972b397fe20646cc408c9457aba03e10656b5f5437f926b7e65de056
망토,용성장견'라8성,78651642972b397fe20646cc408c9457aba03e10656b5f5437f926b7e65de056
캐시 겉옷,사이버펑크의상(남),78651642972b397fe20646cc408c9457aba03e10656b5f5437f926b7e65de056
신발,,78651642972b397fe20646cc408c9457aba03e10656b5f5437f926b7e65de056
목/어깨장식,고대마령의목걸이8성,78651642972b397fe20646cc408c9457aba03e10656b5f5437f926b7e65de056
캐시 무기,,78651642972b397fe20646cc408c9457aba03e10656b5f5437f926b7e65de056
캐시 방패/보조무기,멍멍이No01,78651642972b397fe20646cc408c9457aba03e10656b5f5437f926b7e65de056
캐시 얼굴장식,,78651642972b397fe20646cc408c9457aba03e10656b5f5437f926b7e65de056
캐시 망토,겨울함박눈,78651642972b397fe20646cc408c9457aba03e10656b5f5437f926b7e65de056
캐시 신발,버블샌들No01남,78651642972b397fe20646cc408c9457aba03e10656b5f5437f926b7e65de056
캐시 목/어깨장식,GM아기흑기린,78651642972b397fe20646cc408c9457aba03e10656b5f5437f926b7e65de056
세트옷,전우치분신,78651642972b397fe20646cc408c9457aba03e10656b5f5437f926b7e65de056
캐시 세트옷,,78651642972b397fe20646cc408c9457aba03e10656b5f5437f926b7e65de056
장신구,붉은토끼풀노리개2성,78651642972b397fe20646cc408c9457aba03e10656b5f5437f926b7e65de056
캐시 장신구,,78651642972b397fe20646cc408c9457aba03e10656b5f5437f926b7e65de056
무기,,e576b30602faf19bfa627ba82ea733ff5d4979c2daafd0eeb47936944df0cc3c
갑옷,내강의복,e576b30602faf19bfa627ba82ea733ff5d4979c2daafd0eeb47936944df0cc3c
방패/보조무기,,e576b30602faf19bfa627ba82ea733ff5d4979c2daafd0eeb47936944df0cc3c
투구,연홍투구,e576b30602faf19bfa627ba82ea733ff5d4979c2daafd0eeb47936944df0cc3c
왼손,,e576b30602faf19bfa627ba82ea733ff5d4979c2daafd0eeb47936944df0cc3c
오른손,,e576b30602faf19bfa627ba82ea733ff5d4979c2daafd0eeb47936944df0cc3c
보조1,마사의귀목,e576b30602faf19bfa627ba82ea733ff5d4979c2daafd0eeb47936944df0cc3c
보조2,마사의귀목,e576b30602faf19bfa627ba82ea733ff5d4979c2daafd0eeb47936944df0cc3c
얼굴장식,,e576b30602faf19bfa627ba82ea733ff5d4979c2daafd0eeb47936944df0cc3c
캐시 투구,,e576b30602faf19bfa627ba82ea733ff5d4979c2daafd0eeb47936944df0cc3c
망토,진'암흑망토(손상),e576b30602faf19bfa627ba82ea733ff5d4979c2daafd0eeb47936944df0cc3c
캐시 겉옷,,e576b30602faf19bfa627ba82ea733ff5d4979c2daafd0eeb47936944df0cc3c
신발,,e576b30602faf19bfa627ba82ea733ff5d4979c2daafd0eeb47936944df0cc3c
목/어깨장식,사색인장,e576b30602faf19bfa627ba82ea733ff5d4979c2daafd0eeb47936944df0cc3c
캐시 무기,,e576b30602faf19bfa627ba82ea733ff5d4979c2daafd0eeb47936944df0cc3c
캐시 방패/보조무기,,e576b30602faf19bfa627ba82ea733ff5d4979c2daafd0eeb47936944df0cc3c
캐시 얼굴장식,왕초보대두(남),e576b30602faf19bfa627ba82ea733ff5d4979c2daafd0eeb47936944df0cc3c
캐시 망토,,e576b30602faf19bfa627ba82ea733ff5d4979c2daafd0eeb47936944df0cc3c
캐시 신발,,e576b30602faf19bfa627ba82ea733ff5d4979c2daafd0eeb47936944df0cc3c
캐시 목/어깨장식,,e576b30602faf19bfa627ba82ea733ff5d4979c2daafd0eeb47936944df0cc3c
세트옷,전우치분신,e576b30602faf19bfa627ba82ea733ff5d4979c2daafd0eeb47936944df0cc3c
캐시 세트옷,미'이화선인분신'매,e576b30602faf19bfa627ba82ea733ff5d4979c2daafd0eeb47936944df0cc3c
장신구,봉황삼작금노리개1성,e576b30602faf19bfa627ba82ea733ff5d4979c2daafd0eeb47936944df0cc3c
캐시 장신구,,e576b30602faf19bfa627ba82ea733ff5d4979c2daafd0eeb47936944df0cc3c
무기,고대마령의적혈명도8성,e21cd59b787733bdc0c9d6a25837d4d01f894935ca4e6bb1de4efd919b227633
갑옷,태광천신의복8성,e21cd59b787733bdc0c9d6a25837d4d01f894935ca4e6bb1de4efd919b227633
방패/보조무기,,e21cd59b787733bdc0c9d6a25837d4d01f894935ca4e6bb1de4efd919b227633
투구,태광천신금잠7성,e21cd59b787733bdc0c9d6a25837d4d01f894935ca4e6bb1de4efd919b227633
왼손,태염반지6성,e21cd59b787733bdc0c9d6a25837d4d01f894935ca4e6bb1de4efd919b227633
오른손,태염반지6성,e21cd59b787733bdc0c9d6a25837d4d01f894935ca4e6bb1de4efd919b227633
보조1,마사의귀목,e21cd59b787733bdc0c9d6a25837d4d01f894935ca4e6bb1de4efd919b227633
보조2,마사의귀목,e21cd59b787733bdc0c9d6a25837d4d01f894935ca4e6bb1de4efd919b227633
얼굴장식,조사장의가면,e21cd59b787733bdc0c9d6a25837d4d01f894935ca4e6bb1de4efd919b227633
캐시 투구,겨울한교복도령모,e21cd59b787733bdc0c9d6a25837d4d01f894935ca4e6bb1de4efd919b227633
,,e21cd59b787733bdc0c9d6a25837d4d01f894935ca4e6bb1de4efd919b227633
캐시 겉옷,겨울한교복(남),e21cd59b787733bdc0c9d6a25837d4d01f894935ca4e6bb1de4efd919b227633
신발,사령웅의앞발,e21cd59b787733bdc0c9d6a25837d4d01f894935ca4e6bb1de4efd919b227633
목/어깨장식,고대마령의목걸이6성,e21cd59b787733bdc0c9d6a25837d4d01f894935ca4e6bb1de4efd919b227633
캐시 무기,오래된채굴곡괭이,e21cd59b787733bdc0c9d6a25837d4d01f894935ca4e6bb1de4efd919b227633
캐시 방패/보조무기,유리염주,e21cd59b787733bdc0c9d6a25837d4d01f894935ca4e6bb1de4efd919b227633
캐시 얼굴장식,,e21cd59b787733bdc0c9d6a25837d4d01f894935ca4e6bb1de4efd919b227633
캐시 망토,깜찍한악마날개,e21cd59b787733bdc0c9d6a25837d4d01f894935ca4e6bb1de4efd919b227633
캐시 신발,겨울반딧불,e21cd59b787733bdc0c9d6a25837d4d01f894935ca4e6bb1de4efd919b227633
캐시 목/어깨장식,,e21cd59b787733bdc0c9d6a25837d4d01f894935ca4e6bb1de4efd919b227633
세트옷,강철의탐,e21cd59b787733bdc0c9d6a25837d4d01f894935ca4e6bb1de4efd919b227633
캐시 세트옷,,e21cd59b787733bdc0c9d6a25837d4d01f894935ca4e6bb1de4efd919b227633
장신구,파란나비노리개1성,e21cd59b787733bdc0c9d6a25837d4d01f894935ca4e6bb1de4efd919b227633
캐시 장신구,깜찍한악마뿔,e21cd59b787733bdc0c9d6a25837d4d01f894935ca4e6bb1de4efd919b227633
캐시 세트옷,[구]망또No09,3be94812736195b91bcc3bc8261660582cc254a675f0196fb4e22bd80802c873
무기,용비제십겸,3be94812736195b91bcc3bc8261660582cc254a675f0196fb4e22bd80802c873
갑옷,용비파천갑8성,3be94812736195b91bcc3bc8261660582cc254a675f0196fb4e22bd80802c873
방패/보조무기,,3be94812736195b91bcc3bc8261660582cc254a675f0196fb4e22bd80802c873
투구,용아투구'비8성,3be94812736195b91bcc3bc8261660582cc254a675f0196fb4e22bd80802c873
왼손,패자황금투수,3be94812736195b91bcc3bc8261660582cc254a675f0196fb4e22bd80802c873
오른손,패자황금투수,3be94812736195b91bcc3bc8261660582cc254a675f0196fb4e22bd80802c873
보조1,마령의노리개'흑10성,3be94812736195b91bcc3bc8261660582cc254a675f0196fb4e22bd80802c873
보조2,빛나는마사의귀목,3be94812736195b91bcc3bc8261660582cc254a675f0196fb4e22bd80802c873
얼굴장식,시바의시선,3be94812736195b91bcc3bc8261660582cc254a675f0196fb4e22bd80802c873
캐시 투구,황금가마솥머리띠,3be94812736195b91bcc3bc8261660582cc254a675f0196fb4e22bd80802c873
망토,용성장견'비8성,3be94812736195b91bcc3bc8261660582cc254a675f0196fb4e22bd80802c873
캐시 겉옷,환계나무꾼의복,3be94812736195b91bcc3bc8261660582cc254a675f0196fb4e22bd80802c873
신발,고대마령의군화'흑10성,3be94812736195b91bcc3bc8261660582cc254a675f0196fb4e22bd80802c873
목/어깨장식,고대마령의목걸이8성,3be94812736195b91bcc3bc8261660582cc254a675f0196fb4e22bd80802c873
캐시 무기,행운의채굴곡괭이,3be94812736195b91bcc3bc8261660582cc254a675f0196fb4e22bd80802c873
캐시 방패/보조무기,,3be94812736195b91bcc3bc8261660582cc254a675f0196fb4e22bd80802c873
캐시 얼굴장식,,3be94812736195b91bcc3bc8261660582cc254a675f0196fb4e22bd80802c873
캐시 망토,환계나비정령,3be94812736195b91bcc3bc8261660582cc254a675f0196fb4e22bd80802c873
캐시 신발,겨울반딧불,3be94812736195b91bcc3bc8261660582cc254a675f0196fb4e22bd80802c873
캐시 목/어깨장식,,3be94812736195b91bcc3bc8261660582cc254a675f0196fb4e22bd80802c873
세트옷,[괴수의상]바루나1성,3be94812736195b91bcc3bc8261660582cc254a675f0196fb4e22bd80802c873
장신구,붉은토끼풀노리개1성,3be94812736195b91bcc3bc8261660582cc254a675f0196fb4e22bd80802c873
캐시 장신구,바린족얼굴무늬No01,3be94812736195b91bcc3bc8261660582cc254a675f0196fb4e22bd80802c873
무기,용비제십겸,3be94812736195b91bcc3bc826166058a8a9cf38bec0644ebe4c5007305d5a08
갑옷,환웅의천예'9성,3be94812736195b91bcc3bc826166058a8a9cf38bec0644ebe4c5007305d5a08
방패/보조무기,,3be94812736195b91bcc3bc826166058a8a9cf38bec0644ebe4c5007305d5a08
투구,태광천신금잠8성,3be94812736195b91bcc3bc826166058a8a9cf38bec0644ebe4c5007305d5a08
왼손,검은불꽃일격반지8성,3be94812736195b91bcc3bc826166058a8a9cf38bec0644ebe4c5007305d5a08
오른손,검은불꽃일격반지8성,3be94812736195b91bcc3bc826166058a8a9cf38bec0644ebe4c5007305d5a08
보조1,마령의노리개'흑6성,3be94812736195b91bcc3bc826166058a8a9cf38bec0644ebe4c5007305d5a08
보조2,빛나는마사의귀목,3be94812736195b91bcc3bc826166058a8a9cf38bec0644ebe4c5007305d5a08
얼굴장식,시바의시선,3be94812736195b91bcc3bc826166058a8a9cf38bec0644ebe4c5007305d5a08
캐시 투구,꽃을든여친헤어No02,3be94812736195b91bcc3bc826166058a8a9cf38bec0644ebe4c5007305d5a08
망토,용성장견'비8성,3be94812736195b91bcc3bc826166058a8a9cf38bec0644ebe4c5007305d5a08
캐시 겉옷,악마계약자의상(여),3be94812736195b91bcc3bc826166058a8a9cf38bec0644ebe4c5007305d5a08
신발,사령웅의앞발,3be94812736195b91bcc3bc826166058a8a9cf38bec0644ebe4c5007305d5a08
목/어깨장식,고대마령의목걸이8성,3be94812736195b91bcc3bc826166058a8a9cf38bec0644ebe4c5007305d5a08
캐시 무기,,3be94812736195b91bcc3bc826166058a8a9cf38bec0644ebe4c5007305d5a08
캐시 방패/보조무기,레서판다든든한맹수,3be94812736195b91bcc3bc826166058a8a9cf38bec0644ebe4c5007305d5a08
캐시 얼굴장식,수면안대(여),3be94812736195b91bcc3bc826166058a8a9cf38bec0644ebe4c5007305d5a08
캐시 망토,,3be94812736195b91bcc3bc826166058a8a9cf38bec0644ebe4c5007305d5a08
캐시 신발,칠석직녀은하수까치,3be94812736195b91bcc3bc826166058a8a9cf38bec0644ebe4c5007305d5a08
캐시 목/어깨장식,히피목걸이No03,3be94812736195b91bcc3bc826166058a8a9cf38bec0644ebe4c5007305d5a08
세트옷,[괴수의상]가네샤1성,3be94812736195b91bcc3bc826166058a8a9cf38bec0644ebe4c5007305d5a08
캐시 세트옷,,3be94812736195b91bcc3bc826166058a8a9cf38bec0644ebe4c5007305d5a08
장신구,파란나비노리개1성,3be94812736195b91bcc3bc826166058a8a9cf38bec0644ebe4c5007305d5a08
캐시 장신구,그림술사목장식(여),3be94812736195b91bcc3bc826166058a8a9cf38bec0644ebe4c5007305d5a08
무기,적영구겸8성,3be94812736195b91bcc3bc826166058fd90560589e7c63639cf781532863938
갑옷,환웅의갑주'8성,3be94812736195b91bcc3bc826166058fd90560589e7c63639cf781532863938
방패/보조무기,,3be94812736195b91bcc3bc826166058fd90560589e7c63639cf781532863938
투구,환웅의복면'7성,3be94812736195b91bcc3bc826166058fd90560589e7c63639cf781532863938
왼손,태염반지6성,3be94812736195b91bcc3bc826166058fd90560589e7c63639cf781532863938
오른손,태염반지6성,3be94812736195b91bcc3bc826166058fd90560589e7c63639cf781532863938
보조1,마령의노리개'흑7성,3be94812736195b91bcc3bc826166058fd90560589e7c63639cf781532863938
보조2,마사의귀목,3be94812736195b91bcc3bc826166058fd90560589e7c63639cf781532863938
얼굴장식,조사장의가면,3be94812736195b91bcc3bc826166058fd90560589e7c63639cf781532863938
캐시 투구,스포티헤어(남),3be94812736195b91bcc3bc826166058fd90560589e7c63639cf781532863938
망토,마겸의망토,3be94812736195b91bcc3bc826166058fd90560589e7c63639cf781532863938
캐시 겉옷,바람정장,3be94812736195b91bcc3bc826166058fd90560589e7c63639cf781532863938
신발,사령웅의앞발,3be94812736195b91bcc3bc826166058fd90560589e7c63639cf781532863938
목/어깨장식,고대마령의목걸이6성,3be94812736195b91bcc3bc826166058fd90560589e7c63639cf781532863938
캐시 무기,웨딩부케,3be94812736195b91bcc3bc826166058fd90560589e7c63639cf781532863938
캐시 방패/보조무기,,3be94812736195b91bcc3bc826166058fd90560589e7c63639cf781532863938
캐시 얼굴장식,,3be94812736195b91bcc3bc826166058fd90560589e7c63639cf781532863938
캐시 망토,벚꽃장식No02,3be94812736195b91bcc3bc826166058fd90560589e7c63639cf781532863938
캐시 신발,토끼발자국No01,3be94812736195b91bcc3bc826166058fd90560589e7c63639cf781532863938
캐시 목/어깨장식,웨딩부토니에,3be94812736195b91bcc3bc826166058fd90560589e7c63639cf781532863938
세트옷,도깨비탐,3be94812736195b91bcc3bc826166058fd90560589e7c63639cf781532863938
캐시 세트옷,,3be94812736195b91bcc3bc826166058fd90560589e7c63639cf781532863938
장신구,붉은토끼풀노리개1성,3be94812736195b91bcc3bc826166058fd90560589e7c63639cf781532863938
캐시 장신구,루나빗귀걸이,3be94812736195b91bcc3bc826166058fd90560589e7c63639cf781532863938
무기,후암구겸7성,3be94812736195b91bcc3bc826166058e51fb9973e2c17cf910f81ccbb0c1299
갑옷,환웅의천의'9성,3be94812736195b91bcc3bc826166058e51fb9973e2c17cf910f81ccbb0c1299
방패/보조무기,,3be94812736195b91bcc3bc826166058e51fb9973e2c17cf910f81ccbb0c1299
투구,태광천신금잠7성,3be94812736195b91bcc3bc826166058e51fb9973e2c17cf910f81ccbb0c1299
왼손,환웅의장갑'8성,3be94812736195b91bcc3bc826166058e51fb9973e2c17cf910f81ccbb0c1299
오른손,환웅의깍지'8성,3be94812736195b91bcc3bc826166058e51fb9973e2c17cf910f81ccbb0c1299
보조1,마사의귀목,3be94812736195b91bcc3bc826166058e51fb9973e2c17cf910f81ccbb0c1299
보조2,마사의귀목,3be94812736195b91bcc3bc826166058e51fb9973e2c17cf910f81ccbb0c1299
얼굴장식,조사장의가면,3be94812736195b91bcc3bc826166058e51fb9973e2c17cf910f81ccbb0c1299
캐시 투구,상큼장마헤어(남),3be94812736195b91bcc3bc826166058e51fb9973e2c17cf910f81ccbb0c1299
망토,무신귀갑주7성,3be94812736195b91bcc3bc826166058e51fb9973e2c17cf910f81ccbb0c1299
캐시 겉옷,얼음요정의상(남),3be94812736195b91bcc3bc826166058e51fb9973e2c17cf910f81ccbb0c1299
신발,사령웅의앞발,3be94812736195b91bcc3bc826166058e51fb9973e2c17cf910f81ccbb0c1299
목/어깨장식,진'흉수의인장,3be94812736195b91bcc3bc826166058e51fb9973e2c17cf910f81ccbb0c1299
캐시 무기,[패스]눈뭉치,3be94812736195b91bcc3bc826166058e51fb9973e2c17cf910f81ccbb0c1299
캐시 방패/보조무기,서커스펭귄풍선,3be94812736195b91bcc3bc826166058e51fb9973e2c17cf910f81ccbb0c1299
캐시 얼굴장식,,3be94812736195b91bcc3bc826166058e51fb9973e2c17cf910f81ccbb0c1299
캐시 망토,영롱한얼음결정,3be94812736195b91bcc3bc826166058e51fb9973e2c17cf910f81ccbb0c1299
캐시 신발,빗방울,3be94812736195b91bcc3bc826166058e51fb9973e2c17cf910f81ccbb0c1299
캐시 목/어깨장식,청사목도리,3be94812736195b91bcc3bc826166058e51fb9973e2c17cf910f81ccbb0c1299
세트옷,청룡정령,3be94812736195b91bcc3bc826166058e51fb9973e2c17cf910f81ccbb0c1299
캐시 세트옷,고대호랑신수의상,3be94812736195b91bcc3bc826166058e51fb9973e2c17cf910f81ccbb0c1299
장신구,,3be94812736195b91bcc3bc826166058e51fb9973e2c17cf910f81ccbb0c1299
캐시 장신구,공룡우비,3be94812736195b91bcc3bc826166058e51fb9973e2c17cf910f81ccbb0c1299
무기,고대마령의적혈겸9성,3be94812736195b91bcc3bc826166058d2d840e66f046fc6476e56399119fde1
갑옷,용비멸아갑8성,3be94812736195b91bcc3bc826166058d2d840e66f046fc6476e56399119fde1
방패/보조무기,,3be94812736195b91bcc3bc826166058d2d840e66f046fc6476e56399119fde1
투구,용아투구'비8성,3be94812736195b91bcc3bc826166058d2d840e66f046fc6476e56399119fde1
왼손,환웅의장갑'7성,3be94812736195b91bcc3bc826166058d2d840e66f046fc6476e56399119fde1
오른손,금린반지6성,3be94812736195b91bcc3bc826166058d2d840e66f046fc6476e56399119fde1
보조1,마사의귀목,3be94812736195b91bcc3bc826166058d2d840e66f046fc6476e56399119fde1
보조2,마사의귀목,3be94812736195b91bcc3bc826166058d2d840e66f046fc6476e56399119fde1
얼굴장식,조사장의가면,3be94812736195b91bcc3bc826166058d2d840e66f046fc6476e56399119fde1
캐시 투구,,3be94812736195b91bcc3bc826166058d2d840e66f046fc6476e56399119fde1
망토,마겸의망토,3be94812736195b91bcc3bc826166058d2d840e66f046fc6476e56399119fde1
캐시 겉옷,환계선녀의복,3be94812736195b91bcc3bc826166058d2d840e66f046fc6476e56399119fde1
신발,사령웅의앞발,3be94812736195b91bcc3bc826166058d2d840e66f046fc6476e56399119fde1
목/어깨장식,진'흉수의인장,3be94812736195b91bcc3bc826166058d2d840e66f046fc6476e56399119fde1
캐시 무기,,3be94812736195b91bcc3bc826166058d2d840e66f046fc6476e56399119fde1
캐시 방패/보조무기,복숭아사탕낚시대,3be94812736195b91bcc3bc826166058d2d840e66f046fc6476e56399119fde1
캐시 얼굴장식,,3be94812736195b91bcc3bc826166058d2d840e66f046fc6476e56399119fde1
캐시 망토,달콤토끼가방No02,3be94812736195b91bcc3bc826166058d2d840e66f046fc6476e56399119fde1
캐시 신발,게이밍감성컴퓨터,3be94812736195b91bcc3bc826166058d2d840e66f046fc6476e56399119fde1
캐시 목/어깨장식,레이스스카프No03,3be94812736195b91bcc3bc826166058d2d840e66f046fc6476e56399119fde1
세트옷,도깨비탐,3be94812736195b91bcc3bc826166058d2d840e66f046fc6476e56399119fde1
캐시 세트옷,고대해골정령신수의상,3be94812736195b91bcc3bc826166058d2d840e66f046fc6476e56399119fde1
장신구,붉은토끼풀노리개1성,3be94812736195b91bcc3bc826166058d2d840e66f046fc6476e56399119fde1
캐시 장신구,대양의선원모자(여),3be94812736195b91bcc3bc826166058d2d840e66f046fc6476e56399119fde1
무기,청련지옥구겸,3be94812736195b91bcc3bc826166058b632295a22bac06f4826c11a34536ce8
갑옷,환웅의창예'7성,3be94812736195b91bcc3bc826166058b632295a22bac06f4826c11a34536ce8
방패/보조무기,,3be94812736195b91bcc3bc826166058b632295a22bac06f4826c11a34536ce8
투구,환웅의복면'6성,3be94812736195b91bcc3bc826166058b632295a22bac06f4826c11a34536ce8
왼손,환웅의투수'7성,3be94812736195b91bcc3bc826166058b632295a22bac06f4826c11a34536ce8
오른손,환웅의투수'7성,3be94812736195b91bcc3bc826166058b632295a22bac06f4826c11a34536ce8
보조1,마사의귀목,3be94812736195b91bcc3bc826166058b632295a22bac06f4826c11a34536ce8
보조2,마사의귀목,3be94812736195b91bcc3bc826166058b632295a22bac06f4826c11a34536ce8
얼굴장식,진'환혼가면,3be94812736195b91bcc3bc826166058b632295a22bac06f4826c11a34536ce8
캐시 투구,무스키탈,3be94812736195b91bcc3bc826166058b632295a22bac06f4826c11a34536ce8
망토,고대마령의칼날7성,3be94812736195b91bcc3bc826166058b632295a22bac06f4826c11a34536ce8
캐시 겉옷,무스키의상,3be94812736195b91bcc3bc826166058b632295a22bac06f4826c11a34536ce8
신발,사령웅의앞발,3be94812736195b91bcc3bc826166058b632295a22bac06f4826c11a34536ce8
목/어깨장식,암흑목걸이[괴],3be94812736195b91bcc3bc826166058b632295a22bac06f4826c11a34536ce8
캐시 무기,토끼당근No01,3be94812736195b91bcc3bc826166058b632295a22bac06f4826c11a34536ce8
캐시 방패/보조무기,무스키가방,3be94812736195b91bcc3bc826166058b632295a22bac06f4826c11a34536ce8
캐시 얼굴장식,,3be94812736195b91bcc3bc826166058b632295a22bac06f4826c11a34536ce8
캐시 망토,무스키발바닥,3be94812736195b91bcc3bc826166058b632295a22bac06f4826c11a34536ce8
캐시 신발,무스키바숑바숑,3be94812736195b91bcc3bc826166058b632295a22bac06f4826c11a34536ce8
캐시 목/어깨장식,니트목도리No02,3be94812736195b91bcc3bc826166058b632295a22bac06f4826c11a34536ce8
세트옷,[괴수의상]흑화랑5성,3be94812736195b91bcc3bc826166058b632295a22bac06f4826c11a34536ce8
캐시 세트옷,,3be94812736195b91bcc3bc826166058b632295a22bac06f4826c11a34536ce8
장신구,파란나비노리개1성,3be94812736195b91bcc3bc826166058b632295a22bac06f4826c11a34536ce8
캐시 장신구,무스키스카프,3be94812736195b91bcc3bc826166058b632295a22bac06f4826c11a34536ce8
무기,후암구겸8성,3be94812736195b91bcc3bc82616605871c12197daa2c515abf05a05a640d6cd
갑옷,환웅의창의'8성,3be94812736195b91bcc3bc82616605871c12197daa2c515abf05a05a640d6cd
방패/보조무기,,3be94812736195b91bcc3bc82616605871c12197daa2c515abf05a05a640d6cd
투구,태광천신금잠7성,3be94812736195b91bcc3bc82616605871c12197daa2c515abf05a05a640d6cd
왼손,금린반지6성,3be94812736195b91bcc3bc82616605871c12197daa2c515abf05a05a640d6cd
오른손,금린반지6성,3be94812736195b91bcc3bc82616605871c12197daa2c515abf05a05a640d6cd
보조1,마사의귀목,3be94812736195b91bcc3bc82616605871c12197daa2c515abf05a05a640d6cd
보조2,마사의귀목,3be94812736195b91bcc3bc82616605871c12197daa2c515abf05a05a640d6cd
얼굴장식,고대마령의암막6성,3be94812736195b91bcc3bc82616605871c12197daa2c515abf05a05a640d6cd
캐시 투구,할로윈유리왕관,3be94812736195b91bcc3bc82616605871c12197daa2c515abf05a05a640d6cd
망토,무신귀갑주6성,3be94812736195b91bcc3bc82616605871c12197daa2c515abf05a05a640d6cd
캐시 겉옷,우아한눈꽃한복(남),3be94812736195b91bcc3bc82616605871c12197daa2c515abf05a05a640d6cd
신발,고대마령의군화'흑6성,3be94812736195b91bcc3bc82616605871c12197daa2c515abf05a05a640d6cd
목/어깨장식,고대마령의목걸이6성,3be94812736195b91bcc3bc82616605871c12197daa2c515abf05a05a640d6cd
캐시 무기,,3be94812736195b91bcc3bc82616605871c12197daa2c515abf05a05a640d6cd
캐시 방패/보조무기,눈사람왼손장갑No01,3be94812736195b91bcc3bc82616605871c12197daa2c515abf05a05a640d6cd
캐시 얼굴장식,정열의한입플라워,3be94812736195b91bcc3bc82616605871c12197daa2c515abf05a05a640d6cd
캐시 망토,흑룡의기운,3be94812736195b91bcc3bc82616605871c12197daa2c515abf05a05a640d6cd
캐시 신발,뽀짝피그황금동전,3be94812736195b91bcc3bc82616605871c12197daa2c515abf05a05a640d6cd
캐시 목/어깨장식,러블리남친핑크카라,3be94812736195b91bcc3bc82616605871c12197daa2c515abf05a05a640d6cd
세트옷,[괴수의상]쿠라칸1성,3be94812736195b91bcc3bc82616605871c12197daa2c515abf05a05a640d6cd
캐시 세트옷,,3be94812736195b91bcc3bc82616605871c12197daa2c515abf05a05a640d6cd
장신구,붉은토끼풀노리개1성,3be94812736195b91bcc3bc82616605871c12197daa2c515abf05a05a640d6cd
캐시 장신구,성탄요정리스왕관,3be94812736195b91bcc3bc82616605871c12197daa2c515abf05a05a640d6cd
무기,후암구겸5성,3be94812736195b91bcc3bc826166058eaf331796600ada8c72c645643b688ce
갑옷,금린천화갑5성,3be94812736195b91bcc3bc826166058eaf331796600ada8c72c645643b688ce
방패/보조무기,,3be94812736195b91bcc3bc826166058eaf331796600ada8c72c645643b688ce
투구,금린화월관5성,3be94812736195b91bcc3bc826166058eaf331796600ada8c72c645643b688ce
왼손,태염반지5성,3be94812736195b91bcc3bc826166058eaf331796600ada8c72c645643b688ce
오른손,태염반지8성,3be94812736195b91bcc3bc826166058eaf331796600ada8c72c645643b688ce
보조1,마사의귀목,3be94812736195b91bcc3bc826166058eaf331796600ada8c72c645643b688ce
보조2,마사의귀목,3be94812736195b91bcc3bc826166058eaf331796600ada8c72c645643b688ce
얼굴장식,조사장의가면,3be94812736195b91bcc3bc826166058eaf331796600ada8c72c645643b688ce
캐시 투구,꽃을든남친헤어No01,3be94812736195b91bcc3bc826166058eaf331796600ada8c72c645643b688ce
망토,금린추월5성,3be94812736195b91bcc3bc826166058eaf331796600ada8c72c645643b688ce
캐시 겉옷,오버핏보이코트No02,3be94812736195b91bcc3bc826166058eaf331796600ada8c72c645643b688ce
신발,낡은사령웅의앞발,3be94812736195b91bcc3bc826166058eaf331796600ada8c72c645643b688ce
목/어깨장식,진'흉수의인장,3be94812736195b91bcc3bc826166058eaf331796600ada8c72c645643b688ce
캐시 무기,오래된채굴곡괭이,3be94812736195b91bcc3bc826166058eaf331796600ada8c72c645643b688ce
캐시 방패/보조무기,나이트워커슈퍼카No01,3be94812736195b91bcc3bc826166058eaf331796600ada8c72c645643b688ce
캐시 얼굴장식,,3be94812736195b91bcc3bc826166058eaf331796600ada8c72c645643b688ce
캐시 망토,오버핏보이크로스백,3be94812736195b91bcc3bc826166058eaf331796600ada8c72c645643b688ce
캐시 신발,뽀짝피그황금동전,3be94812736195b91bcc3bc826166058eaf331796600ada8c72c645643b688ce
캐시 목/어깨장식,,3be94812736195b91bcc3bc826166058eaf331796600ada8c72c645643b688ce
세트옷,구미호분신,3be94812736195b91bcc3bc826166058eaf331796600ada8c72c645643b688ce
캐시 세트옷,,3be94812736195b91bcc3bc826166058eaf331796600ada8c72c645643b688ce
장신구,,3be94812736195b91bcc3bc826166058eaf331796600ada8c72c645643b688ce
캐시 장신구,새내기사각뿔테,3be94812736195b91bcc3bc826166058eaf331796600ada8c72c645643b688ce
무기,적영구겸5성,3be94812736195b91bcc3bc826166058dad7124d45488448ddc683dc4aabdf6c
갑옷,환웅의연갑'7성,3be94812736195b91bcc3bc826166058dad7124d45488448ddc683dc4aabdf6c
방패/보조무기,,3be94812736195b91bcc3bc826166058dad7124d45488448ddc683dc4aabdf6c
투구,태광천신금잠5성,3be94812736195b91bcc3bc826166058dad7124d45488448ddc683dc4aabdf6c
왼손,금린노리개5성,3be94812736195b91bcc3bc826166058dad7124d45488448ddc683dc4aabdf6c
오른손,금린노리개5성,3be94812736195b91bcc3bc826166058dad7124d45488448ddc683dc4aabdf6c
보조1,찬란한금두꺼비,3be94812736195b91bcc3bc826166058dad7124d45488448ddc683dc4aabdf6c
보조2,마사의귀목,3be94812736195b91bcc3bc826166058dad7124d45488448ddc683dc4aabdf6c
얼굴장식,조사장의가면,3be94812736195b91bcc3bc826166058dad7124d45488448ddc683dc4aabdf6c
캐시 투구,모던커플헤어(여),3be94812736195b91bcc3bc826166058dad7124d45488448ddc683dc4aabdf6c
망토,무신귀갑주5성,3be94812736195b91bcc3bc826166058dad7124d45488448ddc683dc4aabdf6c
캐시 겉옷,모던커플의상(여),3be94812736195b91bcc3bc826166058dad7124d45488448ddc683dc4aabdf6c
신발,사령웅의앞발,3be94812736195b91bcc3bc826166058dad7124d45488448ddc683dc4aabdf6c
목/어깨장식,암흑목걸이[괴],3be94812736195b91bcc3bc826166058dad7124d45488448ddc683dc4aabdf6c
캐시 무기,분홍손풍기,3be94812736195b91bcc3bc826166058dad7124d45488448ddc683dc4aabdf6c
캐시 방패/보조무기,,3be94812736195b91bcc3bc826166058dad7124d45488448ddc683dc4aabdf6c
캐시 얼굴장식,,3be94812736195b91bcc3bc826166058dad7124d45488448ddc683dc4aabdf6c
캐시 망토,분홍꽃잎,3be94812736195b91bcc3bc826166058dad7124d45488448ddc683dc4aabdf6c
캐시 신발,곰돌이분홍풍선,3be94812736195b91bcc3bc826166058dad7124d45488448ddc683dc4aabdf6c
캐시 목/어깨장식,,3be94812736195b91bcc3bc826166058dad7124d45488448ddc683dc4aabdf6c
세트옷,구미호분신,3be94812736195b91bcc3bc826166058dad7124d45488448ddc683dc4aabdf6c
캐시 세트옷,,3be94812736195b91bcc3bc826166058dad7124d45488448ddc683dc4aabdf6c
장신구,,3be94812736195b91bcc3bc826166058dad7124d45488448ddc683dc4aabdf6c
캐시 장신구,분홍마스크,3be94812736195b91bcc3bc826166058dad7124d45488448ddc683dc4aabdf6c
무기,후암구겸6성,3be94812736195b91bcc3bc826166058a2753b9bb17497ee458c54a0db7a3371
갑옷,환웅의치마'7성,3be94812736195b91bcc3bc826166058a2753b9bb17497ee458c54a0db7a3371
방패/보조무기,,3be94812736195b91bcc3bc826166058a2753b9bb17497ee458c54a0db7a3371
투구,환웅의천관'7성,3be94812736195b91bcc3bc826166058a2753b9bb17497ee458c54a0db7a3371
왼손,[패스]백기린팔찌,3be94812736195b91bcc3bc826166058a2753b9bb17497ee458c54a0db7a3371
오른손,별주부반지'개,3be94812736195b91bcc3bc826166058a2753b9bb17497ee458c54a0db7a3371
보조1,마령의노리개'흑6성,3be94812736195b91bcc3bc826166058a2753b9bb17497ee458c54a0db7a3371
보조2,고구려지휘관휘장,3be94812736195b91bcc3bc826166058a2753b9bb17497ee458c54a0db7a3371
얼굴장식,고대마령의암막6성,3be94812736195b91bcc3bc826166058a2753b9bb17497ee458c54a0db7a3371
캐시 투구,루나빗풀잎쫑긋,3be94812736195b91bcc3bc826166058a2753b9bb17497ee458c54a0db7a3371
망토,용성장견'비5성,3be94812736195b91bcc3bc826166058a2753b9bb17497ee458c54a0db7a3371
캐시 겉옷,루나빗소녀의상,3be94812736195b91bcc3bc826166058a2753b9bb17497ee458c54a0db7a3371
신발,사령웅의앞발,3be94812736195b91bcc3bc826166058a2753b9bb17497ee458c54a0db7a3371
목/어깨장식,고대마령의목걸이6성,3be94812736195b91bcc3bc826166058a2753b9bb17497ee458c54a0db7a3371
캐시 무기,,3be94812736195b91bcc3bc826166058a2753b9bb17497ee458c54a0db7a3371
캐시 방패/보조무기,서커스펭귄풍선,3be94812736195b91bcc3bc826166058a2753b9bb17497ee458c54a0db7a3371
캐시 얼굴장식,,3be94812736195b91bcc3bc826166058a2753b9bb17497ee458c54a0db7a3371
캐시 망토,,3be94812736195b91bcc3bc826166058a2753b9bb17497ee458c54a0db7a3371
캐시 신발,값진반짝클로버,3be94812736195b91bcc3bc826166058a2753b9bb17497ee458c54a0db7a3371
캐시 목/어깨장식,루나빗머플러,3be94812736195b91bcc3bc826166058a2753b9bb17497ee458c54a0db7a3371
세트옷,미라정령,3be94812736195b91bcc3bc826166058a2753b9bb17497ee458c54a0db7a3371
캐시 세트옷,,3be94812736195b91bcc3bc826166058a2753b9bb17497ee458c54a0db7a3371
장신구,파란나비노리개1성,3be94812736195b91bcc3bc826166058a2753b9bb17497ee458c54a0db7a3371
캐시 장신구,좋아요하트No03,3be94812736195b91bcc3bc826166058a2753b9bb17497ee458c54a0db7a3371
무기,불멸용마검'3강,1408aa551ee8cd71c4abb1edd8594daac47ea5ffea2564f587ca830a8f71acb2
갑옷,현무불괴갑,1408aa551ee8cd71c4abb1edd8594daac47ea5ffea2564f587ca830a8f71acb2
방패/보조무기,고대마령의방패8성,1408aa551ee8cd71c4abb1edd8594daac47ea5ffea2564f587ca830a8f71acb2
,,1408aa551ee8cd71c4abb1edd8594daac47ea5ffea2564f587ca830a8f71acb2
왼손,패자황금장갑,1408aa551ee8cd71c4abb1edd8594daac47ea5ffea2564f587ca830a8f71acb2
오른손,패자황금장갑,1408aa551ee8cd71c4abb1edd8594daac47ea5ffea2564f587ca830a8f71acb2
보조1,천도의목걸이,1408aa551ee8cd71c4abb1edd8594daac47ea5ffea2564f587ca830a8f71acb2
보조2,마사의귀목,1408aa551ee8cd71c4abb1edd8594daac47ea5ffea2564f587ca830a8f71acb2
얼굴장식,빛나는조사장의가면,1408aa551ee8cd71c4abb1edd8594daac47ea5ffea2564f587ca830a8f71acb2
캐시 투구,달빛마중머리띠,1408aa551ee8cd71c4abb1edd8594daac47ea5ffea2564f587ca830a8f71acb2
망토,고대마령의칼날10성,1408aa551ee8cd71c4abb1edd8594daac47ea5ffea2564f587ca830a8f71acb2
캐시 겉옷,달빛마중수묵도포,1408aa551ee8cd71c4abb1edd8594daac47ea5ffea2564f587ca830a8f71acb2
신발,빛나는사령웅의앞발,1408aa551ee8cd71c4abb1edd8594daac47ea5ffea2564f587ca830a8f71acb2
목/어깨장식,고대마령의목걸이8성,1408aa551ee8cd71c4abb1edd8594daac47ea5ffea2564f587ca830a8f71acb2
캐시 무기,달빛마중장우산,1408aa551ee8cd71c4abb1edd8594daac47ea5ffea2564f587ca830a8f71acb2
캐시 방패/보조무기,,1408aa551ee8cd71c4abb1edd8594daac47ea5ffea2564f587ca830a8f71acb2
캐시 얼굴장식,,1408aa551ee8cd71c4abb1edd8594daac47ea5ffea2564f587ca830a8f71acb2
캐시 망토,달빛마중토끼가방,1408aa551ee8cd71c4abb1edd8594daac47ea5ffea2564f587ca830a8f71acb2
캐시 신발,달빛마중산군,1408aa551ee8cd71c4abb1edd8594daac47ea5ffea2564f587ca830a8f71acb2
캐시 목/어깨장식,,1408aa551ee8cd71c4abb1edd8594daac47ea5ffea2564f587ca830a8f71acb2
세트옷,[괴수의상]아이라바타5성,1408aa551ee8cd71c4abb1edd8594daac47ea5ffea2564f587ca830a8f71acb2
캐시 세트옷,[구]망또No05,1408aa551ee8cd71c4abb1edd8594daac47ea5ffea2564f587ca830a8f71acb2
장신구,자수원앙노리개2성,1408aa551ee8cd71c4abb1edd8594daac47ea5ffea2564f587ca830a8f71acb2
캐시 장신구,달빛마중깡총귀,1408aa551ee8cd71c4abb1edd8594daac47ea5ffea2564f587ca830a8f71acb2
무기,용마제십검,2fb58f8ad4aefbf8aee5f8be16ace772aae77432709819edb959e1fd5d1d77b4
갑옷,현무불괴갑,2fb58f8ad4aefbf8aee5f8be16ace772aae77432709819edb959e1fd5d1d77b4
방패/보조무기,고대마령의단검8성,2fb58f8ad4aefbf8aee5f8be16ace772aae77432709819edb959e1fd5d1d77b4
투구,태광천신금잠7성,2fb58f8ad4aefbf8aee5f8be16ace772aae77432709819edb959e1fd5d1d77b4
왼손,용발톱흑광노리개9성,2fb58f8ad4aefbf8aee5f8be16ace772aae77432709819edb959e1fd5d1d77b4
오른손,용발톱흑광노리개9성,2fb58f8ad4aefbf8aee5f8be16ace772aae77432709819edb959e1fd5d1d77b4
보조1,마사의귀목,2fb58f8ad4aefbf8aee5f8be16ace772aae77432709819edb959e1fd5d1d77b4
보조2,마령의노리개'흑10성,2fb58f8ad4aefbf8aee5f8be16ace772aae77432709819edb959e1fd5d1d77b4
얼굴장식,시바의시선,2fb58f8ad4aefbf8aee5f8be16ace772aae77432709819edb959e1fd5d1d77b4
캐시 투구,스타별장식,2fb58f8ad4aefbf8aee5f8be16ace772aae77432709819edb959e1fd5d1d77b4
망토,용성장견'마8성,2fb58f8ad4aefbf8aee5f8be16ace772aae77432709819edb959e1fd5d1d77b4
캐시 겉옷,토끼소녀의상No01,2fb58f8ad4aefbf8aee5f8be16ace772aae77432709819edb959e1fd5d1d77b4
신발,사령웅의앞발,2fb58f8ad4aefbf8aee5f8be16ace772aae77432709819edb959e1fd5d1d77b4
목/어깨장식,고대마령의목걸이8성,2fb58f8ad4aefbf8aee5f8be16ace772aae77432709819edb959e1fd5d1d77b4
캐시 무기,[심야]행운의채굴곡괭이,2fb58f8ad4aefbf8aee5f8be16ace772aae77432709819edb959e1fd5d1d77b4
캐시 방패/보조무기,웨딩비둘기,2fb58f8ad4aefbf8aee5f8be16ace772aae77432709819edb959e1fd5d1d77b4
캐시 얼굴장식,눈장식:별이총총,2fb58f8ad4aefbf8aee5f8be16ace772aae77432709819edb959e1fd5d1d77b4
캐시 망토,젖소무늬깃털효과No2,2fb58f8ad4aefbf8aee5f8be16ace772aae77432709819edb959e1fd5d1d77b4
캐시 신발,무희방울,2fb58f8ad4aefbf8aee5f8be16ace772aae77432709819edb959e1fd5d1d77b4
캐시 목/어깨장식,아기턱받이No02,2fb58f8ad4aefbf8aee5f8be16ace772aae77432709819edb959e1fd5d1d77b4
세트옷,[괴수의상]아그니1성,2fb58f8ad4aefbf8aee5f8be16ace772aae77432709819edb959e1fd5d1d77b4
캐시 세트옷,[구]망또No05,2fb58f8ad4aefbf8aee5f8be16ace772aae77432709819edb959e1fd5d1d77b4
장신구,붉은토끼풀노리개1성,2fb58f8ad4aefbf8aee5f8be16ace772aae77432709819edb959e1fd5d1d77b4
캐시 장신구,물방울무늬리본No01,2fb58f8ad4aefbf8aee5f8be16ace772aae77432709819edb959e1fd5d1d77b4
무기,용마제십검,a19e918c7ad9a401beaea09c55806caad63a5a325db8fafce5f1ce5bbc2bcc9f
갑옷,현무불괴갑,a19e918c7ad9a401beaea09c55806caad63a5a325db8fafce5f1ce5bbc2bcc9f
방패/보조무기,무신귀면방9성,a19e918c7ad9a401beaea09c55806caad63a5a325db8fafce5f1ce5bbc2bcc9f
투구,고대마령투구10성,a19e918c7ad9a401beaea09c55806caad63a5a325db8fafce5f1ce5bbc2bcc9f
왼손,패자황금장갑,a19e918c7ad9a401beaea09c55806caad63a5a325db8fafce5f1ce5bbc2bcc9f
오른손,패자황금장갑,a19e918c7ad9a401beaea09c55806caad63a5a325db8fafce5f1ce5bbc2bcc9f
보조1,천도의목걸이,a19e918c7ad9a401beaea09c55806caad63a5a325db8fafce5f1ce5bbc2bcc9f
보조2,빛나는마사의귀목,a19e918c7ad9a401beaea09c55806caad63a5a325db8fafce5f1ce5bbc2bcc9f
얼굴장식,고대마령의암막8성,a19e918c7ad9a401beaea09c55806caad63a5a325db8fafce5f1ce5bbc2bcc9f
캐시 투구,귀족판다탈No01,a19e918c7ad9a401beaea09c55806caad63a5a325db8fafce5f1ce5bbc2bcc9f
망토,용성장견'마8성,a19e918c7ad9a401beaea09c55806caad63a5a325db8fafce5f1ce5bbc2bcc9f
캐시 겉옷,판다옷,a19e918c7ad9a401beaea09c55806caad63a5a325db8fafce5f1ce5bbc2bcc9f
신발,고대마령의군화'흑8성,a19e918c7ad9a401beaea09c55806caad63a5a325db8fafce5f1ce5bbc2bcc9f
목/어깨장식,고대마령의목걸이7성,a19e918c7ad9a401beaea09c55806caad63a5a325db8fafce5f1ce5bbc2bcc9f
캐시 무기,GM흑죽봉,a19e918c7ad9a401beaea09c55806caad63a5a325db8fafce5f1ce5bbc2bcc9f
캐시 방패/보조무기,서리화살통,a19e918c7ad9a401beaea09c55806caad63a5a325db8fafce5f1ce5bbc2bcc9f
캐시 얼굴장식,강시부적,a19e918c7ad9a401beaea09c55806caad63a5a325db8fafce5f1ce5bbc2bcc9f
캐시 망토,등뒤에와글귀,a19e918c7ad9a401beaea09c55806caad63a5a325db8fafce5f1ce5bbc2bcc9f
캐시 신발,바람정장구두,a19e918c7ad9a401beaea09c55806caad63a5a325db8fafce5f1ce5bbc2bcc9f
캐시 목/어깨장식,스트릿캐주얼사각목걸이,a19e918c7ad9a401beaea09c55806caad63a5a325db8fafce5f1ce5bbc2bcc9f
세트옷,[괴수의상]아이라바타2성,a19e918c7ad9a401beaea09c55806caad63a5a325db8fafce5f1ce5bbc2bcc9f
캐시 세트옷,,a19e918c7ad9a401beaea09c55806caad63a5a325db8fafce5f1ce5bbc2bcc9f
장신구,봉황삼작금노리개1성,a19e918c7ad9a401beaea09c55806caad63a5a325db8fafce5f1ce5bbc2bcc9f
캐시 장신구,초코델리귀걸이,a19e918c7ad9a401beaea09c55806caad63a5a325db8fafce5f1ce5bbc2bcc9f
무기,용마제십검,c35ff7536089928a874a9e652d7e504f88d2005e52f22091028a50e909f648bd
갑옷,패자황금연갑,c35ff7536089928a874a9e652d7e504f88d2005e52f22091028a50e909f648bd
방패/보조무기,고대마령의단검6성,c35ff7536089928a874a9e652d7e504f88d2005e52f22091028a50e909f648bd
투구,쇄자황금투구,c35ff7536089928a874a9e652d7e504f88d2005e52f22091028a50e909f648bd
왼손,패자황금장갑,c35ff7536089928a874a9e652d7e504f88d2005e52f22091028a50e909f648bd
오른손,패자황금장갑,c35ff7536089928a874a9e652d7e504f88d2005e52f22091028a50e909f648bd
보조1,빛나는마사의귀목,c35ff7536089928a874a9e652d7e504f88d2005e52f22091028a50e909f648bd
보조2,마령의노리개'흑10성,c35ff7536089928a874a9e652d7e504f88d2005e52f22091028a50e909f648bd
얼굴장식,고대마령의암막8성,c35ff7536089928a874a9e652d7e504f88d2005e52f22091028a50e909f648bd
캐시 투구,황금가마솥머리띠,c35ff7536089928a874a9e652d7e504f88d2005e52f22091028a50e909f648bd
망토,고대마령의칼날10성,c35ff7536089928a874a9e652d7e504f88d2005e52f22091028a50e909f648bd
캐시 겉옷,집순이속옷,c35ff7536089928a874a9e652d7e504f88d2005e52f22091028a50e909f648bd
신발,고대마령의군화'흑8성,c35ff7536089928a874a9e652d7e504f88d2005e52f22091028a50e909f648bd
목/어깨장식,고대마령의목걸이8성,c35ff7536089928a874a9e652d7e504f88d2005e52f22091028a50e909f648bd
캐시 무기,,c35ff7536089928a874a9e652d7e504f88d2005e52f22091028a50e909f648bd
캐시 방패/보조무기,,c35ff7536089928a874a9e652d7e504f88d2005e52f22091028a50e909f648bd
캐시 얼굴장식,고양이입,c35ff7536089928a874a9e652d7e504f88d2005e52f22091028a50e909f648bd
캐시 망토,멍멍이꼬리No01,c35ff7536089928a874a9e652d7e504f88d2005e52f22091028a50e909f648bd
캐시 신발,토끼발자국No01,c35ff7536089928a874a9e652d7e504f88d2005e52f22091028a50e909f648bd
캐시 목/어깨장식,화랑털장식,c35ff7536089928a874a9e652d7e504f88d2005e52f22091028a50e909f648bd
세트옷,도깨비탐,c35ff7536089928a874a9e652d7e504f88d2005e52f22091028a50e909f648bd
캐시 세트옷,,c35ff7536089928a874a9e652d7e504f88d2005e52f22091028a50e909f648bd
장신구,붉은토끼풀노리개1성,c35ff7536089928a874a9e652d7e504f88d2005e52f22091028a50e909f648bd
캐시 장신구,멍멍귀No01,c35ff7536089928a874a9e652d7e504f88d2005e52f22091028a50e909f648bd
무기,용마제십검,8299e7106df9de3b155207cf84c4c5d32cfe742d1c4e2aff62757ad6138020b7
갑옷,패자황금갑주,8299e7106df9de3b155207cf84c4c5d32cfe742d1c4e2aff62757ad6138020b7
방패/보조무기,고대마령의단검6성,8299e7106df9de3b155207cf84c4c5d32cfe742d1c4e2aff62757ad6138020b7
투구,바람청옥투구,8299e7106df9de3b155207cf84c4c5d32cfe742d1c4e2aff62757ad6138020b7
왼손,[상급]봉래산반지,8299e7106df9de3b155207cf84c4c5d32cfe742d1c4e2aff62757ad6138020b7
오른손,금린반지7성,8299e7106df9de3b155207cf84c4c5d32cfe742d1c4e2aff62757ad6138020b7
보조1,마사의귀목,8299e7106df9de3b155207cf84c4c5d32cfe742d1c4e2aff62757ad6138020b7
보조2,마사의귀목,8299e7106df9de3b155207cf84c4c5d32cfe742d1c4e2aff62757ad6138020b7
얼굴장식,고대마령의암막6성,8299e7106df9de3b155207cf84c4c5d32cfe742d1c4e2aff62757ad6138020b7
캐시 투구,고양이페도라,8299e7106df9de3b155207cf84c4c5d32cfe742d1c4e2aff62757ad6138020b7
망토,검마천의망토,8299e7106df9de3b155207cf84c4c5d32cfe742d1c4e2aff62757ad6138020b7
캐시 겉옷,상큼장마의상(남),8299e7106df9de3b155207cf84c4c5d32cfe742d1c4e2aff62757ad6138020b7
신발,사령웅의앞발,8299e7106df9de3b155207cf84c4c5d32cfe742d1c4e2aff62757ad6138020b7
목/어깨장식,고대마령의목걸이6성,8299e7106df9de3b155207cf84c4c5d32cfe742d1c4e2aff62757ad6138020b7
캐시 무기,오래된채굴곡괭이,8299e7106df9de3b155207cf84c4c5d32cfe742d1c4e2aff62757ad6138020b7
캐시 방패/보조무기,웨딩비둘기,8299e7106df9de3b155207cf84c4c5d32cfe742d1c4e2aff62757ad6138020b7
캐시 얼굴장식,유니콘음악대반짝이,8299e7106df9de3b155207cf84c4c5d32cfe742d1c4e2aff62757ad6138020b7
캐시 망토,[어린이날]어린책가방,8299e7106df9de3b155207cf84c4c5d32cfe742d1c4e2aff62757ad6138020b7
캐시 신발,토끼발자국No01,8299e7106df9de3b155207cf84c4c5d32cfe742d1c4e2aff62757ad6138020b7
캐시 목/어깨장식,딱콩삐쭉스카프No03,8299e7106df9de3b155207cf84c4c5d32cfe742d1c4e2aff62757ad6138020b7
세트옷,꺄꺄,8299e7106df9de3b155207cf84c4c5d32cfe742d1c4e2aff62757ad6138020b7
캐시 세트옷,,8299e7106df9de3b155207cf84c4c5d32cfe742d1c4e2aff62757ad6138020b7
장신구,붉은토끼풀노리개1성,8299e7106df9de3b155207cf84c4c5d32cfe742d1c4e2aff62757ad6138020b7
캐시 장신구,,8299e7106df9de3b155207cf84c4c5d32cfe742d1c4e2aff62757ad6138020b7
무기,진일신검8성,c6cd261b85bec98650e6e6f6552616152d8a31889eeae1cd74b598a1d559d189
갑옷,패자황금연갑,c6cd261b85bec98650e6e6f6552616152d8a31889eeae1cd74b598a1d559d189
방패/보조무기,고대마령의단검6성,c6cd261b85bec98650e6e6f6552616152d8a31889eeae1cd74b598a1d559d189
투구,태염무신금잠8성,c6cd261b85bec98650e6e6f6552616152d8a31889eeae1cd74b598a1d559d189
왼손,태염반지8성,c6cd261b85bec98650e6e6f6552616152d8a31889eeae1cd74b598a1d559d189
오른손,태염반지8성,c6cd261b85bec98650e6e6f6552616152d8a31889eeae1cd74b598a1d559d189
보조1,아그니의적영,c6cd261b85bec98650e6e6f6552616152d8a31889eeae1cd74b598a1d559d189
보조2,아그니의적영,c6cd261b85bec98650e6e6f6552616152d8a31889eeae1cd74b598a1d559d189
얼굴장식,고대마령의암막8성,c6cd261b85bec98650e6e6f6552616152d8a31889eeae1cd74b598a1d559d189
캐시 투구,[만일]만월비녀,c6cd261b85bec98650e6e6f6552616152d8a31889eeae1cd74b598a1d559d189
망토,무신귀갑주7성,c6cd261b85bec98650e6e6f6552616152d8a31889eeae1cd74b598a1d559d189
캐시 겉옷,신부의웨딩드레스No01,c6cd261b85bec98650e6e6f6552616152d8a31889eeae1cd74b598a1d559d189
신발,고대마령의군화'흑8성,c6cd261b85bec98650e6e6f6552616152d8a31889eeae1cd74b598a1d559d189
목/어깨장식,고대마령의목걸이8성,c6cd261b85bec98650e6e6f6552616152d8a31889eeae1cd74b598a1d559d189
캐시 무기,[탐험]오구타이의언월도,c6cd261b85bec98650e6e6f6552616152d8a31889eeae1cd74b598a1d559d189
캐시 방패/보조무기,떡하나호랑이,c6cd261b85bec98650e6e6f6552616152d8a31889eeae1cd74b598a1d559d189
캐시 얼굴장식,[30주년]넥슨히어로하트,c6cd261b85bec98650e6e6f6552616152d8a31889eeae1cd74b598a1d559d189
캐시 망토,벚꽃장식No05,c6cd261b85bec98650e6e6f6552616152d8a31889eeae1cd74b598a1d559d189
캐시 신발,유성우,c6cd261b85bec98650e6e6f6552616152d8a31889eeae1cd74b598a1d559d189
캐시 목/어깨장식,웨딩목걸이,c6cd261b85bec98650e6e6f6552616152d8a31889eeae1cd74b598a1d559d189
세트옷,[괴수의상]아이라바타1성,c6cd261b85bec98650e6e6f6552616152d8a31889eeae1cd74b598a1d559d189
캐시 세트옷,,c6cd261b85bec98650e6e6f6552616152d8a31889eeae1cd74b598a1d559d189
장신구,붉은토끼풀노리개1성,c6cd261b85bec98650e6e6f6552616152d8a31889eeae1cd74b598a1d559d189
캐시 장신구,금빛화랑귀걸이,c6cd261b85bec98650e6e6f6552616152d8a31889eeae1cd74b598a1d559d189
무기,[콩]용마제팔점일검,13c3621bc5f9662a3a54e32842fcd07cf010c724ac34fd2bf446afaa979c1330
갑옷,귀문진산갑(남),13c3621bc5f9662a3a54e32842fcd07cf010c724ac34fd2bf446afaa979c1330
방패/보조무기,,13c3621bc5f9662a3a54e32842fcd07cf010c724ac34fd2bf446afaa979c1330
투구,연청투구,13c3621bc5f9662a3a54e32842fcd07cf010c724ac34fd2bf446afaa979c1330
왼손,전사금반지7성,13c3621bc5f9662a3a54e32842fcd07cf010c724ac34fd2bf446afaa979c1330
오른손,,13c3621bc5f9662a3a54e32842fcd07cf010c724ac34fd2bf446afaa979c1330
보조1,마사의귀목,13c3621bc5f9662a3a54e32842fcd07cf010c724ac34fd2bf446afaa979c1330
보조2,마사의귀목,13c3621bc5f9662a3a54e32842fcd07cf010c724ac34fd2bf446afaa979c1330
얼굴장식,,13c3621bc5f9662a3a54e32842fcd07cf010c724ac34fd2bf446afaa979c1330
캐시 투구,,13c3621bc5f9662a3a54e32842fcd07cf010c724ac34fd2bf446afaa979c1330
망토,검마천의망토,13c3621bc5f9662a3a54e32842fcd07cf010c724ac34fd2bf446afaa979c1330
캐시 겉옷,바람랜드소년의상No03,13c3621bc5f9662a3a54e32842fcd07cf010c724ac34fd2bf446afaa979c1330
신발,용왕의신발,13c3621bc5f9662a3a54e32842fcd07cf010c724ac34fd2bf446afaa979c1330
목/어깨장식,고대마령의목걸이6성,13c3621bc5f9662a3a54e32842fcd07cf010c724ac34fd2bf446afaa979c1330
캐시 무기,먹구름우산,13c3621bc5f9662a3a54e32842fcd07cf010c724ac34fd2bf446afaa979c1330
캐시 방패/보조무기,,13c3621bc5f9662a3a54e32842fcd07cf010c724ac34fd2bf446afaa979c1330
캐시 얼굴장식,,13c3621bc5f9662a3a54e32842fcd07cf010c724ac34fd2bf446afaa979c1330
캐시 망토,,13c3621bc5f9662a3a54e32842fcd07cf010c724ac34fd2bf446afaa979c1330
캐시 신발,,13c3621bc5f9662a3a54e32842fcd07cf010c724ac34fd2bf446afaa979c1330
캐시 목/어깨장식,,13c3621bc5f9662a3a54e32842fcd07cf010c724ac34fd2bf446afaa979c1330
세트옷,구미호분신,13c3621bc5f9662a3a54e32842fcd07cf010c724ac34fd2bf446afaa979c1330
캐시 세트옷,고대[신수]망또No05,13c3621bc5f9662a3a54e32842fcd07cf010c724ac34fd2bf446afaa979c1330
장신구,붉은토끼풀노리개2성,13c3621bc5f9662a3a54e32842fcd07cf010c724ac34fd2bf446afaa979c1330
캐시 장신구,,13c3621bc5f9662a3a54e32842fcd07cf010c724ac34fd2bf446afaa979c1330
무기,환웅천봉'9각,0d77e1b5741ca9633e8a9739f4a153545133251b15f2faf3f68acf93492ddfc1
갑옷,태광천신의복8성,0d77e1b5741ca9633e8a9739f4a153545133251b15f2faf3f68acf93492ddfc1
방패/보조무기,,0d77e1b5741ca9633e8a9739f4a153545133251b15f2faf3f68acf93492ddfc1
투구,패자의왕관,0d77e1b5741ca9633e8a9739f4a153545133251b15f2faf3f68acf93492ddfc1
왼손,쇄자황금장갑,0d77e1b5741ca9633e8a9739f4a153545133251b15f2faf3f68acf93492ddfc1
오른손,쇄자황금장갑,0d77e1b5741ca9633e8a9739f4a153545133251b15f2faf3f68acf93492ddfc1
보조1,마령의노리개'흑8성,0d77e1b5741ca9633e8a9739f4a153545133251b15f2faf3f68acf93492ddfc1
보조2,마사의귀목,0d77e1b5741ca9633e8a9739f4a153545133251b15f2faf3f68acf93492ddfc1
얼굴장식,고대마령의암막6성,0d77e1b5741ca9633e8a9739f4a153545133251b15f2faf3f68acf93492ddfc1
캐시 투구,바람추석머리장식(남),0d77e1b5741ca9633e8a9739f4a153545133251b15f2faf3f68acf93492ddfc1
망토,고대마령의칼날8성,0d77e1b5741ca9633e8a9739f4a153545133251b15f2faf3f68acf93492ddfc1
캐시 겉옷,멋진현무불괴갑,0d77e1b5741ca9633e8a9739f4a153545133251b15f2faf3f68acf93492ddfc1
신발,고대마령의군화'흑6성,0d77e1b5741ca9633e8a9739f4a153545133251b15f2faf3f68acf93492ddfc1
목/어깨장식,고대마령의목걸이6성,0d77e1b5741ca9633e8a9739f4a153545133251b15f2faf3f68acf93492ddfc1
캐시 무기,행운의채굴곡괭이,0d77e1b5741ca9633e8a9739f4a153545133251b15f2faf3f68acf93492ddfc1
캐시 방패/보조무기,멍멍이No01,0d77e1b5741ca9633e8a9739f4a153545133251b15f2faf3f68acf93492ddfc1
캐시 얼굴장식,,0d77e1b5741ca9633e8a9739f4a153545133251b15f2faf3f68acf93492ddfc1
캐시 망토,바람구미호꼬리No01,0d77e1b5741ca9633e8a9739f4a153545133251b15f2faf3f68acf93492ddfc1
캐시 신발,바람정장구두,0d77e1b5741ca9633e8a9739f4a153545133251b15f2faf3f68acf93492ddfc1
캐시 목/어깨장식,초코델리힙색No01,0d77e1b5741ca9633e8a9739f4a153545133251b15f2faf3f68acf93492ddfc1
세트옷,[괴수의상]아이라바타2성,0d77e1b5741ca9633e8a9739f4a153545133251b15f2faf3f68acf93492ddfc1
캐시 세트옷,,0d77e1b5741ca9633e8a9739f4a153545133251b15f2faf3f68acf93492ddfc1
장신구,자수원앙노리개1성,0d77e1b5741ca9633e8a9739f4a153545133251b15f2faf3f68acf93492ddfc1
캐시 장신구,점눈안대,0d77e1b5741ca9633e8a9739f4a153545133251b15f2faf3f68acf93492ddfc1
무기,용마제십검,9b11f4fa64c2661dede328082a45be22fa95aa9463f0f985b2a02fddc8e9948b
갑옷,패자황금갑주,9b11f4fa64c2661dede328082a45be22fa95aa9463f0f985b2a02fddc8e9948b
방패/보조무기,고대마령의단검6성,9b11f4fa64c2661dede328082a45be22fa95aa9463f0f985b2a02fddc8e9948b
투구,고대마령투구10성,9b11f4fa64c2661dede328082a45be22fa95aa9463f0f985b2a02fddc8e9948b
왼손,용발톱흑광노리개9성,9b11f4fa64c2661dede328082a45be22fa95aa9463f0f985b2a02fddc8e9948b
오른손,용발톱흑광노리개9성,9b11f4fa64c2661dede328082a45be22fa95aa9463f0f985b2a02fddc8e9948b
보조1,마령의노리개'흑6성,9b11f4fa64c2661dede328082a45be22fa95aa9463f0f985b2a02fddc8e9948b
보조2,마사의귀목,9b11f4fa64c2661dede328082a45be22fa95aa9463f0f985b2a02fddc8e9948b
얼굴장식,고대마령의암막6성,9b11f4fa64c2661dede328082a45be22fa95aa9463f0f985b2a02fddc8e9948b
캐시 투구,가을홀릭소년헤어No01,9b11f4fa64c2661dede328082a45be22fa95aa9463f0f985b2a02fddc8e9948b
망토,검마천의망토,9b11f4fa64c2661dede328082a45be22fa95aa9463f0f985b2a02fddc8e9948b
캐시 겉옷,멋진해골갑옷,9b11f4fa64c2661dede328082a45be22fa95aa9463f0f985b2a02fddc8e9948b
신발,사령웅의앞발,9b11f4fa64c2661dede328082a45be22fa95aa9463f0f985b2a02fddc8e9948b
목/어깨장식,고대마령의목걸이8성,9b11f4fa64c2661dede328082a45be22fa95aa9463f0f985b2a02fddc8e9948b
캐시 무기,행운의채굴곡괭이,9b11f4fa64c2661dede328082a45be22fa95aa9463f0f985b2a02fddc8e9948b
캐시 방패/보조무기,우쿨렐레No02,9b11f4fa64c2661dede328082a45be22fa95aa9463f0f985b2a02fddc8e9948b
캐시 얼굴장식,동화나라라운드안경No01,9b11f4fa64c2661dede328082a45be22fa95aa9463f0f985b2a02fddc8e9948b
캐시 망토,벚꽃장식No02,9b11f4fa64c2661dede328082a45be22fa95aa9463f0f985b2a02fddc8e9948b
캐시 신발,토끼발자국No02,9b11f4fa64c2661dede328082a45be22fa95aa9463f0f985b2a02fddc8e9948b
캐시 목/어깨장식,,9b11f4fa64c2661dede328082a45be22fa95aa9463f0f985b2a02fddc8e9948b
세트옷,도깨비탐,9b11f4fa64c2661dede328082a45be22fa95aa9463f0f985b2a02fddc8e9948b
캐시 세트옷,암흑의구미호분신,9b11f4fa64c2661dede328082a45be22fa95aa9463f0f985b2a02fddc8e9948b
장신구,자수원앙노리개1성,9b11f4fa64c2661dede328082a45be22fa95aa9463f0f985b2a02fddc8e9948b
캐시 장신구,바린족얼굴무늬No01,9b11f4fa64c2661dede328082a45be22fa95aa9463f0f985b2a02fddc8e9948b
무기,용마제십검,8539794a0d45cb494ae006e185475ceea9daa0725e7c0b1841718a5420a77202
갑옷,용마파천갑8성,8539794a0d45cb494ae006e185475ceea9daa0725e7c0b1841718a5420a77202
방패/보조무기,고대마령의단검6성,8539794a0d45cb494ae006e185475ceea9daa0725e7c0b1841718a5420a77202
투구,용아투구'마8성,8539794a0d45cb494ae006e185475ceea9daa0725e7c0b1841718a5420a77202
왼손,금린노리개6성,8539794a0d45cb494ae006e185475ceea9daa0725e7c0b1841718a5420a77202
오른손,용비늘흑광노리개9성,8539794a0d45cb494ae006e185475ceea9daa0725e7c0b1841718a5420a77202
보조1,마사의귀목,8539794a0d45cb494ae006e185475ceea9daa0725e7c0b1841718a5420a77202
보조2,마사의귀목,8539794a0d45cb494ae006e185475ceea9daa0725e7c0b1841718a5420a77202
얼굴장식,고대마령의암막8성,8539794a0d45cb494ae006e185475ceea9daa0725e7c0b1841718a5420a77202
캐시 투구,새내기볼캡,8539794a0d45cb494ae006e185475ceea9daa0725e7c0b1841718a5420a77202
망토,용성장견'마8성,8539794a0d45cb494ae006e185475ceea9daa0725e7c0b1841718a5420a77202
캐시 겉옷,토끼소년의상No02,8539794a0d45cb494ae006e185475ceea9daa0725e7c0b1841718a5420a77202
신발,고대마령의군화'흑8성,8539794a0d45cb494ae006e185475ceea9daa0725e7c0b1841718a5420a77202
목/어깨장식,진'흉수의인장,8539794a0d45cb494ae006e185475ceea9daa0725e7c0b1841718a5420a77202
캐시 무기,스포티화이트야구공,8539794a0d45cb494ae006e185475ceea9daa0725e7c0b1841718a5420a77202
캐시 방패/보조무기,,8539794a0d45cb494ae006e185475ceea9daa0725e7c0b1841718a5420a77202
캐시 얼굴장식,[30주년]넥슨히어로하트,8539794a0d45cb494ae006e185475ceea9daa0725e7c0b1841718a5420a77202
캐시 망토,자체발광블링블링,8539794a0d45cb494ae006e185475ceea9daa0725e7c0b1841718a5420a77202
캐시 신발,토끼발자국No01,8539794a0d45cb494ae006e185475ceea9daa0725e7c0b1841718a5420a77202
캐시 목/어깨장식,딱콩삐쭉스카프No03,8539794a0d45cb494ae006e185475ceea9daa0725e7c0b1841718a5420a77202
세트옷,강철의탐,8539794a0d45cb494ae006e185475ceea9daa0725e7c0b1841718a5420a77202
캐시 세트옷,,8539794a0d45cb494ae006e185475ceea9daa0725e7c0b1841718a5420a77202
장신구,자수원앙노리개1성,8539794a0d45cb494ae006e185475ceea9daa0725e7c0b1841718a5420a77202
캐시 장신구,삐약소풍새침떼기,8539794a0d45cb494ae006e185475ceea9daa0725e7c0b1841718a5420a77202
무기,굽타강궁,7f71958330a7f9ba9a494f354b469191cf9edf72d2cfc20d9a1e29904442bc0e
갑옷,환웅의장삼'9성,7f71958330a7f9ba9a494f354b469191cf9edf72d2cfc20d9a1e29904442bc0e
방패/보조무기,고대마령의단검8성,7f71958330a7f9ba9a494f354b469191cf9edf72d2cfc20d9a1e29904442bc0e
투구,고대마령투구10성,7f71958330a7f9ba9a494f354b469191cf9edf72d2cfc20d9a1e29904442bc0e
왼손,환웅의팔찌'9성,7f71958330a7f9ba9a494f354b469191cf9edf72d2cfc20d9a1e29904442bc0e
오른손,검은불꽃일격반지5성,7f71958330a7f9ba9a494f354b469191cf9edf72d2cfc20d9a1e29904442bc0e
보조1,빛나는마사의귀목,7f71958330a7f9ba9a494f354b469191cf9edf72d2cfc20d9a1e29904442bc0e
보조2,마사의귀목,7f71958330a7f9ba9a494f354b469191cf9edf72d2cfc20d9a1e29904442bc0e
얼굴장식,조사장의가면,7f71958330a7f9ba9a494f354b469191cf9edf72d2cfc20d9a1e29904442bc0e
캐시 투구,[먹물]의문의복면No01,7f71958330a7f9ba9a494f354b469191cf9edf72d2cfc20d9a1e29904442bc0e
망토,무신귀갑주8성,7f71958330a7f9ba9a494f354b469191cf9edf72d2cfc20d9a1e29904442bc0e
캐시 겉옷,베이직블루군복,7f71958330a7f9ba9a494f354b469191cf9edf72d2cfc20d9a1e29904442bc0e
신발,고대마령의군화'흑8성,7f71958330a7f9ba9a494f354b469191cf9edf72d2cfc20d9a1e29904442bc0e
목/어깨장식,고대마령의목걸이8성,7f71958330a7f9ba9a494f354b469191cf9edf72d2cfc20d9a1e29904442bc0e
캐시 무기,SG-870.v2,7f71958330a7f9ba9a494f354b469191cf9edf72d2cfc20d9a1e29904442bc0e
캐시 방패/보조무기,,7f71958330a7f9ba9a494f354b469191cf9edf72d2cfc20d9a1e29904442bc0e
캐시 얼굴장식,악마안경,7f71958330a7f9ba9a494f354b469191cf9edf72d2cfc20d9a1e29904442bc0e
캐시 망토,,7f71958330a7f9ba9a494f354b469191cf9edf72d2cfc20d9a1e29904442bc0e
캐시 신발,토끼발자국No01,7f71958330a7f9ba9a494f354b469191cf9edf72d2cfc20d9a1e29904442bc0e
캐시 목/어깨장식,요정하양목도리,7f71958330a7f9ba9a494f354b469191cf9edf72d2cfc20d9a1e29904442bc0e
세트옷,[괴수의상]아이라바타1성,7f71958330a7f9ba9a494f354b469191cf9edf72d2cfc20d9a1e29904442bc0e
캐시 세트옷,[구]망또No05,7f71958330a7f9ba9a494f354b469191cf9edf72d2cfc20d9a1e29904442bc0e
장신구,붉은토끼풀노리개2성,7f71958330a7f9ba9a494f354b469191cf9edf72d2cfc20d9a1e29904442bc0e
캐시 장신구,한밤꿈요정목걸이,7f71958330a7f9ba9a494f354b469191cf9edf72d2cfc20d9a1e29904442bc0e
무기,용천제십검,dd0ec5491b10bae7effcf3af06e27ccd09136a7c8dc2ff6d6886b20b5189de3d
갑옷,용천파천갑8성,dd0ec5491b10bae7effcf3af06e27ccd09136a7c8dc2ff6d6886b20b5189de3d
방패/보조무기,고대마령의단검8성,dd0ec5491b10bae7effcf3af06e27ccd09136a7c8dc2ff6d6886b20b5189de3d
투구,용아투구'천8성,dd0ec5491b10bae7effcf3af06e27ccd09136a7c8dc2ff6d6886b20b5189de3d
왼손,패자황금팔찌,dd0ec5491b10bae7effcf3af06e27ccd09136a7c8dc2ff6d6886b20b5189de3d
오른손,패자황금팔찌,dd0ec5491b10bae7effcf3af06e27ccd09136a7c8dc2ff6d6886b20b5189de3d
보조1,마령의노리개'흑10성,dd0ec5491b10bae7effcf3af06e27ccd09136a7c8dc2ff6d6886b20b5189de3d
보조2,마사의귀목,dd0ec5491b10bae7effcf3af06e27ccd09136a7c8dc2ff6d6886b20b5189de3d
얼굴장식,시바의시선,dd0ec5491b10bae7effcf3af06e27ccd09136a7c8dc2ff6d6886b20b5189de3d
캐시 투구,,dd0ec5491b10bae7effcf3af06e27ccd09136a7c8dc2ff6d6886b20b5189de3d
망토,용성장견'천8성,dd0ec5491b10bae7effcf3af06e27ccd09136a7c8dc2ff6d6886b20b5189de3d
캐시 겉옷,바람정장,dd0ec5491b10bae7effcf3af06e27ccd09136a7c8dc2ff6d6886b20b5189de3d
신발,낡은사령웅의앞발,dd0ec5491b10bae7effcf3af06e27ccd09136a7c8dc2ff6d6886b20b5189de3d
목/어깨장식,고대마령의목걸이8성,dd0ec5491b10bae7effcf3af06e27ccd09136a7c8dc2ff6d6886b20b5189de3d
캐시 무기,보존된야월도,dd0ec5491b10bae7effcf3af06e27ccd09136a7c8dc2ff6d6886b20b5189de3d
캐시 방패/보조무기,웨딩비둘기,dd0ec5491b10bae7effcf3af06e27ccd09136a7c8dc2ff6d6886b20b5189de3d
캐시 얼굴장식,,dd0ec5491b10bae7effcf3af06e27ccd09136a7c8dc2ff6d6886b20b5189de3d
캐시 망토,할로윈악마날개No01,dd0ec5491b10bae7effcf3af06e27ccd09136a7c8dc2ff6d6886b20b5189de3d
캐시 신발,흩뿌려진꽃잎No01,dd0ec5491b10bae7effcf3af06e27ccd09136a7c8dc2ff6d6886b20b5189de3d
캐시 목/어깨장식,바닷바람따뜻한하트,dd0ec5491b10bae7effcf3af06e27ccd09136a7c8dc2ff6d6886b20b5189de3d
세트옷,[괴수의상]아이라바타1성,dd0ec5491b10bae7effcf3af06e27ccd09136a7c8dc2ff6d6886b20b5189de3d
캐시 세트옷,,dd0ec5491b10bae7effcf3af06e27ccd09136a7c8dc2ff6d6886b20b5189de3d
장신구,봉황삼작금노리개1성,dd0ec5491b10bae7effcf3af06e27ccd09136a7c8dc2ff6d6886b20b5189de3d
캐시 장신구,초코델리귀걸이,dd0ec5491b10bae7effcf3af06e27ccd09136a7c8dc2ff6d6886b20b5189de3d
무기,용천제십검,d0e96aaba17353a495de3b1d39df8f1af3903ca952c4d7f2c6f0fac1e60c9513
갑옷,패자황금갑주,d0e96aaba17353a495de3b1d39df8f1af3903ca952c4d7f2c6f0fac1e60c9513
방패/보조무기,고대마령의단검8성,d0e96aaba17353a495de3b1d39df8f1af3903ca952c4d7f2c6f0fac1e60c9513
투구,환웅의투구'9성,d0e96aaba17353a495de3b1d39df8f1af3903ca952c4d7f2c6f0fac1e60c9513
왼손,패자황금팔찌,d0e96aaba17353a495de3b1d39df8f1af3903ca952c4d7f2c6f0fac1e60c9513
오른손,패자황금팔찌,d0e96aaba17353a495de3b1d39df8f1af3903ca952c4d7f2c6f0fac1e60c9513
보조1,마사의귀목,d0e96aaba17353a495de3b1d39df8f1af3903ca952c4d7f2c6f0fac1e60c9513
보조2,마사의귀목,d0e96aaba17353a495de3b1d39df8f1af3903ca952c4d7f2c6f0fac1e60c9513
얼굴장식,조사장의가면,d0e96aaba17353a495de3b1d39df8f1af3903ca952c4d7f2c6f0fac1e60c9513
캐시 투구,스타별장식,d0e96aaba17353a495de3b1d39df8f1af3903ca952c4d7f2c6f0fac1e60c9513
망토,패마황의망토,d0e96aaba17353a495de3b1d39df8f1af3903ca952c4d7f2c6f0fac1e60c9513
캐시 겉옷,대양의선원복(여),d0e96aaba17353a495de3b1d39df8f1af3903ca952c4d7f2c6f0fac1e60c9513
신발,바루나의천수,d0e96aaba17353a495de3b1d39df8f1af3903ca952c4d7f2c6f0fac1e60c9513
목/어깨장식,단조의심단,d0e96aaba17353a495de3b1d39df8f1af3903ca952c4d7f2c6f0fac1e60c9513
캐시 무기,,d0e96aaba17353a495de3b1d39df8f1af3903ca952c4d7f2c6f0fac1e60c9513
캐시 방패/보조무기,웨딩비둘기,d0e96aaba17353a495de3b1d39df8f1af3903ca952c4d7f2c6f0fac1e60c9513
캐시 얼굴장식,,d0e96aaba17353a495de3b1d39df8f1af3903ca952c4d7f2c6f0fac1e60c9513
캐시 망토,벚꽃장식No02,d0e96aaba17353a495de3b1d39df8f1af3903ca952c4d7f2c6f0fac1e60c9513
캐시 신발,토끼발자국No01,d0e96aaba17353a495de3b1d39df8f1af3903ca952c4d7f2c6f0fac1e60c9513
캐시 목/어깨장식,,d0e96aaba17353a495de3b1d39df8f1af3903ca952c4d7f2c6f0fac1e60c9513
세트옷,[괴수의상]아그니2성,d0e96aaba17353a495de3b1d39df8f1af3903ca952c4d7f2c6f0fac1e60c9513
캐시 세트옷,바람미니미궁사,d0e96aaba17353a495de3b1d39df8f1af3903ca952c4d7f2c6f0fac1e60c9513
장신구,자수원앙노리개1성,d0e96aaba17353a495de3b1d39df8f1af3903ca952c4d7f2c6f0fac1e60c9513
캐시 장신구,대양의선원모자(여),d0e96aaba17353a495de3b1d39df8f1af3903ca952c4d7f2c6f0fac1e60c9513
무기,용천제십검,c2c8365e6b9a91413dbb8d253b469ca9d3924419b2036ed235c39e5a30c38abc
갑옷,패자황금갑주,c2c8365e6b9a91413dbb8d253b469ca9d3924419b2036ed235c39e5a30c38abc
방패/보조무기,고대마령의단검8성,c2c8365e6b9a91413dbb8d253b469ca9d3924419b2036ed235c39e5a30c38abc
투구,고대마령투구10성,c2c8365e6b9a91413dbb8d253b469ca9d3924419b2036ed235c39e5a30c38abc
왼손,패자황금팔찌,c2c8365e6b9a91413dbb8d253b469ca9d3924419b2036ed235c39e5a30c38abc
오른손,패자황금팔찌,c2c8365e6b9a91413dbb8d253b469ca9d3924419b2036ed235c39e5a30c38abc
보조1,마사의귀목,c2c8365e6b9a91413dbb8d253b469ca9d3924419b2036ed235c39e5a30c38abc
보조2,마사의귀목,c2c8365e6b9a91413dbb8d253b469ca9d3924419b2036ed235c39e5a30c38abc
얼굴장식,조사장의가면,c2c8365e6b9a91413dbb8d253b469ca9d3924419b2036ed235c39e5a30c38abc
캐시 투구,고풍스런진주핀,c2c8365e6b9a91413dbb8d253b469ca9d3924419b2036ed235c39e5a30c38abc
망토,패마황의망토,c2c8365e6b9a91413dbb8d253b469ca9d3924419b2036ed235c39e5a30c38abc
캐시 겉옷,동글푹신토끼옷,c2c8365e6b9a91413dbb8d253b469ca9d3924419b2036ed235c39e5a30c38abc
신발,사령웅의앞발,c2c8365e6b9a91413dbb8d253b469ca9d3924419b2036ed235c39e5a30c38abc
목/어깨장식,단조의심단,c2c8365e6b9a91413dbb8d253b469ca9d3924419b2036ed235c39e5a30c38abc
캐시 무기,오래된채굴곡괭이,c2c8365e6b9a91413dbb8d253b469ca9d3924419b2036ed235c39e5a30c38abc
캐시 방패/보조무기,웨딩비둘기,c2c8365e6b9a91413dbb8d253b469ca9d3924419b2036ed235c39e5a30c38abc
캐시 얼굴장식,,c2c8365e6b9a91413dbb8d253b469ca9d3924419b2036ed235c39e5a30c38abc
캐시 망토,은하수꿈꾸는날개,c2c8365e6b9a91413dbb8d253b469ca9d3924419b2036ed235c39e5a30c38abc
캐시 신발,비치쪼리(남),c2c8365e6b9a91413dbb8d253b469ca9d3924419b2036ed235c39e5a30c38abc
캐시 목/어깨장식,,c2c8365e6b9a91413dbb8d253b469ca9d3924419b2036ed235c39e5a30c38abc
세트옷,[괴수의상]아그니5성,c2c8365e6b9a91413dbb8d253b469ca9d3924419b2036ed235c39e5a30c38abc
캐시 세트옷,[구]망또No02,c2c8365e6b9a91413dbb8d253b469ca9d3924419b2036ed235c39e5a30c38abc
장신구,붉은토끼풀노리개1성,c2c8365e6b9a91413dbb8d253b469ca9d3924419b2036ed235c39e5a30c38abc
캐시 장신구,새내기핑크볼터치,c2c8365e6b9a91413dbb8d253b469ca9d3924419b2036ed235c39e5a30c38abc
무기,용천제십검,63942461e24f8f21eb1c84cc10beab4ef577de2c8bdd0682cd8268cbe3f7f79f
갑옷,패자황금갑주,63942461e24f8f21eb1c84cc10beab4ef577de2c8bdd0682cd8268cbe3f7f79f
방패/보조무기,고대마령의단검7성,63942461e24f8f21eb1c84cc10beab4ef577de2c8bdd0682cd8268cbe3f7f79f
투구,태광천신금잠6성,63942461e24f8f21eb1c84cc10beab4ef577de2c8bdd0682cd8268cbe3f7f79f
왼손,[상급]봉래산반지,63942461e24f8f21eb1c84cc10beab4ef577de2c8bdd0682cd8268cbe3f7f79f
오른손,[상급]봉래산반지,63942461e24f8f21eb1c84cc10beab4ef577de2c8bdd0682cd8268cbe3f7f79f
보조1,마사의귀목,63942461e24f8f21eb1c84cc10beab4ef577de2c8bdd0682cd8268cbe3f7f79f
보조2,마사의귀목,63942461e24f8f21eb1c84cc10beab4ef577de2c8bdd0682cd8268cbe3f7f79f
얼굴장식,조사장의가면,63942461e24f8f21eb1c84cc10beab4ef577de2c8bdd0682cd8268cbe3f7f79f
캐시 투구,겨울한교복도령모,63942461e24f8f21eb1c84cc10beab4ef577de2c8bdd0682cd8268cbe3f7f79f
망토,패마황의망토,63942461e24f8f21eb1c84cc10beab4ef577de2c8bdd0682cd8268cbe3f7f79f
캐시 겉옷,바람정장,63942461e24f8f21eb1c84cc10beab4ef577de2c8bdd0682cd8268cbe3f7f79f
신발,사령웅의앞발,63942461e24f8f21eb1c84cc10beab4ef577de2c8bdd0682cd8268cbe3f7f79f
목/어깨장식,단조의심단,63942461e24f8f21eb1c84cc10beab4ef577de2c8bdd0682cd8268cbe3f7f79f
캐시 무기,행운의채굴곡괭이,63942461e24f8f21eb1c84cc10beab4ef577de2c8bdd0682cd8268cbe3f7f79f
캐시 방패/보조무기,웨딩비둘기,63942461e24f8f21eb1c84cc10beab4ef577de2c8bdd0682cd8268cbe3f7f79f
캐시 얼굴장식,,63942461e24f8f21eb1c84cc10beab4ef577de2c8bdd0682cd8268cbe3f7f79f
캐시 망토,환계나비정령,63942461e24f8f21eb1c84cc10beab4ef577de2c8bdd0682cd8268cbe3f7f79f
캐시 신발,,63942461e24f8f21eb1c84cc10beab4ef577de2c8bdd0682cd8268cbe3f7f79f
캐시 목/어깨장식,웨딩부토니에,63942461e24f8f21eb1c84cc10beab4ef577de2c8bdd0682cd8268cbe3f7f79f
세트옷,[괴수의상]아이라바타2성,63942461e24f8f21eb1c84cc10beab4ef577de2c8bdd0682cd8268cbe3f7f79f
캐시 세트옷,,63942461e24f8f21eb1c84cc10beab4ef577de2c8bdd0682cd8268cbe3f7f79f
장신구,붉은토끼풀노리개1성,63942461e24f8f21eb1c84cc10beab4ef577de2c8bdd0682cd8268cbe3f7f79f
캐시 장신구,꽃도령냥냥귀,63942461e24f8f21eb1c84cc10beab4ef577de2c8bdd0682cd8268cbe3f7f79f
무기,용천제십검,83e06f0eb5ae83f07f55c1463dba92a62c80a75b10a900bae7267f7b22c88765
갑옷,패자황금연갑,83e06f0eb5ae83f07f55c1463dba92a62c80a75b10a900bae7267f7b22c88765
방패/보조무기,고대마령의단검6성,83e06f0eb5ae83f07f55c1463dba92a62c80a75b10a900bae7267f7b22c88765
투구,고대마령모자10성,83e06f0eb5ae83f07f55c1463dba92a62c80a75b10a900bae7267f7b22c88765
왼손,용발톱흑광노리개10성,83e06f0eb5ae83f07f55c1463dba92a62c80a75b10a900bae7267f7b22c88765
오른손,[상급]봉래산반지,83e06f0eb5ae83f07f55c1463dba92a62c80a75b10a900bae7267f7b22c88765
보조1,마사의귀목,83e06f0eb5ae83f07f55c1463dba92a62c80a75b10a900bae7267f7b22c88765
보조2,빛나는마사의귀목,83e06f0eb5ae83f07f55c1463dba92a62c80a75b10a900bae7267f7b22c88765
얼굴장식,조사장의가면,83e06f0eb5ae83f07f55c1463dba92a62c80a75b10a900bae7267f7b22c88765
캐시 투구,[콩술사]고깔모자,83e06f0eb5ae83f07f55c1463dba92a62c80a75b10a900bae7267f7b22c88765
망토,무신귀갑주8성,83e06f0eb5ae83f07f55c1463dba92a62c80a75b10a900bae7267f7b22c88765
캐시 겉옷,딱콩점프슈트No01,83e06f0eb5ae83f07f55c1463dba92a62c80a75b10a900bae7267f7b22c88765
신발,사령웅의앞발,83e06f0eb5ae83f07f55c1463dba92a62c80a75b10a900bae7267f7b22c88765
목/어깨장식,고대마령의목걸이8성,83e06f0eb5ae83f07f55c1463dba92a62c80a75b10a900bae7267f7b22c88765
캐시 무기,순수여우구슬,83e06f0eb5ae83f07f55c1463dba92a62c80a75b10a900bae7267f7b22c88765
캐시 방패/보조무기,어흥깜찍가방,83e06f0eb5ae83f07f55c1463dba92a62c80a75b10a900bae7267f7b22c88765
캐시 얼굴장식,유니콘음악대반짝이,83e06f0eb5ae83f07f55c1463dba92a62c80a75b10a900bae7267f7b22c88765
캐시 망토,벚꽃장식No02,83e06f0eb5ae83f07f55c1463dba92a62c80a75b10a900bae7267f7b22c88765
캐시 신발,겨울반딧불,83e06f0eb5ae83f07f55c1463dba92a62c80a75b10a900bae7267f7b22c88765
캐시 목/어깨장식,곤충채집무당벌레,83e06f0eb5ae83f07f55c1463dba92a62c80a75b10a900bae7267f7b22c88765
세트옷,[괴수의상]아그니1성,83e06f0eb5ae83f07f55c1463dba92a62c80a75b10a900bae7267f7b22c88765
캐시 세트옷,,83e06f0eb5ae83f07f55c1463dba92a62c80a75b10a900bae7267f7b22c88765
장신구,자수원앙노리개2성,83e06f0eb5ae83f07f55c1463dba92a62c80a75b10a900bae7267f7b22c88765
캐시 장신구,새내기핑크볼터치,83e06f0eb5ae83f07f55c1463dba92a62c80a75b10a900bae7267f7b22c88765
무기,협가검8성,e7d38255f099cbf44fa26090a5619c05a11b78a5d9673c3b41f95c158caab67e
갑옷,환웅의장삼'8성,e7d38255f099cbf44fa26090a5619c05a11b78a5d9673c3b41f95c158caab67e
방패/보조무기,고대마령의단검6성,e7d38255f099cbf44fa26090a5619c05a11b78a5d9673c3b41f95c158caab67e
투구,태광천신금잠7성,e7d38255f099cbf44fa26090a5619c05a11b78a5d9673c3b41f95c158caab67e
왼손,고대마령의장갑'월9성,e7d38255f099cbf44fa26090a5619c05a11b78a5d9673c3b41f95c158caab67e
오른손,용비늘흑광노리개10성,e7d38255f099cbf44fa26090a5619c05a11b78a5d9673c3b41f95c158caab67e
보조1,찬란한아그니의적영,e7d38255f099cbf44fa26090a5619c05a11b78a5d9673c3b41f95c158caab67e
보조2,마사의귀목,e7d38255f099cbf44fa26090a5619c05a11b78a5d9673c3b41f95c158caab67e
얼굴장식,시바의시선,e7d38255f099cbf44fa26090a5619c05a11b78a5d9673c3b41f95c158caab67e
캐시 투구,한가위토깽의귀(홍),e7d38255f099cbf44fa26090a5619c05a11b78a5d9673c3b41f95c158caab67e
망토,패마황의망토,e7d38255f099cbf44fa26090a5619c05a11b78a5d9673c3b41f95c158caab67e
캐시 겉옷,성탄요정의상(남),e7d38255f099cbf44fa26090a5619c05a11b78a5d9673c3b41f95c158caab67e
신발,사령웅의앞발,e7d38255f099cbf44fa26090a5619c05a11b78a5d9673c3b41f95c158caab67e
목/어깨장식,고대마령의목걸이7성,e7d38255f099cbf44fa26090a5619c05a11b78a5d9673c3b41f95c158caab67e
캐시 무기,오래된채굴곡괭이,e7d38255f099cbf44fa26090a5619c05a11b78a5d9673c3b41f95c158caab67e
캐시 방패/보조무기,,e7d38255f099cbf44fa26090a5619c05a11b78a5d9673c3b41f95c158caab67e
캐시 얼굴장식,,e7d38255f099cbf44fa26090a5619c05a11b78a5d9673c3b41f95c158caab67e
캐시 망토,설풍경,e7d38255f099cbf44fa26090a5619c05a11b78a5d9673c3b41f95c158caab67e
캐시 신발,꽃받침,e7d38255f099cbf44fa26090a5619c05a11b78a5d9673c3b41f95c158caab67e
캐시 목/어깨장식,포근목후드'금,e7d38255f099cbf44fa26090a5619c05a11b78a5d9673c3b41f95c158caab67e
세트옷,[괴수의상]아이라바타1성,e7d38255f099cbf44fa26090a5619c05a11b78a5d9673c3b41f95c158caab67e
캐시 세트옷,[구]웨딩드레스No02,e7d38255f099cbf44fa26090a5619c05a11b78a5d9673c3b41f95c158caab67e
장신구,파란나비노리개2성,e7d38255f099cbf44fa26090a5619c05a11b78a5d9673c3b41f95c158caab67e
캐시 장신구,고고한선비안경,e7d38255f099cbf44fa26090a5619c05a11b78a5d9673c3b41f95c158caab67e
무기,용천제십검,bfeb49bb50e5c72efa5f019ba00a876a28590c0d61512ca9fb28dc8d192920c7
갑옷,패자황금갑주,bfeb49bb50e5c72efa5f019ba00a876a28590c0d61512ca9fb28dc8d192920c7
방패/보조무기,무신귀면방7성,bfeb49bb50e5c72efa5f019ba00a876a28590c0d61512ca9fb28dc8d192920c7
투구,환웅의머릿깃'9성,bfeb49bb50e5c72efa5f019ba00a876a28590c0d61512ca9fb28dc8d192920c7
왼손,금린노리개6성,bfeb49bb50e5c72efa5f019ba00a876a28590c0d61512ca9fb28dc8d192920c7
오른손,패자황금팔찌,bfeb49bb50e5c72efa5f019ba00a876a28590c0d61512ca9fb28dc8d192920c7
보조1,마사의귀목,bfeb49bb50e5c72efa5f019ba00a876a28590c0d61512ca9fb28dc8d192920c7
보조2,마사의귀목,bfeb49bb50e5c72efa5f019ba00a876a28590c0d61512ca9fb28dc8d192920c7
얼굴장식,고대마령의표식8성,bfeb49bb50e5c72efa5f019ba00a876a28590c0d61512ca9fb28dc8d192920c7
캐시 투구,핑크코사지,bfeb49bb50e5c72efa5f019ba00a876a28590c0d61512ca9fb28dc8d192920c7
망토,금린화월6성,bfeb49bb50e5c72efa5f019ba00a876a28590c0d61512ca9fb28dc8d192920c7
캐시 겉옷,토끼소녀의상No02,bfeb49bb50e5c72efa5f019ba00a876a28590c0d61512ca9fb28dc8d192920c7
신발,고대마령의군화'월8성,bfeb49bb50e5c72efa5f019ba00a876a28590c0d61512ca9fb28dc8d192920c7
목/어깨장식,고대마령의목걸이8성,bfeb49bb50e5c72efa5f019ba00a876a28590c0d61512ca9fb28dc8d192920c7
캐시 무기,순수여우구슬,bfeb49bb50e5c72efa5f019ba00a876a28590c0d61512ca9fb28dc8d192920c7
캐시 방패/보조무기,애니멀펑크토끼친구,bfeb49bb50e5c72efa5f019ba00a876a28590c0d61512ca9fb28dc8d192920c7
캐시 얼굴장식,할로윈하트안대,bfeb49bb50e5c72efa5f019ba00a876a28590c0d61512ca9fb28dc8d192920c7
캐시 망토,[할로윈]꼬마유령No05,bfeb49bb50e5c72efa5f019ba00a876a28590c0d61512ca9fb28dc8d192920c7
캐시 신발,유성우,bfeb49bb50e5c72efa5f019ba00a876a28590c0d61512ca9fb28dc8d192920c7
캐시 목/어깨장식,바닷바람시원한하트,bfeb49bb50e5c72efa5f019ba00a876a28590c0d61512ca9fb28dc8d192920c7
세트옷,[괴수의상]아그니1성,bfeb49bb50e5c72efa5f019ba00a876a28590c0d61512ca9fb28dc8d192920c7
캐시 세트옷,,bfeb49bb50e5c72efa5f019ba00a876a28590c0d61512ca9fb28dc8d192920c7
장신구,파란나비노리개1성,bfeb49bb50e5c72efa5f019ba00a876a28590c0d61512ca9fb28dc8d192920c7
캐시 장신구,새내기핑크볼터치,bfeb49bb50e5c72efa5f019ba00a876a28590c0d61512ca9fb28dc8d192920c7
무기,맥가이보,ed62bbbe5c02905a362f19385323b485f4adf7c2a031c83569d02215f741b6ad
갑옷,주술갑옷,ed62bbbe5c02905a362f19385323b485f4adf7c2a031c83569d02215f741b6ad
,,ed62bbbe5c02905a362f19385323b485f4adf7c2a031c83569d02215f741b6ad
투구,연청투구,ed62bbbe5c02905a362f19385323b485f4adf7c2a031c83569d02215f741b6ad
왼손,[상급]봉래산반지,ed62bbbe5c02905a362f19385323b485f4adf7c2a031c83569d02215f741b6ad
오른손,바람청옥팔찌,ed62bbbe5c02905a362f19385323b485f4adf7c2a031c83569d02215f741b6ad
보조1,아그니의적영,ed62bbbe5c02905a362f19385323b485f4adf7c2a031c83569d02215f741b6ad
보조2,아그니의적영,ed62bbbe5c02905a362f19385323b485f4adf7c2a031c83569d02215f741b6ad
얼굴장식,시바의시선,ed62bbbe5c02905a362f19385323b485f4adf7c2a031c83569d02215f741b6ad
캐시 투구,새내기머리띠,ed62bbbe5c02905a362f19385323b485f4adf7c2a031c83569d02215f741b6ad
망토,용성장견'천8성,ed62bbbe5c02905a362f19385323b485f4adf7c2a031c83569d02215f741b6ad
캐시 겉옷,대양의선원복(여),ed62bbbe5c02905a362f19385323b485f4adf7c2a031c83569d02215f741b6ad
신발,사령웅의앞발,ed62bbbe5c02905a362f19385323b485f4adf7c2a031c83569d02215f741b6ad
목/어깨장식,고대마령의목걸이8성,ed62bbbe5c02905a362f19385323b485f4adf7c2a031c83569d02215f741b6ad
캐시 무기,칼바람의영혼,ed62bbbe5c02905a362f19385323b485f4adf7c2a031c83569d02215f741b6ad
캐시 방패/보조무기,웨딩비둘기,ed62bbbe5c02905a362f19385323b485f4adf7c2a031c83569d02215f741b6ad
캐시 얼굴장식,유니콘음악대반짝이,ed62bbbe5c02905a362f19385323b485f4adf7c2a031c83569d02215f741b6ad
캐시 망토,벚꽃장식No02,ed62bbbe5c02905a362f19385323b485f4adf7c2a031c83569d02215f741b6ad
캐시 신발,새내기SNS필터,ed62bbbe5c02905a362f19385323b485f4adf7c2a031c83569d02215f741b6ad
캐시 목/어깨장식,웨딩목걸이,ed62bbbe5c02905a362f19385323b485f4adf7c2a031c83569d02215f741b6ad
세트옷,[괴수의상]아이라바타1성,ed62bbbe5c02905a362f19385323b485f4adf7c2a031c83569d02215f741b6ad
,,ed62bbbe5c02905a362f19385323b485f4adf7c2a031c83569d02215f741b6ad
장신구,붉은토끼풀노리개2성,ed62bbbe5c02905a362f19385323b485f4adf7c2a031c83569d02215f741b6ad
캐시 장신구,새내기핑크볼터치,ed62bbbe5c02905a362f19385323b485f4adf7c2a031c83569d02215f741b6ad
무기,고대마령의적혈도6성,8539794a0d45cb494ae006e185475cee6a1d1aeba26edd7d8aa67a7bff33580e
갑옷,현무불괴갑,8539794a0d45cb494ae006e185475cee6a1d1aeba26edd7d8aa67a7bff33580e
방패/보조무기,고대마령의단검6성,8539794a0d45cb494ae006e185475cee6a1d1aeba26edd7d8aa67a7bff33580e
투구,태광천신금잠7성,8539794a0d45cb494ae006e185475cee6a1d1aeba26edd7d8aa67a7bff33580e
왼손,금린노리개6성,8539794a0d45cb494ae006e185475cee6a1d1aeba26edd7d8aa67a7bff33580e
오른손,금린노리개6성,8539794a0d45cb494ae006e185475cee6a1d1aeba26edd7d8aa67a7bff33580e
보조1,마사의귀목,8539794a0d45cb494ae006e185475cee6a1d1aeba26edd7d8aa67a7bff33580e
보조2,빛나는마사의귀목,8539794a0d45cb494ae006e185475cee6a1d1aeba26edd7d8aa67a7bff33580e
얼굴장식,고대마령의암막8성,8539794a0d45cb494ae006e185475cee6a1d1aeba26edd7d8aa67a7bff33580e
캐시 투구,가을홀릭소년헤어No02,8539794a0d45cb494ae006e185475cee6a1d1aeba26edd7d8aa67a7bff33580e
망토,무신귀갑주8성,8539794a0d45cb494ae006e185475cee6a1d1aeba26edd7d8aa67a7bff33580e
캐시 겉옷,뽀짝피그남자의상No02,8539794a0d45cb494ae006e185475cee6a1d1aeba26edd7d8aa67a7bff33580e
신발,사령웅의앞발,8539794a0d45cb494ae006e185475cee6a1d1aeba26edd7d8aa67a7bff33580e
목/어깨장식,고대마령의목걸이8성,8539794a0d45cb494ae006e185475cee6a1d1aeba26edd7d8aa67a7bff33580e
캐시 무기,핑크디저트우산,8539794a0d45cb494ae006e185475cee6a1d1aeba26edd7d8aa67a7bff33580e
캐시 방패/보조무기,베베곰인형,8539794a0d45cb494ae006e185475cee6a1d1aeba26edd7d8aa67a7bff33580e
캐시 얼굴장식,,8539794a0d45cb494ae006e185475cee6a1d1aeba26edd7d8aa67a7bff33580e
캐시 망토,벚꽃장식No02,8539794a0d45cb494ae006e185475cee6a1d1aeba26edd7d8aa67a7bff33580e
캐시 신발,흩뿌려진꽃잎No02,8539794a0d45cb494ae006e185475cee6a1d1aeba26edd7d8aa67a7bff33580e
캐시 목/어깨장식,,8539794a0d45cb494ae006e185475cee6a1d1aeba26edd7d8aa67a7bff33580e
세트옷,도깨비탐,8539794a0d45cb494ae006e185475cee6a1d1aeba26edd7d8aa67a7bff33580e
캐시 세트옷,[구]웨딩드레스No02,8539794a0d45cb494ae006e185475cee6a1d1aeba26edd7d8aa67a7bff33580e
장신구,붉은토끼풀노리개1성,8539794a0d45cb494ae006e185475cee6a1d1aeba26edd7d8aa67a7bff33580e
캐시 장신구,양양귀No01,8539794a0d45cb494ae006e185475cee6a1d1aeba26edd7d8aa67a7bff33580e
무기,불멸용랑봉'2강,3cc4677ba0d25b4733f50f4487ab9db5b906646a9983b188b4170c096927bcc1
갑옷,패자황금갑주,3cc4677ba0d25b4733f50f4487ab9db5b906646a9983b188b4170c096927bcc1
방패/보조무기,,3cc4677ba0d25b4733f50f4487ab9db5b906646a9983b188b4170c096927bcc1
투구,패자황금투구,3cc4677ba0d25b4733f50f4487ab9db5b906646a9983b188b4170c096927bcc1
왼손,패자황금반지,3cc4677ba0d25b4733f50f4487ab9db5b906646a9983b188b4170c096927bcc1
오른손,패자황금반지,3cc4677ba0d25b4733f50f4487ab9db5b906646a9983b188b4170c096927bcc1
보조1,투명구두,3cc4677ba0d25b4733f50f4487ab9db5b906646a9983b188b4170c096927bcc1
보조2,빛나는마사의귀목,3cc4677ba0d25b4733f50f4487ab9db5b906646a9983b188b4170c096927bcc1
얼굴장식,고대마령의암막8성,3cc4677ba0d25b4733f50f4487ab9db5b906646a9983b188b4170c096927bcc1
캐시 투구,황금가마솥토끼귀,3cc4677ba0d25b4733f50f4487ab9db5b906646a9983b188b4170c096927bcc1
망토,무신귀갑주10성,3cc4677ba0d25b4733f50f4487ab9db5b906646a9983b188b4170c096927bcc1
캐시 겉옷,양치기소녀의상No01,3cc4677ba0d25b4733f50f4487ab9db5b906646a9983b188b4170c096927bcc1
신발,고대마령의군화'흑8성,3cc4677ba0d25b4733f50f4487ab9db5b906646a9983b188b4170c096927bcc1
목/어깨장식,고대마령의목걸이9성,3cc4677ba0d25b4733f50f4487ab9db5b906646a9983b188b4170c096927bcc1
캐시 무기,[심야]행운의채굴곡괭이,3cc4677ba0d25b4733f50f4487ab9db5b906646a9983b188b4170c096927bcc1
캐시 방패/보조무기,,3cc4677ba0d25b4733f50f4487ab9db5b906646a9983b188b4170c096927bcc1
캐시 얼굴장식,악마안경,3cc4677ba0d25b4733f50f4487ab9db5b906646a9983b188b4170c096927bcc1
캐시 망토,환계날개옷,3cc4677ba0d25b4733f50f4487ab9db5b906646a9983b188b4170c096927bcc1
캐시 신발,한가위토깽의달,3cc4677ba0d25b4733f50f4487ab9db5b906646a9983b188b4170c096927bcc1
캐시 목/어깨장식,양털케이프No01,3cc4677ba0d25b4733f50f4487ab9db5b906646a9983b188b4170c096927bcc1
세트옷,[괴수의상]아이라바타4성,3cc4677ba0d25b4733f50f4487ab9db5b906646a9983b188b4170c096927bcc1
캐시 세트옷,[구]망또No05,3cc4677ba0d25b4733f50f4487ab9db5b906646a9983b188b4170c096927bcc1
장신구,붉은토끼풀노리개2성,3cc4677ba0d25b4733f50f4487ab9db5b906646a9983b188b4170c096927bcc1
캐시 장신구,바린족얼굴무늬No01,3cc4677ba0d25b4733f50f4487ab9db5b906646a9983b188b4170c096927bcc1
무기,불멸용랑봉'3강,8539794a0d45cb494ae006e185475cee35dacb1bd07330e1aafd08d74967b71e
갑옷,패자황금갑주,8539794a0d45cb494ae006e185475cee35dacb1bd07330e1aafd08d74967b71e
방패/보조무기,,8539794a0d45cb494ae006e185475cee35dacb1bd07330e1aafd08d74967b71e
투구,패자황금투구,8539794a0d45cb494ae006e185475cee35dacb1bd07330e1aafd08d74967b71e
왼손,패자황금반지,8539794a0d45cb494ae006e185475cee35dacb1bd07330e1aafd08d74967b71e
오른손,패자황금반지,8539794a0d45cb494ae006e185475cee35dacb1bd07330e1aafd08d74967b71e
보조1,투명구두,8539794a0d45cb494ae006e185475cee35dacb1bd07330e1aafd08d74967b71e
보조2,마사의귀목,8539794a0d45cb494ae006e185475cee35dacb1bd07330e1aafd08d74967b71e
얼굴장식,빛나는조사장의가면,8539794a0d45cb494ae006e185475cee35dacb1bd07330e1aafd08d74967b71e
캐시 투구,몽환열차정복모자,8539794a0d45cb494ae006e185475cee35dacb1bd07330e1aafd08d74967b71e
망토,무신귀갑주10성,8539794a0d45cb494ae006e185475cee35dacb1bd07330e1aafd08d74967b71e
캐시 겉옷,몽환열차기관사복(남),8539794a0d45cb494ae006e185475cee35dacb1bd07330e1aafd08d74967b71e
신발,고대마령의군화'흑8성,8539794a0d45cb494ae006e185475cee35dacb1bd07330e1aafd08d74967b71e
목/어깨장식,고대마령의목걸이8성,8539794a0d45cb494ae006e185475cee35dacb1bd07330e1aafd08d74967b71e
캐시 무기,몽환열차모래시계,8539794a0d45cb494ae006e185475cee35dacb1bd07330e1aafd08d74967b71e
캐시 방패/보조무기,몽환열차꿈꾸는양,8539794a0d45cb494ae006e185475cee35dacb1bd07330e1aafd08d74967b71e
캐시 얼굴장식,눈장식:칼라렌즈(악마),8539794a0d45cb494ae006e185475cee35dacb1bd07330e1aafd08d74967b71e
캐시 망토,몽환열차꿈결시계,8539794a0d45cb494ae006e185475cee35dacb1bd07330e1aafd08d74967b71e
캐시 신발,잔혹천사스컬하트,8539794a0d45cb494ae006e185475cee35dacb1bd07330e1aafd08d74967b71e
캐시 목/어깨장식,,8539794a0d45cb494ae006e185475cee35dacb1bd07330e1aafd08d74967b71e
세트옷,[괴수의상]아이라바타2성,8539794a0d45cb494ae006e185475cee35dacb1bd07330e1aafd08d74967b71e
캐시 세트옷,[구]망또No02,8539794a0d45cb494ae006e185475cee35dacb1bd07330e1aafd08d74967b71e
장신구,자수원앙노리개1성,8539794a0d45cb494ae006e185475cee35dacb1bd07330e1aafd08d74967b71e
캐시 장신구,몽환열차회중시계,8539794a0d45cb494ae006e185475cee35dacb1bd07330e1aafd08d74967b71e
무기,용랑제십봉,8539794a0d45cb494ae006e185475cee0df96e86035f2b1985a57da79b15394a
갑옷,태염무신장갑9성,8539794a0d45cb494ae006e185475cee0df96e86035f2b1985a57da79b15394a
방패/보조무기,,8539794a0d45cb494ae006e185475cee0df96e86035f2b1985a57da79b15394a
투구,태광천신금잠7성,8539794a0d45cb494ae006e185475cee0df96e86035f2b1985a57da79b15394a
왼손,태광노리개7성,8539794a0d45cb494ae006e185475cee0df96e86035f2b1985a57da79b15394a
오른손,태광노리개8성,8539794a0d45cb494ae006e185475cee0df96e86035f2b1985a57da79b15394a
보조1,마령의노리개'흑8성,8539794a0d45cb494ae006e185475cee0df96e86035f2b1985a57da79b15394a
보조2,마사의귀목,8539794a0d45cb494ae006e185475cee0df96e86035f2b1985a57da79b15394a
얼굴장식,시바의시선,8539794a0d45cb494ae006e185475cee0df96e86035f2b1985a57da79b15394a
캐시 투구,포립No01,8539794a0d45cb494ae006e185475cee0df96e86035f2b1985a57da79b15394a
망토,무신귀갑주7성,8539794a0d45cb494ae006e185475cee0df96e86035f2b1985a57da79b15394a
캐시 겉옷,초코델리소년의상No02,8539794a0d45cb494ae006e185475cee0df96e86035f2b1985a57da79b15394a
신발,바루나의천수,8539794a0d45cb494ae006e185475cee0df96e86035f2b1985a57da79b15394a
목/어깨장식,진'흉수의인장,8539794a0d45cb494ae006e185475cee0df96e86035f2b1985a57da79b15394a
캐시 무기,,8539794a0d45cb494ae006e185475cee0df96e86035f2b1985a57da79b15394a
캐시 방패/보조무기,순정만화책,8539794a0d45cb494ae006e185475cee0df96e86035f2b1985a57da79b15394a
캐시 얼굴장식,,8539794a0d45cb494ae006e185475cee0df96e86035f2b1985a57da79b15394a
캐시 망토,검은요정날개,8539794a0d45cb494ae006e185475cee0df96e86035f2b1985a57da79b15394a
캐시 신발,,8539794a0d45cb494ae006e185475cee0df96e86035f2b1985a57da79b15394a
캐시 목/어깨장식,추억의카메라,8539794a0d45cb494ae006e185475cee0df96e86035f2b1985a57da79b15394a
세트옷,[괴수의상]아이라바타1성,8539794a0d45cb494ae006e185475cee0df96e86035f2b1985a57da79b15394a
캐시 세트옷,고대호랑신수의상,8539794a0d45cb494ae006e185475cee0df96e86035f2b1985a57da79b15394a
장신구,파란나비노리개1성,8539794a0d45cb494ae006e185475cee0df96e86035f2b1985a57da79b15394a
캐시 장신구,노랑우비,8539794a0d45cb494ae006e185475cee0df96e86035f2b1985a57da79b15394a
무기,용랑제십봉,8539794a0d45cb494ae006e185475ceee116711dda58ef9af058b2360e2ae415
갑옷,패자황금갑주,8539794a0d45cb494ae006e185475ceee116711dda58ef9af058b2360e2ae415
방패/보조무기,,8539794a0d45cb494ae006e185475ceee116711dda58ef9af058b2360e2ae415
투구,태염무신금잠9성,8539794a0d45cb494ae006e185475ceee116711dda58ef9af058b2360e2ae415
왼손,[상급]봉래산반지,8539794a0d45cb494ae006e185475ceee116711dda58ef9af058b2360e2ae415
오른손,[상급]봉래산반지,8539794a0d45cb494ae006e185475ceee116711dda58ef9af058b2360e2ae415
보조1,빛나는마사의귀목,8539794a0d45cb494ae006e185475ceee116711dda58ef9af058b2360e2ae415
보조2,마사의귀목,8539794a0d45cb494ae006e185475ceee116711dda58ef9af058b2360e2ae415
얼굴장식,빛나는조사장의가면,8539794a0d45cb494ae006e185475ceee116711dda58ef9af058b2360e2ae415
캐시 투구,새내기머리띠,8539794a0d45cb494ae006e185475ceee116711dda58ef9af058b2360e2ae415
망토,용성신부'랑8성,8539794a0d45cb494ae006e185475ceee116711dda58ef9af058b2360e2ae415
캐시 겉옷,중국비단옷(남),8539794a0d45cb494ae006e185475ceee116711dda58ef9af058b2360e2ae415
신발,고대마령의군화'흑8성,8539794a0d45cb494ae006e185475ceee116711dda58ef9af058b2360e2ae415
목/어깨장식,고대마령의목걸이8성,8539794a0d45cb494ae006e185475ceee116711dda58ef9af058b2360e2ae415
캐시 무기,,8539794a0d45cb494ae006e185475ceee116711dda58ef9af058b2360e2ae415
캐시 방패/보조무기,내가꽃이슬잎,8539794a0d45cb494ae006e185475ceee116711dda58ef9af058b2360e2ae415
캐시 얼굴장식,,8539794a0d45cb494ae006e185475ceee116711dda58ef9af058b2360e2ae415
캐시 망토,벚꽃장식No02,8539794a0d45cb494ae006e185475ceee116711dda58ef9af058b2360e2ae415
캐시 신발,흩뿌려진꽃잎No01,8539794a0d45cb494ae006e185475ceee116711dda58ef9af058b2360e2ae415
캐시 목/어깨장식,히피목걸이No03,8539794a0d45cb494ae006e185475ceee116711dda58ef9af058b2360e2ae415
세트옷,[괴수의상]아그니1성,8539794a0d45cb494ae006e185475ceee116711dda58ef9af058b2360e2ae415
캐시 세트옷,,8539794a0d45cb494ae006e185475ceee116711dda58ef9af058b2360e2ae415
장신구,붉은토끼풀노리개1성,8539794a0d45cb494ae006e185475ceee116711dda58ef9af058b2360e2ae415
캐시 장신구,금빛화랑귀걸이,8539794a0d45cb494ae006e185475ceee116711dda58ef9af058b2360e2ae415
무기,용랑제십봉,5b2359733bc77b14945c900be5dd74bbf30a494b4d7deed1568555225d4465ab
갑옷,패자황금갑주,5b2359733bc77b14945c900be5dd74bbf30a494b4d7deed1568555225d4465ab
방패/보조무기,,5b2359733bc77b14945c900be5dd74bbf30a494b4d7deed1568555225d4465ab
투구,고대마령투구10성,5b2359733bc77b14945c900be5dd74bbf30a494b4d7deed1568555225d4465ab
왼손,패자황금반지,5b2359733bc77b14945c900be5dd74bbf30a494b4d7deed1568555225d4465ab
오른손,패자황금반지,5b2359733bc77b14945c900be5dd74bbf30a494b4d7deed1568555225d4465ab
보조1,마령의노리개'흑10성,5b2359733bc77b14945c900be5dd74bbf30a494b4d7deed1568555225d4465ab
보조2,빛나는마사의귀목,5b2359733bc77b14945c900be5dd74bbf30a494b4d7deed1568555225d4465ab
얼굴장식,빛나는조사장의가면,5b2359733bc77b14945c900be5dd74bbf30a494b4d7deed1568555225d4465ab
캐시 투구,커플중절모자,5b2359733bc77b14945c900be5dd74bbf30a494b4d7deed1568555225d4465ab
망토,천마성의망토,5b2359733bc77b14945c900be5dd74bbf30a494b4d7deed1568555225d4465ab
캐시 겉옷,쿠킹의상No01남,5b2359733bc77b14945c900be5dd74bbf30a494b4d7deed1568555225d4465ab
신발,고대마령의군화'흑8성,5b2359733bc77b14945c900be5dd74bbf30a494b4d7deed1568555225d4465ab
목/어깨장식,고대마령의목걸이9성,5b2359733bc77b14945c900be5dd74bbf30a494b4d7deed1568555225d4465ab
캐시 무기,보존된야월도,5b2359733bc77b14945c900be5dd74bbf30a494b4d7deed1568555225d4465ab
캐시 방패/보조무기,웨딩비둘기,5b2359733bc77b14945c900be5dd74bbf30a494b4d7deed1568555225d4465ab
캐시 얼굴장식,유니콘음악대반짝이,5b2359733bc77b14945c900be5dd74bbf30a494b4d7deed1568555225d4465ab
캐시 망토,벚꽃장식No02,5b2359733bc77b14945c900be5dd74bbf30a494b4d7deed1568555225d4465ab
캐시 신발,무희방울,5b2359733bc77b14945c900be5dd74bbf30a494b4d7deed1568555225d4465ab
캐시 목/어깨장식,,5b2359733bc77b14945c900be5dd74bbf30a494b4d7deed1568555225d4465ab
세트옷,구미호분신,5b2359733bc77b14945c900be5dd74bbf30a494b4d7deed1568555225d4465ab
캐시 세트옷,바람미니미궁사,5b2359733bc77b14945c900be5dd74bbf30a494b4d7deed1568555225d4465ab
장신구,붉은토끼풀노리개1성,5b2359733bc77b14945c900be5dd74bbf30a494b4d7deed1568555225d4465ab
캐시 장신구,초코델리귀걸이,5b2359733bc77b14945c900be5dd74bbf30a494b4d7deed1568555225d4465ab
무기,용랑제십봉,959039f8b1b7f4a38abe54a293c4c544033c572904d19c382d0151afa1e59d12
갑옷,패자황금갑주,959039f8b1b7f4a38abe54a293c4c544033c572904d19c382d0151afa1e59d12
방패/보조무기,,959039f8b1b7f4a38abe54a293c4c544033c572904d19c382d0151afa1e59d12
투구,용아천관'랑8성,959039f8b1b7f4a38abe54a293c4c544033c572904d19c382d0151afa1e59d12
왼손,패자황금반지,959039f8b1b7f4a38abe54a293c4c544033c572904d19c382d0151afa1e59d12
오른손,패자황금반지,959039f8b1b7f4a38abe54a293c4c544033c572904d19c382d0151afa1e59d12
보조1,마령의노리개'흑7성,959039f8b1b7f4a38abe54a293c4c544033c572904d19c382d0151afa1e59d12
보조2,마사의귀목,959039f8b1b7f4a38abe54a293c4c544033c572904d19c382d0151afa1e59d12
얼굴장식,조사장의가면,959039f8b1b7f4a38abe54a293c4c544033c572904d19c382d0151afa1e59d12
캐시 투구,천상의심포니모자,959039f8b1b7f4a38abe54a293c4c544033c572904d19c382d0151afa1e59d12
망토,천마성의망토,959039f8b1b7f4a38abe54a293c4c544033c572904d19c382d0151afa1e59d12
캐시 겉옷,천상의심포니의상(여),959039f8b1b7f4a38abe54a293c4c544033c572904d19c382d0151afa1e59d12
신발,사령웅의앞발,959039f8b1b7f4a38abe54a293c4c544033c572904d19c382d0151afa1e59d12
목/어깨장식,단조의심단,959039f8b1b7f4a38abe54a293c4c544033c572904d19c382d0151afa1e59d12
캐시 무기,천상의심포니지휘봉,959039f8b1b7f4a38abe54a293c4c544033c572904d19c382d0151afa1e59d12
캐시 방패/보조무기,웨딩비둘기,959039f8b1b7f4a38abe54a293c4c544033c572904d19c382d0151afa1e59d12
캐시 얼굴장식,,959039f8b1b7f4a38abe54a293c4c544033c572904d19c382d0151afa1e59d12
캐시 망토,천상의심포니관현악쥐,959039f8b1b7f4a38abe54a293c4c544033c572904d19c382d0151afa1e59d12
캐시 신발,천상의심포니선율,959039f8b1b7f4a38abe54a293c4c544033c572904d19c382d0151afa1e59d12
캐시 목/어깨장식,사파이어하트목걸이,959039f8b1b7f4a38abe54a293c4c544033c572904d19c382d0151afa1e59d12
세트옷,[괴수의상]아그니1성,959039f8b1b7f4a38abe54a293c4c544033c572904d19c382d0151afa1e59d12
캐시 세트옷,[구]망또No02,959039f8b1b7f4a38abe54a293c4c544033c572904d19c382d0151afa1e59d12
장신구,붉은토끼풀노리개1성,959039f8b1b7f4a38abe54a293c4c544033c572904d19c382d0151afa1e59d12
캐시 장신구,천상의심포니타악쥐,959039f8b1b7f4a38abe54a293c4c544033c572904d19c382d0151afa1e59d12
무기,황염곤봉9성,91d95e44c61225dd881826abd66e404ebf233c14caef05126d9450b92f31a21d
갑옷,환웅의도포'9성,91d95e44c61225dd881826abd66e404ebf233c14caef05126d9450b92f31a21d
방패/보조무기,,91d95e44c61225dd881826abd66e404ebf233c14caef05126d9450b92f31a21d
투구,태광천신금잠8성,91d95e44c61225dd881826abd66e404ebf233c14caef05126d9450b92f31a21d
왼손,태광노리개9성,91d95e44c61225dd881826abd66e404ebf233c14caef05126d9450b92f31a21d
오른손,금린반지6성,91d95e44c61225dd881826abd66e404ebf233c14caef05126d9450b92f31a21d
보조1,마령의노리개'흑6성,91d95e44c61225dd881826abd66e404ebf233c14caef05126d9450b92f31a21d
보조2,빛나는마사의귀목,91d95e44c61225dd881826abd66e404ebf233c14caef05126d9450b92f31a21d
얼굴장식,조사장의가면,91d95e44c61225dd881826abd66e404ebf233c14caef05126d9450b92f31a21d
캐시 투구,한가위토깽의귀(흑),91d95e44c61225dd881826abd66e404ebf233c14caef05126d9450b92f31a21d
망토,천신부금장9성,91d95e44c61225dd881826abd66e404ebf233c14caef05126d9450b92f31a21d
캐시 겉옷,값진설날교복(남),91d95e44c61225dd881826abd66e404ebf233c14caef05126d9450b92f31a21d
신발,바루나의천수,91d95e44c61225dd881826abd66e404ebf233c14caef05126d9450b92f31a21d
목/어깨장식,고대마령의목걸이8성,91d95e44c61225dd881826abd66e404ebf233c14caef05126d9450b92f31a21d
캐시 무기,성탄요정양초,91d95e44c61225dd881826abd66e404ebf233c14caef05126d9450b92f31a21d
캐시 방패/보조무기,발아래까치,91d95e44c61225dd881826abd66e404ebf233c14caef05126d9450b92f31a21d
캐시 얼굴장식,눈장식:칼라렌즈(가넷),91d95e44c61225dd881826abd66e404ebf233c14caef05126d9450b92f31a21d
캐시 망토,심해문어망토,91d95e44c61225dd881826abd66e404ebf233c14caef05126d9450b92f31a21d
캐시 신발,값진반짝클로버,91d95e44c61225dd881826abd66e404ebf233c14caef05126d9450b92f31a21d
캐시 목/어깨장식,초코델리미니백No02,91d95e44c61225dd881826abd66e404ebf233c14caef05126d9450b92f31a21d
세트옷,[괴수의상]바루나1성,91d95e44c61225dd881826abd66e404ebf233c14caef05126d9450b92f31a21d
캐시 세트옷,,91d95e44c61225dd881826abd66e404ebf233c14caef05126d9450b92f31a21d
장신구,붉은토끼풀노리개3성,91d95e44c61225dd881826abd66e404ebf233c14caef05126d9450b92f31a21d
캐시 장신구,달콤반짝이No01,91d95e44c61225dd881826abd66e404ebf233c14caef05126d9450b92f31a21d
무기,용랑제십봉,8539794a0d45cb494ae006e185475cee2bcbcaea86a6c71bd51d9c4bb36cc7c7
갑옷,패자황금갑주,8539794a0d45cb494ae006e185475cee2bcbcaea86a6c71bd51d9c4bb36cc7c7
방패/보조무기,,8539794a0d45cb494ae006e185475cee2bcbcaea86a6c71bd51d9c4bb36cc7c7
투구,바람청옥투구,8539794a0d45cb494ae006e185475cee2bcbcaea86a6c71bd51d9c4bb36cc7c7
왼손,용발톱흑광노리개9성,8539794a0d45cb494ae006e185475cee2bcbcaea86a6c71bd51d9c4bb36cc7c7
오른손,용발톱흑광노리개9성,8539794a0d45cb494ae006e185475cee2bcbcaea86a6c71bd51d9c4bb36cc7c7
보조1,마사의귀목,8539794a0d45cb494ae006e185475cee2bcbcaea86a6c71bd51d9c4bb36cc7c7
보조2,마사의귀목,8539794a0d45cb494ae006e185475cee2bcbcaea86a6c71bd51d9c4bb36cc7c7
얼굴장식,조사장의가면,8539794a0d45cb494ae006e185475cee2bcbcaea86a6c71bd51d9c4bb36cc7c7
캐시 투구,귀여운판다머리띠,8539794a0d45cb494ae006e185475cee2bcbcaea86a6c71bd51d9c4bb36cc7c7
망토,암흑룡의망토,8539794a0d45cb494ae006e185475cee2bcbcaea86a6c71bd51d9c4bb36cc7c7
캐시 겉옷,얼음요정의상(남),8539794a0d45cb494ae006e185475cee2bcbcaea86a6c71bd51d9c4bb36cc7c7
신발,사령웅의앞발,8539794a0d45cb494ae006e185475cee2bcbcaea86a6c71bd51d9c4bb36cc7c7
목/어깨장식,고대마령의목걸이8성,8539794a0d45cb494ae006e185475cee2bcbcaea86a6c71bd51d9c4bb36cc7c7
캐시 무기,꿈요정별빛봉,8539794a0d45cb494ae006e185475cee2bcbcaea86a6c71bd51d9c4bb36cc7c7
캐시 방패/보조무기,웨딩비둘기,8539794a0d45cb494ae006e185475cee2bcbcaea86a6c71bd51d9c4bb36cc7c7
캐시 얼굴장식,,8539794a0d45cb494ae006e185475cee2bcbcaea86a6c71bd51d9c4bb36cc7c7
캐시 망토,깃털날개,8539794a0d45cb494ae006e185475cee2bcbcaea86a6c71bd51d9c4bb36cc7c7
캐시 신발,,8539794a0d45cb494ae006e185475cee2bcbcaea86a6c71bd51d9c4bb36cc7c7
캐시 목/어깨장식,,8539794a0d45cb494ae006e185475cee2bcbcaea86a6c71bd51d9c4bb36cc7c7
세트옷,[괴수의상]아그니1성,8539794a0d45cb494ae006e185475cee2bcbcaea86a6c71bd51d9c4bb36cc7c7
캐시 세트옷,[구]망또No02,8539794a0d45cb494ae006e185475cee2bcbcaea86a6c71bd51d9c4bb36cc7c7
장신구,붉은토끼풀노리개1성,8539794a0d45cb494ae006e185475cee2bcbcaea86a6c71bd51d9c4bb36cc7c7
캐시 장신구,바린족얼굴무늬No01,8539794a0d45cb494ae006e185475cee2bcbcaea86a6c71bd51d9c4bb36cc7c7
무기,용랑제십봉,8539794a0d45cb494ae006e185475ceeabe07d99dde62d03e44865b710a5ce0c
갑옷,용랑멸아의8성,8539794a0d45cb494ae006e185475ceeabe07d99dde62d03e44865b710a5ce0c
방패/보조무기,,8539794a0d45cb494ae006e185475ceeabe07d99dde62d03e44865b710a5ce0c
투구,용아천관'랑8성,8539794a0d45cb494ae006e185475ceeabe07d99dde62d03e44865b710a5ce0c
왼손,용뿔흑광노리개9성,8539794a0d45cb494ae006e185475ceeabe07d99dde62d03e44865b710a5ce0c
오른손,용뿔흑광노리개9성,8539794a0d45cb494ae006e185475ceeabe07d99dde62d03e44865b710a5ce0c
보조1,마사의귀목,8539794a0d45cb494ae006e185475ceeabe07d99dde62d03e44865b710a5ce0c
보조2,마사의귀목,8539794a0d45cb494ae006e185475ceeabe07d99dde62d03e44865b710a5ce0c
얼굴장식,조사장의가면,8539794a0d45cb494ae006e185475ceeabe07d99dde62d03e44865b710a5ce0c
캐시 투구,강남여자,8539794a0d45cb494ae006e185475ceeabe07d99dde62d03e44865b710a5ce0c
망토,용성신부'랑8성,8539794a0d45cb494ae006e185475ceeabe07d99dde62d03e44865b710a5ce0c
캐시 겉옷,환계선녀의복,8539794a0d45cb494ae006e185475ceeabe07d99dde62d03e44865b710a5ce0c
신발,사령웅의앞발,8539794a0d45cb494ae006e185475ceeabe07d99dde62d03e44865b710a5ce0c
목/어깨장식,고대마령의목걸이8성,8539794a0d45cb494ae006e185475ceeabe07d99dde62d03e44865b710a5ce0c
캐시 무기,행운의채굴곡괭이,8539794a0d45cb494ae006e185475ceeabe07d99dde62d03e44865b710a5ce0c
캐시 방패/보조무기,순정만화책,8539794a0d45cb494ae006e185475ceeabe07d99dde62d03e44865b710a5ce0c
캐시 얼굴장식,GM진'야왕가면,8539794a0d45cb494ae006e185475ceeabe07d99dde62d03e44865b710a5ce0c
캐시 망토,노랑요정날개,8539794a0d45cb494ae006e185475ceeabe07d99dde62d03e44865b710a5ce0c
캐시 신발,유성우,8539794a0d45cb494ae006e185475ceeabe07d99dde62d03e44865b710a5ce0c
캐시 목/어깨장식,금메달,8539794a0d45cb494ae006e185475ceeabe07d99dde62d03e44865b710a5ce0c
세트옷,[괴수의상]아이라바타2성,8539794a0d45cb494ae006e185475ceeabe07d99dde62d03e44865b710a5ce0c
캐시 세트옷,[구]망또No08,8539794a0d45cb494ae006e185475ceeabe07d99dde62d03e44865b710a5ce0c
장신구,붉은토끼풀노리개2성,8539794a0d45cb494ae006e185475ceeabe07d99dde62d03e44865b710a5ce0c
캐시 장신구,레인보우코사지,8539794a0d45cb494ae006e185475ceeabe07d99dde62d03e44865b710a5ce0c
무기,영후단봉8성,8d871a7df4833ae3239114c4246e5aeef7ffe0d70b8cb6b1a039b20b226c450b
갑옷,태광천신의복8성,8d871a7df4833ae3239114c4246e5aeef7ffe0d70b8cb6b1a039b20b226c450b
방패/보조무기,,8d871a7df4833ae3239114c4246e5aeef7ffe0d70b8cb6b1a039b20b226c450b
투구,태광천신금잠7성,8d871a7df4833ae3239114c4246e5aeef7ffe0d70b8cb6b1a039b20b226c450b
왼손,용발톱흑광노리개9성,8d871a7df4833ae3239114c4246e5aeef7ffe0d70b8cb6b1a039b20b226c450b
오른손,태염반지6성,8d871a7df4833ae3239114c4246e5aeef7ffe0d70b8cb6b1a039b20b226c450b
보조1,마사의귀목,8d871a7df4833ae3239114c4246e5aeef7ffe0d70b8cb6b1a039b20b226c450b
보조2,빛나는마사의귀목,8d871a7df4833ae3239114c4246e5aeef7ffe0d70b8cb6b1a039b20b226c450b
얼굴장식,조사장의가면,8d871a7df4833ae3239114c4246e5aeef7ffe0d70b8cb6b1a039b20b226c450b
캐시 투구,바람유니콘의뿔,8d871a7df4833ae3239114c4246e5aeef7ffe0d70b8cb6b1a039b20b226c450b
망토,무신귀갑주7성,8d871a7df4833ae3239114c4246e5aeef7ffe0d70b8cb6b1a039b20b226c450b
캐시 겉옷,신부의웨딩드레스No01,8d871a7df4833ae3239114c4246e5aeef7ffe0d70b8cb6b1a039b20b226c450b
신발,사령웅의앞발,8d871a7df4833ae3239114c4246e5aeef7ffe0d70b8cb6b1a039b20b226c450b
목/어깨장식,고대마령의목걸이7성,8d871a7df4833ae3239114c4246e5aeef7ffe0d70b8cb6b1a039b20b226c450b
캐시 무기,[심야]행운의채굴곡괭이,8d871a7df4833ae3239114c4246e5aeef7ffe0d70b8cb6b1a039b20b226c450b
캐시 방패/보조무기,웨딩비둘기,8d871a7df4833ae3239114c4246e5aeef7ffe0d70b8cb6b1a039b20b226c450b
캐시 얼굴장식,,8d871a7df4833ae3239114c4246e5aeef7ffe0d70b8cb6b1a039b20b226c450b
캐시 망토,,8d871a7df4833ae3239114c4246e5aeef7ffe0d70b8cb6b1a039b20b226c450b
캐시 신발,유성우,8d871a7df4833ae3239114c4246e5aeef7ffe0d70b8cb6b1a039b20b226c450b
캐시 목/어깨장식,레이스스카프No02,8d871a7df4833ae3239114c4246e5aeef7ffe0d70b8cb6b1a039b20b226c450b
세트옷,도깨비탐,8d871a7df4833ae3239114c4246e5aeef7ffe0d70b8cb6b1a039b20b226c450b
캐시 세트옷,[구]웨딩드레스No09,8d871a7df4833ae3239114c4246e5aeef7ffe0d70b8cb6b1a039b20b226c450b
장신구,자수원앙노리개2성,8d871a7df4833ae3239114c4246e5aeef7ffe0d70b8cb6b1a039b20b226c450b
캐시 장신구,,8d871a7df4833ae3239114c4246e5aeef7ffe0d70b8cb6b1a039b20b226c450b
무기,진혼제,1fd49fe13dda49d06b973583a5c25789b5e86da3a0586b26ec50503984b1b686
갑옷,태염무신보갑9성,1fd49fe13dda49d06b973583a5c25789b5e86da3a0586b26ec50503984b1b686
방패/보조무기,고대마령의단검8성,1fd49fe13dda49d06b973583a5c25789b5e86da3a0586b26ec50503984b1b686
투구,용아천관'겸8성,1fd49fe13dda49d06b973583a5c25789b5e86da3a0586b26ec50503984b1b686
왼손,용발톱흑광노리개9성,1fd49fe13dda49d06b973583a5c25789b5e86da3a0586b26ec50503984b1b686
오른손,용발톱흑광노리개9성,1fd49fe13dda49d06b973583a5c25789b5e86da3a0586b26ec50503984b1b686
보조1,마령의노리개'월10성,1fd49fe13dda49d06b973583a5c25789b5e86da3a0586b26ec50503984b1b686
보조2,마사의귀목,1fd49fe13dda49d06b973583a5c25789b5e86da3a0586b26ec50503984b1b686
얼굴장식,찬란한시바의시선,1fd49fe13dda49d06b973583a5c25789b5e86da3a0586b26ec50503984b1b686
캐시 투구,가을홀릭소녀헤어No01,1fd49fe13dda49d06b973583a5c25789b5e86da3a0586b26ec50503984b1b686
망토,용성신부'겸8성,1fd49fe13dda49d06b973583a5c25789b5e86da3a0586b26ec50503984b1b686
캐시 겉옷,뽀짝피그여자의상No02,1fd49fe13dda49d06b973583a5c25789b5e86da3a0586b26ec50503984b1b686
신발,사령웅의앞발,1fd49fe13dda49d06b973583a5c25789b5e86da3a0586b26ec50503984b1b686
목/어깨장식,고대마령의목걸이8성,1fd49fe13dda49d06b973583a5c25789b5e86da3a0586b26ec50503984b1b686
캐시 무기,겨울복주머니,1fd49fe13dda49d06b973583a5c25789b5e86da3a0586b26ec50503984b1b686
캐시 방패/보조무기,웨딩비둘기,1fd49fe13dda49d06b973583a5c25789b5e86da3a0586b26ec50503984b1b686
캐시 얼굴장식,[30주년]넥슨히어로하트,1fd49fe13dda49d06b973583a5c25789b5e86da3a0586b26ec50503984b1b686
캐시 망토,벚꽃장식No02,1fd49fe13dda49d06b973583a5c25789b5e86da3a0586b26ec50503984b1b686
캐시 신발,베베별자국,1fd49fe13dda49d06b973583a5c25789b5e86da3a0586b26ec50503984b1b686
캐시 목/어깨장식,바다케이프,1fd49fe13dda49d06b973583a5c25789b5e86da3a0586b26ec50503984b1b686
세트옷,[괴수의상]아이라바타1성,1fd49fe13dda49d06b973583a5c25789b5e86da3a0586b26ec50503984b1b686
캐시 세트옷,,1fd49fe13dda49d06b973583a5c25789b5e86da3a0586b26ec50503984b1b686
장신구,붉은토끼풀노리개2성,1fd49fe13dda49d06b973583a5c25789b5e86da3a0586b26ec50503984b1b686
캐시 장신구,사이버안경,1fd49fe13dda49d06b973583a5c25789b5e86da3a0586b26ec50503984b1b686
무기,용겸제십봉,89a072a2ca5d55d763b2c67d1cd0f5596befdff1fdd9f17c961398e59dc40453
갑옷,용겸멸아의8성,89a072a2ca5d55d763b2c67d1cd0f5596befdff1fdd9f17c961398e59dc40453
방패/보조무기,,89a072a2ca5d55d763b2c67d1cd0f5596befdff1fdd9f17c961398e59dc40453
투구,고대마령모자10성,89a072a2ca5d55d763b2c67d1cd0f5596befdff1fdd9f17c961398e59dc40453
왼손,패자황금선류,89a072a2ca5d55d763b2c67d1cd0f5596befdff1fdd9f17c961398e59dc40453
오른손,패자황금선류,89a072a2ca5d55d763b2c67d1cd0f5596befdff1fdd9f17c961398e59dc40453
보조1,마령의노리개'흑10성,89a072a2ca5d55d763b2c67d1cd0f5596befdff1fdd9f17c961398e59dc40453
보조2,찬란한아그니의적영,89a072a2ca5d55d763b2c67d1cd0f5596befdff1fdd9f17c961398e59dc40453
얼굴장식,고대마령의암막8성,89a072a2ca5d55d763b2c67d1cd0f5596befdff1fdd9f17c961398e59dc40453
캐시 투구,천상의심포니모자,89a072a2ca5d55d763b2c67d1cd0f5596befdff1fdd9f17c961398e59dc40453
망토,용성신부'겸8성,89a072a2ca5d55d763b2c67d1cd0f5596befdff1fdd9f17c961398e59dc40453
캐시 겉옷,천상의심포니의상(여),89a072a2ca5d55d763b2c67d1cd0f5596befdff1fdd9f17c961398e59dc40453
신발,고대마령의군화'흑8성,89a072a2ca5d55d763b2c67d1cd0f5596befdff1fdd9f17c961398e59dc40453
목/어깨장식,고대마령의목걸이8성,89a072a2ca5d55d763b2c67d1cd0f5596befdff1fdd9f17c961398e59dc40453
캐시 무기,천상의심포니지휘봉,89a072a2ca5d55d763b2c67d1cd0f5596befdff1fdd9f17c961398e59dc40453
캐시 방패/보조무기,,89a072a2ca5d55d763b2c67d1cd0f5596befdff1fdd9f17c961398e59dc40453
캐시 얼굴장식,연지곤지,89a072a2ca5d55d763b2c67d1cd0f5596befdff1fdd9f17c961398e59dc40453
캐시 망토,천상의심포니관현악쥐,89a072a2ca5d55d763b2c67d1cd0f5596befdff1fdd9f17c961398e59dc40453
캐시 신발,천상의심포니선율,89a072a2ca5d55d763b2c67d1cd0f5596befdff1fdd9f17c961398e59dc40453
캐시 목/어깨장식,헤리티지숄더니트No02,89a072a2ca5d55d763b2c67d1cd0f5596befdff1fdd9f17c961398e59dc40453
세트옷,[괴수의상]아이라바타3성,89a072a2ca5d55d763b2c67d1cd0f5596befdff1fdd9f17c961398e59dc40453
캐시 세트옷,바캉스깜찍펭귄,89a072a2ca5d55d763b2c67d1cd0f5596befdff1fdd9f17c961398e59dc40453
장신구,붉은토끼풀노리개2성,89a072a2ca5d55d763b2c67d1cd0f5596befdff1fdd9f17c961398e59dc40453
캐시 장신구,천상의심포니타악쥐,89a072a2ca5d55d763b2c67d1cd0f5596befdff1fdd9f17c961398e59dc40453
무기,용겸제십봉,6d37c733e4786be35c6197addc1f7f8013a9787b55dba6b2d8249c803fe4a4df
갑옷,용겸멸아의8성,6d37c733e4786be35c6197addc1f7f8013a9787b55dba6b2d8249c803fe4a4df
방패/보조무기,,6d37c733e4786be35c6197addc1f7f8013a9787b55dba6b2d8249c803fe4a4df
투구,용아천관'겸8성,6d37c733e4786be35c6197addc1f7f8013a9787b55dba6b2d8249c803fe4a4df
왼손,패자황금선류,6d37c733e4786be35c6197addc1f7f8013a9787b55dba6b2d8249c803fe4a4df
오른손,패자황금선류,6d37c733e4786be35c6197addc1f7f8013a9787b55dba6b2d8249c803fe4a4df
보조1,천도의목걸이,6d37c733e4786be35c6197addc1f7f8013a9787b55dba6b2d8249c803fe4a4df
보조2,마사의귀목,6d37c733e4786be35c6197addc1f7f8013a9787b55dba6b2d8249c803fe4a4df
얼굴장식,빛나는조사장의가면,6d37c733e4786be35c6197addc1f7f8013a9787b55dba6b2d8249c803fe4a4df
캐시 투구,향긋한정원엣지리본,6d37c733e4786be35c6197addc1f7f8013a9787b55dba6b2d8249c803fe4a4df
망토,용성신부'겸8성,6d37c733e4786be35c6197addc1f7f8013a9787b55dba6b2d8249c803fe4a4df
캐시 겉옷,야옹집사의상(여),6d37c733e4786be35c6197addc1f7f8013a9787b55dba6b2d8249c803fe4a4df
신발,고대마령의군화'흑8성,6d37c733e4786be35c6197addc1f7f8013a9787b55dba6b2d8249c803fe4a4df
목/어깨장식,고대마령의목걸이8성,6d37c733e4786be35c6197addc1f7f8013a9787b55dba6b2d8249c803fe4a4df
캐시 무기,행운의채굴곡괭이,6d37c733e4786be35c6197addc1f7f8013a9787b55dba6b2d8249c803fe4a4df
캐시 방패/보조무기,웨딩비둘기,6d37c733e4786be35c6197addc1f7f8013a9787b55dba6b2d8249c803fe4a4df
캐시 얼굴장식,,6d37c733e4786be35c6197addc1f7f8013a9787b55dba6b2d8249c803fe4a4df
캐시 망토,분홍꽃잎,6d37c733e4786be35c6197addc1f7f8013a9787b55dba6b2d8249c803fe4a4df
캐시 신발,베베별자국,6d37c733e4786be35c6197addc1f7f8013a9787b55dba6b2d8249c803fe4a4df
캐시 목/어깨장식,슬탐구메달,6d37c733e4786be35c6197addc1f7f8013a9787b55dba6b2d8249c803fe4a4df
세트옷,[괴수의상]아이라바타1성,6d37c733e4786be35c6197addc1f7f8013a9787b55dba6b2d8249c803fe4a4df
캐시 세트옷,[구]망또No02,6d37c733e4786be35c6197addc1f7f8013a9787b55dba6b2d8249c803fe4a4df
장신구,붉은토끼풀노리개2성,6d37c733e4786be35c6197addc1f7f8013a9787b55dba6b2d8249c803fe4a4df
캐시 장신구,바린족얼굴무늬No01,6d37c733e4786be35c6197addc1f7f8013a9787b55dba6b2d8249c803fe4a4df
무기,용겸제십봉,3cd258090f520e65b19a4a8cd3282143364efbf8b23d26b35c58ea19edcf1249
갑옷,환웅의통옷'9성,3cd258090f520e65b19a4a8cd3282143364efbf8b23d26b35c58ea19edcf1249
방패/보조무기,,3cd258090f520e65b19a4a8cd3282143364efbf8b23d26b35c58ea19edcf1249
투구,환웅의두건'9성,3cd258090f520e65b19a4a8cd3282143364efbf8b23d26b35c58ea19edcf1249
왼손,금린반지6성,3cd258090f520e65b19a4a8cd3282143364efbf8b23d26b35c58ea19edcf1249
오른손,금린반지7성,3cd258090f520e65b19a4a8cd3282143364efbf8b23d26b35c58ea19edcf1249
보조1,마령의노리개'흑6성,3cd258090f520e65b19a4a8cd3282143364efbf8b23d26b35c58ea19edcf1249
보조2,마사의귀목,3cd258090f520e65b19a4a8cd3282143364efbf8b23d26b35c58ea19edcf1249
얼굴장식,시바의시선,3cd258090f520e65b19a4a8cd3282143364efbf8b23d26b35c58ea19edcf1249
캐시 투구,고풍스런진주핀,3cd258090f520e65b19a4a8cd3282143364efbf8b23d26b35c58ea19edcf1249
망토,용성신부'겸8성,3cd258090f520e65b19a4a8cd3282143364efbf8b23d26b35c58ea19edcf1249
캐시 겉옷,토끼소녀의상No02,3cd258090f520e65b19a4a8cd3282143364efbf8b23d26b35c58ea19edcf1249
신발,사령웅의앞발,3cd258090f520e65b19a4a8cd3282143364efbf8b23d26b35c58ea19edcf1249
목/어깨장식,고대마령의목걸이8성,3cd258090f520e65b19a4a8cd3282143364efbf8b23d26b35c58ea19edcf1249
캐시 무기,,3cd258090f520e65b19a4a8cd3282143364efbf8b23d26b35c58ea19edcf1249
캐시 방패/보조무기,로코코샤이니베어,3cd258090f520e65b19a4a8cd3282143364efbf8b23d26b35c58ea19edcf1249
캐시 얼굴장식,,3cd258090f520e65b19a4a8cd3282143364efbf8b23d26b35c58ea19edcf1249
캐시 망토,로코코핑크아우라,3cd258090f520e65b19a4a8cd3282143364efbf8b23d26b35c58ea19edcf1249
캐시 신발,토끼발자국No02,3cd258090f520e65b19a4a8cd3282143364efbf8b23d26b35c58ea19edcf1249
캐시 목/어깨장식,[산타선물]레이스칼라No04,3cd258090f520e65b19a4a8cd3282143364efbf8b23d26b35c58ea19edcf1249
세트옷,[괴수의상]아이라바타1성,3cd258090f520e65b19a4a8cd3282143364efbf8b23d26b35c58ea19edcf1249
캐시 세트옷,,3cd258090f520e65b19a4a8cd3282143364efbf8b23d26b35c58ea19edcf1249
장신구,붉은토끼풀노리개2성,3cd258090f520e65b19a4a8cd3282143364efbf8b23d26b35c58ea19edcf1249
캐시 장신구,엘리제티타임리본No02,3cd258090f520e65b19a4a8cd3282143364efbf8b23d26b35c58ea19edcf1249
무기,진혼제,4720d8734f50ef0b2f6376057e4d71cf90407ab55f49c9cc7b4173890a9e9357
갑옷,태염무신보갑9성,4720d8734f50ef0b2f6376057e4d71cf90407ab55f49c9cc7b4173890a9e9357
방패/보조무기,고대마령의단검6성,4720d8734f50ef0b2f6376057e4d71cf90407ab55f49c9cc7b4173890a9e9357
투구,환웅의천관'9성,4720d8734f50ef0b2f6376057e4d71cf90407ab55f49c9cc7b4173890a9e9357
왼손,태염반지6성,4720d8734f50ef0b2f6376057e4d71cf90407ab55f49c9cc7b4173890a9e9357
오른손,태염반지6성,4720d8734f50ef0b2f6376057e4d71cf90407ab55f49c9cc7b4173890a9e9357
보조1,아그니의적영,4720d8734f50ef0b2f6376057e4d71cf90407ab55f49c9cc7b4173890a9e9357
보조2,마령의노리개'흑6성,4720d8734f50ef0b2f6376057e4d71cf90407ab55f49c9cc7b4173890a9e9357
얼굴장식,고대마령의암막6성,4720d8734f50ef0b2f6376057e4d71cf90407ab55f49c9cc7b4173890a9e9357
캐시 투구,모던커플헤어(여),4720d8734f50ef0b2f6376057e4d71cf90407ab55f49c9cc7b4173890a9e9357
망토,용성신부'겸8성,4720d8734f50ef0b2f6376057e4d71cf90407ab55f49c9cc7b4173890a9e9357
캐시 겉옷,풍운신령의상(여),4720d8734f50ef0b2f6376057e4d71cf90407ab55f49c9cc7b4173890a9e9357
신발,고대마령의군화'월6성,4720d8734f50ef0b2f6376057e4d71cf90407ab55f49c9cc7b4173890a9e9357
목/어깨장식,고대마령의목걸이6성,4720d8734f50ef0b2f6376057e4d71cf90407ab55f49c9cc7b4173890a9e9357
캐시 무기,,4720d8734f50ef0b2f6376057e4d71cf90407ab55f49c9cc7b4173890a9e9357
캐시 방패/보조무기,로코코샤이니베어,4720d8734f50ef0b2f6376057e4d71cf90407ab55f49c9cc7b4173890a9e9357
캐시 얼굴장식,곤지(무제한),4720d8734f50ef0b2f6376057e4d71cf90407ab55f49c9cc7b4173890a9e9357
캐시 망토,자체발광블링블링,4720d8734f50ef0b2f6376057e4d71cf90407ab55f49c9cc7b4173890a9e9357
캐시 신발,와르르당근하트,4720d8734f50ef0b2f6376057e4d71cf90407ab55f49c9cc7b4173890a9e9357
캐시 목/어깨장식,여름별빛달콤카라,4720d8734f50ef0b2f6376057e4d71cf90407ab55f49c9cc7b4173890a9e9357
세트옷,[괴수의상]바루나1성,4720d8734f50ef0b2f6376057e4d71cf90407ab55f49c9cc7b4173890a9e9357
캐시 세트옷,,4720d8734f50ef0b2f6376057e4d71cf90407ab55f49c9cc7b4173890a9e9357
장신구,붉은토끼풀노리개1성,4720d8734f50ef0b2f6376057e4d71cf90407ab55f49c9cc7b4173890a9e9357
캐시 장신구,폭신토끼세안밴드,4720d8734f50ef0b2f6376057e4d71cf90407ab55f49c9cc7b4173890a9e9357
무기,용겸제십봉,f2078566f34aaccbaced0208b9c835892581e028b0495c51f3249775b110d725
갑옷,환웅의치마'7성,f2078566f34aaccbaced0208b9c835892581e028b0495c51f3249775b110d725
,,f2078566f34aaccbaced0208b9c835892581e028b0495c51f3249775b110d725
투구,태광천신금잠8성,f2078566f34aaccbaced0208b9c835892581e028b0495c51f3249775b110d725
왼손,패자황금선류,f2078566f34aaccbaced0208b9c835892581e028b0495c51f3249775b110d725
오른손,패자황금선류,f2078566f34aaccbaced0208b9c835892581e028b0495c51f3249775b110d725
보조1,마사의귀목,f2078566f34aaccbaced0208b9c835892581e028b0495c51f3249775b110d725
보조2,빛나는마사의귀목,f2078566f34aaccbaced0208b9c835892581e028b0495c51f3249775b110d725
얼굴장식,시바의시선,f2078566f34aaccbaced0208b9c835892581e028b0495c51f3249775b110d725
캐시 투구,커플사자밴드,f2078566f34aaccbaced0208b9c835892581e028b0495c51f3249775b110d725
망토,용성신부'겸8성,f2078566f34aaccbaced0208b9c835892581e028b0495c51f3249775b110d725
캐시 겉옷,토끼소녀의상No02,f2078566f34aaccbaced0208b9c835892581e028b0495c51f3249775b110d725
신발,사령웅의앞발,f2078566f34aaccbaced0208b9c835892581e028b0495c51f3249775b110d725
목/어깨장식,고대마령의목걸이8성,f2078566f34aaccbaced0208b9c835892581e028b0495c51f3249775b110d725
캐시 무기,한가위애착토끼(흑),f2078566f34aaccbaced0208b9c835892581e028b0495c51f3249775b110d725
캐시 방패/보조무기,웨딩비둘기,f2078566f34aaccbaced0208b9c835892581e028b0495c51f3249775b110d725
캐시 얼굴장식,,f2078566f34aaccbaced0208b9c835892581e028b0495c51f3249775b110d725
캐시 망토,벚꽃장식No02,f2078566f34aaccbaced0208b9c835892581e028b0495c51f3249775b110d725
캐시 신발,무희방울,f2078566f34aaccbaced0208b9c835892581e028b0495c51f3249775b110d725
캐시 목/어깨장식,딱콩삐쭉스카프No03,f2078566f34aaccbaced0208b9c835892581e028b0495c51f3249775b110d725
세트옷,[괴수의상]바루나1성,f2078566f34aaccbaced0208b9c835892581e028b0495c51f3249775b110d725
캐시 세트옷,,f2078566f34aaccbaced0208b9c835892581e028b0495c51f3249775b110d725
장신구,붉은토끼풀노리개2성,f2078566f34aaccbaced0208b9c835892581e028b0495c51f3249775b110d725
캐시 장신구,,f2078566f34aaccbaced0208b9c835892581e028b0495c51f3249775b110d725
무기,진혼제,c2a9d69dd1acd2bfe5ebc8dd68e644809e967dd20b873b4ac3625fe271a3a90e
갑옷,용겸멸아의8성,c2a9d69dd1acd2bfe5ebc8dd68e644809e967dd20b873b4ac3625fe271a3a90e
방패/보조무기,고대마령의단검6성,c2a9d69dd1acd2bfe5ebc8dd68e644809e967dd20b873b4ac3625fe271a3a90e
투구,태광천신금잠7성,c2a9d69dd1acd2bfe5ebc8dd68e644809e967dd20b873b4ac3625fe271a3a90e
왼손,태광노리개7성,c2a9d69dd1acd2bfe5ebc8dd68e644809e967dd20b873b4ac3625fe271a3a90e
오른손,용송곳니흑광노리개9성,c2a9d69dd1acd2bfe5ebc8dd68e644809e967dd20b873b4ac3625fe271a3a90e
보조1,마령의노리개'월8성,c2a9d69dd1acd2bfe5ebc8dd68e644809e967dd20b873b4ac3625fe271a3a90e
보조2,마사의귀목,c2a9d69dd1acd2bfe5ebc8dd68e644809e967dd20b873b4ac3625fe271a3a90e
얼굴장식,고대마령의표식6성,c2a9d69dd1acd2bfe5ebc8dd68e644809e967dd20b873b4ac3625fe271a3a90e
캐시 투구,새내기머리띠,c2a9d69dd1acd2bfe5ebc8dd68e644809e967dd20b873b4ac3625fe271a3a90e
망토,용성신부'겸8성,c2a9d69dd1acd2bfe5ebc8dd68e644809e967dd20b873b4ac3625fe271a3a90e
캐시 겉옷,대양의선원복(여),c2a9d69dd1acd2bfe5ebc8dd68e644809e967dd20b873b4ac3625fe271a3a90e
신발,사령웅의앞발,c2a9d69dd1acd2bfe5ebc8dd68e644809e967dd20b873b4ac3625fe271a3a90e
목/어깨장식,고대마령의목걸이8성,c2a9d69dd1acd2bfe5ebc8dd68e644809e967dd20b873b4ac3625fe271a3a90e
캐시 무기,행운의채굴곡괭이,c2a9d69dd1acd2bfe5ebc8dd68e644809e967dd20b873b4ac3625fe271a3a90e
캐시 방패/보조무기,웨딩비둘기,c2a9d69dd1acd2bfe5ebc8dd68e644809e967dd20b873b4ac3625fe271a3a90e
캐시 얼굴장식,,c2a9d69dd1acd2bfe5ebc8dd68e644809e967dd20b873b4ac3625fe271a3a90e
캐시 망토,향긋한정원앞치마(여),c2a9d69dd1acd2bfe5ebc8dd68e644809e967dd20b873b4ac3625fe271a3a90e
캐시 신발,무희방울,c2a9d69dd1acd2bfe5ebc8dd68e644809e967dd20b873b4ac3625fe271a3a90e
캐시 목/어깨장식,[20주년]레이스칼라No01,c2a9d69dd1acd2bfe5ebc8dd68e644809e967dd20b873b4ac3625fe271a3a90e
세트옷,꺄꺄,c2a9d69dd1acd2bfe5ebc8dd68e644809e967dd20b873b4ac3625fe271a3a90e
캐시 세트옷,,c2a9d69dd1acd2bfe5ebc8dd68e644809e967dd20b873b4ac3625fe271a3a90e
장신구,자수원앙노리개2성,c2a9d69dd1acd2bfe5ebc8dd68e644809e967dd20b873b4ac3625fe271a3a90e
캐시 장신구,새내기핑크볼터치,c2a9d69dd1acd2bfe5ebc8dd68e644809e967dd20b873b4ac3625fe271a3a90e
무기,용겸제십봉,55bd4570c623d129c7c2dfdd1690d4233a66d016f48ae151db6f6fde93d9a4d7
갑옷,용겸멸아의8성,55bd4570c623d129c7c2dfdd1690d4233a66d016f48ae151db6f6fde93d9a4d7
,,55bd4570c623d129c7c2dfdd1690d4233a66d016f48ae151db6f6fde93d9a4d7
투구,용아천관'겸8성,55bd4570c623d129c7c2dfdd1690d4233a66d016f48ae151db6f6fde93d9a4d7
왼손,금린반지6성,55bd4570c623d129c7c2dfdd1690d4233a66d016f48ae151db6f6fde93d9a4d7
오른손,용안의회복반지6성,55bd4570c623d129c7c2dfdd1690d4233a66d016f48ae151db6f6fde93d9a4d7
보조1,천도의목걸이,55bd4570c623d129c7c2dfdd1690d4233a66d016f48ae151db6f6fde93d9a4d7
보조2,빛나는마사의귀목,55bd4570c623d129c7c2dfdd1690d4233a66d016f48ae151db6f6fde93d9a4d7
얼굴장식,빛나는조사장의가면,55bd4570c623d129c7c2dfdd1690d4233a66d016f48ae151db6f6fde93d9a4d7
캐시 투구,꽃을든여친헤어No01,55bd4570c623d129c7c2dfdd1690d4233a66d016f48ae151db6f6fde93d9a4d7
망토,용성신부'겸8성,55bd4570c623d129c7c2dfdd1690d4233a66d016f48ae151db6f6fde93d9a4d7
캐시 겉옷,눈꽃키스미의상,55bd4570c623d129c7c2dfdd1690d4233a66d016f48ae151db6f6fde93d9a4d7
신발,고대마령의군화'월9성,55bd4570c623d129c7c2dfdd1690d4233a66d016f48ae151db6f6fde93d9a4d7
목/어깨장식,고대마령의목걸이8성,55bd4570c623d129c7c2dfdd1690d4233a66d016f48ae151db6f6fde93d9a4d7
캐시 무기,행운의채굴곡괭이,55bd4570c623d129c7c2dfdd1690d4233a66d016f48ae151db6f6fde93d9a4d7
캐시 방패/보조무기,뽀짝피그복주머니,55bd4570c623d129c7c2dfdd1690d4233a66d016f48ae151db6f6fde93d9a4d7
캐시 얼굴장식,동화나라라운드안경No03,55bd4570c623d129c7c2dfdd1690d4233a66d016f48ae151db6f6fde93d9a4d7
캐시 망토,애완령'화(등),55bd4570c623d129c7c2dfdd1690d4233a66d016f48ae151db6f6fde93d9a4d7
캐시 신발,,55bd4570c623d129c7c2dfdd1690d4233a66d016f48ae151db6f6fde93d9a4d7
캐시 목/어깨장식,매달린고냥,55bd4570c623d129c7c2dfdd1690d4233a66d016f48ae151db6f6fde93d9a4d7
세트옷,[괴수의상]아이라바타1성,55bd4570c623d129c7c2dfdd1690d4233a66d016f48ae151db6f6fde93d9a4d7
캐시 세트옷,[구]망또No03,55bd4570c623d129c7c2dfdd1690d4233a66d016f48ae151db6f6fde93d9a4d7
장신구,자수원앙노리개3성,55bd4570c623d129c7c2dfdd1690d4233a66d016f48ae151db6f6fde93d9a4d7
캐시 장신구,발바닥풍선장신구,55bd4570c623d129c7c2dfdd1690d4233a66d016f48ae151db6f6fde93d9a4d7
무기,귀문진혼도,8539794a0d45cb494ae006e185475ceea6866ea5c82503451b2001eb6eb132f6
갑옷,환웅의통옷'9성,8539794a0d45cb494ae006e185475ceea6866ea5c82503451b2001eb6eb132f6
방패/보조무기,고대마령의단검6성,8539794a0d45cb494ae006e185475ceea6866ea5c82503451b2001eb6eb132f6
투구,고대마령모자8성,8539794a0d45cb494ae006e185475ceea6866ea5c82503451b2001eb6eb132f6
왼손,금린반지8성,8539794a0d45cb494ae006e185475ceea6866ea5c82503451b2001eb6eb132f6
오른손,금린반지8성,8539794a0d45cb494ae006e185475ceea6866ea5c82503451b2001eb6eb132f6
보조1,마사의귀목,8539794a0d45cb494ae006e185475ceea6866ea5c82503451b2001eb6eb132f6
보조2,마사의귀목,8539794a0d45cb494ae006e185475ceea6866ea5c82503451b2001eb6eb132f6
얼굴장식,빛나는조사장의가면,8539794a0d45cb494ae006e185475ceea6866ea5c82503451b2001eb6eb132f6
캐시 투구,초코델리소녀헤어,8539794a0d45cb494ae006e185475ceea6866ea5c82503451b2001eb6eb132f6
망토,무신귀갑주7성,8539794a0d45cb494ae006e185475ceea6866ea5c82503451b2001eb6eb132f6
캐시 겉옷,삐약소풍의상(여),8539794a0d45cb494ae006e185475ceea6866ea5c82503451b2001eb6eb132f6
신발,사령웅의앞발,8539794a0d45cb494ae006e185475ceea6866ea5c82503451b2001eb6eb132f6
목/어깨장식,고대마령의목걸이8성,8539794a0d45cb494ae006e185475ceea6866ea5c82503451b2001eb6eb132f6
캐시 무기,,8539794a0d45cb494ae006e185475ceea6866ea5c82503451b2001eb6eb132f6
캐시 방패/보조무기,애니멀펑크토끼친구,8539794a0d45cb494ae006e185475ceea6866ea5c82503451b2001eb6eb132f6
캐시 얼굴장식,,8539794a0d45cb494ae006e185475ceea6866ea5c82503451b2001eb6eb132f6
캐시 망토,벚꽃장식No02,8539794a0d45cb494ae006e185475ceea6866ea5c82503451b2001eb6eb132f6
캐시 신발,값진반짝클로버,8539794a0d45cb494ae006e185475ceea6866ea5c82503451b2001eb6eb132f6
캐시 목/어깨장식,딱콩삐쭉스카프No03,8539794a0d45cb494ae006e185475ceea6866ea5c82503451b2001eb6eb132f6
세트옷,[괴수의상]바루나1성,8539794a0d45cb494ae006e185475ceea6866ea5c82503451b2001eb6eb132f6
캐시 세트옷,[구]웨딩드레스No05,8539794a0d45cb494ae006e185475ceea6866ea5c82503451b2001eb6eb132f6
장신구,붉은토끼풀노리개2성,8539794a0d45cb494ae006e185475ceea6866ea5c82503451b2001eb6eb132f6
캐시 장신구,,8539794a0d45cb494ae006e185475ceea6866ea5c82503451b2001eb6eb132f6
무기,용섬제십궁,1dad503581bb339b4c199551a9747714475e1813d3efb55b90bdf82b91ca6243
갑옷,용섬파천복8성,1dad503581bb339b4c199551a9747714475e1813d3efb55b90bdf82b91ca6243
방패/보조무기,고대마령의화살통7성,1dad503581bb339b4c199551a9747714475e1813d3efb55b90bdf82b91ca6243
투구,용아투구'섬8성,1dad503581bb339b4c199551a9747714475e1813d3efb55b90bdf82b91ca6243
왼손,패자황금깍지,1dad503581bb339b4c199551a9747714475e1813d3efb55b90bdf82b91ca6243
오른손,용발톱흑광노리개9성,1dad503581bb339b4c199551a9747714475e1813d3efb55b90bdf82b91ca6243
보조1,궁사청동거울3성,1dad503581bb339b4c199551a9747714475e1813d3efb55b90bdf82b91ca6243
보조2,마사의귀목,1dad503581bb339b4c199551a9747714475e1813d3efb55b90bdf82b91ca6243
얼굴장식,시바의시선,1dad503581bb339b4c199551a9747714475e1813d3efb55b90bdf82b91ca6243
캐시 투구,,1dad503581bb339b4c199551a9747714475e1813d3efb55b90bdf82b91ca6243
망토,용성장견'섬8성,1dad503581bb339b4c199551a9747714475e1813d3efb55b90bdf82b91ca6243
캐시 겉옷,다이어터의상(남),1dad503581bb339b4c199551a9747714475e1813d3efb55b90bdf82b91ca6243
신발,고대마령의군화'흑8성,1dad503581bb339b4c199551a9747714475e1813d3efb55b90bdf82b91ca6243
목/어깨장식,단조의심단,1dad503581bb339b4c199551a9747714475e1813d3efb55b90bdf82b91ca6243
캐시 무기,GM명성강궁,1dad503581bb339b4c199551a9747714475e1813d3efb55b90bdf82b91ca6243
캐시 방패/보조무기,분홍연등,1dad503581bb339b4c199551a9747714475e1813d3efb55b90bdf82b91ca6243
캐시 얼굴장식,동화나라라운드안경No01,1dad503581bb339b4c199551a9747714475e1813d3efb55b90bdf82b91ca6243
캐시 망토,벚꽃장식No02,1dad503581bb339b4c199551a9747714475e1813d3efb55b90bdf82b91ca6243
캐시 신발,겨울반딧불,1dad503581bb339b4c199551a9747714475e1813d3efb55b90bdf82b91ca6243
캐시 목/어깨장식,딱콩삐쭉스카프No03,1dad503581bb339b4c199551a9747714475e1813d3efb55b90bdf82b91ca6243
세트옷,[괴수의상]바루나1성,1dad503581bb339b4c199551a9747714475e1813d3efb55b90bdf82b91ca6243
캐시 세트옷,[구]망또No05,1dad503581bb339b4c199551a9747714475e1813d3efb55b90bdf82b91ca6243
장신구,붉은토끼풀노리개1성,1dad503581bb339b4c199551a9747714475e1813d3efb55b90bdf82b91ca6243
캐시 장신구,달콤반짝이No03,1dad503581bb339b4c199551a9747714475e1813d3efb55b90bdf82b91ca6243
무기,용섬제십궁,ea863392cef2470a9ce54a2471f0cac9230ad48f7fe594baad1d643c41912392
갑옷,용섬파천복8성,ea863392cef2470a9ce54a2471f0cac9230ad48f7fe594baad1d643c41912392
방패/보조무기,고대마령의화살통6성,ea863392cef2470a9ce54a2471f0cac9230ad48f7fe594baad1d643c41912392
투구,용아투구'섬8성,ea863392cef2470a9ce54a2471f0cac9230ad48f7fe594baad1d643c41912392
왼손,패자황금깍지,ea863392cef2470a9ce54a2471f0cac9230ad48f7fe594baad1d643c41912392
오른손,패자황금깍지,ea863392cef2470a9ce54a2471f0cac9230ad48f7fe594baad1d643c41912392
보조1,마령의노리개'흑8성,ea863392cef2470a9ce54a2471f0cac9230ad48f7fe594baad1d643c41912392
보조2,마사의귀목,ea863392cef2470a9ce54a2471f0cac9230ad48f7fe594baad1d643c41912392
얼굴장식,조사장의가면,ea863392cef2470a9ce54a2471f0cac9230ad48f7fe594baad1d643c41912392
캐시 투구,바람유치원헤어No03(남),ea863392cef2470a9ce54a2471f0cac9230ad48f7fe594baad1d643c41912392
망토,용성장견'섬8성,ea863392cef2470a9ce54a2471f0cac9230ad48f7fe594baad1d643c41912392
캐시 겉옷,반짇고리도깨비의상No01,ea863392cef2470a9ce54a2471f0cac9230ad48f7fe594baad1d643c41912392
신발,사령웅의앞발,ea863392cef2470a9ce54a2471f0cac9230ad48f7fe594baad1d643c41912392
목/어깨장식,고대마령의목걸이8성,ea863392cef2470a9ce54a2471f0cac9230ad48f7fe594baad1d643c41912392
캐시 무기,오래된채굴곡괭이,ea863392cef2470a9ce54a2471f0cac9230ad48f7fe594baad1d643c41912392
캐시 방패/보조무기,,ea863392cef2470a9ce54a2471f0cac9230ad48f7fe594baad1d643c41912392
캐시 얼굴장식,,ea863392cef2470a9ce54a2471f0cac9230ad48f7fe594baad1d643c41912392
캐시 망토,분홍꽃잎,ea863392cef2470a9ce54a2471f0cac9230ad48f7fe594baad1d643c41912392
캐시 신발,멍뭉이눈사람,ea863392cef2470a9ce54a2471f0cac9230ad48f7fe594baad1d643c41912392
캐시 목/어깨장식,초코델리힙색No01,ea863392cef2470a9ce54a2471f0cac9230ad48f7fe594baad1d643c41912392
세트옷,[괴수의상]아그니1성,ea863392cef2470a9ce54a2471f0cac9230ad48f7fe594baad1d643c41912392
캐시 세트옷,고대[신수]망또No02,ea863392cef2470a9ce54a2471f0cac9230ad48f7fe594baad1d643c41912392
장신구,자수원앙노리개1성,ea863392cef2470a9ce54a2471f0cac9230ad48f7fe594baad1d643c41912392
캐시 장신구,꽃도령곰곰귀,ea863392cef2470a9ce54a2471f0cac9230ad48f7fe594baad1d643c41912392
무기,용섬제십궁,8539794a0d45cb494ae006e185475cee79fc636299ee6f27a8e0e1a56304c758
갑옷,패자황금갑주,8539794a0d45cb494ae006e185475cee79fc636299ee6f27a8e0e1a56304c758
방패/보조무기,고대마령의화살통8성,8539794a0d45cb494ae006e185475cee79fc636299ee6f27a8e0e1a56304c758
투구,용아투구'섬8성,8539794a0d45cb494ae006e185475cee79fc636299ee6f27a8e0e1a56304c758
왼손,용발톱흑광노리개9성,8539794a0d45cb494ae006e185475cee79fc636299ee6f27a8e0e1a56304c758
오른손,패자황금깍지,8539794a0d45cb494ae006e185475cee79fc636299ee6f27a8e0e1a56304c758
보조1,천도의목걸이,8539794a0d45cb494ae006e185475cee79fc636299ee6f27a8e0e1a56304c758
보조2,빛나는마사의귀목,8539794a0d45cb494ae006e185475cee79fc636299ee6f27a8e0e1a56304c758
얼굴장식,빛나는조사장의가면,8539794a0d45cb494ae006e185475cee79fc636299ee6f27a8e0e1a56304c758
캐시 투구,,8539794a0d45cb494ae006e185475cee79fc636299ee6f27a8e0e1a56304c758
망토,용성장견'섬8성,8539794a0d45cb494ae006e185475cee79fc636299ee6f27a8e0e1a56304c758
캐시 겉옷,베이직블루군복,8539794a0d45cb494ae006e185475cee79fc636299ee6f27a8e0e1a56304c758
신발,고대마령의군화'흑8성,8539794a0d45cb494ae006e185475cee79fc636299ee6f27a8e0e1a56304c758
목/어깨장식,고대마령의목걸이8성,8539794a0d45cb494ae006e185475cee79fc636299ee6f27a8e0e1a56304c758
캐시 무기,겨울복주머니,8539794a0d45cb494ae006e185475cee79fc636299ee6f27a8e0e1a56304c758
캐시 방패/보조무기,핑크디저트마카롱,8539794a0d45cb494ae006e185475cee79fc636299ee6f27a8e0e1a56304c758
캐시 얼굴장식,,8539794a0d45cb494ae006e185475cee79fc636299ee6f27a8e0e1a56304c758
캐시 망토,값진별의날개,8539794a0d45cb494ae006e185475cee79fc636299ee6f27a8e0e1a56304c758
캐시 신발,값진반짝클로버,8539794a0d45cb494ae006e185475cee79fc636299ee6f27a8e0e1a56304c758
캐시 목/어깨장식,,8539794a0d45cb494ae006e185475cee79fc636299ee6f27a8e0e1a56304c758
세트옷,[괴수의상]아그니2성,8539794a0d45cb494ae006e185475cee79fc636299ee6f27a8e0e1a56304c758
캐시 세트옷,[구]망또No05,8539794a0d45cb494ae006e185475cee79fc636299ee6f27a8e0e1a56304c758
장신구,봉황삼작금노리개1성,8539794a0d45cb494ae006e185475cee79fc636299ee6f27a8e0e1a56304c758
캐시 장신구,값진행운브로치,8539794a0d45cb494ae006e185475cee79fc636299ee6f27a8e0e1a56304c758
무기,불멸용섬궁'2강,8539794a0d45cb494ae006e185475cee93bffea025472292e1951d11c6028924
갑옷,패자황금갑주,8539794a0d45cb494ae006e185475cee93bffea025472292e1951d11c6028924
방패/보조무기,고대마령의화살통7성,8539794a0d45cb494ae006e185475cee93bffea025472292e1951d11c6028924
투구,태염무신금잠8성,8539794a0d45cb494ae006e185475cee93bffea025472292e1951d11c6028924
왼손,패자황금깍지,8539794a0d45cb494ae006e185475cee93bffea025472292e1951d11c6028924
오른손,패자황금깍지,8539794a0d45cb494ae006e185475cee93bffea025472292e1951d11c6028924
보조1,투명구두,8539794a0d45cb494ae006e185475cee93bffea025472292e1951d11c6028924
보조2,마사의귀목,8539794a0d45cb494ae006e185475cee93bffea025472292e1951d11c6028924
얼굴장식,시바의시선,8539794a0d45cb494ae006e185475cee93bffea025472292e1951d11c6028924
캐시 투구,황금가마솥토끼귀,8539794a0d45cb494ae006e185475cee93bffea025472292e1951d11c6028924
망토,용성장견'섬9성,8539794a0d45cb494ae006e185475cee93bffea025472292e1951d11c6028924
캐시 겉옷,로맨틱신사의상No01,8539794a0d45cb494ae006e185475cee93bffea025472292e1951d11c6028924
신발,고대마령의군화'흑6성,8539794a0d45cb494ae006e185475cee93bffea025472292e1951d11c6028924
목/어깨장식,고대마령의목걸이8성,8539794a0d45cb494ae006e185475cee93bffea025472292e1951d11c6028924
캐시 무기,행운의채굴곡괭이,8539794a0d45cb494ae006e185475cee93bffea025472292e1951d11c6028924
캐시 방패/보조무기,,8539794a0d45cb494ae006e185475cee93bffea025472292e1951d11c6028924
캐시 얼굴장식,,8539794a0d45cb494ae006e185475cee93bffea025472292e1951d11c6028924
캐시 망토,영롱한얼음결정,8539794a0d45cb494ae006e185475cee93bffea025472292e1951d11c6028924
캐시 신발,,8539794a0d45cb494ae006e185475cee93bffea025472292e1951d11c6028924
캐시 목/어깨장식,레이스스카프No01,8539794a0d45cb494ae006e185475cee93bffea025472292e1951d11c6028924
세트옷,[괴수의상]아이라바타2성,8539794a0d45cb494ae006e185475cee93bffea025472292e1951d11c6028924
캐시 세트옷,[구]망또No05,8539794a0d45cb494ae006e185475cee93bffea025472292e1951d11c6028924
장신구,쑥비취노리개4성,8539794a0d45cb494ae006e185475cee93bffea025472292e1951d11c6028924
캐시 장신구,레인보우코사지,8539794a0d45cb494ae006e185475cee93bffea025472292e1951d11c6028924
무기,고대마령의적혈궁9성,139fb79ec0468e1ea2d97072b714343c09136a7c8dc2ff6d6886b20b5189de3d
갑옷,환웅의궁포'9성,139fb79ec0468e1ea2d97072b714343c09136a7c8dc2ff6d6886b20b5189de3d
방패/보조무기,고대마령의화살통6성,139fb79ec0468e1ea2d97072b714343c09136a7c8dc2ff6d6886b20b5189de3d
투구,환웅의머릿깃'9성,139fb79ec0468e1ea2d97072b714343c09136a7c8dc2ff6d6886b20b5189de3d
왼손,환웅의깍지'8성,139fb79ec0468e1ea2d97072b714343c09136a7c8dc2ff6d6886b20b5189de3d
오른손,환웅의깍지'7성,139fb79ec0468e1ea2d97072b714343c09136a7c8dc2ff6d6886b20b5189de3d
보조1,투명구두,139fb79ec0468e1ea2d97072b714343c09136a7c8dc2ff6d6886b20b5189de3d
보조2,마사의귀목,139fb79ec0468e1ea2d97072b714343c09136a7c8dc2ff6d6886b20b5189de3d
얼굴장식,시바의시선,139fb79ec0468e1ea2d97072b714343c09136a7c8dc2ff6d6886b20b5189de3d
캐시 투구,오버핏보이헤어No02,139fb79ec0468e1ea2d97072b714343c09136a7c8dc2ff6d6886b20b5189de3d
망토,천마궁의망토,139fb79ec0468e1ea2d97072b714343c09136a7c8dc2ff6d6886b20b5189de3d
캐시 겉옷,바코드의상(남),139fb79ec0468e1ea2d97072b714343c09136a7c8dc2ff6d6886b20b5189de3d
신발,사령웅의앞발,139fb79ec0468e1ea2d97072b714343c09136a7c8dc2ff6d6886b20b5189de3d
목/어깨장식,고대마령의목걸이7성,139fb79ec0468e1ea2d97072b714343c09136a7c8dc2ff6d6886b20b5189de3d
캐시 무기,인별아이스크림No02,139fb79ec0468e1ea2d97072b714343c09136a7c8dc2ff6d6886b20b5189de3d
캐시 방패/보조무기,애완문어,139fb79ec0468e1ea2d97072b714343c09136a7c8dc2ff6d6886b20b5189de3d
캐시 얼굴장식,,139fb79ec0468e1ea2d97072b714343c09136a7c8dc2ff6d6886b20b5189de3d
캐시 망토,,139fb79ec0468e1ea2d97072b714343c09136a7c8dc2ff6d6886b20b5189de3d
캐시 신발,한가위토깽의달,139fb79ec0468e1ea2d97072b714343c09136a7c8dc2ff6d6886b20b5189de3d
캐시 목/어깨장식,,139fb79ec0468e1ea2d97072b714343c09136a7c8dc2ff6d6886b20b5189de3d
세트옷,[괴수의상]아그니1성,139fb79ec0468e1ea2d97072b714343c09136a7c8dc2ff6d6886b20b5189de3d
캐시 세트옷,[구]망또No08,139fb79ec0468e1ea2d97072b714343c09136a7c8dc2ff6d6886b20b5189de3d
장신구,붉은토끼풀노리개1성,139fb79ec0468e1ea2d97072b714343c09136a7c8dc2ff6d6886b20b5189de3d
캐시 장신구,나사펫상어후드,139fb79ec0468e1ea2d97072b714343c09136a7c8dc2ff6d6886b20b5189de3d
무기,칼바람,8539794a0d45cb494ae006e185475cee97d4b36b8434f6ee3c64b1cd8fd0d6d5
갑옷,패자황금갑주,8539794a0d45cb494ae006e185475cee97d4b36b8434f6ee3c64b1cd8fd0d6d5
방패/보조무기,고대마령의화살통7성,8539794a0d45cb494ae006e185475cee97d4b36b8434f6ee3c64b1cd8fd0d6d5
투구,용아투구'섬8성,8539794a0d45cb494ae006e185475cee97d4b36b8434f6ee3c64b1cd8fd0d6d5
왼손,패자황금깍지,8539794a0d45cb494ae006e185475cee97d4b36b8434f6ee3c64b1cd8fd0d6d5
오른손,패자황금깍지,8539794a0d45cb494ae006e185475cee97d4b36b8434f6ee3c64b1cd8fd0d6d5
보조1,마사의귀목,8539794a0d45cb494ae006e185475cee97d4b36b8434f6ee3c64b1cd8fd0d6d5
보조2,빛나는마사의귀목,8539794a0d45cb494ae006e185475cee97d4b36b8434f6ee3c64b1cd8fd0d6d5
얼굴장식,시바의시선,8539794a0d45cb494ae006e185475cee97d4b36b8434f6ee3c64b1cd8fd0d6d5
캐시 투구,겨울한교복도령모,8539794a0d45cb494ae006e185475cee97d4b36b8434f6ee3c64b1cd8fd0d6d5
망토,용성장견'섬8성,8539794a0d45cb494ae006e185475cee97d4b36b8434f6ee3c64b1cd8fd0d6d5
캐시 겉옷,겨울한교복(남),8539794a0d45cb494ae006e185475cee97d4b36b8434f6ee3c64b1cd8fd0d6d5
신발,사령웅의앞발,8539794a0d45cb494ae006e185475cee97d4b36b8434f6ee3c64b1cd8fd0d6d5
목/어깨장식,고대마령의목걸이8성,8539794a0d45cb494ae006e185475cee97d4b36b8434f6ee3c64b1cd8fd0d6d5
캐시 무기,오래된채굴곡괭이,8539794a0d45cb494ae006e185475cee97d4b36b8434f6ee3c64b1cd8fd0d6d5
캐시 방패/보조무기,,8539794a0d45cb494ae006e185475cee97d4b36b8434f6ee3c64b1cd8fd0d6d5
캐시 얼굴장식,,8539794a0d45cb494ae006e185475cee97d4b36b8434f6ee3c64b1cd8fd0d6d5
캐시 망토,겨울한교복털망토,8539794a0d45cb494ae006e185475cee97d4b36b8434f6ee3c64b1cd8fd0d6d5
캐시 신발,겨울반딧불,8539794a0d45cb494ae006e185475cee97d4b36b8434f6ee3c64b1cd8fd0d6d5
캐시 목/어깨장식,다이어터운동수건,8539794a0d45cb494ae006e185475cee97d4b36b8434f6ee3c64b1cd8fd0d6d5
세트옷,[괴수의상]바루나1성,8539794a0d45cb494ae006e185475cee97d4b36b8434f6ee3c64b1cd8fd0d6d5
캐시 세트옷,[구]망또No05,8539794a0d45cb494ae006e185475cee97d4b36b8434f6ee3c64b1cd8fd0d6d5
장신구,자수원앙노리개1성,8539794a0d45cb494ae006e185475cee97d4b36b8434f6ee3c64b1cd8fd0d6d5
캐시 장신구,요정헤어핀No02,8539794a0d45cb494ae006e185475cee97d4b36b8434f6ee3c64b1cd8fd0d6d5
무기,용섬제십노,d5aacd48b86c1b3a777c090a12775ff01c930304f276f5aed366f8dd3987e733
갑옷,용섬멸아복8성,d5aacd48b86c1b3a777c090a12775ff01c930304f276f5aed366f8dd3987e733
방패/보조무기,고대마령의화살통6성,d5aacd48b86c1b3a777c090a12775ff01c930304f276f5aed366f8dd3987e733
투구,용아투구'섬8성,d5aacd48b86c1b3a777c090a12775ff01c930304f276f5aed366f8dd3987e733
왼손,검은불꽃일격반지8성,d5aacd48b86c1b3a777c090a12775ff01c930304f276f5aed366f8dd3987e733
오른손,[상급]봉래산반지,d5aacd48b86c1b3a777c090a12775ff01c930304f276f5aed366f8dd3987e733
보조1,천도의목걸이,d5aacd48b86c1b3a777c090a12775ff01c930304f276f5aed366f8dd3987e733
보조2,마사의귀목,d5aacd48b86c1b3a777c090a12775ff01c930304f276f5aed366f8dd3987e733
얼굴장식,조사장의가면,d5aacd48b86c1b3a777c090a12775ff01c930304f276f5aed366f8dd3987e733
캐시 투구,,d5aacd48b86c1b3a777c090a12775ff01c930304f276f5aed366f8dd3987e733
망토,용성장견'섬8성,d5aacd48b86c1b3a777c090a12775ff01c930304f276f5aed366f8dd3987e733
캐시 겉옷,레인보우의상(여),d5aacd48b86c1b3a777c090a12775ff01c930304f276f5aed366f8dd3987e733
신발,사령웅의앞발,d5aacd48b86c1b3a777c090a12775ff01c930304f276f5aed366f8dd3987e733
목/어깨장식,아이라바타의경식,d5aacd48b86c1b3a777c090a12775ff01c930304f276f5aed366f8dd3987e733
캐시 무기,,d5aacd48b86c1b3a777c090a12775ff01c930304f276f5aed366f8dd3987e733
캐시 방패/보조무기,다이어터커틀벨,d5aacd48b86c1b3a777c090a12775ff01c930304f276f5aed366f8dd3987e733
캐시 얼굴장식,,d5aacd48b86c1b3a777c090a12775ff01c930304f276f5aed366f8dd3987e733
캐시 망토,봄의청사꽃송이,d5aacd48b86c1b3a777c090a12775ff01c930304f276f5aed366f8dd3987e733
캐시 신발,겨울반딧불,d5aacd48b86c1b3a777c090a12775ff01c930304f276f5aed366f8dd3987e733
캐시 목/어깨장식,가넷하트목걸이,d5aacd48b86c1b3a777c090a12775ff01c930304f276f5aed366f8dd3987e733
세트옷,[괴수의상]아이라바타1성,d5aacd48b86c1b3a777c090a12775ff01c930304f276f5aed366f8dd3987e733
캐시 세트옷,[구]웨딩드레스No04,d5aacd48b86c1b3a777c090a12775ff01c930304f276f5aed366f8dd3987e733
장신구,붉은토끼풀노리개1성,d5aacd48b86c1b3a777c090a12775ff01c930304f276f5aed366f8dd3987e733
캐시 장신구,물방울무늬리본No01,d5aacd48b86c1b3a777c090a12775ff01c930304f276f5aed366f8dd3987e733
무기,용섬제십궁,1baf90d2f73b74347ca09f21987247c31c462397426aa006bbafbf7340208231
갑옷,패자황금갑주,1baf90d2f73b74347ca09f21987247c31c462397426aa006bbafbf7340208231
방패/보조무기,흑룡화살통,1baf90d2f73b74347ca09f21987247c31c462397426aa006bbafbf7340208231
투구,환웅의머릿깃'9성,1baf90d2f73b74347ca09f21987247c31c462397426aa006bbafbf7340208231
왼손,용발톱흑광노리개9성,1baf90d2f73b74347ca09f21987247c31c462397426aa006bbafbf7340208231
오른손,용발톱흑광노리개9성,1baf90d2f73b74347ca09f21987247c31c462397426aa006bbafbf7340208231
보조1,마사의귀목,1baf90d2f73b74347ca09f21987247c31c462397426aa006bbafbf7340208231
보조2,마사의귀목,1baf90d2f73b74347ca09f21987247c31c462397426aa006bbafbf7340208231
얼굴장식,시바의시선,1baf90d2f73b74347ca09f21987247c31c462397426aa006bbafbf7340208231
캐시 투구,설빔도령복건,1baf90d2f73b74347ca09f21987247c31c462397426aa006bbafbf7340208231
망토,천마궁의망토,1baf90d2f73b74347ca09f21987247c31c462397426aa006bbafbf7340208231
캐시 겉옷,한가위토깽의복(흑),1baf90d2f73b74347ca09f21987247c31c462397426aa006bbafbf7340208231
신발,사령웅의앞발,1baf90d2f73b74347ca09f21987247c31c462397426aa006bbafbf7340208231
목/어깨장식,고대마령의목걸이8성,1baf90d2f73b74347ca09f21987247c31c462397426aa006bbafbf7340208231
캐시 무기,눈사람오른손장갑No01,1baf90d2f73b74347ca09f21987247c31c462397426aa006bbafbf7340208231
캐시 방패/보조무기,눈사람왼손장갑No01,1baf90d2f73b74347ca09f21987247c31c462397426aa006bbafbf7340208231
캐시 얼굴장식,,1baf90d2f73b74347ca09f21987247c31c462397426aa006bbafbf7340208231
캐시 망토,매드사이버날개,1baf90d2f73b74347ca09f21987247c31c462397426aa006bbafbf7340208231
캐시 신발,바람정장구두,1baf90d2f73b74347ca09f21987247c31c462397426aa006bbafbf7340208231
캐시 목/어깨장식,다이어터운동수건,1baf90d2f73b74347ca09f21987247c31c462397426aa006bbafbf7340208231
세트옷,도깨비탐,1baf90d2f73b74347ca09f21987247c31c462397426aa006bbafbf7340208231
캐시 세트옷,[구]망또No02,1baf90d2f73b74347ca09f21987247c31c462397426aa006bbafbf7340208231
장신구,파란나비노리개1성,1baf90d2f73b74347ca09f21987247c31c462397426aa006bbafbf7340208231
캐시 장신구,찍찍이No01,1baf90d2f73b74347ca09f21987247c31c462397426aa006bbafbf7340208231
무기,고대마령의적혈궁10성,8539794a0d45cb494ae006e185475cee013d8dd9dc90e3239511b6302540364b
갑옷,패자황금갑주,8539794a0d45cb494ae006e185475cee013d8dd9dc90e3239511b6302540364b
방패/보조무기,고대마령의화살통6성,8539794a0d45cb494ae006e185475cee013d8dd9dc90e3239511b6302540364b
투구,용아투구'섬8성,8539794a0d45cb494ae006e185475cee013d8dd9dc90e3239511b6302540364b
왼손,용발톱흑광노리개9성,8539794a0d45cb494ae006e185475cee013d8dd9dc90e3239511b6302540364b
오른손,용발톱흑광노리개9성,8539794a0d45cb494ae006e185475cee013d8dd9dc90e3239511b6302540364b
보조1,투명구두,8539794a0d45cb494ae006e185475cee013d8dd9dc90e3239511b6302540364b
보조2,마사의귀목,8539794a0d45cb494ae006e185475cee013d8dd9dc90e3239511b6302540364b
얼굴장식,조사장의가면,8539794a0d45cb494ae006e185475cee013d8dd9dc90e3239511b6302540364b
캐시 투구,반짇고리도깨비바늘쌈지No04,8539794a0d45cb494ae006e185475cee013d8dd9dc90e3239511b6302540364b
망토,무신귀갑주8성,8539794a0d45cb494ae006e185475cee013d8dd9dc90e3239511b6302540364b
캐시 겉옷,반짇고리도깨비의상No04,8539794a0d45cb494ae006e185475cee013d8dd9dc90e3239511b6302540364b
신발,사령웅의앞발,8539794a0d45cb494ae006e185475cee013d8dd9dc90e3239511b6302540364b
목/어깨장식,단조의심단,8539794a0d45cb494ae006e185475cee013d8dd9dc90e3239511b6302540364b
캐시 무기,SG-870.v2,8539794a0d45cb494ae006e185475cee013d8dd9dc90e3239511b6302540364b
캐시 방패/보조무기,별헤는크로스백,8539794a0d45cb494ae006e185475cee013d8dd9dc90e3239511b6302540364b
캐시 얼굴장식,,8539794a0d45cb494ae006e185475cee013d8dd9dc90e3239511b6302540364b
캐시 망토,,8539794a0d45cb494ae006e185475cee013d8dd9dc90e3239511b6302540364b
캐시 신발,겨울반딧불,8539794a0d45cb494ae006e185475cee013d8dd9dc90e3239511b6302540364b
캐시 목/어깨장식,꽃요정나비케이프,8539794a0d45cb494ae006e185475cee013d8dd9dc90e3239511b6302540364b
세트옷,[괴수의상]바루나1성,8539794a0d45cb494ae006e185475cee013d8dd9dc90e3239511b6302540364b
캐시 세트옷,[구]웨딩드레스No01,8539794a0d45cb494ae006e185475cee013d8dd9dc90e3239511b6302540364b
장신구,파란나비노리개1성,8539794a0d45cb494ae006e185475cee013d8dd9dc90e3239511b6302540364b
캐시 장신구,반짇고리도깨비실패No04,8539794a0d45cb494ae006e185475cee013d8dd9dc90e3239511b6302540364b
무기,고대마령의적혈궁6성,8539794a0d45cb494ae006e185475ceee64d6e4bc3b2774790a89b3050a0ff2b
갑옷,태광천신의복8성,8539794a0d45cb494ae006e185475ceee64d6e4bc3b2774790a89b3050a0ff2b
방패/보조무기,고대마령의화살통6성,8539794a0d45cb494ae006e185475ceee64d6e4bc3b2774790a89b3050a0ff2b
투구,태광천신금잠6성,8539794a0d45cb494ae006e185475ceee64d6e4bc3b2774790a89b3050a0ff2b
왼손,금린노리개6성,8539794a0d45cb494ae006e185475ceee64d6e4bc3b2774790a89b3050a0ff2b
오른손,금린노리개6성,8539794a0d45cb494ae006e185475ceee64d6e4bc3b2774790a89b3050a0ff2b
보조1,마령의노리개'흑8성,8539794a0d45cb494ae006e185475ceee64d6e4bc3b2774790a89b3050a0ff2b
보조2,마사의귀목,8539794a0d45cb494ae006e185475ceee64d6e4bc3b2774790a89b3050a0ff2b
얼굴장식,조사장의가면,8539794a0d45cb494ae006e185475ceee64d6e4bc3b2774790a89b3050a0ff2b
캐시 투구,인어왕자헤어,8539794a0d45cb494ae006e185475ceee64d6e4bc3b2774790a89b3050a0ff2b
망토,무신귀갑주6성,8539794a0d45cb494ae006e185475ceee64d6e4bc3b2774790a89b3050a0ff2b
캐시 겉옷,바람정장,8539794a0d45cb494ae006e185475ceee64d6e4bc3b2774790a89b3050a0ff2b
신발,사령웅의앞발,8539794a0d45cb494ae006e185475ceee64d6e4bc3b2774790a89b3050a0ff2b
목/어깨장식,고대마령의목걸이6성,8539794a0d45cb494ae006e185475ceee64d6e4bc3b2774790a89b3050a0ff2b
캐시 무기,오래된채굴곡괭이,8539794a0d45cb494ae006e185475ceee64d6e4bc3b2774790a89b3050a0ff2b
캐시 방패/보조무기,,8539794a0d45cb494ae006e185475ceee64d6e4bc3b2774790a89b3050a0ff2b
캐시 얼굴장식,눈장식:뭘봐,8539794a0d45cb494ae006e185475ceee64d6e4bc3b2774790a89b3050a0ff2b
캐시 망토,시크한유체가방,8539794a0d45cb494ae006e185475ceee64d6e4bc3b2774790a89b3050a0ff2b
캐시 신발,토끼발자국No01,8539794a0d45cb494ae006e185475ceee64d6e4bc3b2774790a89b3050a0ff2b
캐시 목/어깨장식,웨딩부토니에,8539794a0d45cb494ae006e185475ceee64d6e4bc3b2774790a89b3050a0ff2b
세트옷,강철의탐,8539794a0d45cb494ae006e185475ceee64d6e4bc3b2774790a89b3050a0ff2b
캐시 세트옷,미'이화선인분신'매,8539794a0d45cb494ae006e185475ceee64d6e4bc3b2774790a89b3050a0ff2b
장신구,자수원앙노리개1성,8539794a0d45cb494ae006e185475ceee64d6e4bc3b2774790a89b3050a0ff2b
캐시 장신구,꽃도령냥냥귀,8539794a0d45cb494ae006e185475ceee64d6e4bc3b2774790a89b3050a0ff2b
무기,용주제십도,9c876c54a69edc7e662a4de11531f1d46145781ee4ddfb11309b9fdc4ab43e66
갑옷,현무불괴갑,9c876c54a69edc7e662a4de11531f1d46145781ee4ddfb11309b9fdc4ab43e66
방패/보조무기,,9c876c54a69edc7e662a4de11531f1d46145781ee4ddfb11309b9fdc4ab43e66
투구,패자황금투구,9c876c54a69edc7e662a4de11531f1d46145781ee4ddfb11309b9fdc4ab43e66
왼손,패자황금손목띠,9c876c54a69edc7e662a4de11531f1d46145781ee4ddfb11309b9fdc4ab43e66
오른손,패자황금손목띠,9c876c54a69edc7e662a4de11531f1d46145781ee4ddfb11309b9fdc4ab43e66
보조1,마령의노리개'흑10성,9c876c54a69edc7e662a4de11531f1d46145781ee4ddfb11309b9fdc4ab43e66
보조2,빛나는마사의귀목,9c876c54a69edc7e662a4de11531f1d46145781ee4ddfb11309b9fdc4ab43e66
얼굴장식,빛나는조사장의가면,9c876c54a69edc7e662a4de11531f1d46145781ee4ddfb11309b9fdc4ab43e66
캐시 투구,GM환웅의두건'9성,9c876c54a69edc7e662a4de11531f1d46145781ee4ddfb11309b9fdc4ab43e66
망토,용성신부'주8성,9c876c54a69edc7e662a4de11531f1d46145781ee4ddfb11309b9fdc4ab43e66
캐시 겉옷,동물농장큐티의상(남)No03,9c876c54a69edc7e662a4de11531f1d46145781ee4ddfb11309b9fdc4ab43e66
신발,고대마령의군화'흑8성,9c876c54a69edc7e662a4de11531f1d46145781ee4ddfb11309b9fdc4ab43e66
목/어깨장식,고대마령의목걸이8성,9c876c54a69edc7e662a4de11531f1d46145781ee4ddfb11309b9fdc4ab43e66
캐시 무기,[심야]행운의채굴곡괭이,9c876c54a69edc7e662a4de11531f1d46145781ee4ddfb11309b9fdc4ab43e66
캐시 방패/보조무기,[빽투]팔세지도,9c876c54a69edc7e662a4de11531f1d46145781ee4ddfb11309b9fdc4ab43e66
캐시 얼굴장식,자객복면,9c876c54a69edc7e662a4de11531f1d46145781ee4ddfb11309b9fdc4ab43e66
캐시 망토,나이트워커홀스터,9c876c54a69edc7e662a4de11531f1d46145781ee4ddfb11309b9fdc4ab43e66
캐시 신발,토끼발자국No01,9c876c54a69edc7e662a4de11531f1d46145781ee4ddfb11309b9fdc4ab43e66
캐시 목/어깨장식,초코델리힙색No02,9c876c54a69edc7e662a4de11531f1d46145781ee4ddfb11309b9fdc4ab43e66
세트옷,[괴수의상]가루다5성,9c876c54a69edc7e662a4de11531f1d46145781ee4ddfb11309b9fdc4ab43e66
캐시 세트옷,,9c876c54a69edc7e662a4de11531f1d46145781ee4ddfb11309b9fdc4ab43e66
장신구,붉은토끼풀노리개1성,9c876c54a69edc7e662a4de11531f1d46145781ee4ddfb11309b9fdc4ab43e66
캐시 장신구,바린족얼굴무늬No01,9c876c54a69edc7e662a4de11531f1d46145781ee4ddfb11309b9fdc4ab43e66
무기,용주제십도,5c6722ecf718352c63235bceec3c45221c093150d8c67aa37c548653de6720f6
갑옷,패자황금연갑,5c6722ecf718352c63235bceec3c45221c093150d8c67aa37c548653de6720f6
방패/보조무기,,5c6722ecf718352c63235bceec3c45221c093150d8c67aa37c548653de6720f6
투구,태광천신금잠7성,5c6722ecf718352c63235bceec3c45221c093150d8c67aa37c548653de6720f6
왼손,금린노리개6성,5c6722ecf718352c63235bceec3c45221c093150d8c67aa37c548653de6720f6
오른손,패자황금손목띠,5c6722ecf718352c63235bceec3c45221c093150d8c67aa37c548653de6720f6
보조1,마령의노리개'흑10성,5c6722ecf718352c63235bceec3c45221c093150d8c67aa37c548653de6720f6
보조2,빛나는마사의귀목,5c6722ecf718352c63235bceec3c45221c093150d8c67aa37c548653de6720f6
얼굴장식,고대마령의암막8성,5c6722ecf718352c63235bceec3c45221c093150d8c67aa37c548653de6720f6
캐시 투구,,5c6722ecf718352c63235bceec3c45221c093150d8c67aa37c548653de6720f6
망토,고대마령의칼날10성,5c6722ecf718352c63235bceec3c45221c093150d8c67aa37c548653de6720f6
캐시 겉옷,고고한선비도포(여),5c6722ecf718352c63235bceec3c45221c093150d8c67aa37c548653de6720f6
신발,고대마령의군화'흑8성,5c6722ecf718352c63235bceec3c45221c093150d8c67aa37c548653de6720f6
목/어깨장식,고대마령의목걸이8성,5c6722ecf718352c63235bceec3c45221c093150d8c67aa37c548653de6720f6
캐시 무기,행운의채굴곡괭이,5c6722ecf718352c63235bceec3c45221c093150d8c67aa37c548653de6720f6
캐시 방패/보조무기,순정만화책,5c6722ecf718352c63235bceec3c45221c093150d8c67aa37c548653de6720f6
캐시 얼굴장식,[30주년]넥슨히어로하트,5c6722ecf718352c63235bceec3c45221c093150d8c67aa37c548653de6720f6
캐시 망토,러블리키스No08,5c6722ecf718352c63235bceec3c45221c093150d8c67aa37c548653de6720f6
캐시 신발,유성우,5c6722ecf718352c63235bceec3c45221c093150d8c67aa37c548653de6720f6
캐시 목/어깨장식,웨딩목걸이,5c6722ecf718352c63235bceec3c45221c093150d8c67aa37c548653de6720f6
세트옷,강철의탐,5c6722ecf718352c63235bceec3c45221c093150d8c67aa37c548653de6720f6
캐시 세트옷,[구]웨딩드레스No01,5c6722ecf718352c63235bceec3c45221c093150d8c67aa37c548653de6720f6
장신구,파란나비노리개3성,5c6722ecf718352c63235bceec3c45221c093150d8c67aa37c548653de6720f6
캐시 장신구,초코델리귀걸이,5c6722ecf718352c63235bceec3c45221c093150d8c67aa37c548653de6720f6
무기,환웅천주'9각,2f7f5cd62e781aa614402b7b4d9e293c9095cf942cf4d7f812ccc4a618980cee
갑옷,용주파천단8성,2f7f5cd62e781aa614402b7b4d9e293c9095cf942cf4d7f812ccc4a618980cee
방패/보조무기,,2f7f5cd62e781aa614402b7b4d9e293c9095cf942cf4d7f812ccc4a618980cee
투구,용아천관'주8성,2f7f5cd62e781aa614402b7b4d9e293c9095cf942cf4d7f812ccc4a618980cee
왼손,[상급]봉래산반지,2f7f5cd62e781aa614402b7b4d9e293c9095cf942cf4d7f812ccc4a618980cee
오른손,[상급]봉래산반지,2f7f5cd62e781aa614402b7b4d9e293c9095cf942cf4d7f812ccc4a618980cee
보조1,승리의증표,2f7f5cd62e781aa614402b7b4d9e293c9095cf942cf4d7f812ccc4a618980cee
보조2,승리의증표,2f7f5cd62e781aa614402b7b4d9e293c9095cf942cf4d7f812ccc4a618980cee
얼굴장식,빛나는조사장의가면,2f7f5cd62e781aa614402b7b4d9e293c9095cf942cf4d7f812ccc4a618980cee
캐시 투구,,2f7f5cd62e781aa614402b7b4d9e293c9095cf942cf4d7f812ccc4a618980cee
망토,용성신부'주8성,2f7f5cd62e781aa614402b7b4d9e293c9095cf942cf4d7f812ccc4a618980cee
캐시 겉옷,토끼소년의상No01,2f7f5cd62e781aa614402b7b4d9e293c9095cf942cf4d7f812ccc4a618980cee
신발,사령웅의앞발,2f7f5cd62e781aa614402b7b4d9e293c9095cf942cf4d7f812ccc4a618980cee
목/어깨장식,청의비녀,2f7f5cd62e781aa614402b7b4d9e293c9095cf942cf4d7f812ccc4a618980cee
캐시 무기,새내기핸드폰,2f7f5cd62e781aa614402b7b4d9e293c9095cf942cf4d7f812ccc4a618980cee
캐시 방패/보조무기,웨딩비둘기,2f7f5cd62e781aa614402b7b4d9e293c9095cf942cf4d7f812ccc4a618980cee
캐시 얼굴장식,,2f7f5cd62e781aa614402b7b4d9e293c9095cf942cf4d7f812ccc4a618980cee
캐시 망토,,2f7f5cd62e781aa614402b7b4d9e293c9095cf942cf4d7f812ccc4a618980cee
캐시 신발,,2f7f5cd62e781aa614402b7b4d9e293c9095cf942cf4d7f812ccc4a618980cee
캐시 목/어깨장식,딱콩삐쭉스카프No03,2f7f5cd62e781aa614402b7b4d9e293c9095cf942cf4d7f812ccc4a618980cee
세트옷,도깨비탐,2f7f5cd62e781aa614402b7b4d9e293c9095cf942cf4d7f812ccc4a618980cee
캐시 세트옷,,2f7f5cd62e781aa614402b7b4d9e293c9095cf942cf4d7f812ccc4a618980cee
장신구,붉은토끼풀노리개1성,2f7f5cd62e781aa614402b7b4d9e293c9095cf942cf4d7f812ccc4a618980cee
캐시 장신구,베베머리위뱁새,2f7f5cd62e781aa614402b7b4d9e293c9095cf942cf4d7f812ccc4a618980cee
무기,진'서라마옥도,f88660003af10967b78b9211162b138cc7a6bb2e2ee9005b92722f6c8b4a6afd
갑옷,환웅의도복'9성,f88660003af10967b78b9211162b138cc7a6bb2e2ee9005b92722f6c8b4a6afd
방패/보조무기,고대마령의방패6성,f88660003af10967b78b9211162b138cc7a6bb2e2ee9005b92722f6c8b4a6afd
투구,태광천신금잠8성,f88660003af10967b78b9211162b138cc7a6bb2e2ee9005b92722f6c8b4a6afd
왼손,고대마령의장갑'흑6성,f88660003af10967b78b9211162b138cc7a6bb2e2ee9005b92722f6c8b4a6afd
오른손,고대마령의장갑'흑6성,f88660003af10967b78b9211162b138cc7a6bb2e2ee9005b92722f6c8b4a6afd
보조1,아그니의적영,f88660003af10967b78b9211162b138cc7a6bb2e2ee9005b92722f6c8b4a6afd
보조2,아그니의적영,f88660003af10967b78b9211162b138cc7a6bb2e2ee9005b92722f6c8b4a6afd
얼굴장식,시바의시선,f88660003af10967b78b9211162b138cc7a6bb2e2ee9005b92722f6c8b4a6afd
캐시 투구,나비머리띠,f88660003af10967b78b9211162b138cc7a6bb2e2ee9005b92722f6c8b4a6afd
망토,고대마령의칼날8성,f88660003af10967b78b9211162b138cc7a6bb2e2ee9005b92722f6c8b4a6afd
캐시 겉옷,[백두]토끼소녀의상,f88660003af10967b78b9211162b138cc7a6bb2e2ee9005b92722f6c8b4a6afd
신발,사령웅의앞발,f88660003af10967b78b9211162b138cc7a6bb2e2ee9005b92722f6c8b4a6afd
목/어깨장식,고대마령의목걸이6성,f88660003af10967b78b9211162b138cc7a6bb2e2ee9005b92722f6c8b4a6afd
캐시 무기,봄기운벚꽃우산,f88660003af10967b78b9211162b138cc7a6bb2e2ee9005b92722f6c8b4a6afd
캐시 방패/보조무기,웨딩비둘기,f88660003af10967b78b9211162b138cc7a6bb2e2ee9005b92722f6c8b4a6afd
캐시 얼굴장식,유니콘음악대반짝이,f88660003af10967b78b9211162b138cc7a6bb2e2ee9005b92722f6c8b4a6afd
캐시 망토,분홍꽃잎,f88660003af10967b78b9211162b138cc7a6bb2e2ee9005b92722f6c8b4a6afd
캐시 신발,여름별빛달콤반짝,f88660003af10967b78b9211162b138cc7a6bb2e2ee9005b92722f6c8b4a6afd
캐시 목/어깨장식,여름별빛달콤카라,f88660003af10967b78b9211162b138cc7a6bb2e2ee9005b92722f6c8b4a6afd
세트옷,[괴수의상]아이라바타1성,f88660003af10967b78b9211162b138cc7a6bb2e2ee9005b92722f6c8b4a6afd
캐시 세트옷,,f88660003af10967b78b9211162b138cc7a6bb2e2ee9005b92722f6c8b4a6afd
장신구,자수원앙노리개3성,f88660003af10967b78b9211162b138cc7a6bb2e2ee9005b92722f6c8b4a6afd
캐시 장신구,빈디장식,f88660003af10967b78b9211162b138cc7a6bb2e2ee9005b92722f6c8b4a6afd
무기,현무빙사'5성,8539794a0d45cb494ae006e185475cee9e15a2d597c34f02d21f3f4b63ecf896
갑옷,고대마령갑주10성,8539794a0d45cb494ae006e185475cee9e15a2d597c34f02d21f3f4b63ecf896
방패/보조무기,,8539794a0d45cb494ae006e185475cee9e15a2d597c34f02d21f3f4b63ecf896
투구,고대마령투구10성,8539794a0d45cb494ae006e185475cee9e15a2d597c34f02d21f3f4b63ecf896
왼손,고대물의성물'3성,8539794a0d45cb494ae006e185475cee9e15a2d597c34f02d21f3f4b63ecf896
오른손,고대마령의장갑'흑10성,8539794a0d45cb494ae006e185475cee9e15a2d597c34f02d21f3f4b63ecf896
보조1,천도의목걸이,8539794a0d45cb494ae006e185475cee9e15a2d597c34f02d21f3f4b63ecf896
보조2,마령의노리개'흑10성,8539794a0d45cb494ae006e185475cee9e15a2d597c34f02d21f3f4b63ecf896
얼굴장식,고대마령의암막8성,8539794a0d45cb494ae006e185475cee9e15a2d597c34f02d21f3f4b63ecf896
캐시 투구,참새보부상패랭이,8539794a0d45cb494ae006e185475cee9e15a2d597c34f02d21f3f4b63ecf896
망토,고대마령의칼날10성,8539794a0d45cb494ae006e185475cee9e15a2d597c34f02d21f3f4b63ecf896
캐시 겉옷,꽃도령도포No01,8539794a0d45cb494ae006e185475cee9e15a2d597c34f02d21f3f4b63ecf896
신발,고대마령의군화'흑8성,8539794a0d45cb494ae006e185475cee9e15a2d597c34f02d21f3f4b63ecf896
목/어깨장식,고대마령의목걸이8성,8539794a0d45cb494ae006e185475cee9e15a2d597c34f02d21f3f4b63ecf896
캐시 무기,꼬물이막대,8539794a0d45cb494ae006e185475cee9e15a2d597c34f02d21f3f4b63ecf896
캐시 방패/보조무기,나사펫상어,8539794a0d45cb494ae006e185475cee9e15a2d597c34f02d21f3f4b63ecf896
캐시 얼굴장식,,8539794a0d45cb494ae006e185475cee9e15a2d597c34f02d21f3f4b63ecf896
캐시 망토,칠석견우비단도포,8539794a0d45cb494ae006e185475cee9e15a2d597c34f02d21f3f4b63ecf896
캐시 신발,버블샌들No01남,8539794a0d45cb494ae006e185475cee9e15a2d597c34f02d21f3f4b63ecf896
캐시 목/어깨장식,나그네호리병,8539794a0d45cb494ae006e185475cee9e15a2d597c34f02d21f3f4b63ecf896
세트옷,[괴수의상]아그니1성,8539794a0d45cb494ae006e185475cee9e15a2d597c34f02d21f3f4b63ecf896
캐시 세트옷,[구]웨딩드레스No02,8539794a0d45cb494ae006e185475cee9e15a2d597c34f02d21f3f4b63ecf896
장신구,붉은토끼풀노리개3성,8539794a0d45cb494ae006e185475cee9e15a2d597c34f02d21f3f4b63ecf896
캐시 장신구,새내기핑크볼터치,8539794a0d45cb494ae006e185475cee9e15a2d597c34f02d21f3f4b63ecf896
무기,용주제구도,b260bfa238cade60ee0a5023e4242ab569f3a16ccbcc3b9f817648dd8f6e4106
갑옷,용주멸아단8성,b260bfa238cade60ee0a5023e4242ab569f3a16ccbcc3b9f817648dd8f6e4106
방패/보조무기,,b260bfa238cade60ee0a5023e4242ab569f3a16ccbcc3b9f817648dd8f6e4106
투구,용아천관'주8성,b260bfa238cade60ee0a5023e4242ab569f3a16ccbcc3b9f817648dd8f6e4106
왼손,용비늘흑광노리개9성,b260bfa238cade60ee0a5023e4242ab569f3a16ccbcc3b9f817648dd8f6e4106
오른손,용비늘흑광노리개9성,b260bfa238cade60ee0a5023e4242ab569f3a16ccbcc3b9f817648dd8f6e4106
보조1,마사의귀목,b260bfa238cade60ee0a5023e4242ab569f3a16ccbcc3b9f817648dd8f6e4106
보조2,마사의귀목,b260bfa238cade60ee0a5023e4242ab569f3a16ccbcc3b9f817648dd8f6e4106
얼굴장식,고대마령의암막6성,b260bfa238cade60ee0a5023e4242ab569f3a16ccbcc3b9f817648dd8f6e4106
캐시 투구,초코델리소녀헤어,b260bfa238cade60ee0a5023e4242ab569f3a16ccbcc3b9f817648dd8f6e4106
망토,용성신부'주8성,b260bfa238cade60ee0a5023e4242ab569f3a16ccbcc3b9f817648dd8f6e4106
캐시 겉옷,여름별빛의상(여),b260bfa238cade60ee0a5023e4242ab569f3a16ccbcc3b9f817648dd8f6e4106
신발,고대마령의군화'흑6성,b260bfa238cade60ee0a5023e4242ab569f3a16ccbcc3b9f817648dd8f6e4106
목/어깨장식,고대마령의목걸이6성,b260bfa238cade60ee0a5023e4242ab569f3a16ccbcc3b9f817648dd8f6e4106
캐시 무기,행운의채굴곡괭이,b260bfa238cade60ee0a5023e4242ab569f3a16ccbcc3b9f817648dd8f6e4106
캐시 방패/보조무기,할로윈악마곰돌이,b260bfa238cade60ee0a5023e4242ab569f3a16ccbcc3b9f817648dd8f6e4106
캐시 얼굴장식,[30주년]넥슨히어로하트,b260bfa238cade60ee0a5023e4242ab569f3a16ccbcc3b9f817648dd8f6e4106
캐시 망토,한밤꿈요정날개,b260bfa238cade60ee0a5023e4242ab569f3a16ccbcc3b9f817648dd8f6e4106
캐시 신발,토끼발자국No01,b260bfa238cade60ee0a5023e4242ab569f3a16ccbcc3b9f817648dd8f6e4106
캐시 목/어깨장식,,b260bfa238cade60ee0a5023e4242ab569f3a16ccbcc3b9f817648dd8f6e4106
세트옷,[괴수의상]아이라바타1성,b260bfa238cade60ee0a5023e4242ab569f3a16ccbcc3b9f817648dd8f6e4106
캐시 세트옷,,b260bfa238cade60ee0a5023e4242ab569f3a16ccbcc3b9f817648dd8f6e4106
장신구,자수원앙노리개1성,b260bfa238cade60ee0a5023e4242ab569f3a16ccbcc3b9f817648dd8f6e4106
캐시 장신구,금빛화랑귀걸이,b260bfa238cade60ee0a5023e4242ab569f3a16ccbcc3b9f817648dd8f6e4106
무기,고대마령의적혈포9성,62bda9e0f867e083385919f25f2d52e2bba518daffd38cb8ab4b817a0bc73232
갑옷,용주멸아단8성,62bda9e0f867e083385919f25f2d52e2bba518daffd38cb8ab4b817a0bc73232
방패/보조무기,,62bda9e0f867e083385919f25f2d52e2bba518daffd38cb8ab4b817a0bc73232
투구,태광천신금잠7성,62bda9e0f867e083385919f25f2d52e2bba518daffd38cb8ab4b817a0bc73232
왼손,금린반지6성,62bda9e0f867e083385919f25f2d52e2bba518daffd38cb8ab4b817a0bc73232
오른손,금린반지6성,62bda9e0f867e083385919f25f2d52e2bba518daffd38cb8ab4b817a0bc73232
보조1,마령의노리개'흑6성,62bda9e0f867e083385919f25f2d52e2bba518daffd38cb8ab4b817a0bc73232
보조2,마사의귀목,62bda9e0f867e083385919f25f2d52e2bba518daffd38cb8ab4b817a0bc73232
얼굴장식,조사장의가면,62bda9e0f867e083385919f25f2d52e2bba518daffd38cb8ab4b817a0bc73232
캐시 투구,초코델리소녀헤어,62bda9e0f867e083385919f25f2d52e2bba518daffd38cb8ab4b817a0bc73232
망토,무신귀갑주7성,62bda9e0f867e083385919f25f2d52e2bba518daffd38cb8ab4b817a0bc73232
캐시 겉옷,쿠킹의상No01여,62bda9e0f867e083385919f25f2d52e2bba518daffd38cb8ab4b817a0bc73232
신발,사령웅의앞발,62bda9e0f867e083385919f25f2d52e2bba518daffd38cb8ab4b817a0bc73232
목/어깨장식,진'흉수의인장,62bda9e0f867e083385919f25f2d52e2bba518daffd38cb8ab4b817a0bc73232
캐시 무기,미니눈냥이,62bda9e0f867e083385919f25f2d52e2bba518daffd38cb8ab4b817a0bc73232
캐시 방패/보조무기,로코코샤이니베어,62bda9e0f867e083385919f25f2d52e2bba518daffd38cb8ab4b817a0bc73232
캐시 얼굴장식,,62bda9e0f867e083385919f25f2d52e2bba518daffd38cb8ab4b817a0bc73232
캐시 망토,분홍꽃잎,62bda9e0f867e083385919f25f2d52e2bba518daffd38cb8ab4b817a0bc73232
캐시 신발,행복한꽃,62bda9e0f867e083385919f25f2d52e2bba518daffd38cb8ab4b817a0bc73232
캐시 목/어깨장식,[허니문]빨강리본,62bda9e0f867e083385919f25f2d52e2bba518daffd38cb8ab4b817a0bc73232
세트옷,[괴수의상]바루나1성,62bda9e0f867e083385919f25f2d52e2bba518daffd38cb8ab4b817a0bc73232
캐시 세트옷,[탐험]토요의정,62bda9e0f867e083385919f25f2d52e2bba518daffd38cb8ab4b817a0bc73232
장신구,붉은토끼풀노리개2성,62bda9e0f867e083385919f25f2d52e2bba518daffd38cb8ab4b817a0bc73232
캐시 장신구,슬탐구토야핀,62bda9e0f867e083385919f25f2d52e2bba518daffd38cb8ab4b817a0bc73232
무기,용주제십도,2af4c0385884ddd333bf69251baaabc2a645ec2bbb07d2971d777da25f2c16f9
갑옷,용주파천단8성,2af4c0385884ddd333bf69251baaabc2a645ec2bbb07d2971d777da25f2c16f9
방패/보조무기,,2af4c0385884ddd333bf69251baaabc2a645ec2bbb07d2971d777da25f2c16f9
투구,용아천관'주8성,2af4c0385884ddd333bf69251baaabc2a645ec2bbb07d2971d777da25f2c16f9
왼손,패자황금손목띠,2af4c0385884ddd333bf69251baaabc2a645ec2bbb07d2971d777da25f2c16f9
오른손,패자황금손목띠,2af4c0385884ddd333bf69251baaabc2a645ec2bbb07d2971d777da25f2c16f9
보조1,마사의귀목,2af4c0385884ddd333bf69251baaabc2a645ec2bbb07d2971d777da25f2c16f9
보조2,아그니의적영,2af4c0385884ddd333bf69251baaabc2a645ec2bbb07d2971d777da25f2c16f9
얼굴장식,시바의시선,2af4c0385884ddd333bf69251baaabc2a645ec2bbb07d2971d777da25f2c16f9
캐시 투구,가을홀릭소년헤어No02,2af4c0385884ddd333bf69251baaabc2a645ec2bbb07d2971d777da25f2c16f9
망토,용성신부'주8성,2af4c0385884ddd333bf69251baaabc2a645ec2bbb07d2971d777da25f2c16f9
캐시 겉옷,애니멀펑크교복(남),2af4c0385884ddd333bf69251baaabc2a645ec2bbb07d2971d777da25f2c16f9
신발,사령웅의앞발,2af4c0385884ddd333bf69251baaabc2a645ec2bbb07d2971d777da25f2c16f9
목/어깨장식,진'흉수의인장,2af4c0385884ddd333bf69251baaabc2a645ec2bbb07d2971d777da25f2c16f9
캐시 무기,행운의채굴곡괭이,2af4c0385884ddd333bf69251baaabc2a645ec2bbb07d2971d777da25f2c16f9
캐시 방패/보조무기,웨딩비둘기,2af4c0385884ddd333bf69251baaabc2a645ec2bbb07d2971d777da25f2c16f9
캐시 얼굴장식,,2af4c0385884ddd333bf69251baaabc2a645ec2bbb07d2971d777da25f2c16f9
캐시 망토,나이트워커홀스터,2af4c0385884ddd333bf69251baaabc2a645ec2bbb07d2971d777da25f2c16f9
캐시 신발,흩뿌려진꽃잎No01,2af4c0385884ddd333bf69251baaabc2a645ec2bbb07d2971d777da25f2c16f9
캐시 목/어깨장식,,2af4c0385884ddd333bf69251baaabc2a645ec2bbb07d2971d777da25f2c16f9
세트옷,[괴수의상]바루나1성,2af4c0385884ddd333bf69251baaabc2a645ec2bbb07d2971d777da25f2c16f9
캐시 세트옷,,2af4c0385884ddd333bf69251baaabc2a645ec2bbb07d2971d777da25f2c16f9
장신구,파란나비노리개2성,2af4c0385884ddd333bf69251baaabc2a645ec2bbb07d2971d777da25f2c16f9
캐시 장신구,바린족얼굴무늬No01,2af4c0385884ddd333bf69251baaabc2a645ec2bbb07d2971d777da25f2c16f9
무기,흑옥방천극7성,a6b0302dae63da7ad28891b7c8bf0d9b98a16dd66191baec8ff0d2da333893a1
갑옷,태광천신신복8성,a6b0302dae63da7ad28891b7c8bf0d9b98a16dd66191baec8ff0d2da333893a1
방패/보조무기,,a6b0302dae63da7ad28891b7c8bf0d9b98a16dd66191baec8ff0d2da333893a1
투구,패자의왕관,a6b0302dae63da7ad28891b7c8bf0d9b98a16dd66191baec8ff0d2da333893a1
왼손,용안의회복반지5성,a6b0302dae63da7ad28891b7c8bf0d9b98a16dd66191baec8ff0d2da333893a1
오른손,용비늘흑광노리개9성,a6b0302dae63da7ad28891b7c8bf0d9b98a16dd66191baec8ff0d2da333893a1
보조1,마사의귀목,a6b0302dae63da7ad28891b7c8bf0d9b98a16dd66191baec8ff0d2da333893a1
보조2,마사의귀목,a6b0302dae63da7ad28891b7c8bf0d9b98a16dd66191baec8ff0d2da333893a1
얼굴장식,조사장의가면,a6b0302dae63da7ad28891b7c8bf0d9b98a16dd66191baec8ff0d2da333893a1
캐시 투구,신입생양갈래No01,a6b0302dae63da7ad28891b7c8bf0d9b98a16dd66191baec8ff0d2da333893a1
망토,무신귀갑주7성,a6b0302dae63da7ad28891b7c8bf0d9b98a16dd66191baec8ff0d2da333893a1
캐시 겉옷,명문사립교복No01여,a6b0302dae63da7ad28891b7c8bf0d9b98a16dd66191baec8ff0d2da333893a1
신발,고대마령의군화'흑8성,a6b0302dae63da7ad28891b7c8bf0d9b98a16dd66191baec8ff0d2da333893a1
목/어깨장식,고대마령의목걸이6성,a6b0302dae63da7ad28891b7c8bf0d9b98a16dd66191baec8ff0d2da333893a1
캐시 무기,[심야]행운의채굴곡괭이,a6b0302dae63da7ad28891b7c8bf0d9b98a16dd66191baec8ff0d2da333893a1
캐시 방패/보조무기,발아래까치,a6b0302dae63da7ad28891b7c8bf0d9b98a16dd66191baec8ff0d2da333893a1
캐시 얼굴장식,[30주년]넥슨히어로하트,a6b0302dae63da7ad28891b7c8bf0d9b98a16dd66191baec8ff0d2da333893a1
캐시 망토,요정날개No01,a6b0302dae63da7ad28891b7c8bf0d9b98a16dd66191baec8ff0d2da333893a1
캐시 신발,한가위토깽의달,a6b0302dae63da7ad28891b7c8bf0d9b98a16dd66191baec8ff0d2da333893a1
캐시 목/어깨장식,웨딩목걸이,a6b0302dae63da7ad28891b7c8bf0d9b98a16dd66191baec8ff0d2da333893a1
세트옷,꺄꺄,a6b0302dae63da7ad28891b7c8bf0d9b98a16dd66191baec8ff0d2da333893a1
캐시 세트옷,[구]망또No08,a6b0302dae63da7ad28891b7c8bf0d9b98a16dd66191baec8ff0d2da333893a1
장신구,붉은토끼풀노리개1성,a6b0302dae63da7ad28891b7c8bf0d9b98a16dd66191baec8ff0d2da333893a1
캐시 장신구,좋아요하트No01,a6b0302dae63da7ad28891b7c8bf0d9b98a16dd66191baec8ff0d2da333893a1
무기,흑옥방천극7성,9584a7ea0f3d8aa25232ee1adcea9ec547084fc333275cb5eaea709a8f54bc15
갑옷,태광천신의복8성,9584a7ea0f3d8aa25232ee1adcea9ec547084fc333275cb5eaea709a8f54bc15
방패/보조무기,,9584a7ea0f3d8aa25232ee1adcea9ec547084fc333275cb5eaea709a8f54bc15
투구,태광천신금잠8성,9584a7ea0f3d8aa25232ee1adcea9ec547084fc333275cb5eaea709a8f54bc15
왼손,태염반지6성,9584a7ea0f3d8aa25232ee1adcea9ec547084fc333275cb5eaea709a8f54bc15
오른손,태염반지7성,9584a7ea0f3d8aa25232ee1adcea9ec547084fc333275cb5eaea709a8f54bc15
보조1,마사의귀목,9584a7ea0f3d8aa25232ee1adcea9ec547084fc333275cb5eaea709a8f54bc15
보조2,마사의귀목,9584a7ea0f3d8aa25232ee1adcea9ec547084fc333275cb5eaea709a8f54bc15
얼굴장식,조사장의가면,9584a7ea0f3d8aa25232ee1adcea9ec547084fc333275cb5eaea709a8f54bc15
캐시 투구,,9584a7ea0f3d8aa25232ee1adcea9ec547084fc333275cb5eaea709a8f54bc15
망토,무신귀갑주7성,9584a7ea0f3d8aa25232ee1adcea9ec547084fc333275cb5eaea709a8f54bc15
캐시 겉옷,환계나무꾼의복,9584a7ea0f3d8aa25232ee1adcea9ec547084fc333275cb5eaea709a8f54bc15
신발,사령웅의앞발,9584a7ea0f3d8aa25232ee1adcea9ec547084fc333275cb5eaea709a8f54bc15
목/어깨장식,단조의심단,9584a7ea0f3d8aa25232ee1adcea9ec547084fc333275cb5eaea709a8f54bc15
캐시 무기,애완령'화(오른팔),9584a7ea0f3d8aa25232ee1adcea9ec547084fc333275cb5eaea709a8f54bc15
캐시 방패/보조무기,발아래까치,9584a7ea0f3d8aa25232ee1adcea9ec547084fc333275cb5eaea709a8f54bc15
캐시 얼굴장식,,9584a7ea0f3d8aa25232ee1adcea9ec547084fc333275cb5eaea709a8f54bc15
캐시 망토,,9584a7ea0f3d8aa25232ee1adcea9ec547084fc333275cb5eaea709a8f54bc15
캐시 신발,게이밍감성컴퓨터,9584a7ea0f3d8aa25232ee1adcea9ec547084fc333275cb5eaea709a8f54bc15
캐시 목/어깨장식,따숩겨울목도리,9584a7ea0f3d8aa25232ee1adcea9ec547084fc333275cb5eaea709a8f54bc15
세트옷,[괴수의상]쿠라칸5성,9584a7ea0f3d8aa25232ee1adcea9ec547084fc333275cb5eaea709a8f54bc15
캐시 세트옷,[구]망또No03,9584a7ea0f3d8aa25232ee1adcea9ec547084fc333275cb5eaea709a8f54bc15
장신구,파란나비노리개1성,9584a7ea0f3d8aa25232ee1adcea9ec547084fc333275cb5eaea709a8f54bc15
캐시 장신구,냥이방울No01,9584a7ea0f3d8aa25232ee1adcea9ec547084fc333275cb5eaea709a8f54bc15
무기,용화제십단봉,bd3208a1e7df5e5d9bb2264699fea22cea95158b54a6dcb4cd7e585fc15e1272
갑옷,패자황금갑주,bd3208a1e7df5e5d9bb2264699fea22cea95158b54a6dcb4cd7e585fc15e1272
방패/보조무기,고대마령의단검8성,bd3208a1e7df5e5d9bb2264699fea22cea95158b54a6dcb4cd7e585fc15e1272
투구,용아천관'화8성,bd3208a1e7df5e5d9bb2264699fea22cea95158b54a6dcb4cd7e585fc15e1272
왼손,패자황금토시,bd3208a1e7df5e5d9bb2264699fea22cea95158b54a6dcb4cd7e585fc15e1272
오른손,패자황금토시,bd3208a1e7df5e5d9bb2264699fea22cea95158b54a6dcb4cd7e585fc15e1272
보조1,마령의노리개'흑10성,bd3208a1e7df5e5d9bb2264699fea22cea95158b54a6dcb4cd7e585fc15e1272
보조2,마사의귀목,bd3208a1e7df5e5d9bb2264699fea22cea95158b54a6dcb4cd7e585fc15e1272
얼굴장식,시바의시선,bd3208a1e7df5e5d9bb2264699fea22cea95158b54a6dcb4cd7e585fc15e1272
캐시 투구,풀잎소녀헤어,bd3208a1e7df5e5d9bb2264699fea22cea95158b54a6dcb4cd7e585fc15e1272
망토,용성신부'화8성,bd3208a1e7df5e5d9bb2264699fea22cea95158b54a6dcb4cd7e585fc15e1272
캐시 겉옷,풀잎소년의상,bd3208a1e7df5e5d9bb2264699fea22cea95158b54a6dcb4cd7e585fc15e1272
신발,고대마령의군화'흑8성,bd3208a1e7df5e5d9bb2264699fea22cea95158b54a6dcb4cd7e585fc15e1272
목/어깨장식,고대마령의목걸이8성,bd3208a1e7df5e5d9bb2264699fea22cea95158b54a6dcb4cd7e585fc15e1272
캐시 무기,풀잎민들레,bd3208a1e7df5e5d9bb2264699fea22cea95158b54a6dcb4cd7e585fc15e1272
캐시 방패/보조무기,왕초보장식,bd3208a1e7df5e5d9bb2264699fea22cea95158b54a6dcb4cd7e585fc15e1272
캐시 얼굴장식,유니콘음악대반짝이,bd3208a1e7df5e5d9bb2264699fea22cea95158b54a6dcb4cd7e585fc15e1272
캐시 망토,풍월요괴고방한외투,bd3208a1e7df5e5d9bb2264699fea22cea95158b54a6dcb4cd7e585fc15e1272
캐시 신발,풀잎행운햄찌,bd3208a1e7df5e5d9bb2264699fea22cea95158b54a6dcb4cd7e585fc15e1272
캐시 목/어깨장식,풀잎리본초커,bd3208a1e7df5e5d9bb2264699fea22cea95158b54a6dcb4cd7e585fc15e1272
세트옷,[괴수의상]아이라바타1성,bd3208a1e7df5e5d9bb2264699fea22cea95158b54a6dcb4cd7e585fc15e1272
캐시 세트옷,,bd3208a1e7df5e5d9bb2264699fea22cea95158b54a6dcb4cd7e585fc15e1272
장신구,붉은토끼풀노리개1성,bd3208a1e7df5e5d9bb2264699fea22cea95158b54a6dcb4cd7e585fc15e1272
캐시 장신구,자몽볼터치,bd3208a1e7df5e5d9bb2264699fea22cea95158b54a6dcb4cd7e585fc15e1272
무기,고대마령의적혈단봉8성,59e1def347afff3e35a77cf833026f4f7fe30577cd06cec03806b041c1293227
갑옷,환웅의답호'9성,59e1def347afff3e35a77cf833026f4f7fe30577cd06cec03806b041c1293227
방패/보조무기,환웅의고서'8성,59e1def347afff3e35a77cf833026f4f7fe30577cd06cec03806b041c1293227
투구,고대마령모자8성,59e1def347afff3e35a77cf833026f4f7fe30577cd06cec03806b041c1293227
왼손,금린반지8성,59e1def347afff3e35a77cf833026f4f7fe30577cd06cec03806b041c1293227
오른손,환웅의팔찌'8성,59e1def347afff3e35a77cf833026f4f7fe30577cd06cec03806b041c1293227
보조1,마사의귀목,59e1def347afff3e35a77cf833026f4f7fe30577cd06cec03806b041c1293227
보조2,마사의귀목,59e1def347afff3e35a77cf833026f4f7fe30577cd06cec03806b041c1293227
얼굴장식,조사장의가면,59e1def347afff3e35a77cf833026f4f7fe30577cd06cec03806b041c1293227
캐시 투구,향긋한정원테디페도라,59e1def347afff3e35a77cf833026f4f7fe30577cd06cec03806b041c1293227
망토,고대마령의칼날8성,59e1def347afff3e35a77cf833026f4f7fe30577cd06cec03806b041c1293227
캐시 겉옷,야옹집사의상(여),59e1def347afff3e35a77cf833026f4f7fe30577cd06cec03806b041c1293227
신발,사령웅의앞발,59e1def347afff3e35a77cf833026f4f7fe30577cd06cec03806b041c1293227
목/어깨장식,단조의심단,59e1def347afff3e35a77cf833026f4f7fe30577cd06cec03806b041c1293227
캐시 무기,심해물병,59e1def347afff3e35a77cf833026f4f7fe30577cd06cec03806b041c1293227
캐시 방패/보조무기,베베토끼인형,59e1def347afff3e35a77cf833026f4f7fe30577cd06cec03806b041c1293227
캐시 얼굴장식,,59e1def347afff3e35a77cf833026f4f7fe30577cd06cec03806b041c1293227
캐시 망토,야옹집사살랑고양이,59e1def347afff3e35a77cf833026f4f7fe30577cd06cec03806b041c1293227
캐시 신발,여름별빛새콤반짝,59e1def347afff3e35a77cf833026f4f7fe30577cd06cec03806b041c1293227
캐시 목/어깨장식,바닷바람시원한하트,59e1def347afff3e35a77cf833026f4f7fe30577cd06cec03806b041c1293227
세트옷,[괴수의상]쿠라칸2성,59e1def347afff3e35a77cf833026f4f7fe30577cd06cec03806b041c1293227
캐시 세트옷,,59e1def347afff3e35a77cf833026f4f7fe30577cd06cec03806b041c1293227
장신구,자수원앙노리개1성,59e1def347afff3e35a77cf833026f4f7fe30577cd06cec03806b041c1293227
캐시 장신구,그림술사목장식(여),59e1def347afff3e35a77cf833026f4f7fe30577cd06cec03806b041c1293227
무기,흑염곤봉8성,1baf90d2f73b74347ca09f21987247c3851164f966b295d680e5ea0902c4764b
갑옷,태광천신의복8성,1baf90d2f73b74347ca09f21987247c3851164f966b295d680e5ea0902c4764b
방패/보조무기,상급나무귀신고서,1baf90d2f73b74347ca09f21987247c3851164f966b295d680e5ea0902c4764b
투구,태광천신금잠7성,1baf90d2f73b74347ca09f21987247c3851164f966b295d680e5ea0902c4764b
왼손,태염반지6성,1baf90d2f73b74347ca09f21987247c3851164f966b295d680e5ea0902c4764b
오른손,태염반지6성,1baf90d2f73b74347ca09f21987247c3851164f966b295d680e5ea0902c4764b
보조1,수정의귀걸이'진,1baf90d2f73b74347ca09f21987247c3851164f966b295d680e5ea0902c4764b
보조2,수정의귀걸이'진,1baf90d2f73b74347ca09f21987247c3851164f966b295d680e5ea0902c4764b
얼굴장식,고대마령의표식6성,1baf90d2f73b74347ca09f21987247c3851164f966b295d680e5ea0902c4764b
캐시 투구,바람괴담헤어No02남,1baf90d2f73b74347ca09f21987247c3851164f966b295d680e5ea0902c4764b
망토,천신부금장7성,1baf90d2f73b74347ca09f21987247c3851164f966b295d680e5ea0902c4764b
캐시 겉옷,바람괴담교복No02남,1baf90d2f73b74347ca09f21987247c3851164f966b295d680e5ea0902c4764b
신발,고대마령의군화'흑6성,1baf90d2f73b74347ca09f21987247c3851164f966b295d680e5ea0902c4764b
목/어깨장식,고대마령의목걸이6성,1baf90d2f73b74347ca09f21987247c3851164f966b295d680e5ea0902c4764b
캐시 무기,,1baf90d2f73b74347ca09f21987247c3851164f966b295d680e5ea0902c4764b
캐시 방패/보조무기,어쿠스틱슬링백,1baf90d2f73b74347ca09f21987247c3851164f966b295d680e5ea0902c4764b
캐시 얼굴장식,태극무늬페인팅,1baf90d2f73b74347ca09f21987247c3851164f966b295d680e5ea0902c4764b
캐시 망토,별나비날개No02남,1baf90d2f73b74347ca09f21987247c3851164f966b295d680e5ea0902c4764b
캐시 신발,,1baf90d2f73b74347ca09f21987247c3851164f966b295d680e5ea0902c4764b
캐시 목/어깨장식,니트목도리No02,1baf90d2f73b74347ca09f21987247c3851164f966b295d680e5ea0902c4764b
세트옷,[괴수의상]아그니1성,1baf90d2f73b74347ca09f21987247c3851164f966b295d680e5ea0902c4764b
캐시 세트옷,[구]웨딩드레스No06,1baf90d2f73b74347ca09f21987247c3851164f966b295d680e5ea0902c4764b
장신구,붉은토끼풀노리개1성,1baf90d2f73b74347ca09f21987247c3851164f966b295d680e5ea0902c4764b
캐시 장신구,달러와펜장식,1baf90d2f73b74347ca09f21987247c3851164f966b295d680e5ea0902c4764b
무기,고대마령의적혈단봉8성,96fa5e903d6dde5aa1e12caed603ddfaa8929ff288c9076d5d830ae54480fa84
갑옷,전설여자구미호갑옷,96fa5e903d6dde5aa1e12caed603ddfaa8929ff288c9076d5d830ae54480fa84
방패/보조무기,고대마령의방패6성,96fa5e903d6dde5aa1e12caed603ddfaa8929ff288c9076d5d830ae54480fa84
투구,금린추월관7성,96fa5e903d6dde5aa1e12caed603ddfaa8929ff288c9076d5d830ae54480fa84
왼손,금린노리개6성,96fa5e903d6dde5aa1e12caed603ddfaa8929ff288c9076d5d830ae54480fa84
오른손,금린노리개6성,96fa5e903d6dde5aa1e12caed603ddfaa8929ff288c9076d5d830ae54480fa84
보조1,마령의노리개'월6성,96fa5e903d6dde5aa1e12caed603ddfaa8929ff288c9076d5d830ae54480fa84
보조2,마사의귀목,96fa5e903d6dde5aa1e12caed603ddfaa8929ff288c9076d5d830ae54480fa84
얼굴장식,고대마령의표식6성,96fa5e903d6dde5aa1e12caed603ddfaa8929ff288c9076d5d830ae54480fa84
캐시 투구,고풍스런진주핀,96fa5e903d6dde5aa1e12caed603ddfaa8929ff288c9076d5d830ae54480fa84
망토,고대마령의칼날6성,96fa5e903d6dde5aa1e12caed603ddfaa8929ff288c9076d5d830ae54480fa84
캐시 겉옷,캐주얼명문교복(여),96fa5e903d6dde5aa1e12caed603ddfaa8929ff288c9076d5d830ae54480fa84
신발,용왕의신발,96fa5e903d6dde5aa1e12caed603ddfaa8929ff288c9076d5d830ae54480fa84
목/어깨장식,고대마령의목걸이6성,96fa5e903d6dde5aa1e12caed603ddfaa8929ff288c9076d5d830ae54480fa84
캐시 무기,어쿠스틱불꽃,96fa5e903d6dde5aa1e12caed603ddfaa8929ff288c9076d5d830ae54480fa84
캐시 방패/보조무기,웨딩비둘기,96fa5e903d6dde5aa1e12caed603ddfaa8929ff288c9076d5d830ae54480fa84
캐시 얼굴장식,,96fa5e903d6dde5aa1e12caed603ddfaa8929ff288c9076d5d830ae54480fa84
캐시 망토,벚꽃장식No02,96fa5e903d6dde5aa1e12caed603ddfaa8929ff288c9076d5d830ae54480fa84
캐시 신발,유성우,96fa5e903d6dde5aa1e12caed603ddfaa8929ff288c9076d5d830ae54480fa84
캐시 목/어깨장식,웨딩목걸이,96fa5e903d6dde5aa1e12caed603ddfaa8929ff288c9076d5d830ae54480fa84
세트옷,강철의탐,96fa5e903d6dde5aa1e12caed603ddfaa8929ff288c9076d5d830ae54480fa84
캐시 세트옷,,96fa5e903d6dde5aa1e12caed603ddfaa8929ff288c9076d5d830ae54480fa84
장신구,붉은토끼풀노리개1성,96fa5e903d6dde5aa1e12caed603ddfaa8929ff288c9076d5d830ae54480fa84
캐시 장신구,달콤반짝이No01,96fa5e903d6dde5aa1e12caed603ddfaa8929ff288c9076d5d830ae54480fa84
무기,환웅천륜'9각,0a2defb9a982b9f2ea73d8008c2f35d88d85f1244b8c43dc9b0ce6eec2be501d
갑옷,환웅의천의'9성,0a2defb9a982b9f2ea73d8008c2f35d88d85f1244b8c43dc9b0ce6eec2be501d
방패/보조무기,금린방패8성,0a2defb9a982b9f2ea73d8008c2f35d88d85f1244b8c43dc9b0ce6eec2be501d
투구,환웅의투구'8성,0a2defb9a982b9f2ea73d8008c2f35d88d85f1244b8c43dc9b0ce6eec2be501d
왼손,금린노리개6성,0a2defb9a982b9f2ea73d8008c2f35d88d85f1244b8c43dc9b0ce6eec2be501d
오른손,환웅의장갑'8성,0a2defb9a982b9f2ea73d8008c2f35d88d85f1244b8c43dc9b0ce6eec2be501d
보조1,마사의귀목,0a2defb9a982b9f2ea73d8008c2f35d88d85f1244b8c43dc9b0ce6eec2be501d
보조2,마사의귀목,0a2defb9a982b9f2ea73d8008c2f35d88d85f1244b8c43dc9b0ce6eec2be501d
얼굴장식,고대마령의암막6성,0a2defb9a982b9f2ea73d8008c2f35d88d85f1244b8c43dc9b0ce6eec2be501d
캐시 투구,블러썸신랑헤어No02,0a2defb9a982b9f2ea73d8008c2f35d88d85f1244b8c43dc9b0ce6eec2be501d
망토,무신귀갑주7성,0a2defb9a982b9f2ea73d8008c2f35d88d85f1244b8c43dc9b0ce6eec2be501d
캐시 겉옷,환계나무꾼의복,0a2defb9a982b9f2ea73d8008c2f35d88d85f1244b8c43dc9b0ce6eec2be501d
신발,사령웅의앞발,0a2defb9a982b9f2ea73d8008c2f35d88d85f1244b8c43dc9b0ce6eec2be501d
목/어깨장식,고대마령의목걸이7성,0a2defb9a982b9f2ea73d8008c2f35d88d85f1244b8c43dc9b0ce6eec2be501d
캐시 무기,오래된채굴곡괭이,0a2defb9a982b9f2ea73d8008c2f35d88d85f1244b8c43dc9b0ce6eec2be501d
캐시 방패/보조무기,양양이No01,0a2defb9a982b9f2ea73d8008c2f35d88d85f1244b8c43dc9b0ce6eec2be501d
캐시 얼굴장식,눈장식:칼라렌즈(밤하늘),0a2defb9a982b9f2ea73d8008c2f35d88d85f1244b8c43dc9b0ce6eec2be501d
캐시 망토,시크한유체가방,0a2defb9a982b9f2ea73d8008c2f35d88d85f1244b8c43dc9b0ce6eec2be501d
캐시 신발,인어파도,0a2defb9a982b9f2ea73d8008c2f35d88d85f1244b8c43dc9b0ce6eec2be501d
캐시 목/어깨장식,[패스]따뜻머플러,0a2defb9a982b9f2ea73d8008c2f35d88d85f1244b8c43dc9b0ce6eec2be501d
세트옷,도깨비탐,0a2defb9a982b9f2ea73d8008c2f35d88d85f1244b8c43dc9b0ce6eec2be501d
캐시 세트옷,삐약삐약뼝아리,0a2defb9a982b9f2ea73d8008c2f35d88d85f1244b8c43dc9b0ce6eec2be501d
장신구,붉은토끼풀노리개1성,0a2defb9a982b9f2ea73d8008c2f35d88d85f1244b8c43dc9b0ce6eec2be501d
캐시 장신구,공룡우비,0a2defb9a982b9f2ea73d8008c2f35d88d85f1244b8c43dc9b0ce6eec2be501d
무기,서라마옥선,600759e6033742fffb6c3ce708a39b6bca7371ebf83e50bf454b75e80269b639
갑옷,환웅의쾌자'9성,600759e6033742fffb6c3ce708a39b6bca7371ebf83e50bf454b75e80269b639
방패/보조무기,고대마령의방패8성,600759e6033742fffb6c3ce708a39b6bca7371ebf83e50bf454b75e80269b639
투구,환웅의마관'9성,600759e6033742fffb6c3ce708a39b6bca7371ebf83e50bf454b75e80269b639
왼손,용송곳니흑광노리개9성,600759e6033742fffb6c3ce708a39b6bca7371ebf83e50bf454b75e80269b639
오른손,금린노리개6성,600759e6033742fffb6c3ce708a39b6bca7371ebf83e50bf454b75e80269b639
보조1,마사의귀목,600759e6033742fffb6c3ce708a39b6bca7371ebf83e50bf454b75e80269b639
보조2,마사의귀목,600759e6033742fffb6c3ce708a39b6bca7371ebf83e50bf454b75e80269b639
얼굴장식,고대마령의암막7성,600759e6033742fffb6c3ce708a39b6bca7371ebf83e50bf454b75e80269b639
캐시 투구,꽃도령갓,600759e6033742fffb6c3ce708a39b6bca7371ebf83e50bf454b75e80269b639
망토,진'암흑망토(손상),600759e6033742fffb6c3ce708a39b6bca7371ebf83e50bf454b75e80269b639
캐시 겉옷,바람추석한복(남),600759e6033742fffb6c3ce708a39b6bca7371ebf83e50bf454b75e80269b639
신발,사령웅의앞발,600759e6033742fffb6c3ce708a39b6bca7371ebf83e50bf454b75e80269b639
목/어깨장식,청의비녀,600759e6033742fffb6c3ce708a39b6bca7371ebf83e50bf454b75e80269b639
캐시 무기,앤틱바람곰방대,600759e6033742fffb6c3ce708a39b6bca7371ebf83e50bf454b75e80269b639
캐시 방패/보조무기,,600759e6033742fffb6c3ce708a39b6bca7371ebf83e50bf454b75e80269b639
캐시 얼굴장식,,600759e6033742fffb6c3ce708a39b6bca7371ebf83e50bf454b75e80269b639
캐시 망토,비눗방울,600759e6033742fffb6c3ce708a39b6bca7371ebf83e50bf454b75e80269b639
캐시 신발,빗방울,600759e6033742fffb6c3ce708a39b6bca7371ebf83e50bf454b75e80269b639
캐시 목/어깨장식,딱콩삐쭉스카프No03,600759e6033742fffb6c3ce708a39b6bca7371ebf83e50bf454b75e80269b639
세트옷,강철의탐,600759e6033742fffb6c3ce708a39b6bca7371ebf83e50bf454b75e80269b639
캐시 세트옷,평화의구미호분신,600759e6033742fffb6c3ce708a39b6bca7371ebf83e50bf454b75e80269b639
장신구,붉은토끼풀노리개2성,600759e6033742fffb6c3ce708a39b6bca7371ebf83e50bf454b75e80269b639
캐시 장신구,,600759e6033742fffb6c3ce708a39b6bca7371ebf83e50bf454b75e80269b639
무기,고대마령의적혈단봉8성,be43e4e8ad4b88efba4ee12417adebddfb208e63f9e94ec3d2325187928a9342
갑옷,환웅의장삼'9성,be43e4e8ad4b88efba4ee12417adebddfb208e63f9e94ec3d2325187928a9342
방패/보조무기,고대마령의단검6성,be43e4e8ad4b88efba4ee12417adebddfb208e63f9e94ec3d2325187928a9342
투구,고대마령투구8성,be43e4e8ad4b88efba4ee12417adebddfb208e63f9e94ec3d2325187928a9342
왼손,금린반지9성,be43e4e8ad4b88efba4ee12417adebddfb208e63f9e94ec3d2325187928a9342
오른손,용송곳니흑광노리개9성,be43e4e8ad4b88efba4ee12417adebddfb208e63f9e94ec3d2325187928a9342
보조1,마령의노리개'흑6성,be43e4e8ad4b88efba4ee12417adebddfb208e63f9e94ec3d2325187928a9342
보조2,마사의귀목,be43e4e8ad4b88efba4ee12417adebddfb208e63f9e94ec3d2325187928a9342
얼굴장식,빛나는조사장의가면,be43e4e8ad4b88efba4ee12417adebddfb208e63f9e94ec3d2325187928a9342
캐시 투구,깜찍펭귄모자,be43e4e8ad4b88efba4ee12417adebddfb208e63f9e94ec3d2325187928a9342
망토,고대마령의칼날9성,be43e4e8ad4b88efba4ee12417adebddfb208e63f9e94ec3d2325187928a9342
캐시 겉옷,겨울한교복(남),be43e4e8ad4b88efba4ee12417adebddfb208e63f9e94ec3d2325187928a9342
신발,사령웅의앞발,be43e4e8ad4b88efba4ee12417adebddfb208e63f9e94ec3d2325187928a9342
목/어깨장식,고대마령의목걸이8성,be43e4e8ad4b88efba4ee12417adebddfb208e63f9e94ec3d2325187928a9342
,,be43e4e8ad4b88efba4ee12417adebddfb208e63f9e94ec3d2325187928a9342
캐시 방패/보조무기,,be43e4e8ad4b88efba4ee12417adebddfb208e63f9e94ec3d2325187928a9342
캐시 얼굴장식,,be43e4e8ad4b88efba4ee12417adebddfb208e63f9e94ec3d2325187928a9342
캐시 망토,겨울한교복털망토,be43e4e8ad4b88efba4ee12417adebddfb208e63f9e94ec3d2325187928a9342
캐시 신발,겨울반딧불,be43e4e8ad4b88efba4ee12417adebddfb208e63f9e94ec3d2325187928a9342
캐시 목/어깨장식,나사펫코기뱃지,be43e4e8ad4b88efba4ee12417adebddfb208e63f9e94ec3d2325187928a9342
세트옷,도깨비탐,be43e4e8ad4b88efba4ee12417adebddfb208e63f9e94ec3d2325187928a9342
캐시 세트옷,[구]망또No07,be43e4e8ad4b88efba4ee12417adebddfb208e63f9e94ec3d2325187928a9342
장신구,파란나비노리개1성,be43e4e8ad4b88efba4ee12417adebddfb208e63f9e94ec3d2325187928a9342
캐시 장신구,신월협객복면,be43e4e8ad4b88efba4ee12417adebddfb208e63f9e94ec3d2325187928a9342
무기,고대마령의적혈단봉8성,4f1627bd60a89d49403190bd2bd755c3f1e64a86cb9f2ce2af048a6254e9d2a8
갑옷,환웅의답호'7성,4f1627bd60a89d49403190bd2bd755c3f1e64a86cb9f2ce2af048a6254e9d2a8
방패/보조무기,고대마령의방패6성,4f1627bd60a89d49403190bd2bd755c3f1e64a86cb9f2ce2af048a6254e9d2a8
투구,환웅의화관'7성,4f1627bd60a89d49403190bd2bd755c3f1e64a86cb9f2ce2af048a6254e9d2a8
왼손,고대마령의장갑'흑6성,4f1627bd60a89d49403190bd2bd755c3f1e64a86cb9f2ce2af048a6254e9d2a8
오른손,금린노리개6성,4f1627bd60a89d49403190bd2bd755c3f1e64a86cb9f2ce2af048a6254e9d2a8
보조1,마사의귀목,4f1627bd60a89d49403190bd2bd755c3f1e64a86cb9f2ce2af048a6254e9d2a8
보조2,마사의귀목,4f1627bd60a89d49403190bd2bd755c3f1e64a86cb9f2ce2af048a6254e9d2a8
얼굴장식,고대마령의표식6성,4f1627bd60a89d49403190bd2bd755c3f1e64a86cb9f2ce2af048a6254e9d2a8
캐시 투구,할로윈은빛왕관,4f1627bd60a89d49403190bd2bd755c3f1e64a86cb9f2ce2af048a6254e9d2a8
망토,고대마령의칼날6성,4f1627bd60a89d49403190bd2bd755c3f1e64a86cb9f2ce2af048a6254e9d2a8
캐시 겉옷,환계선녀의복,4f1627bd60a89d49403190bd2bd755c3f1e64a86cb9f2ce2af048a6254e9d2a8
신발,사령웅의앞발,4f1627bd60a89d49403190bd2bd755c3f1e64a86cb9f2ce2af048a6254e9d2a8
목/어깨장식,고대마령의목걸이6성,4f1627bd60a89d49403190bd2bd755c3f1e64a86cb9f2ce2af048a6254e9d2a8
캐시 무기,오래된채굴곡괭이,4f1627bd60a89d49403190bd2bd755c3f1e64a86cb9f2ce2af048a6254e9d2a8
캐시 방패/보조무기,우쿨렐레No02,4f1627bd60a89d49403190bd2bd755c3f1e64a86cb9f2ce2af048a6254e9d2a8
캐시 얼굴장식,,4f1627bd60a89d49403190bd2bd755c3f1e64a86cb9f2ce2af048a6254e9d2a8
캐시 망토,,4f1627bd60a89d49403190bd2bd755c3f1e64a86cb9f2ce2af048a6254e9d2a8
캐시 신발,게이밍감성컴퓨터,4f1627bd60a89d49403190bd2bd755c3f1e64a86cb9f2ce2af048a6254e9d2a8
캐시 목/어깨장식,하양설빔목도리,4f1627bd60a89d49403190bd2bd755c3f1e64a86cb9f2ce2af048a6254e9d2a8
세트옷,도깨비탐,4f1627bd60a89d49403190bd2bd755c3f1e64a86cb9f2ce2af048a6254e9d2a8
캐시 세트옷,삐약삐약뼝아리,4f1627bd60a89d49403190bd2bd755c3f1e64a86cb9f2ce2af048a6254e9d2a8
장신구,붉은토끼풀노리개1성,4f1627bd60a89d49403190bd2bd755c3f1e64a86cb9f2ce2af048a6254e9d2a8
캐시 장신구,반짇고리도깨비실패No01,4f1627bd60a89d49403190bd2bd755c3f1e64a86cb9f2ce2af048a6254e9d2a8
무기,진환영금성단봉,1d37deeccf2ac86fa0cfa91d631c6c67db3658531256d3758d0fd8b24c387516
갑옷,전설남자구미호갑옷,1d37deeccf2ac86fa0cfa91d631c6c67db3658531256d3758d0fd8b24c387516
방패/보조무기,고대마령의방패6성,1d37deeccf2ac86fa0cfa91d631c6c67db3658531256d3758d0fd8b24c387516
투구,황금투구,1d37deeccf2ac86fa0cfa91d631c6c67db3658531256d3758d0fd8b24c387516
왼손,쇄자황금토시,1d37deeccf2ac86fa0cfa91d631c6c67db3658531256d3758d0fd8b24c387516
오른손,황금토시,1d37deeccf2ac86fa0cfa91d631c6c67db3658531256d3758d0fd8b24c387516
보조1,마사의귀목,1d37deeccf2ac86fa0cfa91d631c6c67db3658531256d3758d0fd8b24c387516
보조2,마사의귀목,1d37deeccf2ac86fa0cfa91d631c6c67db3658531256d3758d0fd8b24c387516
얼굴장식,고대마령의암막6성,1d37deeccf2ac86fa0cfa91d631c6c67db3658531256d3758d0fd8b24c387516
캐시 투구,[패스]볼캡소년헤어,1d37deeccf2ac86fa0cfa91d631c6c67db3658531256d3758d0fd8b24c387516
망토,암흑망토,1d37deeccf2ac86fa0cfa91d631c6c67db3658531256d3758d0fd8b24c387516
캐시 겉옷,[패스]롱패딩소년의상,1d37deeccf2ac86fa0cfa91d631c6c67db3658531256d3758d0fd8b24c387516
신발,사령웅의앞발,1d37deeccf2ac86fa0cfa91d631c6c67db3658531256d3758d0fd8b24c387516
목/어깨장식,고대마령의목걸이6성,1d37deeccf2ac86fa0cfa91d631c6c67db3658531256d3758d0fd8b24c387516
캐시 무기,[패스]눈뭉치,1d37deeccf2ac86fa0cfa91d631c6c67db3658531256d3758d0fd8b24c387516
캐시 방패/보조무기,,1d37deeccf2ac86fa0cfa91d631c6c67db3658531256d3758d0fd8b24c387516
캐시 얼굴장식,,1d37deeccf2ac86fa0cfa91d631c6c67db3658531256d3758d0fd8b24c387516
캐시 망토,[패스]함박눈망토,1d37deeccf2ac86fa0cfa91d631c6c67db3658531256d3758d0fd8b24c387516
캐시 신발,[패스]멍뭉이눈사람,1d37deeccf2ac86fa0cfa91d631c6c67db3658531256d3758d0fd8b24c387516
캐시 목/어깨장식,[패스]따뜻머플러,1d37deeccf2ac86fa0cfa91d631c6c67db3658531256d3758d0fd8b24c387516
세트옷,도깨비탐,1d37deeccf2ac86fa0cfa91d631c6c67db3658531256d3758d0fd8b24c387516
캐시 세트옷,귀엽덕,1d37deeccf2ac86fa0cfa91d631c6c67db3658531256d3758d0fd8b24c387516
장신구,,1d37deeccf2ac86fa0cfa91d631c6c67db3658531256d3758d0fd8b24c387516
캐시 장신구,,1d37deeccf2ac86fa0cfa91d631c6c67db3658531256d3758d0fd8b24c387516
무기,용화제십단봉,8539794a0d45cb494ae006e185475ceefd3a728e39ff6d7adc8329ec6f82a19d
갑옷,용화멸아의8성,8539794a0d45cb494ae006e185475ceefd3a728e39ff6d7adc8329ec6f82a19d
방패/보조무기,고대마령의방패8성,8539794a0d45cb494ae006e185475ceefd3a728e39ff6d7adc8329ec6f82a19d
투구,용아천관'화8성,8539794a0d45cb494ae006e185475ceefd3a728e39ff6d7adc8329ec6f82a19d
왼손,금린노리개6성,8539794a0d45cb494ae006e185475ceefd3a728e39ff6d7adc8329ec6f82a19d
오른손,금린노리개6성,8539794a0d45cb494ae006e185475ceefd3a728e39ff6d7adc8329ec6f82a19d
보조1,마사의귀목,8539794a0d45cb494ae006e185475ceefd3a728e39ff6d7adc8329ec6f82a19d
보조2,마사의귀목,8539794a0d45cb494ae006e185475ceefd3a728e39ff6d7adc8329ec6f82a19d
얼굴장식,빛나는조사장의가면,8539794a0d45cb494ae006e185475ceefd3a728e39ff6d7adc8329ec6f82a19d
캐시 투구,가을홀릭소녀헤어No02,8539794a0d45cb494ae006e185475ceefd3a728e39ff6d7adc8329ec6f82a19d
망토,용성신부'화8성,8539794a0d45cb494ae006e185475ceefd3a728e39ff6d7adc8329ec6f82a19d
캐시 겉옷,바람레이스원피스,8539794a0d45cb494ae006e185475ceefd3a728e39ff6d7adc8329ec6f82a19d
신발,사령웅의앞발,8539794a0d45cb494ae006e185475ceefd3a728e39ff6d7adc8329ec6f82a19d
목/어깨장식,고대마령의목걸이8성,8539794a0d45cb494ae006e185475ceefd3a728e39ff6d7adc8329ec6f82a19d
캐시 무기,베베퐁실퐁실머그컵,8539794a0d45cb494ae006e185475ceefd3a728e39ff6d7adc8329ec6f82a19d
캐시 방패/보조무기,웨딩비둘기,8539794a0d45cb494ae006e185475ceefd3a728e39ff6d7adc8329ec6f82a19d
캐시 얼굴장식,,8539794a0d45cb494ae006e185475ceefd3a728e39ff6d7adc8329ec6f82a19d
캐시 망토,성탄요정날개,8539794a0d45cb494ae006e185475ceefd3a728e39ff6d7adc8329ec6f82a19d
캐시 신발,무희방울,8539794a0d45cb494ae006e185475ceefd3a728e39ff6d7adc8329ec6f82a19d
캐시 목/어깨장식,바다케이프,8539794a0d45cb494ae006e185475ceefd3a728e39ff6d7adc8329ec6f82a19d
세트옷,뀨뀨,8539794a0d45cb494ae006e185475ceefd3a728e39ff6d7adc8329ec6f82a19d
캐시 세트옷,[구]웨딩드레스No02,8539794a0d45cb494ae006e185475ceefd3a728e39ff6d7adc8329ec6f82a19d
장신구,붉은토끼풀노리개1성,8539794a0d45cb494ae006e185475ceefd3a728e39ff6d7adc8329ec6f82a19d
캐시 장신구,꽃도령냥냥귀,8539794a0d45cb494ae006e185475ceefd3a728e39ff6d7adc8329ec6f82a19d
무기,불멸용신장'2강,6dc6c01119f936b1eeb510f75840dd5283523ad5ad07f701a3b60c0c51cc7e70
갑옷,현무불괴갑,6dc6c01119f936b1eeb510f75840dd5283523ad5ad07f701a3b60c0c51cc7e70
방패/보조무기,금린방패8성,6dc6c01119f936b1eeb510f75840dd5283523ad5ad07f701a3b60c0c51cc7e70
투구,고대마령투구10성,6dc6c01119f936b1eeb510f75840dd5283523ad5ad07f701a3b60c0c51cc7e70
왼손,패자황금염주,6dc6c01119f936b1eeb510f75840dd5283523ad5ad07f701a3b60c0c51cc7e70
오른손,패자황금염주,6dc6c01119f936b1eeb510f75840dd5283523ad5ad07f701a3b60c0c51cc7e70
보조1,천도의목걸이,6dc6c01119f936b1eeb510f75840dd5283523ad5ad07f701a3b60c0c51cc7e70
보조2,빛나는마사의귀목,6dc6c01119f936b1eeb510f75840dd5283523ad5ad07f701a3b60c0c51cc7e70
얼굴장식,빛나는조사장의가면,6dc6c01119f936b1eeb510f75840dd5283523ad5ad07f701a3b60c0c51cc7e70
캐시 투구,미니머리띠,6dc6c01119f936b1eeb510f75840dd5283523ad5ad07f701a3b60c0c51cc7e70
망토,무신귀갑주10성,6dc6c01119f936b1eeb510f75840dd5283523ad5ad07f701a3b60c0c51cc7e70
캐시 겉옷,바람정장,6dc6c01119f936b1eeb510f75840dd5283523ad5ad07f701a3b60c0c51cc7e70
신발,고대마령의군화'흑8성,6dc6c01119f936b1eeb510f75840dd5283523ad5ad07f701a3b60c0c51cc7e70
목/어깨장식,고대마령의목걸이8성,6dc6c01119f936b1eeb510f75840dd5283523ad5ad07f701a3b60c0c51cc7e70
캐시 무기,사신살생부,6dc6c01119f936b1eeb510f75840dd5283523ad5ad07f701a3b60c0c51cc7e70
캐시 방패/보조무기,반짇고리도깨비노란골무,6dc6c01119f936b1eeb510f75840dd5283523ad5ad07f701a3b60c0c51cc7e70
캐시 얼굴장식,,6dc6c01119f936b1eeb510f75840dd5283523ad5ad07f701a3b60c0c51cc7e70
캐시 망토,,6dc6c01119f936b1eeb510f75840dd5283523ad5ad07f701a3b60c0c51cc7e70
캐시 신발,바람정장구두,6dc6c01119f936b1eeb510f75840dd5283523ad5ad07f701a3b60c0c51cc7e70
캐시 목/어깨장식,,6dc6c01119f936b1eeb510f75840dd5283523ad5ad07f701a3b60c0c51cc7e70
세트옷,[괴수의상]아이라바타1성,6dc6c01119f936b1eeb510f75840dd5283523ad5ad07f701a3b60c0c51cc7e70
캐시 세트옷,[구]망또No02,6dc6c01119f936b1eeb510f75840dd5283523ad5ad07f701a3b60c0c51cc7e70
장신구,붉은토끼풀노리개2성,6dc6c01119f936b1eeb510f75840dd5283523ad5ad07f701a3b60c0c51cc7e70
캐시 장신구,달빛노리개,6dc6c01119f936b1eeb510f75840dd5283523ad5ad07f701a3b60c0c51cc7e70
무기,용신제십장,8539794a0d45cb494ae006e185475cee48b32aaf130f51ba1c73e282c0104771
갑옷,용신멸아의8성,8539794a0d45cb494ae006e185475cee48b32aaf130f51ba1c73e282c0104771
방패/보조무기,고대마령의단검6성,8539794a0d45cb494ae006e185475cee48b32aaf130f51ba1c73e282c0104771
투구,용아천관'신8성,8539794a0d45cb494ae006e185475cee48b32aaf130f51ba1c73e282c0104771
왼손,바람청옥염주,8539794a0d45cb494ae006e185475cee48b32aaf130f51ba1c73e282c0104771
오른손,용비늘흑광노리개9성,8539794a0d45cb494ae006e185475cee48b32aaf130f51ba1c73e282c0104771
보조1,마사의귀목,8539794a0d45cb494ae006e185475cee48b32aaf130f51ba1c73e282c0104771
보조2,마사의귀목,8539794a0d45cb494ae006e185475cee48b32aaf130f51ba1c73e282c0104771
얼굴장식,고대마령의표식8성,8539794a0d45cb494ae006e185475cee48b32aaf130f51ba1c73e282c0104771
캐시 투구,한가위토깽의귀(홍),8539794a0d45cb494ae006e185475cee48b32aaf130f51ba1c73e282c0104771
망토,용성신부'신8성,8539794a0d45cb494ae006e185475cee48b32aaf130f51ba1c73e282c0104771
캐시 겉옷,삐약소풍의상(여),8539794a0d45cb494ae006e185475cee48b32aaf130f51ba1c73e282c0104771
신발,고대마령의군화'월8성,8539794a0d45cb494ae006e185475cee48b32aaf130f51ba1c73e282c0104771
목/어깨장식,고대마령의목걸이8성,8539794a0d45cb494ae006e185475cee48b32aaf130f51ba1c73e282c0104771
캐시 무기,행운의채굴곡괭이,8539794a0d45cb494ae006e185475cee48b32aaf130f51ba1c73e282c0104771
캐시 방패/보조무기,할로윈악마곰돌이,8539794a0d45cb494ae006e185475cee48b32aaf130f51ba1c73e282c0104771
캐시 얼굴장식,[30주년]넥슨히어로하트,8539794a0d45cb494ae006e185475cee48b32aaf130f51ba1c73e282c0104771
캐시 망토,백악산군연화세계,8539794a0d45cb494ae006e185475cee48b32aaf130f51ba1c73e282c0104771
캐시 신발,겨울반딧불,8539794a0d45cb494ae006e185475cee48b32aaf130f51ba1c73e282c0104771
캐시 목/어깨장식,곤충채집무당벌레,8539794a0d45cb494ae006e185475cee48b32aaf130f51ba1c73e282c0104771
세트옷,[괴수의상]아이라바타1성,8539794a0d45cb494ae006e185475cee48b32aaf130f51ba1c73e282c0104771
캐시 세트옷,바람미니미영술사,8539794a0d45cb494ae006e185475cee48b32aaf130f51ba1c73e282c0104771
장신구,붉은토끼풀노리개1성,8539794a0d45cb494ae006e185475cee48b32aaf130f51ba1c73e282c0104771
캐시 장신구,[2023]술귀걸이,8539794a0d45cb494ae006e185475cee48b32aaf130f51ba1c73e282c0104771
무기,용신제십장,8539794a0d45cb494ae006e185475cee834c79af472556165ce1e98ecd647019
갑옷,용신파천의8성,8539794a0d45cb494ae006e185475cee834c79af472556165ce1e98ecd647019
방패/보조무기,고대마령의단검8성,8539794a0d45cb494ae006e185475cee834c79af472556165ce1e98ecd647019
투구,용아천관'신8성,8539794a0d45cb494ae006e185475cee834c79af472556165ce1e98ecd647019
왼손,용발톱흑광노리개9성,8539794a0d45cb494ae006e185475cee834c79af472556165ce1e98ecd647019
오른손,용발톱흑광노리개9성,8539794a0d45cb494ae006e185475cee834c79af472556165ce1e98ecd647019
보조1,빛나는마사의귀목,8539794a0d45cb494ae006e185475cee834c79af472556165ce1e98ecd647019
보조2,마사의귀목,8539794a0d45cb494ae006e185475cee834c79af472556165ce1e98ecd647019
얼굴장식,조사장의가면,8539794a0d45cb494ae006e185475cee834c79af472556165ce1e98ecd647019
캐시 투구,꽃장식밀짚모자,8539794a0d45cb494ae006e185475cee834c79af472556165ce1e98ecd647019
망토,용성신부'신8성,8539794a0d45cb494ae006e185475cee834c79af472556165ce1e98ecd647019
캐시 겉옷,썸머비치웨어No02,8539794a0d45cb494ae006e185475cee834c79af472556165ce1e98ecd647019
신발,고대마령의군화'월8성,8539794a0d45cb494ae006e185475cee834c79af472556165ce1e98ecd647019
목/어깨장식,단조의심단,8539794a0d45cb494ae006e185475cee834c79af472556165ce1e98ecd647019
캐시 무기,,8539794a0d45cb494ae006e185475cee834c79af472556165ce1e98ecd647019
캐시 방패/보조무기,웨딩비둘기,8539794a0d45cb494ae006e185475cee834c79af472556165ce1e98ecd647019
캐시 얼굴장식,눈장식:칼라렌즈,8539794a0d45cb494ae006e185475cee834c79af472556165ce1e98ecd647019
캐시 망토,뱀파이어박쥐,8539794a0d45cb494ae006e185475cee834c79af472556165ce1e98ecd647019
캐시 신발,야옹집사분홍말랑,8539794a0d45cb494ae006e185475cee834c79af472556165ce1e98ecd647019
캐시 목/어깨장식,스트릿캐주얼곰목걸이,8539794a0d45cb494ae006e185475cee834c79af472556165ce1e98ecd647019
세트옷,[괴수의상]아이라바타2성,8539794a0d45cb494ae006e185475cee834c79af472556165ce1e98ecd647019
캐시 세트옷,,8539794a0d45cb494ae006e185475cee834c79af472556165ce1e98ecd647019
장신구,붉은토끼풀노리개1성,8539794a0d45cb494ae006e185475cee834c79af472556165ce1e98ecd647019
캐시 장신구,바린족얼굴무늬No01,8539794a0d45cb494ae006e185475cee834c79af472556165ce1e98ecd647019
무기,고대마령의적혈장9성,5c8fb7faa8198412a60fa7c52342be55962d17f45bacb7e4a5cb96596abe5914
갑옷,환웅의신의'9성,5c8fb7faa8198412a60fa7c52342be55962d17f45bacb7e4a5cb96596abe5914
방패/보조무기,고대마령의단검7성,5c8fb7faa8198412a60fa7c52342be55962d17f45bacb7e4a5cb96596abe5914
투구,환웅의신모'8성,5c8fb7faa8198412a60fa7c52342be55962d17f45bacb7e4a5cb96596abe5914
왼손,금린노리개6성,5c8fb7faa8198412a60fa7c52342be55962d17f45bacb7e4a5cb96596abe5914
오른손,환웅의염주'9성,5c8fb7faa8198412a60fa7c52342be55962d17f45bacb7e4a5cb96596abe5914
보조1,마사의귀목,5c8fb7faa8198412a60fa7c52342be55962d17f45bacb7e4a5cb96596abe5914
보조2,마사의귀목,5c8fb7faa8198412a60fa7c52342be55962d17f45bacb7e4a5cb96596abe5914
얼굴장식,시바의시선,5c8fb7faa8198412a60fa7c52342be55962d17f45bacb7e4a5cb96596abe5914
캐시 투구,나비요정헤어(여),5c8fb7faa8198412a60fa7c52342be55962d17f45bacb7e4a5cb96596abe5914
망토,무신귀갑주7성,5c8fb7faa8198412a60fa7c52342be55962d17f45bacb7e4a5cb96596abe5914
캐시 겉옷,토끼소녀의상No01,5c8fb7faa8198412a60fa7c52342be55962d17f45bacb7e4a5cb96596abe5914
신발,사령웅의앞발,5c8fb7faa8198412a60fa7c52342be55962d17f45bacb7e4a5cb96596abe5914
목/어깨장식,고대마령의목걸이6성,5c8fb7faa8198412a60fa7c52342be55962d17f45bacb7e4a5cb96596abe5914
캐시 무기,바람운동회폼폼(백군),5c8fb7faa8198412a60fa7c52342be55962d17f45bacb7e4a5cb96596abe5914
캐시 방패/보조무기,귀여운판다가방No01,5c8fb7faa8198412a60fa7c52342be55962d17f45bacb7e4a5cb96596abe5914
캐시 얼굴장식,,5c8fb7faa8198412a60fa7c52342be55962d17f45bacb7e4a5cb96596abe5914
캐시 망토,자체발광블링블링,5c8fb7faa8198412a60fa7c52342be55962d17f45bacb7e4a5cb96596abe5914
캐시 신발,베베별자국,5c8fb7faa8198412a60fa7c52342be55962d17f45bacb7e4a5cb96596abe5914
캐시 목/어깨장식,한여름프로포즈리본보타이,5c8fb7faa8198412a60fa7c52342be55962d17f45bacb7e4a5cb96596abe5914
세트옷,강철의탐,5c8fb7faa8198412a60fa7c52342be55962d17f45bacb7e4a5cb96596abe5914
캐시 세트옷,,5c8fb7faa8198412a60fa7c52342be55962d17f45bacb7e4a5cb96596abe5914
장신구,붉은토끼풀노리개1성,5c8fb7faa8198412a60fa7c52342be55962d17f45bacb7e4a5cb96596abe5914
캐시 장신구,베베반짝별,5c8fb7faa8198412a60fa7c52342be55962d17f45bacb7e4a5cb96596abe5914
무기,고대마령의적혈장8성,2e25a7b673c0a3f9022f7647c607f64d2139c06a3a6f06ab3654bff0c396b1c4
갑옷,환웅의도포'9성,2e25a7b673c0a3f9022f7647c607f64d2139c06a3a6f06ab3654bff0c396b1c4
방패/보조무기,고대마령의단검8성,2e25a7b673c0a3f9022f7647c607f64d2139c06a3a6f06ab3654bff0c396b1c4
투구,환웅의신모'7성,2e25a7b673c0a3f9022f7647c607f64d2139c06a3a6f06ab3654bff0c396b1c4
왼손,환웅의염주'9성,2e25a7b673c0a3f9022f7647c607f64d2139c06a3a6f06ab3654bff0c396b1c4
오른손,태염반지6성,2e25a7b673c0a3f9022f7647c607f64d2139c06a3a6f06ab3654bff0c396b1c4
보조1,마사의귀목,2e25a7b673c0a3f9022f7647c607f64d2139c06a3a6f06ab3654bff0c396b1c4
보조2,마사의귀목,2e25a7b673c0a3f9022f7647c607f64d2139c06a3a6f06ab3654bff0c396b1c4
얼굴장식,고대마령의암막6성,2e25a7b673c0a3f9022f7647c607f64d2139c06a3a6f06ab3654bff0c396b1c4
캐시 투구,눈냥이폭신모자,2e25a7b673c0a3f9022f7647c607f64d2139c06a3a6f06ab3654bff0c396b1c4
망토,고대마령의칼날8성,2e25a7b673c0a3f9022f7647c607f64d2139c06a3a6f06ab3654bff0c396b1c4
캐시 겉옷,눈냥이니트세트(남),2e25a7b673c0a3f9022f7647c607f64d2139c06a3a6f06ab3654bff0c396b1c4
신발,사령웅의앞발,2e25a7b673c0a3f9022f7647c607f64d2139c06a3a6f06ab3654bff0c396b1c4
목/어깨장식,고대마령의목걸이7성,2e25a7b673c0a3f9022f7647c607f64d2139c06a3a6f06ab3654bff0c396b1c4
캐시 무기,,2e25a7b673c0a3f9022f7647c607f64d2139c06a3a6f06ab3654bff0c396b1c4
캐시 방패/보조무기,미니눈냥이크로스백,2e25a7b673c0a3f9022f7647c607f64d2139c06a3a6f06ab3654bff0c396b1c4
캐시 얼굴장식,,2e25a7b673c0a3f9022f7647c607f64d2139c06a3a6f06ab3654bff0c396b1c4
캐시 망토,벚꽃장식No02,2e25a7b673c0a3f9022f7647c607f64d2139c06a3a6f06ab3654bff0c396b1c4
캐시 신발,토끼발자국No01,2e25a7b673c0a3f9022f7647c607f64d2139c06a3a6f06ab3654bff0c396b1c4
캐시 목/어깨장식,,2e25a7b673c0a3f9022f7647c607f64d2139c06a3a6f06ab3654bff0c396b1c4
세트옷,[괴수의상]쿠라칸2성,2e25a7b673c0a3f9022f7647c607f64d2139c06a3a6f06ab3654bff0c396b1c4
캐시 세트옷,[구]망또No07,2e25a7b673c0a3f9022f7647c607f64d2139c06a3a6f06ab3654bff0c396b1c4
장신구,붉은토끼풀노리개2성,2e25a7b673c0a3f9022f7647c607f64d2139c06a3a6f06ab3654bff0c396b1c4
캐시 장신구,베베머리위뱁새,2e25a7b673c0a3f9022f7647c607f64d2139c06a3a6f06ab3654bff0c396b1c4
무기,고대마령의적혈장9성,d03105b9bb8e110002fb4c0a75d4112debbc8bbf88793e9d6d9e1bc0a4eb7893
갑옷,태광천신의복8성,d03105b9bb8e110002fb4c0a75d4112debbc8bbf88793e9d6d9e1bc0a4eb7893
방패/보조무기,고대마령의단검6성,d03105b9bb8e110002fb4c0a75d4112debbc8bbf88793e9d6d9e1bc0a4eb7893
투구,태광천신금잠7성,d03105b9bb8e110002fb4c0a75d4112debbc8bbf88793e9d6d9e1bc0a4eb7893
왼손,[상급]봉래산반지,d03105b9bb8e110002fb4c0a75d4112debbc8bbf88793e9d6d9e1bc0a4eb7893
오른손,금린노리개8성,d03105b9bb8e110002fb4c0a75d4112debbc8bbf88793e9d6d9e1bc0a4eb7893
보조1,빛나는마사의귀목,d03105b9bb8e110002fb4c0a75d4112debbc8bbf88793e9d6d9e1bc0a4eb7893
보조2,빛나는마사의귀목,d03105b9bb8e110002fb4c0a75d4112debbc8bbf88793e9d6d9e1bc0a4eb7893
얼굴장식,빛나는조사장의가면,d03105b9bb8e110002fb4c0a75d4112debbc8bbf88793e9d6d9e1bc0a4eb7893
캐시 투구,바람썬그라스머리띠,d03105b9bb8e110002fb4c0a75d4112debbc8bbf88793e9d6d9e1bc0a4eb7893
망토,고대마령의칼날6성,d03105b9bb8e110002fb4c0a75d4112debbc8bbf88793e9d6d9e1bc0a4eb7893
캐시 겉옷,바람정장'백,d03105b9bb8e110002fb4c0a75d4112debbc8bbf88793e9d6d9e1bc0a4eb7893
신발,사령웅의앞발,d03105b9bb8e110002fb4c0a75d4112debbc8bbf88793e9d6d9e1bc0a4eb7893
목/어깨장식,진'흉수의인장,d03105b9bb8e110002fb4c0a75d4112debbc8bbf88793e9d6d9e1bc0a4eb7893
캐시 무기,오래된채굴곡괭이,d03105b9bb8e110002fb4c0a75d4112debbc8bbf88793e9d6d9e1bc0a4eb7893
캐시 방패/보조무기,,d03105b9bb8e110002fb4c0a75d4112debbc8bbf88793e9d6d9e1bc0a4eb7893
캐시 얼굴장식,,d03105b9bb8e110002fb4c0a75d4112debbc8bbf88793e9d6d9e1bc0a4eb7893
캐시 망토,바람탐정사건수첩,d03105b9bb8e110002fb4c0a75d4112debbc8bbf88793e9d6d9e1bc0a4eb7893
캐시 신발,바람정장구두,d03105b9bb8e110002fb4c0a75d4112debbc8bbf88793e9d6d9e1bc0a4eb7893
캐시 목/어깨장식,아기턱받이No02,d03105b9bb8e110002fb4c0a75d4112debbc8bbf88793e9d6d9e1bc0a4eb7893
세트옷,[괴수의상]아이라바타1성,d03105b9bb8e110002fb4c0a75d4112debbc8bbf88793e9d6d9e1bc0a4eb7893
캐시 세트옷,[구]망또No10,d03105b9bb8e110002fb4c0a75d4112debbc8bbf88793e9d6d9e1bc0a4eb7893
장신구,파란나비노리개2성,d03105b9bb8e110002fb4c0a75d4112debbc8bbf88793e9d6d9e1bc0a4eb7893
캐시 장신구,나비노랑더듬이,d03105b9bb8e110002fb4c0a75d4112debbc8bbf88793e9d6d9e1bc0a4eb7893
무기,고대마령의적혈장8성,8539794a0d45cb494ae006e185475ceed6becc90db529fe30e7fb278e9cecd97
갑옷,태염무신보갑6성,8539794a0d45cb494ae006e185475ceed6becc90db529fe30e7fb278e9cecd97
방패/보조무기,고대마령의단검6성,8539794a0d45cb494ae006e185475ceed6becc90db529fe30e7fb278e9cecd97
투구,환웅의천관'8성,8539794a0d45cb494ae006e185475ceed6becc90db529fe30e7fb278e9cecd97
왼손,태염반지6성,8539794a0d45cb494ae006e185475ceed6becc90db529fe30e7fb278e9cecd97
오른손,태염반지6성,8539794a0d45cb494ae006e185475ceed6becc90db529fe30e7fb278e9cecd97
보조1,마사의귀목,8539794a0d45cb494ae006e185475ceed6becc90db529fe30e7fb278e9cecd97
보조2,마사의귀목,8539794a0d45cb494ae006e185475ceed6becc90db529fe30e7fb278e9cecd97
얼굴장식,조사장의가면,8539794a0d45cb494ae006e185475ceed6becc90db529fe30e7fb278e9cecd97
캐시 투구,향긋한정원엣지리본,8539794a0d45cb494ae006e185475ceed6becc90db529fe30e7fb278e9cecd97
망토,무신귀갑주6성,8539794a0d45cb494ae006e185475ceed6becc90db529fe30e7fb278e9cecd97
캐시 겉옷,토끼소녀의상No01,8539794a0d45cb494ae006e185475ceed6becc90db529fe30e7fb278e9cecd97
신발,사령웅의앞발,8539794a0d45cb494ae006e185475ceed6becc90db529fe30e7fb278e9cecd97
목/어깨장식,고대마령의목걸이7성,8539794a0d45cb494ae006e185475ceed6becc90db529fe30e7fb278e9cecd97
캐시 무기,백악산군신칼,8539794a0d45cb494ae006e185475ceed6becc90db529fe30e7fb278e9cecd97
캐시 방패/보조무기,어흥깜찍가방,8539794a0d45cb494ae006e185475ceed6becc90db529fe30e7fb278e9cecd97
캐시 얼굴장식,[30주년]넥슨히어로하트,8539794a0d45cb494ae006e185475ceed6becc90db529fe30e7fb278e9cecd97
캐시 망토,벚꽃장식No02,8539794a0d45cb494ae006e185475ceed6becc90db529fe30e7fb278e9cecd97
캐시 신발,나비하양반짝,8539794a0d45cb494ae006e185475ceed6becc90db529fe30e7fb278e9cecd97
캐시 목/어깨장식,바다케이프,8539794a0d45cb494ae006e185475ceed6becc90db529fe30e7fb278e9cecd97
세트옷,도깨비탐,8539794a0d45cb494ae006e185475ceed6becc90db529fe30e7fb278e9cecd97
캐시 세트옷,,8539794a0d45cb494ae006e185475ceed6becc90db529fe30e7fb278e9cecd97
장신구,파란나비노리개1성,8539794a0d45cb494ae006e185475ceed6becc90db529fe30e7fb278e9cecd97
캐시 장신구,그림술사목장식(여),8539794a0d45cb494ae006e185475ceed6becc90db529fe30e7fb278e9cecd97
무기,고대마령의적혈장9성,2e25a7b673c0a3f9022f7647c607f64dbcfdab81030536184f71c161f790621f
갑옷,환웅의신복'9성,2e25a7b673c0a3f9022f7647c607f64dbcfdab81030536184f71c161f790621f
방패/보조무기,고대마령의단검8성,2e25a7b673c0a3f9022f7647c607f64dbcfdab81030536184f71c161f790621f
투구,환웅의신모'9성,2e25a7b673c0a3f9022f7647c607f64dbcfdab81030536184f71c161f790621f
왼손,환웅의염주'9성,2e25a7b673c0a3f9022f7647c607f64dbcfdab81030536184f71c161f790621f
오른손,환웅의염주'9성,2e25a7b673c0a3f9022f7647c607f64dbcfdab81030536184f71c161f790621f
보조1,마사의귀목,2e25a7b673c0a3f9022f7647c607f64dbcfdab81030536184f71c161f790621f
보조2,고구려지휘관휘장,2e25a7b673c0a3f9022f7647c607f64dbcfdab81030536184f71c161f790621f
얼굴장식,조사장의가면,2e25a7b673c0a3f9022f7647c607f64dbcfdab81030536184f71c161f790621f
캐시 투구,우주탐사캡틴헬멧,2e25a7b673c0a3f9022f7647c607f64dbcfdab81030536184f71c161f790621f
망토,고대마령의칼날8성,2e25a7b673c0a3f9022f7647c607f64dbcfdab81030536184f71c161f790621f
캐시 겉옷,우주복2088의상(남),2e25a7b673c0a3f9022f7647c607f64dbcfdab81030536184f71c161f790621f
신발,사령웅의앞발,2e25a7b673c0a3f9022f7647c607f64dbcfdab81030536184f71c161f790621f
목/어깨장식,암흑룡의목걸이,2e25a7b673c0a3f9022f7647c607f64dbcfdab81030536184f71c161f790621f
캐시 무기,[탐험]오구타이의언월도,2e25a7b673c0a3f9022f7647c607f64dbcfdab81030536184f71c161f790621f
캐시 방패/보조무기,,2e25a7b673c0a3f9022f7647c607f64dbcfdab81030536184f71c161f790621f
캐시 얼굴장식,눈장식:칼라렌즈(가넷),2e25a7b673c0a3f9022f7647c607f64dbcfdab81030536184f71c161f790621f
캐시 망토,멍멍이꼬리No01,2e25a7b673c0a3f9022f7647c607f64dbcfdab81030536184f71c161f790621f
캐시 신발,신이난초코No02,2e25a7b673c0a3f9022f7647c607f64dbcfdab81030536184f71c161f790621f
캐시 목/어깨장식,양털케이프No02,2e25a7b673c0a3f9022f7647c607f64dbcfdab81030536184f71c161f790621f
세트옷,[괴수의상]가루다3성,2e25a7b673c0a3f9022f7647c607f64dbcfdab81030536184f71c161f790621f
캐시 세트옷,고대해골정령신수의상,2e25a7b673c0a3f9022f7647c607f64dbcfdab81030536184f71c161f790621f
장신구,붉은토끼풀노리개1성,2e25a7b673c0a3f9022f7647c607f64dbcfdab81030536184f71c161f790621f
캐시 장신구,알파봇K,2e25a7b673c0a3f9022f7647c607f64dbcfdab81030536184f71c161f790621f
무기,용신제십장,d7f60b11a43251be5b556fa66bdc74cb1901e69dbb3b8344a1e22ef2c4379e85
갑옷,환웅의신복'9성,d7f60b11a43251be5b556fa66bdc74cb1901e69dbb3b8344a1e22ef2c4379e85
방패/보조무기,고대마령의단검6성,d7f60b11a43251be5b556fa66bdc74cb1901e69dbb3b8344a1e22ef2c4379e85
투구,환웅의천관'8성,d7f60b11a43251be5b556fa66bdc74cb1901e69dbb3b8344a1e22ef2c4379e85
왼손,금린노리개7성,d7f60b11a43251be5b556fa66bdc74cb1901e69dbb3b8344a1e22ef2c4379e85
오른손,환웅의염주'9성,d7f60b11a43251be5b556fa66bdc74cb1901e69dbb3b8344a1e22ef2c4379e85
보조1,마사의귀목,d7f60b11a43251be5b556fa66bdc74cb1901e69dbb3b8344a1e22ef2c4379e85
보조2,마사의귀목,d7f60b11a43251be5b556fa66bdc74cb1901e69dbb3b8344a1e22ef2c4379e85
얼굴장식,조사장의가면,d7f60b11a43251be5b556fa66bdc74cb1901e69dbb3b8344a1e22ef2c4379e85
캐시 투구,인별커플토끼모자No02,d7f60b11a43251be5b556fa66bdc74cb1901e69dbb3b8344a1e22ef2c4379e85
망토,무신귀갑주8성,d7f60b11a43251be5b556fa66bdc74cb1901e69dbb3b8344a1e22ef2c4379e85
캐시 겉옷,판다옷,d7f60b11a43251be5b556fa66bdc74cb1901e69dbb3b8344a1e22ef2c4379e85
신발,사령웅의앞발,d7f60b11a43251be5b556fa66bdc74cb1901e69dbb3b8344a1e22ef2c4379e85
목/어깨장식,고대마령의목걸이7성,d7f60b11a43251be5b556fa66bdc74cb1901e69dbb3b8344a1e22ef2c4379e85
캐시 무기,연잎우산,d7f60b11a43251be5b556fa66bdc74cb1901e69dbb3b8344a1e22ef2c4379e85
캐시 방패/보조무기,루나빗여울이,d7f60b11a43251be5b556fa66bdc74cb1901e69dbb3b8344a1e22ef2c4379e85
캐시 얼굴장식,졸린눈(맑은파랑),d7f60b11a43251be5b556fa66bdc74cb1901e69dbb3b8344a1e22ef2c4379e85
캐시 망토,값진별의날개,d7f60b11a43251be5b556fa66bdc74cb1901e69dbb3b8344a1e22ef2c4379e85
캐시 신발,한가위토깽의달,d7f60b11a43251be5b556fa66bdc74cb1901e69dbb3b8344a1e22ef2c4379e85
캐시 목/어깨장식,,d7f60b11a43251be5b556fa66bdc74cb1901e69dbb3b8344a1e22ef2c4379e85
세트옷,꺄꺄,d7f60b11a43251be5b556fa66bdc74cb1901e69dbb3b8344a1e22ef2c4379e85
캐시 세트옷,,d7f60b11a43251be5b556fa66bdc74cb1901e69dbb3b8344a1e22ef2c4379e85
장신구,자수원앙노리개1성,d7f60b11a43251be5b556fa66bdc74cb1901e69dbb3b8344a1e22ef2c4379e85
캐시 장신구,숲속친구모자,d7f60b11a43251be5b556fa66bdc74cb1901e69dbb3b8344a1e22ef2c4379e85
무기,고대마령의적혈장8성,d7f60b11a43251be5b556fa66bdc74cbea95158b54a6dcb4cd7e585fc15e1272
갑옷,환웅의신의'8성,d7f60b11a43251be5b556fa66bdc74cbea95158b54a6dcb4cd7e585fc15e1272
방패/보조무기,고대마령의단검6성,d7f60b11a43251be5b556fa66bdc74cbea95158b54a6dcb4cd7e585fc15e1272
투구,환웅의신모'8성,d7f60b11a43251be5b556fa66bdc74cbea95158b54a6dcb4cd7e585fc15e1272
왼손,태염반지6성,d7f60b11a43251be5b556fa66bdc74cbea95158b54a6dcb4cd7e585fc15e1272
오른손,태염반지9성,d7f60b11a43251be5b556fa66bdc74cbea95158b54a6dcb4cd7e585fc15e1272
보조1,마령의노리개'월8성,d7f60b11a43251be5b556fa66bdc74cbea95158b54a6dcb4cd7e585fc15e1272
보조2,마사의귀목,d7f60b11a43251be5b556fa66bdc74cbea95158b54a6dcb4cd7e585fc15e1272
얼굴장식,고대마령의표식6성,d7f60b11a43251be5b556fa66bdc74cbea95158b54a6dcb4cd7e585fc15e1272
캐시 투구,봄바람리본장식,d7f60b11a43251be5b556fa66bdc74cbea95158b54a6dcb4cd7e585fc15e1272
망토,무신귀갑주7성,d7f60b11a43251be5b556fa66bdc74cbea95158b54a6dcb4cd7e585fc15e1272
캐시 겉옷,토끼소녀의상No02,d7f60b11a43251be5b556fa66bdc74cbea95158b54a6dcb4cd7e585fc15e1272
신발,용왕의신발,d7f60b11a43251be5b556fa66bdc74cbea95158b54a6dcb4cd7e585fc15e1272
목/어깨장식,고대마령의목걸이6성,d7f60b11a43251be5b556fa66bdc74cbea95158b54a6dcb4cd7e585fc15e1272
캐시 무기,,d7f60b11a43251be5b556fa66bdc74cbea95158b54a6dcb4cd7e585fc15e1272
캐시 방패/보조무기,웨딩비둘기,d7f60b11a43251be5b556fa66bdc74cbea95158b54a6dcb4cd7e585fc15e1272
캐시 얼굴장식,,d7f60b11a43251be5b556fa66bdc74cbea95158b54a6dcb4cd7e585fc15e1272
캐시 망토,,d7f60b11a43251be5b556fa66bdc74cbea95158b54a6dcb4cd7e585fc15e1272
캐시 신발,나비하양반짝,d7f60b11a43251be5b556fa66bdc74cbea95158b54a6dcb4cd7e585fc15e1272
캐시 목/어깨장식,한여름프로포즈리본보타이,d7f60b11a43251be5b556fa66bdc74cbea95158b54a6dcb4cd7e585fc15e1272
세트옷,도깨비탐,d7f60b11a43251be5b556fa66bdc74cbea95158b54a6dcb4cd7e585fc15e1272
캐시 세트옷,,d7f60b11a43251be5b556fa66bdc74cbea95158b54a6dcb4cd7e585fc15e1272
장신구,붉은토끼풀노리개1성,d7f60b11a43251be5b556fa66bdc74cbea95158b54a6dcb4cd7e585fc15e1272
캐시 장신구,새내기핑크볼터치,d7f60b11a43251be5b556fa66bdc74cbea95158b54a6dcb4cd7e585fc15e1272
무기,용라제십명도,9cecece548742af21e37a1984e3495f84255fd3f9d1dbe8f9eacb82d23f899c5
갑옷,용라파천갑9성,9cecece548742af21e37a1984e3495f84255fd3f9d1dbe8f9eacb82d23f899c5
방패/보조무기,,9cecece548742af21e37a1984e3495f84255fd3f9d1dbe8f9eacb82d23f899c5
투구,용아투구'라8성,9cecece548742af21e37a1984e3495f84255fd3f9d1dbe8f9eacb82d23f899c5
왼손,패자황금보호대,9cecece548742af21e37a1984e3495f84255fd3f9d1dbe8f9eacb82d23f899c5
오른손,패자황금보호대,9cecece548742af21e37a1984e3495f84255fd3f9d1dbe8f9eacb82d23f899c5
보조1,빛나는마사의귀목,9cecece548742af21e37a1984e3495f84255fd3f9d1dbe8f9eacb82d23f899c5
보조2,마사의귀목,9cecece548742af21e37a1984e3495f84255fd3f9d1dbe8f9eacb82d23f899c5
얼굴장식,시바의시선,9cecece548742af21e37a1984e3495f84255fd3f9d1dbe8f9eacb82d23f899c5
캐시 투구,[콩술사]고깔모자,9cecece548742af21e37a1984e3495f84255fd3f9d1dbe8f9eacb82d23f899c5
망토,용성장견'라8성,9cecece548742af21e37a1984e3495f84255fd3f9d1dbe8f9eacb82d23f899c5
캐시 겉옷,얼음요정의상(남),9cecece548742af21e37a1984e3495f84255fd3f9d1dbe8f9eacb82d23f899c5
신발,사령웅의앞발,9cecece548742af21e37a1984e3495f84255fd3f9d1dbe8f9eacb82d23f899c5
목/어깨장식,고대마령의목걸이8성,9cecece548742af21e37a1984e3495f84255fd3f9d1dbe8f9eacb82d23f899c5
캐시 무기,천자봉황은월도,9cecece548742af21e37a1984e3495f84255fd3f9d1dbe8f9eacb82d23f899c5
캐시 방패/보조무기,웨딩비둘기,9cecece548742af21e37a1984e3495f84255fd3f9d1dbe8f9eacb82d23f899c5
캐시 얼굴장식,,9cecece548742af21e37a1984e3495f84255fd3f9d1dbe8f9eacb82d23f899c5
캐시 망토,베베천사날개,9cecece548742af21e37a1984e3495f84255fd3f9d1dbe8f9eacb82d23f899c5
캐시 신발,유성우,9cecece548742af21e37a1984e3495f84255fd3f9d1dbe8f9eacb82d23f899c5
캐시 목/어깨장식,,9cecece548742af21e37a1984e3495f84255fd3f9d1dbe8f9eacb82d23f899c5
세트옷,[괴수의상]아그니5성,9cecece548742af21e37a1984e3495f84255fd3f9d1dbe8f9eacb82d23f899c5
캐시 세트옷,,9cecece548742af21e37a1984e3495f84255fd3f9d1dbe8f9eacb82d23f899c5
장신구,붉은토끼풀노리개2성,9cecece548742af21e37a1984e3495f84255fd3f9d1dbe8f9eacb82d23f899c5
캐시 장신구,,9cecece548742af21e37a1984e3495f84255fd3f9d1dbe8f9eacb82d23f899c5
무기,용라제십명도,2ad80d685b4dbd77636c0a70804bbea71a34e314b70f507dae0c61593b84aa0d
갑옷,용라파천갑8성,2ad80d685b4dbd77636c0a70804bbea71a34e314b70f507dae0c61593b84aa0d
방패/보조무기,,2ad80d685b4dbd77636c0a70804bbea71a34e314b70f507dae0c61593b84aa0d
투구,용아투구'라8성,2ad80d685b4dbd77636c0a70804bbea71a34e314b70f507dae0c61593b84aa0d
왼손,쇄자황금보호대,2ad80d685b4dbd77636c0a70804bbea71a34e314b70f507dae0c61593b84aa0d
오른손,쇄자황금보호대,2ad80d685b4dbd77636c0a70804bbea71a34e314b70f507dae0c61593b84aa0d
보조1,마사의귀목,2ad80d685b4dbd77636c0a70804bbea71a34e314b70f507dae0c61593b84aa0d
보조2,마사의귀목,2ad80d685b4dbd77636c0a70804bbea71a34e314b70f507dae0c61593b84aa0d
얼굴장식,시바의시선,2ad80d685b4dbd77636c0a70804bbea71a34e314b70f507dae0c61593b84aa0d
캐시 투구,GM환웅의두건'9성,2ad80d685b4dbd77636c0a70804bbea71a34e314b70f507dae0c61593b84aa0d
망토,용성장견'라8성,2ad80d685b4dbd77636c0a70804bbea71a34e314b70f507dae0c61593b84aa0d
캐시 겉옷,멋진현무불괴갑,2ad80d685b4dbd77636c0a70804bbea71a34e314b70f507dae0c61593b84aa0d
신발,사령웅의앞발,2ad80d685b4dbd77636c0a70804bbea71a34e314b70f507dae0c61593b84aa0d
목/어깨장식,단조의심단,2ad80d685b4dbd77636c0a70804bbea71a34e314b70f507dae0c61593b84aa0d
캐시 무기,[심야]행운의채굴곡괭이,2ad80d685b4dbd77636c0a70804bbea71a34e314b70f507dae0c61593b84aa0d
캐시 방패/보조무기,문방구옥구슬,2ad80d685b4dbd77636c0a70804bbea71a34e314b70f507dae0c61593b84aa0d
캐시 얼굴장식,눈장식:칼라렌즈(흑진주),2ad80d685b4dbd77636c0a70804bbea71a34e314b70f507dae0c61593b84aa0d
캐시 망토,백호무신의기운,2ad80d685b4dbd77636c0a70804bbea71a34e314b70f507dae0c61593b84aa0d
캐시 신발,흩날리는깃털,2ad80d685b4dbd77636c0a70804bbea71a34e314b70f507dae0c61593b84aa0d
캐시 목/어깨장식,초코델리힙색No02,2ad80d685b4dbd77636c0a70804bbea71a34e314b70f507dae0c61593b84aa0d
세트옷,[괴수의상]가루다5성,2ad80d685b4dbd77636c0a70804bbea71a34e314b70f507dae0c61593b84aa0d
캐시 세트옷,,2ad80d685b4dbd77636c0a70804bbea71a34e314b70f507dae0c61593b84aa0d
장신구,붉은토끼풀노리개1성,2ad80d685b4dbd77636c0a70804bbea71a34e314b70f507dae0c61593b84aa0d
캐시 장신구,흑막등장,2ad80d685b4dbd77636c0a70804bbea71a34e314b70f507dae0c61593b84aa0d
무기,용라제십명도,2ad80d685b4dbd77636c0a70804bbea761c5e01fbf49e57b5c1281a646ff3813
갑옷,용라멸아갑8성,2ad80d685b4dbd77636c0a70804bbea761c5e01fbf49e57b5c1281a646ff3813
방패/보조무기,,2ad80d685b4dbd77636c0a70804bbea761c5e01fbf49e57b5c1281a646ff3813
투구,용아투구'라8성,2ad80d685b4dbd77636c0a70804bbea761c5e01fbf49e57b5c1281a646ff3813
왼손,용발톱흑광노리개10성,2ad80d685b4dbd77636c0a70804bbea761c5e01fbf49e57b5c1281a646ff3813
오른손,용발톱흑광노리개10성,2ad80d685b4dbd77636c0a70804bbea761c5e01fbf49e57b5c1281a646ff3813
보조1,투명구두,2ad80d685b4dbd77636c0a70804bbea761c5e01fbf49e57b5c1281a646ff3813
보조2,마사의귀목,2ad80d685b4dbd77636c0a70804bbea761c5e01fbf49e57b5c1281a646ff3813
얼굴장식,시바의시선,2ad80d685b4dbd77636c0a70804bbea761c5e01fbf49e57b5c1281a646ff3813
캐시 투구,한여름프로포즈축복,2ad80d685b4dbd77636c0a70804bbea761c5e01fbf49e57b5c1281a646ff3813
망토,용성장견'라8성,2ad80d685b4dbd77636c0a70804bbea761c5e01fbf49e57b5c1281a646ff3813
캐시 겉옷,토끼소녀의상'금,2ad80d685b4dbd77636c0a70804bbea761c5e01fbf49e57b5c1281a646ff3813
신발,사령웅의앞발,2ad80d685b4dbd77636c0a70804bbea761c5e01fbf49e57b5c1281a646ff3813
목/어깨장식,고대마령의목걸이8성,2ad80d685b4dbd77636c0a70804bbea761c5e01fbf49e57b5c1281a646ff3813
캐시 무기,새내기핸드폰,2ad80d685b4dbd77636c0a70804bbea761c5e01fbf49e57b5c1281a646ff3813
캐시 방패/보조무기,웨딩비둘기,2ad80d685b4dbd77636c0a70804bbea761c5e01fbf49e57b5c1281a646ff3813
캐시 얼굴장식,[30주년]넥슨히어로하트,2ad80d685b4dbd77636c0a70804bbea761c5e01fbf49e57b5c1281a646ff3813
캐시 망토,봄의청사꽃송이,2ad80d685b4dbd77636c0a70804bbea761c5e01fbf49e57b5c1281a646ff3813
캐시 신발,겨울반딧불,2ad80d685b4dbd77636c0a70804bbea761c5e01fbf49e57b5c1281a646ff3813
캐시 목/어깨장식,바다케이프,2ad80d685b4dbd77636c0a70804bbea761c5e01fbf49e57b5c1281a646ff3813
세트옷,꺄꺄,2ad80d685b4dbd77636c0a70804bbea761c5e01fbf49e57b5c1281a646ff3813
캐시 세트옷,[구]웨딩드레스No05,2ad80d685b4dbd77636c0a70804bbea761c5e01fbf49e57b5c1281a646ff3813
장신구,자수원앙노리개2성,2ad80d685b4dbd77636c0a70804bbea761c5e01fbf49e57b5c1281a646ff3813
캐시 장신구,열대어헤어핀,2ad80d685b4dbd77636c0a70804bbea761c5e01fbf49e57b5c1281a646ff3813
무기,용라제십명도,1ebccdef2f3e446bdf33b1803620bcf721fea11c509c426d0aef786bc288bf5a
갑옷,용라멸아갑8성,1ebccdef2f3e446bdf33b1803620bcf721fea11c509c426d0aef786bc288bf5a
방패/보조무기,,1ebccdef2f3e446bdf33b1803620bcf721fea11c509c426d0aef786bc288bf5a
투구,용아투구'라8성,1ebccdef2f3e446bdf33b1803620bcf721fea11c509c426d0aef786bc288bf5a
왼손,패자황금보호대,1ebccdef2f3e446bdf33b1803620bcf721fea11c509c426d0aef786bc288bf5a
오른손,바람청옥보호대,1ebccdef2f3e446bdf33b1803620bcf721fea11c509c426d0aef786bc288bf5a
보조1,찬란한아그니의적영,1ebccdef2f3e446bdf33b1803620bcf721fea11c509c426d0aef786bc288bf5a
보조2,마령의노리개'흑10성,1ebccdef2f3e446bdf33b1803620bcf721fea11c509c426d0aef786bc288bf5a
얼굴장식,빛나는조사장의가면,1ebccdef2f3e446bdf33b1803620bcf721fea11c509c426d0aef786bc288bf5a
캐시 투구,베베토끼털모자,1ebccdef2f3e446bdf33b1803620bcf721fea11c509c426d0aef786bc288bf5a
망토,용성장견'라8성,1ebccdef2f3e446bdf33b1803620bcf721fea11c509c426d0aef786bc288bf5a
캐시 겉옷,깜찍펭귄의상,1ebccdef2f3e446bdf33b1803620bcf721fea11c509c426d0aef786bc288bf5a
신발,고대마령의군화'흑8성,1ebccdef2f3e446bdf33b1803620bcf721fea11c509c426d0aef786bc288bf5a
목/어깨장식,고대마령의목걸이8성,1ebccdef2f3e446bdf33b1803620bcf721fea11c509c426d0aef786bc288bf5a
캐시 무기,행운의채굴곡괭이,1ebccdef2f3e446bdf33b1803620bcf721fea11c509c426d0aef786bc288bf5a
캐시 방패/보조무기,웨딩비둘기,1ebccdef2f3e446bdf33b1803620bcf721fea11c509c426d0aef786bc288bf5a
캐시 얼굴장식,[30주년]넥슨히어로하트,1ebccdef2f3e446bdf33b1803620bcf721fea11c509c426d0aef786bc288bf5a
캐시 망토,겨울한교복털망토,1ebccdef2f3e446bdf33b1803620bcf721fea11c509c426d0aef786bc288bf5a
캐시 신발,유체군단,1ebccdef2f3e446bdf33b1803620bcf721fea11c509c426d0aef786bc288bf5a
캐시 목/어깨장식,웨딩목걸이,1ebccdef2f3e446bdf33b1803620bcf721fea11c509c426d0aef786bc288bf5a
세트옷,[괴수의상]아이라바타3성,1ebccdef2f3e446bdf33b1803620bcf721fea11c509c426d0aef786bc288bf5a
캐시 세트옷,깜찍펭귄,1ebccdef2f3e446bdf33b1803620bcf721fea11c509c426d0aef786bc288bf5a
장신구,붉은토끼풀노리개1성,1ebccdef2f3e446bdf33b1803620bcf721fea11c509c426d0aef786bc288bf5a
캐시 장신구,깜찍펭귄얼굴,1ebccdef2f3e446bdf33b1803620bcf721fea11c509c426d0aef786bc288bf5a
무기,용라제십명도,f47709ceebd0c969db87ee00f52822b5cb7818535ad5657143fafa1356bc2bd8
갑옷,패자황금연갑,f47709ceebd0c969db87ee00f52822b5cb7818535ad5657143fafa1356bc2bd8
방패/보조무기,,f47709ceebd0c969db87ee00f52822b5cb7818535ad5657143fafa1356bc2bd8
투구,용아투구'라8성,f47709ceebd0c969db87ee00f52822b5cb7818535ad5657143fafa1356bc2bd8
왼손,패자황금보호대,f47709ceebd0c969db87ee00f52822b5cb7818535ad5657143fafa1356bc2bd8
오른손,패자황금보호대,f47709ceebd0c969db87ee00f52822b5cb7818535ad5657143fafa1356bc2bd8
보조1,아그니의적영,f47709ceebd0c969db87ee00f52822b5cb7818535ad5657143fafa1356bc2bd8
보조2,마사의귀목,f47709ceebd0c969db87ee00f52822b5cb7818535ad5657143fafa1356bc2bd8
얼굴장식,시바의시선,f47709ceebd0c969db87ee00f52822b5cb7818535ad5657143fafa1356bc2bd8
캐시 투구,한가위토깽의귀(홍),f47709ceebd0c969db87ee00f52822b5cb7818535ad5657143fafa1356bc2bd8
망토,용성장견'라8성,f47709ceebd0c969db87ee00f52822b5cb7818535ad5657143fafa1356bc2bd8
캐시 겉옷,,f47709ceebd0c969db87ee00f52822b5cb7818535ad5657143fafa1356bc2bd8
신발,사령웅의앞발,f47709ceebd0c969db87ee00f52822b5cb7818535ad5657143fafa1356bc2bd8
목/어깨장식,고대마령의목걸이8성,f47709ceebd0c969db87ee00f52822b5cb7818535ad5657143fafa1356bc2bd8
캐시 무기,행운의채굴곡괭이,f47709ceebd0c969db87ee00f52822b5cb7818535ad5657143fafa1356bc2bd8
캐시 방패/보조무기,할로윈악마곰돌이,f47709ceebd0c969db87ee00f52822b5cb7818535ad5657143fafa1356bc2bd8
캐시 얼굴장식,할로윈매력안대,f47709ceebd0c969db87ee00f52822b5cb7818535ad5657143fafa1356bc2bd8
캐시 망토,[2023]진인의심장,f47709ceebd0c969db87ee00f52822b5cb7818535ad5657143fafa1356bc2bd8
캐시 신발,겨울반딧불,f47709ceebd0c969db87ee00f52822b5cb7818535ad5657143fafa1356bc2bd8
캐시 목/어깨장식,바닷바람따뜻한하트,f47709ceebd0c969db87ee00f52822b5cb7818535ad5657143fafa1356bc2bd8
세트옷,[괴수의상]바루나1성,f47709ceebd0c969db87ee00f52822b5cb7818535ad5657143fafa1356bc2bd8
캐시 세트옷,,f47709ceebd0c969db87ee00f52822b5cb7818535ad5657143fafa1356bc2bd8
장신구,붉은토끼풀노리개2성,f47709ceebd0c969db87ee00f52822b5cb7818535ad5657143fafa1356bc2bd8
캐시 장신구,깜찍한악마뿔,f47709ceebd0c969db87ee00f52822b5cb7818535ad5657143fafa1356bc2bd8
무기,고대마령의적혈명도9성,d8e6f86446c08040ffa9c51e29537c1927c617df14c1dc06dcf9d7364ac25e54
갑옷,태광천신의복8성,d8e6f86446c08040ffa9c51e29537c1927c617df14c1dc06dcf9d7364ac25e54
방패/보조무기,,d8e6f86446c08040ffa9c51e29537c1927c617df14c1dc06dcf9d7364ac25e54
투구,태광천신금잠7성,d8e6f86446c08040ffa9c51e29537c1927c617df14c1dc06dcf9d7364ac25e54
왼손,[상급]봉래산반지,d8e6f86446c08040ffa9c51e29537c1927c617df14c1dc06dcf9d7364ac25e54
오른손,[상급]봉래산반지,d8e6f86446c08040ffa9c51e29537c1927c617df14c1dc06dcf9d7364ac25e54
보조1,마사의귀목,d8e6f86446c08040ffa9c51e29537c1927c617df14c1dc06dcf9d7364ac25e54
보조2,마사의귀목,d8e6f86446c08040ffa9c51e29537c1927c617df14c1dc06dcf9d7364ac25e54
얼굴장식,시바의시선,d8e6f86446c08040ffa9c51e29537c1927c617df14c1dc06dcf9d7364ac25e54
캐시 투구,들꽃나그네흑립,d8e6f86446c08040ffa9c51e29537c1927c617df14c1dc06dcf9d7364ac25e54
망토,용성장견'라8성,d8e6f86446c08040ffa9c51e29537c1927c617df14c1dc06dcf9d7364ac25e54
캐시 겉옷,고고한선비도포(남),d8e6f86446c08040ffa9c51e29537c1927c617df14c1dc06dcf9d7364ac25e54
신발,사령웅의앞발,d8e6f86446c08040ffa9c51e29537c1927c617df14c1dc06dcf9d7364ac25e54
목/어깨장식,고대마령의목걸이8성,d8e6f86446c08040ffa9c51e29537c1927c617df14c1dc06dcf9d7364ac25e54
캐시 무기,,d8e6f86446c08040ffa9c51e29537c1927c617df14c1dc06dcf9d7364ac25e54
캐시 방패/보조무기,발아래까치,d8e6f86446c08040ffa9c51e29537c1927c617df14c1dc06dcf9d7364ac25e54
캐시 얼굴장식,,d8e6f86446c08040ffa9c51e29537c1927c617df14c1dc06dcf9d7364ac25e54
캐시 망토,깃털날개,d8e6f86446c08040ffa9c51e29537c1927c617df14c1dc06dcf9d7364ac25e54
캐시 신발,헤리티지빛나는쥬얼,d8e6f86446c08040ffa9c51e29537c1927c617df14c1dc06dcf9d7364ac25e54
캐시 목/어깨장식,,d8e6f86446c08040ffa9c51e29537c1927c617df14c1dc06dcf9d7364ac25e54
세트옷,[괴수의상]바루나1성,d8e6f86446c08040ffa9c51e29537c1927c617df14c1dc06dcf9d7364ac25e54
캐시 세트옷,,d8e6f86446c08040ffa9c51e29537c1927c617df14c1dc06dcf9d7364ac25e54
장신구,봉황삼작금노리개1성,d8e6f86446c08040ffa9c51e29537c1927c617df14c1dc06dcf9d7364ac25e54
캐시 장신구,달콤반짝이No01,d8e6f86446c08040ffa9c51e29537c1927c617df14c1dc06dcf9d7364ac25e54
무기,신일태도3성,09175c422326b370b8953b7bc967475e0ab67cf585100935455b3c5cd2472de3
갑옷,용라파천갑9성,09175c422326b370b8953b7bc967475e0ab67cf585100935455b3c5cd2472de3
방패/보조무기,,09175c422326b370b8953b7bc967475e0ab67cf585100935455b3c5cd2472de3
투구,용아투구'라8성,09175c422326b370b8953b7bc967475e0ab67cf585100935455b3c5cd2472de3
왼손,[상급]봉래산반지,09175c422326b370b8953b7bc967475e0ab67cf585100935455b3c5cd2472de3
오른손,태염반지6성,09175c422326b370b8953b7bc967475e0ab67cf585100935455b3c5cd2472de3
보조1,마사의귀목,09175c422326b370b8953b7bc967475e0ab67cf585100935455b3c5cd2472de3
보조2,마사의귀목,09175c422326b370b8953b7bc967475e0ab67cf585100935455b3c5cd2472de3
얼굴장식,조사장의가면,09175c422326b370b8953b7bc967475e0ab67cf585100935455b3c5cd2472de3
캐시 투구,치치의귀마개,09175c422326b370b8953b7bc967475e0ab67cf585100935455b3c5cd2472de3
망토,용성장견'라8성,09175c422326b370b8953b7bc967475e0ab67cf585100935455b3c5cd2472de3
캐시 겉옷,뽀짝피그남자의상No02,09175c422326b370b8953b7bc967475e0ab67cf585100935455b3c5cd2472de3
신발,사령웅의앞발,09175c422326b370b8953b7bc967475e0ab67cf585100935455b3c5cd2472de3
목/어깨장식,고대마령의목걸이6성,09175c422326b370b8953b7bc967475e0ab67cf585100935455b3c5cd2472de3
캐시 무기,무지개물풍선,09175c422326b370b8953b7bc967475e0ab67cf585100935455b3c5cd2472de3
캐시 방패/보조무기,,09175c422326b370b8953b7bc967475e0ab67cf585100935455b3c5cd2472de3
캐시 얼굴장식,,09175c422326b370b8953b7bc967475e0ab67cf585100935455b3c5cd2472de3
캐시 망토,어쿠스틱기타,09175c422326b370b8953b7bc967475e0ab67cf585100935455b3c5cd2472de3
캐시 신발,바람정장구두,09175c422326b370b8953b7bc967475e0ab67cf585100935455b3c5cd2472de3
캐시 목/어깨장식,웨딩부토니에,09175c422326b370b8953b7bc967475e0ab67cf585100935455b3c5cd2472de3
세트옷,도깨비탐,09175c422326b370b8953b7bc967475e0ab67cf585100935455b3c5cd2472de3
캐시 세트옷,,09175c422326b370b8953b7bc967475e0ab67cf585100935455b3c5cd2472de3
장신구,봉황삼작금노리개1성,09175c422326b370b8953b7bc967475e0ab67cf585100935455b3c5cd2472de3
캐시 장신구,알파봇K,09175c422326b370b8953b7bc967475e0ab67cf585100935455b3c5cd2472de3
무기,궤멸,8539794a0d45cb494ae006e185475cee64858a1aac39163f2f632eba07393aa0
갑옷,패자황금갑주,8539794a0d45cb494ae006e185475cee64858a1aac39163f2f632eba07393aa0
방패/보조무기,,8539794a0d45cb494ae006e185475cee64858a1aac39163f2f632eba07393aa0
투구,태염무신금잠8성,8539794a0d45cb494ae006e185475cee64858a1aac39163f2f632eba07393aa0
왼손,패자황금보호대,8539794a0d45cb494ae006e185475cee64858a1aac39163f2f632eba07393aa0
오른손,패자황금보호대,8539794a0d45cb494ae006e185475cee64858a1aac39163f2f632eba07393aa0
보조1,마령의노리개'흑8성,8539794a0d45cb494ae006e185475cee64858a1aac39163f2f632eba07393aa0
보조2,마사의귀목,8539794a0d45cb494ae006e185475cee64858a1aac39163f2f632eba07393aa0
얼굴장식,시바의시선,8539794a0d45cb494ae006e185475cee64858a1aac39163f2f632eba07393aa0
캐시 투구,비밀정원모자,8539794a0d45cb494ae006e185475cee64858a1aac39163f2f632eba07393aa0
망토,용성장견'라8성,8539794a0d45cb494ae006e185475cee64858a1aac39163f2f632eba07393aa0
캐시 겉옷,꽃도령도포No02,8539794a0d45cb494ae006e185475cee64858a1aac39163f2f632eba07393aa0
신발,사령웅의앞발,8539794a0d45cb494ae006e185475cee64858a1aac39163f2f632eba07393aa0
목/어깨장식,고대마령의목걸이8성,8539794a0d45cb494ae006e185475cee64858a1aac39163f2f632eba07393aa0
캐시 무기,행운의채굴곡괭이,8539794a0d45cb494ae006e185475cee64858a1aac39163f2f632eba07393aa0
캐시 방패/보조무기,겨울선물상자,8539794a0d45cb494ae006e185475cee64858a1aac39163f2f632eba07393aa0
캐시 얼굴장식,,8539794a0d45cb494ae006e185475cee64858a1aac39163f2f632eba07393aa0
캐시 망토,분홍꽃잎,8539794a0d45cb494ae006e185475cee64858a1aac39163f2f632eba07393aa0
캐시 신발,베베별자국,8539794a0d45cb494ae006e185475cee64858a1aac39163f2f632eba07393aa0
캐시 목/어깨장식,,8539794a0d45cb494ae006e185475cee64858a1aac39163f2f632eba07393aa0
세트옷,강철의탐,8539794a0d45cb494ae006e185475cee64858a1aac39163f2f632eba07393aa0
캐시 세트옷,[구]웨딩드레스No07,8539794a0d45cb494ae006e185475cee64858a1aac39163f2f632eba07393aa0
장신구,붉은토끼풀노리개1성,8539794a0d45cb494ae006e185475cee64858a1aac39163f2f632eba07393aa0
캐시 장신구,베베반짝별,8539794a0d45cb494ae006e185475cee64858a1aac39163f2f632eba07393aa0
무기,고대마령의적혈명도9성,8539794a0d45cb494ae006e185475ceeae28c9a4957f7b1a9871db640ee675f4
갑옷,태광천신의복8성,8539794a0d45cb494ae006e185475ceeae28c9a4957f7b1a9871db640ee675f4
방패/보조무기,,8539794a0d45cb494ae006e185475ceeae28c9a4957f7b1a9871db640ee675f4
투구,태광천신금잠8성,8539794a0d45cb494ae006e185475ceeae28c9a4957f7b1a9871db640ee675f4
왼손,바람제영식보호대,8539794a0d45cb494ae006e185475ceeae28c9a4957f7b1a9871db640ee675f4
오른손,바람제영식보호대,8539794a0d45cb494ae006e185475ceeae28c9a4957f7b1a9871db640ee675f4
보조1,빛나는마사의귀목,8539794a0d45cb494ae006e185475ceeae28c9a4957f7b1a9871db640ee675f4
보조2,부여지휘관휘장,8539794a0d45cb494ae006e185475ceeae28c9a4957f7b1a9871db640ee675f4
얼굴장식,고대마령의암막7성,8539794a0d45cb494ae006e185475ceeae28c9a4957f7b1a9871db640ee675f4
캐시 투구,바람랜드소년헤어No02,8539794a0d45cb494ae006e185475ceeae28c9a4957f7b1a9871db640ee675f4
망토,용성장견'라6성,8539794a0d45cb494ae006e185475ceeae28c9a4957f7b1a9871db640ee675f4
캐시 겉옷,프리티의상No01남,8539794a0d45cb494ae006e185475ceeae28c9a4957f7b1a9871db640ee675f4
신발,고대마령의군화'흑7성,8539794a0d45cb494ae006e185475ceeae28c9a4957f7b1a9871db640ee675f4
목/어깨장식,고대마령의목걸이7성,8539794a0d45cb494ae006e185475ceeae28c9a4957f7b1a9871db640ee675f4
캐시 무기,[심야]행운의채굴곡괭이,8539794a0d45cb494ae006e185475ceeae28c9a4957f7b1a9871db640ee675f4
캐시 방패/보조무기,,8539794a0d45cb494ae006e185475ceeae28c9a4957f7b1a9871db640ee675f4
캐시 얼굴장식,,8539794a0d45cb494ae006e185475ceeae28c9a4957f7b1a9871db640ee675f4
캐시 망토,러블리키스No08,8539794a0d45cb494ae006e185475ceeae28c9a4957f7b1a9871db640ee675f4
캐시 신발,흩뿌려진꽃잎No02,8539794a0d45cb494ae006e185475ceeae28c9a4957f7b1a9871db640ee675f4
캐시 목/어깨장식,아기턱받이No02,8539794a0d45cb494ae006e185475ceeae28c9a4957f7b1a9871db640ee675f4
세트옷,강철의탐,8539794a0d45cb494ae006e185475ceeae28c9a4957f7b1a9871db640ee675f4
캐시 세트옷,,8539794a0d45cb494ae006e185475ceeae28c9a4957f7b1a9871db640ee675f4
장신구,파란나비노리개2성,8539794a0d45cb494ae006e185475ceeae28c9a4957f7b1a9871db640ee675f4
캐시 장신구,,8539794a0d45cb494ae006e185475ceeae28c9a4957f7b1a9871db640ee675f4
무기,고대마령의적혈명도8성,58a482ee53dce455a5d92b889e5e443663cbcf7e4427148eb8509c713dc6e25f
갑옷,금린천화갑8성,58a482ee53dce455a5d92b889e5e443663cbcf7e4427148eb8509c713dc6e25f
방패/보조무기,,58a482ee53dce455a5d92b889e5e443663cbcf7e4427148eb8509c713dc6e25f
투구,금린화월관7성,58a482ee53dce455a5d92b889e5e443663cbcf7e4427148eb8509c713dc6e25f
왼손,태염반지6성,58a482ee53dce455a5d92b889e5e443663cbcf7e4427148eb8509c713dc6e25f
오른손,금린반지6성,58a482ee53dce455a5d92b889e5e443663cbcf7e4427148eb8509c713dc6e25f
보조1,마사의귀목,58a482ee53dce455a5d92b889e5e443663cbcf7e4427148eb8509c713dc6e25f
보조2,마사의귀목,58a482ee53dce455a5d92b889e5e443663cbcf7e4427148eb8509c713dc6e25f
얼굴장식,조사장의가면,58a482ee53dce455a5d92b889e5e443663cbcf7e4427148eb8509c713dc6e25f
캐시 투구,겨울한교복도령모,58a482ee53dce455a5d92b889e5e443663cbcf7e4427148eb8509c713dc6e25f
망토,무신귀갑주7성,58a482ee53dce455a5d92b889e5e443663cbcf7e4427148eb8509c713dc6e25f
캐시 겉옷,뽀짝피그남자의상No01,58a482ee53dce455a5d92b889e5e443663cbcf7e4427148eb8509c713dc6e25f
신발,사령웅의앞발,58a482ee53dce455a5d92b889e5e443663cbcf7e4427148eb8509c713dc6e25f
목/어깨장식,고대마령의목걸이6성,58a482ee53dce455a5d92b889e5e443663cbcf7e4427148eb8509c713dc6e25f
캐시 무기,겨울복주머니,58a482ee53dce455a5d92b889e5e443663cbcf7e4427148eb8509c713dc6e25f
캐시 방패/보조무기,멍멍이No01,58a482ee53dce455a5d92b889e5e443663cbcf7e4427148eb8509c713dc6e25f
캐시 얼굴장식,,58a482ee53dce455a5d92b889e5e443663cbcf7e4427148eb8509c713dc6e25f
캐시 망토,분홍꽃잎,58a482ee53dce455a5d92b889e5e443663cbcf7e4427148eb8509c713dc6e25f
캐시 신발,겨울반딧불,58a482ee53dce455a5d92b889e5e443663cbcf7e4427148eb8509c713dc6e25f
캐시 목/어깨장식,,58a482ee53dce455a5d92b889e5e443663cbcf7e4427148eb8509c713dc6e25f
세트옷,도깨비탐,58a482ee53dce455a5d92b889e5e443663cbcf7e4427148eb8509c713dc6e25f
캐시 세트옷,,58a482ee53dce455a5d92b889e5e443663cbcf7e4427148eb8509c713dc6e25f
장신구,파란나비노리개2성,58a482ee53dce455a5d92b889e5e443663cbcf7e4427148eb8509c713dc6e25f
캐시 장신구,주말오후빨간실핀,58a482ee53dce455a5d92b889e5e443663cbcf7e4427148eb8509c713dc6e25f
무기,용비제십겸,8539794a0d45cb494ae006e185475cee1703d306c774f8e8b36b47645afa2c3c
갑옷,용비멸아갑8성,8539794a0d45cb494ae006e185475cee1703d306c774f8e8b36b47645afa2c3c
방패/보조무기,,8539794a0d45cb494ae006e185475cee1703d306c774f8e8b36b47645afa2c3c
투구,용아투구'비8성,8539794a0d45cb494ae006e185475cee1703d306c774f8e8b36b47645afa2c3c
왼손,용발톱흑광노리개9성,8539794a0d45cb494ae006e185475cee1703d306c774f8e8b36b47645afa2c3c
오른손,용발톱흑광노리개9성,8539794a0d45cb494ae006e185475cee1703d306c774f8e8b36b47645afa2c3c
보조1,빛나는마사의귀목,8539794a0d45cb494ae006e185475cee1703d306c774f8e8b36b47645afa2c3c
보조2,마사의귀목,8539794a0d45cb494ae006e185475cee1703d306c774f8e8b36b47645afa2c3c
얼굴장식,찬란한시바의시선,8539794a0d45cb494ae006e185475cee1703d306c774f8e8b36b47645afa2c3c
캐시 투구,한여름프로포즈축복,8539794a0d45cb494ae006e185475cee1703d306c774f8e8b36b47645afa2c3c
망토,용성장견'비8성,8539794a0d45cb494ae006e185475cee1703d306c774f8e8b36b47645afa2c3c
캐시 겉옷,대양의선원복(여),8539794a0d45cb494ae006e185475cee1703d306c774f8e8b36b47645afa2c3c
신발,사령웅의앞발,8539794a0d45cb494ae006e185475cee1703d306c774f8e8b36b47645afa2c3c
목/어깨장식,고대마령의목걸이8성,8539794a0d45cb494ae006e185475cee1703d306c774f8e8b36b47645afa2c3c
캐시 무기,여름별빛달콤사탕,8539794a0d45cb494ae006e185475cee1703d306c774f8e8b36b47645afa2c3c
캐시 방패/보조무기,로코코스텔라베어,8539794a0d45cb494ae006e185475cee1703d306c774f8e8b36b47645afa2c3c
캐시 얼굴장식,,8539794a0d45cb494ae006e185475cee1703d306c774f8e8b36b47645afa2c3c
캐시 망토,자체발광블링블링,8539794a0d45cb494ae006e185475cee1703d306c774f8e8b36b47645afa2c3c
캐시 신발,자체발광블링톡톡,8539794a0d45cb494ae006e185475cee1703d306c774f8e8b36b47645afa2c3c
캐시 목/어깨장식,새내기핸드백,8539794a0d45cb494ae006e185475cee1703d306c774f8e8b36b47645afa2c3c
세트옷,[괴수의상]아그니1성,8539794a0d45cb494ae006e185475cee1703d306c774f8e8b36b47645afa2c3c
캐시 세트옷,,8539794a0d45cb494ae006e185475cee1703d306c774f8e8b36b47645afa2c3c
장신구,붉은토끼풀노리개1성,8539794a0d45cb494ae006e185475cee1703d306c774f8e8b36b47645afa2c3c
캐시 장신구,로코코리본코사지,8539794a0d45cb494ae006e185475cee1703d306c774f8e8b36b47645afa2c3c
무기,용비제십겸,8539794a0d45cb494ae006e185475cee307c649e082063cbd06040bba0a780a7
갑옷,용비파천갑8성,8539794a0d45cb494ae006e185475cee307c649e082063cbd06040bba0a780a7
방패/보조무기,,8539794a0d45cb494ae006e185475cee307c649e082063cbd06040bba0a780a7
투구,고대마령투구10성,8539794a0d45cb494ae006e185475cee307c649e082063cbd06040bba0a780a7
왼손,환웅의투수'8성,8539794a0d45cb494ae006e185475cee307c649e082063cbd06040bba0a780a7
오른손,환웅의투수'8성,8539794a0d45cb494ae006e185475cee307c649e082063cbd06040bba0a780a7
보조1,마사의귀목,8539794a0d45cb494ae006e185475cee307c649e082063cbd06040bba0a780a7
보조2,마사의귀목,8539794a0d45cb494ae006e185475cee307c649e082063cbd06040bba0a780a7
얼굴장식,조사장의가면,8539794a0d45cb494ae006e185475cee307c649e082063cbd06040bba0a780a7
캐시 투구,뱀파이어백작불꽃,8539794a0d45cb494ae006e185475cee307c649e082063cbd06040bba0a780a7
망토,용성장견'비8성,8539794a0d45cb494ae006e185475cee307c649e082063cbd06040bba0a780a7
캐시 겉옷,인왕산성군의상,8539794a0d45cb494ae006e185475cee307c649e082063cbd06040bba0a780a7
신발,사령웅의앞발,8539794a0d45cb494ae006e185475cee307c649e082063cbd06040bba0a780a7
목/어깨장식,단조의심단,8539794a0d45cb494ae006e185475cee307c649e082063cbd06040bba0a780a7
캐시 무기,이븐한호떡한입,8539794a0d45cb494ae006e185475cee307c649e082063cbd06040bba0a780a7
캐시 방패/보조무기,럭셔리왼손쇼핑백No03,8539794a0d45cb494ae006e185475cee307c649e082063cbd06040bba0a780a7
캐시 얼굴장식,삼촌수염,8539794a0d45cb494ae006e185475cee307c649e082063cbd06040bba0a780a7
캐시 망토,,8539794a0d45cb494ae006e185475cee307c649e082063cbd06040bba0a780a7
캐시 신발,값진반짝클로버,8539794a0d45cb494ae006e185475cee307c649e082063cbd06040bba0a780a7
캐시 목/어깨장식,초코델리힙색No02,8539794a0d45cb494ae006e185475cee307c649e082063cbd06040bba0a780a7
세트옷,[괴수의상]바루나1성,8539794a0d45cb494ae006e185475cee307c649e082063cbd06040bba0a780a7
캐시 세트옷,오싹처녀귀신,8539794a0d45cb494ae006e185475cee307c649e082063cbd06040bba0a780a7
장신구,파란나비노리개1성,8539794a0d45cb494ae006e185475cee307c649e082063cbd06040bba0a780a7
캐시 장신구,,8539794a0d45cb494ae006e185475cee307c649e082063cbd06040bba0a780a7
무기,고대마령의적혈겸8성,8539794a0d45cb494ae006e185475ceea32a76aebc4f07f116c04bad9e8a8870
갑옷,태염무신장갑8성,8539794a0d45cb494ae006e185475ceea32a76aebc4f07f116c04bad9e8a8870
방패/보조무기,,8539794a0d45cb494ae006e185475ceea32a76aebc4f07f116c04bad9e8a8870
투구,환웅의두건'8성,8539794a0d45cb494ae006e185475ceea32a76aebc4f07f116c04bad9e8a8870
왼손,태염반지6성,8539794a0d45cb494ae006e185475ceea32a76aebc4f07f116c04bad9e8a8870
오른손,태염반지6성,8539794a0d45cb494ae006e185475ceea32a76aebc4f07f116c04bad9e8a8870
보조1,마사의귀목,8539794a0d45cb494ae006e185475ceea32a76aebc4f07f116c04bad9e8a8870
보조2,마사의귀목,8539794a0d45cb494ae006e185475ceea32a76aebc4f07f116c04bad9e8a8870
얼굴장식,조사장의가면,8539794a0d45cb494ae006e185475ceea32a76aebc4f07f116c04bad9e8a8870
캐시 투구,쌍둥이커플헤어(남),8539794a0d45cb494ae006e185475ceea32a76aebc4f07f116c04bad9e8a8870
망토,천신부금장6성,8539794a0d45cb494ae006e185475ceea32a76aebc4f07f116c04bad9e8a8870
캐시 겉옷,댕댕의상(남),8539794a0d45cb494ae006e185475ceea32a76aebc4f07f116c04bad9e8a8870
신발,사령웅의앞발,8539794a0d45cb494ae006e185475ceea32a76aebc4f07f116c04bad9e8a8870
목/어깨장식,진'흉수의인장,8539794a0d45cb494ae006e185475ceea32a76aebc4f07f116c04bad9e8a8870
캐시 무기,나사펫아이스바,8539794a0d45cb494ae006e185475ceea32a76aebc4f07f116c04bad9e8a8870
캐시 방패/보조무기,,8539794a0d45cb494ae006e185475ceea32a76aebc4f07f116c04bad9e8a8870
캐시 얼굴장식,,8539794a0d45cb494ae006e185475ceea32a76aebc4f07f116c04bad9e8a8870
캐시 망토,풍월요괴고방한외투,8539794a0d45cb494ae006e185475ceea32a76aebc4f07f116c04bad9e8a8870
캐시 신발,곰돌이파랑풍선,8539794a0d45cb494ae006e185475ceea32a76aebc4f07f116c04bad9e8a8870
캐시 목/어깨장식,말랑오리튜브,8539794a0d45cb494ae006e185475ceea32a76aebc4f07f116c04bad9e8a8870
세트옷,[괴수의상]가네샤1성,8539794a0d45cb494ae006e185475ceea32a76aebc4f07f116c04bad9e8a8870
캐시 세트옷,,8539794a0d45cb494ae006e185475ceea32a76aebc4f07f116c04bad9e8a8870
장신구,파란나비노리개2성,8539794a0d45cb494ae006e185475ceea32a76aebc4f07f116c04bad9e8a8870
캐시 장신구,달콤새콤딸기장식,8539794a0d45cb494ae006e185475ceea32a76aebc4f07f116c04bad9e8a8870
무기,후암구겸8성,8539794a0d45cb494ae006e185475cee789891449430aea55870512838242e30
갑옷,태광천신의복9성,8539794a0d45cb494ae006e185475cee789891449430aea55870512838242e30
방패/보조무기,,8539794a0d45cb494ae006e185475cee789891449430aea55870512838242e30
투구,태광천신금잠8성,8539794a0d45cb494ae006e185475cee789891449430aea55870512838242e30
왼손,환웅의천수'9성,8539794a0d45cb494ae006e185475cee789891449430aea55870512838242e30
오른손,환인천환'1성,8539794a0d45cb494ae006e185475cee789891449430aea55870512838242e30
보조1,마사의귀목,8539794a0d45cb494ae006e185475cee789891449430aea55870512838242e30
보조2,마사의귀목,8539794a0d45cb494ae006e185475cee789891449430aea55870512838242e30
얼굴장식,빛나는조사장의가면,8539794a0d45cb494ae006e185475cee789891449430aea55870512838242e30
캐시 투구,설빔도령복건,8539794a0d45cb494ae006e185475cee789891449430aea55870512838242e30
망토,무신귀갑주7성,8539794a0d45cb494ae006e185475cee789891449430aea55870512838242e30
캐시 겉옷,한가위토깽의복(흑),8539794a0d45cb494ae006e185475cee789891449430aea55870512838242e30
신발,고대마령의군화'월7성,8539794a0d45cb494ae006e185475cee789891449430aea55870512838242e30
목/어깨장식,진'흉수의인장,8539794a0d45cb494ae006e185475cee789891449430aea55870512838242e30
캐시 무기,,8539794a0d45cb494ae006e185475cee789891449430aea55870512838242e30
캐시 방패/보조무기,,8539794a0d45cb494ae006e185475cee789891449430aea55870512838242e30
캐시 얼굴장식,눈장식:칼라렌즈(밤하늘),8539794a0d45cb494ae006e185475cee789891449430aea55870512838242e30
캐시 망토,값진별의날개,8539794a0d45cb494ae006e185475cee789891449430aea55870512838242e30
캐시 신발,값진반짝클로버,8539794a0d45cb494ae006e185475cee789891449430aea55870512838242e30
캐시 목/어깨장식,설빔뽀송목도리,8539794a0d45cb494ae006e185475cee789891449430aea55870512838242e30
세트옷,[괴수의상]가루다1성,8539794a0d45cb494ae006e185475cee789891449430aea55870512838242e30
캐시 세트옷,,8539794a0d45cb494ae006e185475cee789891449430aea55870512838242e30
장신구,붉은토끼풀노리개1성,8539794a0d45cb494ae006e185475cee789891449430aea55870512838242e30
캐시 장신구,값진행운브로치,8539794a0d45cb494ae006e185475cee789891449430aea55870512838242e30
무기,진'서라마옥도,8539794a0d45cb494ae006e185475ceed3931f9211eefae64f9a4aa14c1cb706
갑옷,상급남자구미호갑옷,8539794a0d45cb494ae006e185475ceed3931f9211eefae64f9a4aa14c1cb706
방패/보조무기,,8539794a0d45cb494ae006e185475ceed3931f9211eefae64f9a4aa14c1cb706
투구,환웅의머릿깃'7성,8539794a0d45cb494ae006e185475ceed3931f9211eefae64f9a4aa14c1cb706
왼손,금린반지6성,8539794a0d45cb494ae006e185475ceed3931f9211eefae64f9a4aa14c1cb706
오른손,금린반지6성,8539794a0d45cb494ae006e185475ceed3931f9211eefae64f9a4aa14c1cb706
보조1,마사의귀목,8539794a0d45cb494ae006e185475ceed3931f9211eefae64f9a4aa14c1cb706
보조2,마사의귀목,8539794a0d45cb494ae006e185475ceed3931f9211eefae64f9a4aa14c1cb706
얼굴장식,조사장의가면,8539794a0d45cb494ae006e185475ceed3931f9211eefae64f9a4aa14c1cb706
캐시 투구,,8539794a0d45cb494ae006e185475ceed3931f9211eefae64f9a4aa14c1cb706
망토,무신귀갑주7성,8539794a0d45cb494ae006e185475ceed3931f9211eefae64f9a4aa14c1cb706
캐시 겉옷,,8539794a0d45cb494ae006e185475ceed3931f9211eefae64f9a4aa14c1cb706
신발,사령웅의앞발,8539794a0d45cb494ae006e185475ceed3931f9211eefae64f9a4aa14c1cb706
목/어깨장식,진'서라마옥귀걸이,8539794a0d45cb494ae006e185475ceed3931f9211eefae64f9a4aa14c1cb706
캐시 무기,,8539794a0d45cb494ae006e185475ceed3931f9211eefae64f9a4aa14c1cb706
캐시 방패/보조무기,,8539794a0d45cb494ae006e185475ceed3931f9211eefae64f9a4aa14c1cb706
캐시 얼굴장식,,8539794a0d45cb494ae006e185475ceed3931f9211eefae64f9a4aa14c1cb706
캐시 망토,,8539794a0d45cb494ae006e185475ceed3931f9211eefae64f9a4aa14c1cb706
캐시 신발,,8539794a0d45cb494ae006e185475ceed3931f9211eefae64f9a4aa14c1cb706
캐시 목/어깨장식,,8539794a0d45cb494ae006e185475ceed3931f9211eefae64f9a4aa14c1cb706
세트옷,도깨비탐,8539794a0d45cb494ae006e185475ceed3931f9211eefae64f9a4aa14c1cb706
캐시 세트옷,,8539794a0d45cb494ae006e185475ceed3931f9211eefae64f9a4aa14c1cb706
장신구,자수원앙노리개1성,8539794a0d45cb494ae006e185475ceed3931f9211eefae64f9a4aa14c1cb706
캐시 장신구,,8539794a0d45cb494ae006e185475ceed3931f9211eefae64f9a4aa14c1cb706
무기,후암구겸7성,8539794a0d45cb494ae006e185475ceedf2a618bcc5bce1e2b08593f26333a6f
갑옷,,8539794a0d45cb494ae006e185475ceedf2a618bcc5bce1e2b08593f26333a6f
방패/보조무기,,8539794a0d45cb494ae006e185475ceedf2a618bcc5bce1e2b08593f26333a6f
투구,금장남자투구,8539794a0d45cb494ae006e185475ceedf2a618bcc5bce1e2b08593f26333a6f
왼손,환웅의팔찌'4성,8539794a0d45cb494ae006e185475ceedf2a618bcc5bce1e2b08593f26333a6f
오른손,바람홍옥투수,8539794a0d45cb494ae006e185475ceedf2a618bcc5bce1e2b08593f26333a6f
보조1,마사의귀목,8539794a0d45cb494ae006e185475ceedf2a618bcc5bce1e2b08593f26333a6f
보조2,부여지휘관휘장,8539794a0d45cb494ae006e185475ceedf2a618bcc5bce1e2b08593f26333a6f
얼굴장식,조사장의가면,8539794a0d45cb494ae006e185475ceedf2a618bcc5bce1e2b08593f26333a6f
캐시 투구,,8539794a0d45cb494ae006e185475ceedf2a618bcc5bce1e2b08593f26333a6f
망토,마겸의망토,8539794a0d45cb494ae006e185475ceedf2a618bcc5bce1e2b08593f26333a6f
캐시 겉옷,무제의복No03,8539794a0d45cb494ae006e185475ceedf2a618bcc5bce1e2b08593f26333a6f
신발,사령웅의앞발,8539794a0d45cb494ae006e185475ceedf2a618bcc5bce1e2b08593f26333a6f
목/어깨장식,서라마옥귀걸이,8539794a0d45cb494ae006e185475ceedf2a618bcc5bce1e2b08593f26333a6f
캐시 무기,살생부,8539794a0d45cb494ae006e185475ceedf2a618bcc5bce1e2b08593f26333a6f
캐시 방패/보조무기,GM정화의방패,8539794a0d45cb494ae006e185475ceedf2a618bcc5bce1e2b08593f26333a6f
캐시 얼굴장식,눈장식:대분노,8539794a0d45cb494ae006e185475ceedf2a618bcc5bce1e2b08593f26333a6f
캐시 망토,환계나비정령,8539794a0d45cb494ae006e185475ceedf2a618bcc5bce1e2b08593f26333a6f
캐시 신발,버블샌들No01남,8539794a0d45cb494ae006e185475ceedf2a618bcc5bce1e2b08593f26333a6f
캐시 목/어깨장식,,8539794a0d45cb494ae006e185475ceedf2a618bcc5bce1e2b08593f26333a6f
세트옷,구미호분신,8539794a0d45cb494ae006e185475ceedf2a618bcc5bce1e2b08593f26333a6f
캐시 세트옷,,8539794a0d45cb494ae006e185475ceedf2a618bcc5bce1e2b08593f26333a6f
장신구,붉은토끼풀노리개1성,8539794a0d45cb494ae006e185475ceedf2a618bcc5bce1e2b08593f26333a6f
캐시 장신구,멍멍귀No01,8539794a0d45cb494ae006e185475ceedf2a618bcc5bce1e2b08593f26333a6f
무기,적영구겸9성,8539794a0d45cb494ae006e185475cee5291d648aff3a125c8d035f3c6ab0162
갑옷,환웅의창의'9성,8539794a0d45cb494ae006e185475cee5291d648aff3a125c8d035f3c6ab0162
방패/보조무기,,8539794a0d45cb494ae006e185475cee5291d648aff3a125c8d035f3c6ab0162
투구,환웅의머릿깃'9성,8539794a0d45cb494ae006e185475cee5291d648aff3a125c8d035f3c6ab0162
왼손,환웅의깍지'9성,8539794a0d45cb494ae006e185475cee5291d648aff3a125c8d035f3c6ab0162
오른손,환웅의천수'9성,8539794a0d45cb494ae006e185475cee5291d648aff3a125c8d035f3c6ab0162
보조1,마령의노리개'흑10성,8539794a0d45cb494ae006e185475cee5291d648aff3a125c8d035f3c6ab0162
보조2,빛나는마사의귀목,8539794a0d45cb494ae006e185475cee5291d648aff3a125c8d035f3c6ab0162
얼굴장식,빛나는조사장의가면,8539794a0d45cb494ae006e185475cee5291d648aff3a125c8d035f3c6ab0162
캐시 투구,동글푹신토끼탈,8539794a0d45cb494ae006e185475cee5291d648aff3a125c8d035f3c6ab0162
망토,무신귀갑주8성,8539794a0d45cb494ae006e185475cee5291d648aff3a125c8d035f3c6ab0162
캐시 겉옷,잠옷파티의상(남),8539794a0d45cb494ae006e185475cee5291d648aff3a125c8d035f3c6ab0162
신발,빛나는사령웅의앞발,8539794a0d45cb494ae006e185475cee5291d648aff3a125c8d035f3c6ab0162
목/어깨장식,고대마령의목걸이8성,8539794a0d45cb494ae006e185475cee5291d648aff3a125c8d035f3c6ab0162
캐시 무기,그림술사의붓,8539794a0d45cb494ae006e185475cee5291d648aff3a125c8d035f3c6ab0162
캐시 방패/보조무기,웨딩비둘기,8539794a0d45cb494ae006e185475cee5291d648aff3a125c8d035f3c6ab0162
캐시 얼굴장식,,8539794a0d45cb494ae006e185475cee5291d648aff3a125c8d035f3c6ab0162
캐시 망토,젖소무늬깃털효과No1,8539794a0d45cb494ae006e185475cee5291d648aff3a125c8d035f3c6ab0162
캐시 신발,슬탐구볼빵다람,8539794a0d45cb494ae006e185475cee5291d648aff3a125c8d035f3c6ab0162
캐시 목/어깨장식,나사펫코기뱃지,8539794a0d45cb494ae006e185475cee5291d648aff3a125c8d035f3c6ab0162
세트옷,강철의탐,8539794a0d45cb494ae006e185475cee5291d648aff3a125c8d035f3c6ab0162
캐시 세트옷,바람미니미살수,8539794a0d45cb494ae006e185475cee5291d648aff3a125c8d035f3c6ab0162
장신구,붉은토끼풀노리개1성,8539794a0d45cb494ae006e185475cee5291d648aff3a125c8d035f3c6ab0162
캐시 장신구,악마계약자왕관(여),8539794a0d45cb494ae006e185475cee5291d648aff3a125c8d035f3c6ab0162
무기,후암구겸7성,8539794a0d45cb494ae006e185475cee0bc032b69328fc8a756ee98e8f5018e9
갑옷,금린천화갑6성,8539794a0d45cb494ae006e185475cee0bc032b69328fc8a756ee98e8f5018e9
방패/보조무기,,8539794a0d45cb494ae006e185475cee0bc032b69328fc8a756ee98e8f5018e9
투구,금린화월관6성,8539794a0d45cb494ae006e185475cee0bc032b69328fc8a756ee98e8f5018e9
왼손,금린반지5성,8539794a0d45cb494ae006e185475cee0bc032b69328fc8a756ee98e8f5018e9
오른손,금린반지6성,8539794a0d45cb494ae006e185475cee0bc032b69328fc8a756ee98e8f5018e9
보조1,마사의귀목,8539794a0d45cb494ae006e185475cee0bc032b69328fc8a756ee98e8f5018e9
보조2,마사의귀목,8539794a0d45cb494ae006e185475cee0bc032b69328fc8a756ee98e8f5018e9
얼굴장식,조사장의가면,8539794a0d45cb494ae006e185475cee0bc032b69328fc8a756ee98e8f5018e9
캐시 투구,꽃을든남친헤어No01,8539794a0d45cb494ae006e185475cee0bc032b69328fc8a756ee98e8f5018e9
망토,금린화월5성,8539794a0d45cb494ae006e185475cee0bc032b69328fc8a756ee98e8f5018e9
캐시 겉옷,오버핏보이코트No02,8539794a0d45cb494ae006e185475cee0bc032b69328fc8a756ee98e8f5018e9
신발,사령웅의앞발,8539794a0d45cb494ae006e185475cee0bc032b69328fc8a756ee98e8f5018e9
목/어깨장식,진'흉수의인장,8539794a0d45cb494ae006e185475cee0bc032b69328fc8a756ee98e8f5018e9
캐시 무기,,8539794a0d45cb494ae006e185475cee0bc032b69328fc8a756ee98e8f5018e9
캐시 방패/보조무기,나이트워커슈퍼카No01,8539794a0d45cb494ae006e185475cee0bc032b69328fc8a756ee98e8f5018e9
캐시 얼굴장식,,8539794a0d45cb494ae006e185475cee0bc032b69328fc8a756ee98e8f5018e9
캐시 망토,오버핏보이크로스백,8539794a0d45cb494ae006e185475cee0bc032b69328fc8a756ee98e8f5018e9
캐시 신발,뽀짝피그황금동전,8539794a0d45cb494ae006e185475cee0bc032b69328fc8a756ee98e8f5018e9
캐시 목/어깨장식,청사목도리,8539794a0d45cb494ae006e185475cee0bc032b69328fc8a756ee98e8f5018e9
세트옷,강철의탐,8539794a0d45cb494ae006e185475cee0bc032b69328fc8a756ee98e8f5018e9
캐시 세트옷,,8539794a0d45cb494ae006e185475cee0bc032b69328fc8a756ee98e8f5018e9
장신구,파란나비노리개1성,8539794a0d45cb494ae006e185475cee0bc032b69328fc8a756ee98e8f5018e9
캐시 장신구,새내기사각뿔테,8539794a0d45cb494ae006e185475cee0bc032b69328fc8a756ee98e8f5018e9
무기,용비제십겸,8539794a0d45cb494ae006e185475ceef7d08fed30920fee566dbd728a2fccb8
갑옷,용비파천갑8성,8539794a0d45cb494ae006e185475ceef7d08fed30920fee566dbd728a2fccb8
방패/보조무기,,8539794a0d45cb494ae006e185475ceef7d08fed30920fee566dbd728a2fccb8
투구,용아투구'비8성,8539794a0d45cb494ae006e185475ceef7d08fed30920fee566dbd728a2fccb8
왼손,환웅의장갑'9성,8539794a0d45cb494ae006e185475ceef7d08fed30920fee566dbd728a2fccb8
오른손,환웅의장갑'9성,8539794a0d45cb494ae006e185475ceef7d08fed30920fee566dbd728a2fccb8
보조1,마사의귀목,8539794a0d45cb494ae006e185475ceef7d08fed30920fee566dbd728a2fccb8
보조2,마사의귀목,8539794a0d45cb494ae006e185475ceef7d08fed30920fee566dbd728a2fccb8
얼굴장식,고대마령의암막8성,8539794a0d45cb494ae006e185475ceef7d08fed30920fee566dbd728a2fccb8
캐시 투구,차분리본장식베레모,8539794a0d45cb494ae006e185475ceef7d08fed30920fee566dbd728a2fccb8
망토,용성장견'비8성,8539794a0d45cb494ae006e185475ceef7d08fed30920fee566dbd728a2fccb8
캐시 겉옷,천자봉황두루마기,8539794a0d45cb494ae006e185475ceef7d08fed30920fee566dbd728a2fccb8
신발,고대마령의군화'흑6성,8539794a0d45cb494ae006e185475ceef7d08fed30920fee566dbd728a2fccb8
목/어깨장식,고대마령의목걸이8성,8539794a0d45cb494ae006e185475ceef7d08fed30920fee566dbd728a2fccb8
캐시 무기,천자봉황족자,8539794a0d45cb494ae006e185475ceef7d08fed30920fee566dbd728a2fccb8
캐시 방패/보조무기,웨딩비둘기,8539794a0d45cb494ae006e185475ceef7d08fed30920fee566dbd728a2fccb8
캐시 얼굴장식,[30주년]넥슨히어로하트,8539794a0d45cb494ae006e185475ceef7d08fed30920fee566dbd728a2fccb8
캐시 망토,천자봉황적운비익,8539794a0d45cb494ae006e185475ceef7d08fed30920fee566dbd728a2fccb8
캐시 신발,봉황태양의기운,8539794a0d45cb494ae006e185475ceef7d08fed30920fee566dbd728a2fccb8
캐시 목/어깨장식,바닷바람시원한하트,8539794a0d45cb494ae006e185475ceef7d08fed30920fee566dbd728a2fccb8
세트옷,도깨비탐,8539794a0d45cb494ae006e185475ceef7d08fed30920fee566dbd728a2fccb8
캐시 세트옷,,8539794a0d45cb494ae006e185475ceef7d08fed30920fee566dbd728a2fccb8
장신구,파란나비노리개1성,8539794a0d45cb494ae006e185475ceef7d08fed30920fee566dbd728a2fccb8
캐시 장신구,바린족얼굴무늬No01,8539794a0d45cb494ae006e185475ceef7d08fed30920fee566dbd728a2fccb8
무기,후암구겸7성,8539794a0d45cb494ae006e185475cee9be9339b9f8a671fb9497b9a04c0a808
갑옷,금린천화갑7성,8539794a0d45cb494ae006e185475cee9be9339b9f8a671fb9497b9a04c0a808
방패/보조무기,,8539794a0d45cb494ae006e185475cee9be9339b9f8a671fb9497b9a04c0a808
투구,금린추월관6성,8539794a0d45cb494ae006e185475cee9be9339b9f8a671fb9497b9a04c0a808
왼손,금린반지6성,8539794a0d45cb494ae006e185475cee9be9339b9f8a671fb9497b9a04c0a808
오른손,금린반지6성,8539794a0d45cb494ae006e185475cee9be9339b9f8a671fb9497b9a04c0a808
보조1,마사의귀목,8539794a0d45cb494ae006e185475cee9be9339b9f8a671fb9497b9a04c0a808
보조2,마사의귀목,8539794a0d45cb494ae006e185475cee9be9339b9f8a671fb9497b9a04c0a808
얼굴장식,조사장의가면,8539794a0d45cb494ae006e185475cee9be9339b9f8a671fb9497b9a04c0a808
캐시 투구,베베토끼털모자,8539794a0d45cb494ae006e185475cee9be9339b9f8a671fb9497b9a04c0a808
망토,금린추월6성,8539794a0d45cb494ae006e185475cee9be9339b9f8a671fb9497b9a04c0a808
캐시 겉옷,겨울한교복(남),8539794a0d45cb494ae006e185475cee9be9339b9f8a671fb9497b9a04c0a808
신발,사령웅의앞발,8539794a0d45cb494ae006e185475cee9be9339b9f8a671fb9497b9a04c0a808
목/어깨장식,흉수의인장,8539794a0d45cb494ae006e185475cee9be9339b9f8a671fb9497b9a04c0a808
캐시 무기,매드사이버건틀렛,8539794a0d45cb494ae006e185475cee9be9339b9f8a671fb9497b9a04c0a808
캐시 방패/보조무기,문방구옥구슬,8539794a0d45cb494ae006e185475cee9be9339b9f8a671fb9497b9a04c0a808
캐시 얼굴장식,,8539794a0d45cb494ae006e185475cee9be9339b9f8a671fb9497b9a04c0a808
캐시 망토,매드사이버날개,8539794a0d45cb494ae006e185475cee9be9339b9f8a671fb9497b9a04c0a808
캐시 신발,겨울반딧불,8539794a0d45cb494ae006e185475cee9be9339b9f8a671fb9497b9a04c0a808
캐시 목/어깨장식,,8539794a0d45cb494ae006e185475cee9be9339b9f8a671fb9497b9a04c0a808
세트옷,강철의탐,8539794a0d45cb494ae006e185475cee9be9339b9f8a671fb9497b9a04c0a808
캐시 세트옷,고대브라키오사우르스신수의상,8539794a0d45cb494ae006e185475cee9be9339b9f8a671fb9497b9a04c0a808
장신구,,8539794a0d45cb494ae006e185475cee9be9339b9f8a671fb9497b9a04c0a808
캐시 장신구,싱글체인귀걸이,8539794a0d45cb494ae006e185475cee9be9339b9f8a671fb9497b9a04c0a808
무기,용마제십검,35cb2b03fe957cfa5d37d9397a81f88e2657e6e7d859688c0815e67088e80e9d
갑옷,패자황금갑주,35cb2b03fe957cfa5d37d9397a81f88e2657e6e7d859688c0815e67088e80e9d
방패/보조무기,고대마령의단검8성,35cb2b03fe957cfa5d37d9397a81f88e2657e6e7d859688c0815e67088e80e9d
투구,환웅의투구'9성,35cb2b03fe957cfa5d37d9397a81f88e2657e6e7d859688c0815e67088e80e9d
왼손,패자황금장갑,35cb2b03fe957cfa5d37d9397a81f88e2657e6e7d859688c0815e67088e80e9d
오른손,패자황금장갑,35cb2b03fe957cfa5d37d9397a81f88e2657e6e7d859688c0815e67088e80e9d
보조1,마령의노리개'흑10성,35cb2b03fe957cfa5d37d9397a81f88e2657e6e7d859688c0815e67088e80e9d
보조2,빛나는마사의귀목,35cb2b03fe957cfa5d37d9397a81f88e2657e6e7d859688c0815e67088e80e9d
얼굴장식,시바의시선,35cb2b03fe957cfa5d37d9397a81f88e2657e6e7d859688c0815e67088e80e9d
캐시 투구,GM대모달전투투구,35cb2b03fe957cfa5d37d9397a81f88e2657e6e7d859688c0815e67088e80e9d
망토,용성장견'마8성,35cb2b03fe957cfa5d37d9397a81f88e2657e6e7d859688c0815e67088e80e9d
캐시 겉옷,GM대모달철갑,35cb2b03fe957cfa5d37d9397a81f88e2657e6e7d859688c0815e67088e80e9d
신발,사령웅의앞발,35cb2b03fe957cfa5d37d9397a81f88e2657e6e7d859688c0815e67088e80e9d
목/어깨장식,고대마령의목걸이8성,35cb2b03fe957cfa5d37d9397a81f88e2657e6e7d859688c0815e67088e80e9d
캐시 무기,[심야]행운의채굴곡괭이,35cb2b03fe957cfa5d37d9397a81f88e2657e6e7d859688c0815e67088e80e9d
캐시 방패/보조무기,악마계약자갈퀴방패,35cb2b03fe957cfa5d37d9397a81f88e2657e6e7d859688c0815e67088e80e9d
캐시 얼굴장식,눈장식:목표포착,35cb2b03fe957cfa5d37d9397a81f88e2657e6e7d859688c0815e67088e80e9d
캐시 망토,등뒤에와글귀,35cb2b03fe957cfa5d37d9397a81f88e2657e6e7d859688c0815e67088e80e9d
캐시 신발,발밑에출렁귀,35cb2b03fe957cfa5d37d9397a81f88e2657e6e7d859688c0815e67088e80e9d
캐시 목/어깨장식,,35cb2b03fe957cfa5d37d9397a81f88e2657e6e7d859688c0815e67088e80e9d
세트옷,[괴수의상]아이라바타1성,35cb2b03fe957cfa5d37d9397a81f88e2657e6e7d859688c0815e67088e80e9d
캐시 세트옷,[구]망또No05,35cb2b03fe957cfa5d37d9397a81f88e2657e6e7d859688c0815e67088e80e9d
장신구,봉황삼작금노리개1성,35cb2b03fe957cfa5d37d9397a81f88e2657e6e7d859688c0815e67088e80e9d
캐시 장신구,,35cb2b03fe957cfa5d37d9397a81f88e2657e6e7d859688c0815e67088e80e9d
무기,용마제십검,88f9652617285a7d54ffbadddf96cf75454174e45430f1270b6bf34c891e7d56
갑옷,환웅의갑주'9성,88f9652617285a7d54ffbadddf96cf75454174e45430f1270b6bf34c891e7d56
방패/보조무기,고대마령의단검6성,88f9652617285a7d54ffbadddf96cf75454174e45430f1270b6bf34c891e7d56
투구,태광천신금잠7성,88f9652617285a7d54ffbadddf96cf75454174e45430f1270b6bf34c891e7d56
왼손,환웅의반지'7성,88f9652617285a7d54ffbadddf96cf75454174e45430f1270b6bf34c891e7d56
오른손,고대마령의장갑'월6성,88f9652617285a7d54ffbadddf96cf75454174e45430f1270b6bf34c891e7d56
보조1,마사의귀목,88f9652617285a7d54ffbadddf96cf75454174e45430f1270b6bf34c891e7d56
보조2,빛나는마사의귀목,88f9652617285a7d54ffbadddf96cf75454174e45430f1270b6bf34c891e7d56
얼굴장식,시바의시선,88f9652617285a7d54ffbadddf96cf75454174e45430f1270b6bf34c891e7d56
캐시 투구,환계나무꾼두각,88f9652617285a7d54ffbadddf96cf75454174e45430f1270b6bf34c891e7d56
망토,용성장견'마8성,88f9652617285a7d54ffbadddf96cf75454174e45430f1270b6bf34c891e7d56
캐시 겉옷,롤링팝의상(남),88f9652617285a7d54ffbadddf96cf75454174e45430f1270b6bf34c891e7d56
신발,사령웅의앞발,88f9652617285a7d54ffbadddf96cf75454174e45430f1270b6bf34c891e7d56
목/어깨장식,고대마령의목걸이8성,88f9652617285a7d54ffbadddf96cf75454174e45430f1270b6bf34c891e7d56
캐시 무기,,88f9652617285a7d54ffbadddf96cf75454174e45430f1270b6bf34c891e7d56
캐시 방패/보조무기,서리화살통,88f9652617285a7d54ffbadddf96cf75454174e45430f1270b6bf34c891e7d56
캐시 얼굴장식,,88f9652617285a7d54ffbadddf96cf75454174e45430f1270b6bf34c891e7d56
캐시 망토,,88f9652617285a7d54ffbadddf96cf75454174e45430f1270b6bf34c891e7d56
캐시 신발,한가위토깽의달,88f9652617285a7d54ffbadddf96cf75454174e45430f1270b6bf34c891e7d56
캐시 목/어깨장식,곤충채집사슴벌레,88f9652617285a7d54ffbadddf96cf75454174e45430f1270b6bf34c891e7d56
세트옷,[괴수의상]아이라바타1성,88f9652617285a7d54ffbadddf96cf75454174e45430f1270b6bf34c891e7d56
캐시 세트옷,귀엽덕,88f9652617285a7d54ffbadddf96cf75454174e45430f1270b6bf34c891e7d56
장신구,자수원앙노리개1성,88f9652617285a7d54ffbadddf96cf75454174e45430f1270b6bf34c891e7d56
캐시 장신구,노랑우비,88f9652617285a7d54ffbadddf96cf75454174e45430f1270b6bf34c891e7d56
무기,용마제십검,00385c41a3c6d4cad109408ba714ed3dd6d8b0034e35806cee3a98ca641cc10f
갑옷,패자황금갑주,00385c41a3c6d4cad109408ba714ed3dd6d8b0034e35806cee3a98ca641cc10f
방패/보조무기,무신귀면방9성,00385c41a3c6d4cad109408ba714ed3dd6d8b0034e35806cee3a98ca641cc10f
투구,패자황금투구,00385c41a3c6d4cad109408ba714ed3dd6d8b0034e35806cee3a98ca641cc10f
왼손,패자황금장갑,00385c41a3c6d4cad109408ba714ed3dd6d8b0034e35806cee3a98ca641cc10f
오른손,패자황금장갑,00385c41a3c6d4cad109408ba714ed3dd6d8b0034e35806cee3a98ca641cc10f
보조1,마령의노리개'흑10성,00385c41a3c6d4cad109408ba714ed3dd6d8b0034e35806cee3a98ca641cc10f
보조2,빛나는마사의귀목,00385c41a3c6d4cad109408ba714ed3dd6d8b0034e35806cee3a98ca641cc10f
얼굴장식,빛나는조사장의가면,00385c41a3c6d4cad109408ba714ed3dd6d8b0034e35806cee3a98ca641cc10f
캐시 투구,몽환열차정복모자,00385c41a3c6d4cad109408ba714ed3dd6d8b0034e35806cee3a98ca641cc10f
망토,무신귀갑주10성,00385c41a3c6d4cad109408ba714ed3dd6d8b0034e35806cee3a98ca641cc10f
캐시 겉옷,몽환열차기관사복(남),00385c41a3c6d4cad109408ba714ed3dd6d8b0034e35806cee3a98ca641cc10f
신발,고대마령의군화'흑8성,00385c41a3c6d4cad109408ba714ed3dd6d8b0034e35806cee3a98ca641cc10f
목/어깨장식,고대마령의목걸이8성,00385c41a3c6d4cad109408ba714ed3dd6d8b0034e35806cee3a98ca641cc10f
캐시 무기,몽환열차모래시계,00385c41a3c6d4cad109408ba714ed3dd6d8b0034e35806cee3a98ca641cc10f
캐시 방패/보조무기,몽환열차꿈꾸는양,00385c41a3c6d4cad109408ba714ed3dd6d8b0034e35806cee3a98ca641cc10f
캐시 얼굴장식,유니콘음악대반짝이,00385c41a3c6d4cad109408ba714ed3dd6d8b0034e35806cee3a98ca641cc10f
캐시 망토,몽환열차꿈결시계,00385c41a3c6d4cad109408ba714ed3dd6d8b0034e35806cee3a98ca641cc10f
캐시 신발,,00385c41a3c6d4cad109408ba714ed3dd6d8b0034e35806cee3a98ca641cc10f
캐시 목/어깨장식,웨딩부토니에,00385c41a3c6d4cad109408ba714ed3dd6d8b0034e35806cee3a98ca641cc10f
세트옷,[괴수의상]아그니2성,00385c41a3c6d4cad109408ba714ed3dd6d8b0034e35806cee3a98ca641cc10f
캐시 세트옷,[구]망또No02,00385c41a3c6d4cad109408ba714ed3dd6d8b0034e35806cee3a98ca641cc10f
장신구,붉은토끼풀노리개4성,00385c41a3c6d4cad109408ba714ed3dd6d8b0034e35806cee3a98ca641cc10f
캐시 장신구,몽환열차회중시계,00385c41a3c6d4cad109408ba714ed3dd6d8b0034e35806cee3a98ca641cc10f
무기,용마제십검,29e13cf4b329357dc35cc326567d5294cdf82ba2f91e40251b32a55c63f10d76
갑옷,패자황금갑주,29e13cf4b329357dc35cc326567d5294cdf82ba2f91e40251b32a55c63f10d76
방패/보조무기,고대마령의단검7성,29e13cf4b329357dc35cc326567d5294cdf82ba2f91e40251b32a55c63f10d76
투구,태염무신금잠7성,29e13cf4b329357dc35cc326567d5294cdf82ba2f91e40251b32a55c63f10d76
왼손,패자황금장갑,29e13cf4b329357dc35cc326567d5294cdf82ba2f91e40251b32a55c63f10d76
오른손,패자황금장갑,29e13cf4b329357dc35cc326567d5294cdf82ba2f91e40251b32a55c63f10d76
보조1,마사의귀목,29e13cf4b329357dc35cc326567d5294cdf82ba2f91e40251b32a55c63f10d76
보조2,빛나는마사의귀목,29e13cf4b329357dc35cc326567d5294cdf82ba2f91e40251b32a55c63f10d76
얼굴장식,조사장의가면,29e13cf4b329357dc35cc326567d5294cdf82ba2f91e40251b32a55c63f10d76
캐시 투구,,29e13cf4b329357dc35cc326567d5294cdf82ba2f91e40251b32a55c63f10d76
망토,용성장견'마9성,29e13cf4b329357dc35cc326567d5294cdf82ba2f91e40251b32a55c63f10d76
캐시 겉옷,바닷바람해양단복(남),29e13cf4b329357dc35cc326567d5294cdf82ba2f91e40251b32a55c63f10d76
신발,바루나의천수,29e13cf4b329357dc35cc326567d5294cdf82ba2f91e40251b32a55c63f10d76
목/어깨장식,고대마령의목걸이8성,29e13cf4b329357dc35cc326567d5294cdf82ba2f91e40251b32a55c63f10d76
캐시 무기,우주를품은망치,29e13cf4b329357dc35cc326567d5294cdf82ba2f91e40251b32a55c63f10d76
캐시 방패/보조무기,애니멀펑크고양이친구,29e13cf4b329357dc35cc326567d5294cdf82ba2f91e40251b32a55c63f10d76
캐시 얼굴장식,[30주년]넥슨히어로하트,29e13cf4b329357dc35cc326567d5294cdf82ba2f91e40251b32a55c63f10d76
캐시 망토,베베천사날개,29e13cf4b329357dc35cc326567d5294cdf82ba2f91e40251b32a55c63f10d76
캐시 신발,토끼발자국No01,29e13cf4b329357dc35cc326567d5294cdf82ba2f91e40251b32a55c63f10d76
캐시 목/어깨장식,,29e13cf4b329357dc35cc326567d5294cdf82ba2f91e40251b32a55c63f10d76
세트옷,[괴수의상]아이라바타1성,29e13cf4b329357dc35cc326567d5294cdf82ba2f91e40251b32a55c63f10d76
캐시 세트옷,,29e13cf4b329357dc35cc326567d5294cdf82ba2f91e40251b32a55c63f10d76
장신구,붉은토끼풀노리개2성,29e13cf4b329357dc35cc326567d5294cdf82ba2f91e40251b32a55c63f10d76
캐시 장신구,머리위선글라스,29e13cf4b329357dc35cc326567d5294cdf82ba2f91e40251b32a55c63f10d76
무기,황룡광각'5성,a25ee972d6dc799d60aca723b7cd55aa739369f8fcb70cbf22373339839574da
갑옷,패자황금갑주,a25ee972d6dc799d60aca723b7cd55aa739369f8fcb70cbf22373339839574da
방패/보조무기,고대마령의방패8성,a25ee972d6dc799d60aca723b7cd55aa739369f8fcb70cbf22373339839574da
투구,황룡광투'5성,a25ee972d6dc799d60aca723b7cd55aa739369f8fcb70cbf22373339839574da
왼손,고대물의성물'3성,a25ee972d6dc799d60aca723b7cd55aa739369f8fcb70cbf22373339839574da
오른손,패자황금장갑,a25ee972d6dc799d60aca723b7cd55aa739369f8fcb70cbf22373339839574da
보조1,투명구두,a25ee972d6dc799d60aca723b7cd55aa739369f8fcb70cbf22373339839574da
보조2,마사의귀목,a25ee972d6dc799d60aca723b7cd55aa739369f8fcb70cbf22373339839574da
얼굴장식,조사장의가면,a25ee972d6dc799d60aca723b7cd55aa739369f8fcb70cbf22373339839574da
캐시 투구,턱시도헤어,a25ee972d6dc799d60aca723b7cd55aa739369f8fcb70cbf22373339839574da
망토,용성장견'마8성,a25ee972d6dc799d60aca723b7cd55aa739369f8fcb70cbf22373339839574da
캐시 겉옷,양치기소년의상No01,a25ee972d6dc799d60aca723b7cd55aa739369f8fcb70cbf22373339839574da
신발,고대마령의군화'흑8성,a25ee972d6dc799d60aca723b7cd55aa739369f8fcb70cbf22373339839574da
목/어깨장식,고대마령의목걸이8성,a25ee972d6dc799d60aca723b7cd55aa739369f8fcb70cbf22373339839574da
캐시 무기,행운의채굴곡괭이,a25ee972d6dc799d60aca723b7cd55aa739369f8fcb70cbf22373339839574da
캐시 방패/보조무기,별헤는크로스백,a25ee972d6dc799d60aca723b7cd55aa739369f8fcb70cbf22373339839574da
캐시 얼굴장식,,a25ee972d6dc799d60aca723b7cd55aa739369f8fcb70cbf22373339839574da
캐시 망토,,a25ee972d6dc799d60aca723b7cd55aa739369f8fcb70cbf22373339839574da
캐시 신발,유성우,a25ee972d6dc799d60aca723b7cd55aa739369f8fcb70cbf22373339839574da
캐시 목/어깨장식,웨딩부토니에,a25ee972d6dc799d60aca723b7cd55aa739369f8fcb70cbf22373339839574da
세트옷,[괴수의상]바루나1성,a25ee972d6dc799d60aca723b7cd55aa739369f8fcb70cbf22373339839574da
캐시 세트옷,[구]망또No10,a25ee972d6dc799d60aca723b7cd55aa739369f8fcb70cbf22373339839574da
장신구,파란나비노리개1성,a25ee972d6dc799d60aca723b7cd55aa739369f8fcb70cbf22373339839574da
캐시 장신구,달콤반짝이No01,a25ee972d6dc799d60aca723b7cd55aa739369f8fcb70cbf22373339839574da
무기,,0250bf855ee72aee359cdb6203d79bf8df37def61d9d96debd8002301056c79f
갑옷,태광천신의복8성,0250bf855ee72aee359cdb6203d79bf8df37def61d9d96debd8002301056c79f
방패/보조무기,,0250bf855ee72aee359cdb6203d79bf8df37def61d9d96debd8002301056c79f
투구,전설구미호모자,0250bf855ee72aee359cdb6203d79bf8df37def61d9d96debd8002301056c79f
왼손,용안의회복반지5성,0250bf855ee72aee359cdb6203d79bf8df37def61d9d96debd8002301056c79f
오른손,용안의회복반지5성,0250bf855ee72aee359cdb6203d79bf8df37def61d9d96debd8002301056c79f
보조1,마령의노리개'흑6성,0250bf855ee72aee359cdb6203d79bf8df37def61d9d96debd8002301056c79f
보조2,마사의귀목,0250bf855ee72aee359cdb6203d79bf8df37def61d9d96debd8002301056c79f
얼굴장식,빛나는조사장의가면,0250bf855ee72aee359cdb6203d79bf8df37def61d9d96debd8002301056c79f
캐시 투구,레서판다소년모자,0250bf855ee72aee359cdb6203d79bf8df37def61d9d96debd8002301056c79f
망토,검마천의망토,0250bf855ee72aee359cdb6203d79bf8df37def61d9d96debd8002301056c79f
캐시 겉옷,뽀짝피그남자의상No02,0250bf855ee72aee359cdb6203d79bf8df37def61d9d96debd8002301056c79f
신발,용왕의신발,0250bf855ee72aee359cdb6203d79bf8df37def61d9d96debd8002301056c79f
목/어깨장식,진'흉수의인장,0250bf855ee72aee359cdb6203d79bf8df37def61d9d96debd8002301056c79f
캐시 무기,[심야]행운의채굴곡괭이,0250bf855ee72aee359cdb6203d79bf8df37def61d9d96debd8002301056c79f
캐시 방패/보조무기,웨딩비둘기,0250bf855ee72aee359cdb6203d79bf8df37def61d9d96debd8002301056c79f
캐시 얼굴장식,,0250bf855ee72aee359cdb6203d79bf8df37def61d9d96debd8002301056c79f
캐시 망토,벚꽃장식No02,0250bf855ee72aee359cdb6203d79bf8df37def61d9d96debd8002301056c79f
캐시 신발,토끼발자국No01,0250bf855ee72aee359cdb6203d79bf8df37def61d9d96debd8002301056c79f
캐시 목/어깨장식,웨딩부토니에,0250bf855ee72aee359cdb6203d79bf8df37def61d9d96debd8002301056c79f
세트옷,강철의탐,0250bf855ee72aee359cdb6203d79bf8df37def61d9d96debd8002301056c79f
캐시 세트옷,,0250bf855ee72aee359cdb6203d79bf8df37def61d9d96debd8002301056c79f
장신구,붉은토끼풀노리개1성,0250bf855ee72aee359cdb6203d79bf8df37def61d9d96debd8002301056c79f
캐시 장신구,레서판다머리위맹수,0250bf855ee72aee359cdb6203d79bf8df37def61d9d96debd8002301056c79f
무기,고대마령의적혈검8성,80da60f139dfde51381d9191b22a917cb102b27a2801f5686ccc4f486ac4ec41
갑옷,귀문진산갑(남),80da60f139dfde51381d9191b22a917cb102b27a2801f5686ccc4f486ac4ec41
방패/보조무기,고대마령의단검6성,80da60f139dfde51381d9191b22a917cb102b27a2801f5686ccc4f486ac4ec41
투구,,80da60f139dfde51381d9191b22a917cb102b27a2801f5686ccc4f486ac4ec41
왼손,환웅의팔찌'8성,80da60f139dfde51381d9191b22a917cb102b27a2801f5686ccc4f486ac4ec41
오른손,,80da60f139dfde51381d9191b22a917cb102b27a2801f5686ccc4f486ac4ec41
보조1,마사의귀목,80da60f139dfde51381d9191b22a917cb102b27a2801f5686ccc4f486ac4ec41
보조2,마사의귀목,80da60f139dfde51381d9191b22a917cb102b27a2801f5686ccc4f486ac4ec41
얼굴장식,빛나는조사장의가면,80da60f139dfde51381d9191b22a917cb102b27a2801f5686ccc4f486ac4ec41
캐시 투구,,80da60f139dfde51381d9191b22a917cb102b27a2801f5686ccc4f486ac4ec41
망토,검마천의망토,80da60f139dfde51381d9191b22a917cb102b27a2801f5686ccc4f486ac4ec41
캐시 겉옷,오리엔탈샤인의상(남),80da60f139dfde51381d9191b22a917cb102b27a2801f5686ccc4f486ac4ec41
신발,사령웅의앞발,80da60f139dfde51381d9191b22a917cb102b27a2801f5686ccc4f486ac4ec41
목/어깨장식,고대마령의목걸이6성,80da60f139dfde51381d9191b22a917cb102b27a2801f5686ccc4f486ac4ec41
캐시 무기,,80da60f139dfde51381d9191b22a917cb102b27a2801f5686ccc4f486ac4ec41
캐시 방패/보조무기,,80da60f139dfde51381d9191b22a917cb102b27a2801f5686ccc4f486ac4ec41
캐시 얼굴장식,,80da60f139dfde51381d9191b22a917cb102b27a2801f5686ccc4f486ac4ec41
캐시 망토,젖소무늬깃털효과No1,80da60f139dfde51381d9191b22a917cb102b27a2801f5686ccc4f486ac4ec41
캐시 신발,,80da60f139dfde51381d9191b22a917cb102b27a2801f5686ccc4f486ac4ec41
캐시 목/어깨장식,딱콩삐쭉스카프No03,80da60f139dfde51381d9191b22a917cb102b27a2801f5686ccc4f486ac4ec41
세트옷,,80da60f139dfde51381d9191b22a917cb102b27a2801f5686ccc4f486ac4ec41
캐시 세트옷,,80da60f139dfde51381d9191b22a917cb102b27a2801f5686ccc4f486ac4ec41
장신구,붉은토끼풀노리개2성,80da60f139dfde51381d9191b22a917cb102b27a2801f5686ccc4f486ac4ec41
캐시 장신구,바린족얼굴무늬No01,80da60f139dfde51381d9191b22a917cb102b27a2801f5686ccc4f486ac4ec41
무기,용마제십검,2ca2cea015081f731952a8f599e1947f9fed5871481be3902f4903706b462623
갑옷,환웅의갑주'9성,2ca2cea015081f731952a8f599e1947f9fed5871481be3902f4903706b462623
방패/보조무기,고대마령의방패6성,2ca2cea015081f731952a8f599e1947f9fed5871481be3902f4903706b462623
투구,환웅의투구'9성,2ca2cea015081f731952a8f599e1947f9fed5871481be3902f4903706b462623
왼손,환웅의천수'8성,2ca2cea015081f731952a8f599e1947f9fed5871481be3902f4903706b462623
오른손,환웅의천수'8성,2ca2cea015081f731952a8f599e1947f9fed5871481be3902f4903706b462623
보조1,마령의노리개'흑6성,2ca2cea015081f731952a8f599e1947f9fed5871481be3902f4903706b462623
보조2,마사의귀목,2ca2cea015081f731952a8f599e1947f9fed5871481be3902f4903706b462623
얼굴장식,고대마령의암막6성,2ca2cea015081f731952a8f599e1947f9fed5871481be3902f4903706b462623
캐시 투구,가을홀릭소년헤어No02,2ca2cea015081f731952a8f599e1947f9fed5871481be3902f4903706b462623
망토,무신귀갑주7성,2ca2cea015081f731952a8f599e1947f9fed5871481be3902f4903706b462623
캐시 겉옷,꽃도령도포No02,2ca2cea015081f731952a8f599e1947f9fed5871481be3902f4903706b462623
신발,고대마령의군화'흑6성,2ca2cea015081f731952a8f599e1947f9fed5871481be3902f4903706b462623
목/어깨장식,고대마령의목걸이6성,2ca2cea015081f731952a8f599e1947f9fed5871481be3902f4903706b462623
캐시 무기,겨울복주머니,2ca2cea015081f731952a8f599e1947f9fed5871481be3902f4903706b462623
캐시 방패/보조무기,멍멍이No02,2ca2cea015081f731952a8f599e1947f9fed5871481be3902f4903706b462623
캐시 얼굴장식,[30주년]넥슨히어로하트,2ca2cea015081f731952a8f599e1947f9fed5871481be3902f4903706b462623
캐시 망토,흩날리는망토,2ca2cea015081f731952a8f599e1947f9fed5871481be3902f4903706b462623
캐시 신발,,2ca2cea015081f731952a8f599e1947f9fed5871481be3902f4903706b462623
캐시 목/어깨장식,설빔뽀송목도리,2ca2cea015081f731952a8f599e1947f9fed5871481be3902f4903706b462623
세트옷,도깨비탐,2ca2cea015081f731952a8f599e1947f9fed5871481be3902f4903706b462623
캐시 세트옷,,2ca2cea015081f731952a8f599e1947f9fed5871481be3902f4903706b462623
장신구,붉은토끼풀노리개1성,2ca2cea015081f731952a8f599e1947f9fed5871481be3902f4903706b462623
캐시 장신구,바람장인의선추,2ca2cea015081f731952a8f599e1947f9fed5871481be3902f4903706b462623
무기,,3b613713926e3feb4869d6e7709d134ede8dddd211b6f46368c3b21de8479d04
갑옷,,3b613713926e3feb4869d6e7709d134ede8dddd211b6f46368c3b21de8479d04
방패/보조무기,무신귀면방8성,3b613713926e3feb4869d6e7709d134ede8dddd211b6f46368c3b21de8479d04
투구,,3b613713926e3feb4869d6e7709d134ede8dddd211b6f46368c3b21de8479d04
왼손,,3b613713926e3feb4869d6e7709d134ede8dddd211b6f46368c3b21de8479d04
오른손,,3b613713926e3feb4869d6e7709d134ede8dddd211b6f46368c3b21de8479d04
보조1,,3b613713926e3feb4869d6e7709d134ede8dddd211b6f46368c3b21de8479d04
보조2,,3b613713926e3feb4869d6e7709d134ede8dddd211b6f46368c3b21de8479d04
얼굴장식,,3b613713926e3feb4869d6e7709d134ede8dddd211b6f46368c3b21de8479d04
캐시 투구,,3b613713926e3feb4869d6e7709d134ede8dddd211b6f46368c3b21de8479d04
망토,용성장견'마8성,3b613713926e3feb4869d6e7709d134ede8dddd211b6f46368c3b21de8479d04
캐시 겉옷,은설랑의복,3b613713926e3feb4869d6e7709d134ede8dddd211b6f46368c3b21de8479d04
신발,,3b613713926e3feb4869d6e7709d134ede8dddd211b6f46368c3b21de8479d04
목/어깨장식,,3b613713926e3feb4869d6e7709d134ede8dddd211b6f46368c3b21de8479d04
캐시 무기,백악산군신칼,3b613713926e3feb4869d6e7709d134ede8dddd211b6f46368c3b21de8479d04
캐시 방패/보조무기,웨딩비둘기,3b613713926e3feb4869d6e7709d134ede8dddd211b6f46368c3b21de8479d04
캐시 얼굴장식,[30주년]넥슨히어로하트,3b613713926e3feb4869d6e7709d134ede8dddd211b6f46368c3b21de8479d04
캐시 망토,칠석견우비단도포,3b613713926e3feb4869d6e7709d134ede8dddd211b6f46368c3b21de8479d04
캐시 신발,토끼발자국No01,3b613713926e3feb4869d6e7709d134ede8dddd211b6f46368c3b21de8479d04
캐시 목/어깨장식,,3b613713926e3feb4869d6e7709d134ede8dddd211b6f46368c3b21de8479d04
세트옷,,3b613713926e3feb4869d6e7709d134ede8dddd211b6f46368c3b21de8479d04
캐시 세트옷,,3b613713926e3feb4869d6e7709d134ede8dddd211b6f46368c3b21de8479d04
장신구,파란나비노리개1성,3b613713926e3feb4869d6e7709d134ede8dddd211b6f46368c3b21de8479d04
캐시 장신구,바린족얼굴무늬No01,3b613713926e3feb4869d6e7709d134ede8dddd211b6f46368c3b21de8479d04
무기,고대마령의적혈검6성,480b5821efe036ed9de7e26ea16ec5c3a645ec2bbb07d2971d777da25f2c16f9
갑옷,귀문진산갑(남),480b5821efe036ed9de7e26ea16ec5c3a645ec2bbb07d2971d777da25f2c16f9
방패/보조무기,고대마령의방패6성,480b5821efe036ed9de7e26ea16ec5c3a645ec2bbb07d2971d777da25f2c16f9
투구,환웅의머릿깃'9성,480b5821efe036ed9de7e26ea16ec5c3a645ec2bbb07d2971d777da25f2c16f9
왼손,금린반지6성,480b5821efe036ed9de7e26ea16ec5c3a645ec2bbb07d2971d777da25f2c16f9
오른손,금린반지6성,480b5821efe036ed9de7e26ea16ec5c3a645ec2bbb07d2971d777da25f2c16f9
보조1,빛나는마사의귀목,480b5821efe036ed9de7e26ea16ec5c3a645ec2bbb07d2971d777da25f2c16f9
보조2,마사의귀목,480b5821efe036ed9de7e26ea16ec5c3a645ec2bbb07d2971d777da25f2c16f9
얼굴장식,빛나는조사장의가면,480b5821efe036ed9de7e26ea16ec5c3a645ec2bbb07d2971d777da25f2c16f9
캐시 투구,,480b5821efe036ed9de7e26ea16ec5c3a645ec2bbb07d2971d777da25f2c16f9
망토,용성장견'마8성,480b5821efe036ed9de7e26ea16ec5c3a645ec2bbb07d2971d777da25f2c16f9
캐시 겉옷,당나라귀족의복(남),480b5821efe036ed9de7e26ea16ec5c3a645ec2bbb07d2971d777da25f2c16f9
신발,사령웅의앞발,480b5821efe036ed9de7e26ea16ec5c3a645ec2bbb07d2971d777da25f2c16f9
목/어깨장식,단조의심단,480b5821efe036ed9de7e26ea16ec5c3a645ec2bbb07d2971d777da25f2c16f9
캐시 무기,고스트헌터이블윕,480b5821efe036ed9de7e26ea16ec5c3a645ec2bbb07d2971d777da25f2c16f9
캐시 방패/보조무기,,480b5821efe036ed9de7e26ea16ec5c3a645ec2bbb07d2971d777da25f2c16f9
캐시 얼굴장식,,480b5821efe036ed9de7e26ea16ec5c3a645ec2bbb07d2971d777da25f2c16f9
캐시 망토,,480b5821efe036ed9de7e26ea16ec5c3a645ec2bbb07d2971d777da25f2c16f9
캐시 신발,토끼발자국No01,480b5821efe036ed9de7e26ea16ec5c3a645ec2bbb07d2971d777da25f2c16f9
캐시 목/어깨장식,,480b5821efe036ed9de7e26ea16ec5c3a645ec2bbb07d2971d777da25f2c16f9
세트옷,[괴수의상]가루다1성,480b5821efe036ed9de7e26ea16ec5c3a645ec2bbb07d2971d777da25f2c16f9
캐시 세트옷,,480b5821efe036ed9de7e26ea16ec5c3a645ec2bbb07d2971d777da25f2c16f9
장신구,자수원앙노리개1성,480b5821efe036ed9de7e26ea16ec5c3a645ec2bbb07d2971d777da25f2c16f9
캐시 장신구,,480b5821efe036ed9de7e26ea16ec5c3a645ec2bbb07d2971d777da25f2c16f9
무기,용천제십검,c30ac13dfe2b3696f57718e50c7742dcbe0e1530bf2f8eba8528e2c0d02cd3e3
갑옷,용천파천갑8성,c30ac13dfe2b3696f57718e50c7742dcbe0e1530bf2f8eba8528e2c0d02cd3e3
방패/보조무기,고대마령의단검8성,c30ac13dfe2b3696f57718e50c7742dcbe0e1530bf2f8eba8528e2c0d02cd3e3
투구,용아투구'천8성,c30ac13dfe2b3696f57718e50c7742dcbe0e1530bf2f8eba8528e2c0d02cd3e3
왼손,패자황금팔찌,c30ac13dfe2b3696f57718e50c7742dcbe0e1530bf2f8eba8528e2c0d02cd3e3
오른손,패자황금팔찌,c30ac13dfe2b3696f57718e50c7742dcbe0e1530bf2f8eba8528e2c0d02cd3e3
보조1,마사의귀목,c30ac13dfe2b3696f57718e50c7742dcbe0e1530bf2f8eba8528e2c0d02cd3e3
보조2,빛나는마사의귀목,c30ac13dfe2b3696f57718e50c7742dcbe0e1530bf2f8eba8528e2c0d02cd3e3
얼굴장식,빛나는조사장의가면,c30ac13dfe2b3696f57718e50c7742dcbe0e1530bf2f8eba8528e2c0d02cd3e3
캐시 투구,향긋한정원테디페도라,c30ac13dfe2b3696f57718e50c7742dcbe0e1530bf2f8eba8528e2c0d02cd3e3
망토,용성장견'천8성,c30ac13dfe2b3696f57718e50c7742dcbe0e1530bf2f8eba8528e2c0d02cd3e3
캐시 겉옷,양치기소년의상No02,c30ac13dfe2b3696f57718e50c7742dcbe0e1530bf2f8eba8528e2c0d02cd3e3
신발,바루나의천수,c30ac13dfe2b3696f57718e50c7742dcbe0e1530bf2f8eba8528e2c0d02cd3e3
목/어깨장식,빛나는단조의심단,c30ac13dfe2b3696f57718e50c7742dcbe0e1530bf2f8eba8528e2c0d02cd3e3
캐시 무기,필멸의영혼,c30ac13dfe2b3696f57718e50c7742dcbe0e1530bf2f8eba8528e2c0d02cd3e3
캐시 방패/보조무기,웨딩비둘기,c30ac13dfe2b3696f57718e50c7742dcbe0e1530bf2f8eba8528e2c0d02cd3e3
캐시 얼굴장식,[30주년]넥슨히어로하트,c30ac13dfe2b3696f57718e50c7742dcbe0e1530bf2f8eba8528e2c0d02cd3e3
캐시 망토,베베천사날개,c30ac13dfe2b3696f57718e50c7742dcbe0e1530bf2f8eba8528e2c0d02cd3e3
캐시 신발,겨울반딧불,c30ac13dfe2b3696f57718e50c7742dcbe0e1530bf2f8eba8528e2c0d02cd3e3
캐시 목/어깨장식,스트릿캐주얼곰목걸이,c30ac13dfe2b3696f57718e50c7742dcbe0e1530bf2f8eba8528e2c0d02cd3e3
세트옷,[괴수의상]아그니5성,c30ac13dfe2b3696f57718e50c7742dcbe0e1530bf2f8eba8528e2c0d02cd3e3
캐시 세트옷,고대몽글토끼신수의상,c30ac13dfe2b3696f57718e50c7742dcbe0e1530bf2f8eba8528e2c0d02cd3e3
장신구,붉은토끼풀노리개2성,c30ac13dfe2b3696f57718e50c7742dcbe0e1530bf2f8eba8528e2c0d02cd3e3
캐시 장신구,초코델리귀걸이,c30ac13dfe2b3696f57718e50c7742dcbe0e1530bf2f8eba8528e2c0d02cd3e3
무기,용천제십검,51d7226902efe78fa6b4c06888cafbe39331d0f905598be2447cd3fcb75ed0b0
갑옷,패자황금갑주,51d7226902efe78fa6b4c06888cafbe39331d0f905598be2447cd3fcb75ed0b0
방패/보조무기,금린방패9성,51d7226902efe78fa6b4c06888cafbe39331d0f905598be2447cd3fcb75ed0b0
투구,고대마령투구10성,51d7226902efe78fa6b4c06888cafbe39331d0f905598be2447cd3fcb75ed0b0
왼손,패자황금팔찌,51d7226902efe78fa6b4c06888cafbe39331d0f905598be2447cd3fcb75ed0b0
오른손,패자황금팔찌,51d7226902efe78fa6b4c06888cafbe39331d0f905598be2447cd3fcb75ed0b0
보조1,빛나는마사의귀목,51d7226902efe78fa6b4c06888cafbe39331d0f905598be2447cd3fcb75ed0b0
보조2,빛나는마사의귀목,51d7226902efe78fa6b4c06888cafbe39331d0f905598be2447cd3fcb75ed0b0
얼굴장식,빛나는조사장의가면,51d7226902efe78fa6b4c06888cafbe39331d0f905598be2447cd3fcb75ed0b0
캐시 투구,북두칠성동곳,51d7226902efe78fa6b4c06888cafbe39331d0f905598be2447cd3fcb75ed0b0
망토,용성장견'천9성,51d7226902efe78fa6b4c06888cafbe39331d0f905598be2447cd3fcb75ed0b0
캐시 겉옷,칠성도령두루마기,51d7226902efe78fa6b4c06888cafbe39331d0f905598be2447cd3fcb75ed0b0
신발,고대마령의군화'흑8성,51d7226902efe78fa6b4c06888cafbe39331d0f905598be2447cd3fcb75ed0b0
목/어깨장식,고대마령의목걸이10성,51d7226902efe78fa6b4c06888cafbe39331d0f905598be2447cd3fcb75ed0b0
캐시 무기,첩홍매화적월도,51d7226902efe78fa6b4c06888cafbe39331d0f905598be2447cd3fcb75ed0b0
캐시 방패/보조무기,,51d7226902efe78fa6b4c06888cafbe39331d0f905598be2447cd3fcb75ed0b0
캐시 얼굴장식,,51d7226902efe78fa6b4c06888cafbe39331d0f905598be2447cd3fcb75ed0b0
캐시 망토,칠성도령비단도포,51d7226902efe78fa6b4c06888cafbe39331d0f905598be2447cd3fcb75ed0b0
캐시 신발,북두칠성흑룡,51d7226902efe78fa6b4c06888cafbe39331d0f905598be2447cd3fcb75ed0b0
캐시 목/어깨장식,바닷가방수케이스,51d7226902efe78fa6b4c06888cafbe39331d0f905598be2447cd3fcb75ed0b0
세트옷,강철의탐,51d7226902efe78fa6b4c06888cafbe39331d0f905598be2447cd3fcb75ed0b0
캐시 세트옷,,51d7226902efe78fa6b4c06888cafbe39331d0f905598be2447cd3fcb75ed0b0
장신구,봉황삼작금노리개1성,51d7226902efe78fa6b4c06888cafbe39331d0f905598be2447cd3fcb75ed0b0
캐시 장신구,북두칠성아룡,51d7226902efe78fa6b4c06888cafbe39331d0f905598be2447cd3fcb75ed0b0
무기,용천제십검,cfbd36e9f3049d7910eb01d952de3912cbb3c907f671f81b513c33c9e14b440b
갑옷,용천파천갑8성,cfbd36e9f3049d7910eb01d952de3912cbb3c907f671f81b513c33c9e14b440b
방패/보조무기,고대마령의단검6성,cfbd36e9f3049d7910eb01d952de3912cbb3c907f671f81b513c33c9e14b440b
투구,태광천신금잠7성,cfbd36e9f3049d7910eb01d952de3912cbb3c907f671f81b513c33c9e14b440b
왼손,패자황금팔찌,cfbd36e9f3049d7910eb01d952de3912cbb3c907f671f81b513c33c9e14b440b
오른손,환웅의팔찌'9성,cfbd36e9f3049d7910eb01d952de3912cbb3c907f671f81b513c33c9e14b440b
보조1,마령의노리개'흑10성,cfbd36e9f3049d7910eb01d952de3912cbb3c907f671f81b513c33c9e14b440b
보조2,마사의귀목,cfbd36e9f3049d7910eb01d952de3912cbb3c907f671f81b513c33c9e14b440b
얼굴장식,고대마령의암막8성,cfbd36e9f3049d7910eb01d952de3912cbb3c907f671f81b513c33c9e14b440b
캐시 투구,심해왕자모자,cfbd36e9f3049d7910eb01d952de3912cbb3c907f671f81b513c33c9e14b440b
망토,용성장견'천8성,cfbd36e9f3049d7910eb01d952de3912cbb3c907f671f81b513c33c9e14b440b
캐시 겉옷,뽀짝피그남자의상No02,cfbd36e9f3049d7910eb01d952de3912cbb3c907f671f81b513c33c9e14b440b
신발,고대마령의군화'흑8성,cfbd36e9f3049d7910eb01d952de3912cbb3c907f671f81b513c33c9e14b440b
목/어깨장식,고대마령의목걸이8성,cfbd36e9f3049d7910eb01d952de3912cbb3c907f671f81b513c33c9e14b440b
캐시 무기,행운의채굴곡괭이,cfbd36e9f3049d7910eb01d952de3912cbb3c907f671f81b513c33c9e14b440b
캐시 방패/보조무기,웨딩비둘기,cfbd36e9f3049d7910eb01d952de3912cbb3c907f671f81b513c33c9e14b440b
캐시 얼굴장식,,cfbd36e9f3049d7910eb01d952de3912cbb3c907f671f81b513c33c9e14b440b
캐시 망토,러블리키스No04,cfbd36e9f3049d7910eb01d952de3912cbb3c907f671f81b513c33c9e14b440b
캐시 신발,토끼발자국No01,cfbd36e9f3049d7910eb01d952de3912cbb3c907f671f81b513c33c9e14b440b
캐시 목/어깨장식,딱콩삐쭉스카프No03,cfbd36e9f3049d7910eb01d952de3912cbb3c907f671f81b513c33c9e14b440b
세트옷,[괴수의상]아이라바타1성,cfbd36e9f3049d7910eb01d952de3912cbb3c907f671f81b513c33c9e14b440b
캐시 세트옷,고대[신수]망또No02,cfbd36e9f3049d7910eb01d952de3912cbb3c907f671f81b513c33c9e14b440b
장신구,붉은토끼풀노리개3성,cfbd36e9f3049d7910eb01d952de3912cbb3c907f671f81b513c33c9e14b440b
캐시 장신구,바린족얼굴무늬No01,cfbd36e9f3049d7910eb01d952de3912cbb3c907f671f81b513c33c9e14b440b
무기,황룡광각'5성,8a11058f07305a138efa6966b035b1e25049b91b22268b1c74fa479df3fbfae4
갑옷,고대마령연갑9성,8a11058f07305a138efa6966b035b1e25049b91b22268b1c74fa479df3fbfae4
방패/보조무기,고대마령의방패8성,8a11058f07305a138efa6966b035b1e25049b91b22268b1c74fa479df3fbfae4
투구,황룡광투'5성,8a11058f07305a138efa6966b035b1e25049b91b22268b1c74fa479df3fbfae4
왼손,고대물의성물'6성,8a11058f07305a138efa6966b035b1e25049b91b22268b1c74fa479df3fbfae4
오른손,고대마령의장갑'흑10성,8a11058f07305a138efa6966b035b1e25049b91b22268b1c74fa479df3fbfae4
보조1,마사의귀목,8a11058f07305a138efa6966b035b1e25049b91b22268b1c74fa479df3fbfae4
보조2,빛나는마사의귀목,8a11058f07305a138efa6966b035b1e25049b91b22268b1c74fa479df3fbfae4
얼굴장식,고대마령의암막9성,8a11058f07305a138efa6966b035b1e25049b91b22268b1c74fa479df3fbfae4
캐시 투구,달콤봄날헤어No01여,8a11058f07305a138efa6966b035b1e25049b91b22268b1c74fa479df3fbfae4
망토,고대마령의칼날10성,8a11058f07305a138efa6966b035b1e25049b91b22268b1c74fa479df3fbfae4
캐시 겉옷,문방구의상(여),8a11058f07305a138efa6966b035b1e25049b91b22268b1c74fa479df3fbfae4
신발,고대마령의군화'흑8성,8a11058f07305a138efa6966b035b1e25049b91b22268b1c74fa479df3fbfae4
목/어깨장식,고대마령의목걸이8성,8a11058f07305a138efa6966b035b1e25049b91b22268b1c74fa479df3fbfae4
캐시 무기,별헤는민트초코,8a11058f07305a138efa6966b035b1e25049b91b22268b1c74fa479df3fbfae4
캐시 방패/보조무기,,8a11058f07305a138efa6966b035b1e25049b91b22268b1c74fa479df3fbfae4
캐시 얼굴장식,악마안경,8a11058f07305a138efa6966b035b1e25049b91b22268b1c74fa479df3fbfae4
캐시 망토,벚꽃장식No02,8a11058f07305a138efa6966b035b1e25049b91b22268b1c74fa479df3fbfae4
캐시 신발,한가위토깽의달,8a11058f07305a138efa6966b035b1e25049b91b22268b1c74fa479df3fbfae4
캐시 목/어깨장식,앤틱바람목장식,8a11058f07305a138efa6966b035b1e25049b91b22268b1c74fa479df3fbfae4
세트옷,[괴수의상]아그니1성,8a11058f07305a138efa6966b035b1e25049b91b22268b1c74fa479df3fbfae4
캐시 세트옷,깜찍펭귄,8a11058f07305a138efa6966b035b1e25049b91b22268b1c74fa479df3fbfae4
장신구,붉은토끼풀노리개1성,8a11058f07305a138efa6966b035b1e25049b91b22268b1c74fa479df3fbfae4
캐시 장신구,바린족얼굴무늬No01,8a11058f07305a138efa6966b035b1e25049b91b22268b1c74fa479df3fbfae4
무기,용천제십검,dcb78d5eafaa778bfb8b15d245901d167433e09ea05b7251c94cd1fff3cb3252
갑옷,환웅의활복'9성,dcb78d5eafaa778bfb8b15d245901d167433e09ea05b7251c94cd1fff3cb3252
방패/보조무기,고대마령의단검6성,dcb78d5eafaa778bfb8b15d245901d167433e09ea05b7251c94cd1fff3cb3252
투구,고대마령투구10성,dcb78d5eafaa778bfb8b15d245901d167433e09ea05b7251c94cd1fff3cb3252
왼손,[상급]봉래산반지,dcb78d5eafaa778bfb8b15d245901d167433e09ea05b7251c94cd1fff3cb3252
오른손,용비늘흑광노리개9성,dcb78d5eafaa778bfb8b15d245901d167433e09ea05b7251c94cd1fff3cb3252
보조1,빛나는마사의귀목,dcb78d5eafaa778bfb8b15d245901d167433e09ea05b7251c94cd1fff3cb3252
보조2,마사의귀목,dcb78d5eafaa778bfb8b15d245901d167433e09ea05b7251c94cd1fff3cb3252
얼굴장식,시바의시선,dcb78d5eafaa778bfb8b15d245901d167433e09ea05b7251c94cd1fff3cb3252
캐시 투구,가을홀릭소년헤어No01,dcb78d5eafaa778bfb8b15d245901d167433e09ea05b7251c94cd1fff3cb3252
망토,패마황의망토,dcb78d5eafaa778bfb8b15d245901d167433e09ea05b7251c94cd1fff3cb3252
캐시 겉옷,토끼소년의상No01,dcb78d5eafaa778bfb8b15d245901d167433e09ea05b7251c94cd1fff3cb3252
신발,사령웅의앞발,dcb78d5eafaa778bfb8b15d245901d167433e09ea05b7251c94cd1fff3cb3252
목/어깨장식,고대마령의목걸이9성,dcb78d5eafaa778bfb8b15d245901d167433e09ea05b7251c94cd1fff3cb3252
캐시 무기,[심야]행운의채굴곡괭이,dcb78d5eafaa778bfb8b15d245901d167433e09ea05b7251c94cd1fff3cb3252
캐시 방패/보조무기,웨딩비둘기,dcb78d5eafaa778bfb8b15d245901d167433e09ea05b7251c94cd1fff3cb3252
캐시 얼굴장식,,dcb78d5eafaa778bfb8b15d245901d167433e09ea05b7251c94cd1fff3cb3252
캐시 망토,물고기구함,dcb78d5eafaa778bfb8b15d245901d167433e09ea05b7251c94cd1fff3cb3252
캐시 신발,흩뿌려진꽃잎No02,dcb78d5eafaa778bfb8b15d245901d167433e09ea05b7251c94cd1fff3cb3252
캐시 목/어깨장식,레인보우우비,dcb78d5eafaa778bfb8b15d245901d167433e09ea05b7251c94cd1fff3cb3252
세트옷,[괴수의상]바루나1성,dcb78d5eafaa778bfb8b15d245901d167433e09ea05b7251c94cd1fff3cb3252
캐시 세트옷,,dcb78d5eafaa778bfb8b15d245901d167433e09ea05b7251c94cd1fff3cb3252
장신구,붉은토끼풀노리개3성,dcb78d5eafaa778bfb8b15d245901d167433e09ea05b7251c94cd1fff3cb3252
캐시 장신구,양양귀No01,dcb78d5eafaa778bfb8b15d245901d167433e09ea05b7251c94cd1fff3cb3252
무기,용천제십검,e30c57f8a7b33827a72d687e48f11cf7a5fb0b6d46104b6b324cc85efc289146
갑옷,패자황금갑주,e30c57f8a7b33827a72d687e48f11cf7a5fb0b6d46104b6b324cc85efc289146
방패/보조무기,고대마령의단검6성,e30c57f8a7b33827a72d687e48f11cf7a5fb0b6d46104b6b324cc85efc289146
투구,환웅의머리띠'9성,e30c57f8a7b33827a72d687e48f11cf7a5fb0b6d46104b6b324cc85efc289146
왼손,패자황금팔찌,e30c57f8a7b33827a72d687e48f11cf7a5fb0b6d46104b6b324cc85efc289146
오른손,패자황금팔찌,e30c57f8a7b33827a72d687e48f11cf7a5fb0b6d46104b6b324cc85efc289146
보조1,마령의노리개'월6성,e30c57f8a7b33827a72d687e48f11cf7a5fb0b6d46104b6b324cc85efc289146
보조2,빛나는마사의귀목,e30c57f8a7b33827a72d687e48f11cf7a5fb0b6d46104b6b324cc85efc289146
얼굴장식,시바의시선,e30c57f8a7b33827a72d687e48f11cf7a5fb0b6d46104b6b324cc85efc289146
캐시 투구,한밤꿈당나귀가면,e30c57f8a7b33827a72d687e48f11cf7a5fb0b6d46104b6b324cc85efc289146
망토,패마황의망토,e30c57f8a7b33827a72d687e48f11cf7a5fb0b6d46104b6b324cc85efc289146
캐시 겉옷,봄의청사두루마기,e30c57f8a7b33827a72d687e48f11cf7a5fb0b6d46104b6b324cc85efc289146
신발,고대마령의군화'흑8성,e30c57f8a7b33827a72d687e48f11cf7a5fb0b6d46104b6b324cc85efc289146
목/어깨장식,고대마령의목걸이8성,e30c57f8a7b33827a72d687e48f11cf7a5fb0b6d46104b6b324cc85efc289146
캐시 무기,[25주년]흑룡선,e30c57f8a7b33827a72d687e48f11cf7a5fb0b6d46104b6b324cc85efc289146
캐시 방패/보조무기,에코백,e30c57f8a7b33827a72d687e48f11cf7a5fb0b6d46104b6b324cc85efc289146
캐시 얼굴장식,,e30c57f8a7b33827a72d687e48f11cf7a5fb0b6d46104b6b324cc85efc289146
캐시 망토,신월협객도포(남),e30c57f8a7b33827a72d687e48f11cf7a5fb0b6d46104b6b324cc85efc289146
캐시 신발,할로윈악마빛,e30c57f8a7b33827a72d687e48f11cf7a5fb0b6d46104b6b324cc85efc289146
캐시 목/어깨장식,,e30c57f8a7b33827a72d687e48f11cf7a5fb0b6d46104b6b324cc85efc289146
세트옷,[괴수의상]바루나2성,e30c57f8a7b33827a72d687e48f11cf7a5fb0b6d46104b6b324cc85efc289146
캐시 세트옷,,e30c57f8a7b33827a72d687e48f11cf7a5fb0b6d46104b6b324cc85efc289146
장신구,붉은토끼풀노리개1성,e30c57f8a7b33827a72d687e48f11cf7a5fb0b6d46104b6b324cc85efc289146
캐시 장신구,앤틱바람귀걸이,e30c57f8a7b33827a72d687e48f11cf7a5fb0b6d46104b6b324cc85efc289146
무기,용천제십검,92169a443889a84e0b4f93b631a2f8dd9b757929a4081040ff0e20f568da52ad
갑옷,태광천신의복8성,92169a443889a84e0b4f93b631a2f8dd9b757929a4081040ff0e20f568da52ad
방패/보조무기,고대마령의단검6성,92169a443889a84e0b4f93b631a2f8dd9b757929a4081040ff0e20f568da52ad
투구,금린화월관8성,92169a443889a84e0b4f93b631a2f8dd9b757929a4081040ff0e20f568da52ad
왼손,환웅의팔찌'7성,92169a443889a84e0b4f93b631a2f8dd9b757929a4081040ff0e20f568da52ad
오른손,패자황금팔찌,92169a443889a84e0b4f93b631a2f8dd9b757929a4081040ff0e20f568da52ad
보조1,빛나는마사의귀목,92169a443889a84e0b4f93b631a2f8dd9b757929a4081040ff0e20f568da52ad
보조2,찬란한아그니의적영,92169a443889a84e0b4f93b631a2f8dd9b757929a4081040ff0e20f568da52ad
얼굴장식,고대마령의암막8성,92169a443889a84e0b4f93b631a2f8dd9b757929a4081040ff0e20f568da52ad
캐시 투구,꽃장식밀짚모자,92169a443889a84e0b4f93b631a2f8dd9b757929a4081040ff0e20f568da52ad
망토,패마황의망토,92169a443889a84e0b4f93b631a2f8dd9b757929a4081040ff0e20f568da52ad
캐시 겉옷,바람정장,92169a443889a84e0b4f93b631a2f8dd9b757929a4081040ff0e20f568da52ad
신발,고대마령의군화'흑10성,92169a443889a84e0b4f93b631a2f8dd9b757929a4081040ff0e20f568da52ad
목/어깨장식,고대마령의목걸이8성,92169a443889a84e0b4f93b631a2f8dd9b757929a4081040ff0e20f568da52ad
캐시 무기,[심야]행운의채굴곡괭이,92169a443889a84e0b4f93b631a2f8dd9b757929a4081040ff0e20f568da52ad
캐시 방패/보조무기,서커스펭귄풍선,92169a443889a84e0b4f93b631a2f8dd9b757929a4081040ff0e20f568da52ad
캐시 얼굴장식,,92169a443889a84e0b4f93b631a2f8dd9b757929a4081040ff0e20f568da52ad
캐시 망토,벚꽃장식No02,92169a443889a84e0b4f93b631a2f8dd9b757929a4081040ff0e20f568da52ad
캐시 신발,토끼발자국No01,92169a443889a84e0b4f93b631a2f8dd9b757929a4081040ff0e20f568da52ad
캐시 목/어깨장식,웨딩부토니에,92169a443889a84e0b4f93b631a2f8dd9b757929a4081040ff0e20f568da52ad
세트옷,[괴수의상]아이라바타1성,92169a443889a84e0b4f93b631a2f8dd9b757929a4081040ff0e20f568da52ad
캐시 세트옷,,92169a443889a84e0b4f93b631a2f8dd9b757929a4081040ff0e20f568da52ad
장신구,붉은토끼풀노리개3성,92169a443889a84e0b4f93b631a2f8dd9b757929a4081040ff0e20f568da52ad
캐시 장신구,새내기핑크볼터치,92169a443889a84e0b4f93b631a2f8dd9b757929a4081040ff0e20f568da52ad
무기,용천제십검,80d010c579cc1f0fbddad0b68c2b77ed7768028737f7cacf07f1e9bfdb788108
갑옷,환웅의갑주'9성,80d010c579cc1f0fbddad0b68c2b77ed7768028737f7cacf07f1e9bfdb788108
방패/보조무기,고대마령의단검6성,80d010c579cc1f0fbddad0b68c2b77ed7768028737f7cacf07f1e9bfdb788108
투구,고대마령투구10성,80d010c579cc1f0fbddad0b68c2b77ed7768028737f7cacf07f1e9bfdb788108
왼손,고대마령의장갑'월10성,80d010c579cc1f0fbddad0b68c2b77ed7768028737f7cacf07f1e9bfdb788108
오른손,고대마령의장갑'월10성,80d010c579cc1f0fbddad0b68c2b77ed7768028737f7cacf07f1e9bfdb788108
보조1,마령의노리개'흑10성,80d010c579cc1f0fbddad0b68c2b77ed7768028737f7cacf07f1e9bfdb788108
보조2,마사의귀목,80d010c579cc1f0fbddad0b68c2b77ed7768028737f7cacf07f1e9bfdb788108
얼굴장식,빛나는조사장의가면,80d010c579cc1f0fbddad0b68c2b77ed7768028737f7cacf07f1e9bfdb788108
캐시 투구,한가위토깽의귀(흑),80d010c579cc1f0fbddad0b68c2b77ed7768028737f7cacf07f1e9bfdb788108
망토,패마황의망토,80d010c579cc1f0fbddad0b68c2b77ed7768028737f7cacf07f1e9bfdb788108
캐시 겉옷,꾸러기의상No02남,80d010c579cc1f0fbddad0b68c2b77ed7768028737f7cacf07f1e9bfdb788108
신발,고대마령의군화'흑8성,80d010c579cc1f0fbddad0b68c2b77ed7768028737f7cacf07f1e9bfdb788108
목/어깨장식,고대마령의목걸이8성,80d010c579cc1f0fbddad0b68c2b77ed7768028737f7cacf07f1e9bfdb788108
캐시 무기,다이어터덤벨,80d010c579cc1f0fbddad0b68c2b77ed7768028737f7cacf07f1e9bfdb788108
캐시 방패/보조무기,가을별캠핑불멍화로,80d010c579cc1f0fbddad0b68c2b77ed7768028737f7cacf07f1e9bfdb788108
캐시 얼굴장식,검정뿔테안경,80d010c579cc1f0fbddad0b68c2b77ed7768028737f7cacf07f1e9bfdb788108
캐시 망토,,80d010c579cc1f0fbddad0b68c2b77ed7768028737f7cacf07f1e9bfdb788108
캐시 신발,한가위토깽의달,80d010c579cc1f0fbddad0b68c2b77ed7768028737f7cacf07f1e9bfdb788108
캐시 목/어깨장식,,80d010c579cc1f0fbddad0b68c2b77ed7768028737f7cacf07f1e9bfdb788108
세트옷,[괴수의상]바루나1성,80d010c579cc1f0fbddad0b68c2b77ed7768028737f7cacf07f1e9bfdb788108
캐시 세트옷,고대커플소녀신수의상No02,80d010c579cc1f0fbddad0b68c2b77ed7768028737f7cacf07f1e9bfdb788108
장신구,파란나비노리개1성,80d010c579cc1f0fbddad0b68c2b77ed7768028737f7cacf07f1e9bfdb788108
캐시 장신구,알파봇K,80d010c579cc1f0fbddad0b68c2b77ed7768028737f7cacf07f1e9bfdb788108
무기,용천제십검,4677383c06eff970624602cd9404702553cd9a9f6e35e67bc590a0b6935a774f
갑옷,환웅의갑주'9성,4677383c06eff970624602cd9404702553cd9a9f6e35e67bc590a0b6935a774f
방패/보조무기,고대마령의단검6성,4677383c06eff970624602cd9404702553cd9a9f6e35e67bc590a0b6935a774f
투구,고대마령투구10성,4677383c06eff970624602cd9404702553cd9a9f6e35e67bc590a0b6935a774f
왼손,용발톱흑광노리개9성,4677383c06eff970624602cd9404702553cd9a9f6e35e67bc590a0b6935a774f
오른손,환웅의천수'9성,4677383c06eff970624602cd9404702553cd9a9f6e35e67bc590a0b6935a774f
보조1,마령의노리개'흑10성,4677383c06eff970624602cd9404702553cd9a9f6e35e67bc590a0b6935a774f
보조2,마사의귀목,4677383c06eff970624602cd9404702553cd9a9f6e35e67bc590a0b6935a774f
얼굴장식,조사장의가면,4677383c06eff970624602cd9404702553cd9a9f6e35e67bc590a0b6935a774f
캐시 투구,가을홀릭소년헤어No02,4677383c06eff970624602cd9404702553cd9a9f6e35e67bc590a0b6935a774f
망토,패마황의망토,4677383c06eff970624602cd9404702553cd9a9f6e35e67bc590a0b6935a774f
캐시 겉옷,바람정장'백,4677383c06eff970624602cd9404702553cd9a9f6e35e67bc590a0b6935a774f
신발,사령웅의앞발,4677383c06eff970624602cd9404702553cd9a9f6e35e67bc590a0b6935a774f
목/어깨장식,단조의심단,4677383c06eff970624602cd9404702553cd9a9f6e35e67bc590a0b6935a774f
캐시 무기,환상의인성초,4677383c06eff970624602cd9404702553cd9a9f6e35e67bc590a0b6935a774f
캐시 방패/보조무기,웨딩비둘기,4677383c06eff970624602cd9404702553cd9a9f6e35e67bc590a0b6935a774f
캐시 얼굴장식,,4677383c06eff970624602cd9404702553cd9a9f6e35e67bc590a0b6935a774f
캐시 망토,벚꽃장식No02,4677383c06eff970624602cd9404702553cd9a9f6e35e67bc590a0b6935a774f
캐시 신발,,4677383c06eff970624602cd9404702553cd9a9f6e35e67bc590a0b6935a774f
캐시 목/어깨장식,웨딩부토니에,4677383c06eff970624602cd9404702553cd9a9f6e35e67bc590a0b6935a774f
세트옷,[괴수의상]아그니1성,4677383c06eff970624602cd9404702553cd9a9f6e35e67bc590a0b6935a774f
캐시 세트옷,[구]웨딩드레스No02,4677383c06eff970624602cd9404702553cd9a9f6e35e67bc590a0b6935a774f
장신구,붉은토끼풀노리개1성,4677383c06eff970624602cd9404702553cd9a9f6e35e67bc590a0b6935a774f
캐시 장신구,바린족얼굴무늬No01,4677383c06eff970624602cd9404702553cd9a9f6e35e67bc590a0b6935a774f
무기,용랑제십봉,4e54c8e439577a4711959c5d5605200edb3a458f44e7ba85949eb4746bf75233
갑옷,패자황금갑주,4e54c8e439577a4711959c5d5605200edb3a458f44e7ba85949eb4746bf75233
방패/보조무기,,4e54c8e439577a4711959c5d5605200edb3a458f44e7ba85949eb4746bf75233
투구,태염무신금잠8성,4e54c8e439577a4711959c5d5605200edb3a458f44e7ba85949eb4746bf75233
왼손,패자황금반지,4e54c8e439577a4711959c5d5605200edb3a458f44e7ba85949eb4746bf75233
오른손,패자황금반지,4e54c8e439577a4711959c5d5605200edb3a458f44e7ba85949eb4746bf75233
보조1,빛나는마사의귀목,4e54c8e439577a4711959c5d5605200edb3a458f44e7ba85949eb4746bf75233
보조2,빛나는마사의귀목,4e54c8e439577a4711959c5d5605200edb3a458f44e7ba85949eb4746bf75233
얼굴장식,빛나는조사장의가면,4e54c8e439577a4711959c5d5605200edb3a458f44e7ba85949eb4746bf75233
캐시 투구,,4e54c8e439577a4711959c5d5605200edb3a458f44e7ba85949eb4746bf75233
망토,무신귀갑주9성,4e54c8e439577a4711959c5d5605200edb3a458f44e7ba85949eb4746bf75233
캐시 겉옷,힙캐주얼의상(남),4e54c8e439577a4711959c5d5605200edb3a458f44e7ba85949eb4746bf75233
신발,사령웅의앞발,4e54c8e439577a4711959c5d5605200edb3a458f44e7ba85949eb4746bf75233
목/어깨장식,단조의심단,4e54c8e439577a4711959c5d5605200edb3a458f44e7ba85949eb4746bf75233
캐시 무기,신월협객영매검,4e54c8e439577a4711959c5d5605200edb3a458f44e7ba85949eb4746bf75233
캐시 방패/보조무기,곤충채집텅빈통,4e54c8e439577a4711959c5d5605200edb3a458f44e7ba85949eb4746bf75233
캐시 얼굴장식,걸선글라스No03,4e54c8e439577a4711959c5d5605200edb3a458f44e7ba85949eb4746bf75233
캐시 망토,애니멀펑크흑영도군,4e54c8e439577a4711959c5d5605200edb3a458f44e7ba85949eb4746bf75233
캐시 신발,베베별자국,4e54c8e439577a4711959c5d5605200edb3a458f44e7ba85949eb4746bf75233
캐시 목/어깨장식,스트릿캐주얼사각목걸이,4e54c8e439577a4711959c5d5605200edb3a458f44e7ba85949eb4746bf75233
세트옷,[괴수의상]아그니1성,4e54c8e439577a4711959c5d5605200edb3a458f44e7ba85949eb4746bf75233
캐시 세트옷,[구]웨딩드레스No02,4e54c8e439577a4711959c5d5605200edb3a458f44e7ba85949eb4746bf75233
장신구,붉은토끼풀노리개3성,4e54c8e439577a4711959c5d5605200edb3a458f44e7ba85949eb4746bf75233
캐시 장신구,바린족얼굴무늬No01,4e54c8e439577a4711959c5d5605200edb3a458f44e7ba85949eb4746bf75233
무기,용랑제십봉,a25ee972d6dc799d60aca723b7cd55aada428ea97227260ade1de032629bca1e
갑옷,패자황금갑주,a25ee972d6dc799d60aca723b7cd55aada428ea97227260ade1de032629bca1e
방패/보조무기,,a25ee972d6dc799d60aca723b7cd55aada428ea97227260ade1de032629bca1e
투구,고대마령투구10성,a25ee972d6dc799d60aca723b7cd55aada428ea97227260ade1de032629bca1e
왼손,패자황금반지,a25ee972d6dc799d60aca723b7cd55aada428ea97227260ade1de032629bca1e
오른손,패자황금반지,a25ee972d6dc799d60aca723b7cd55aada428ea97227260ade1de032629bca1e
보조1,마령의노리개'흑10성,a25ee972d6dc799d60aca723b7cd55aada428ea97227260ade1de032629bca1e
보조2,마사의귀목,a25ee972d6dc799d60aca723b7cd55aada428ea97227260ade1de032629bca1e
얼굴장식,고대마령의암막8성,a25ee972d6dc799d60aca723b7cd55aada428ea97227260ade1de032629bca1e
캐시 투구,잔혹천사가면,a25ee972d6dc799d60aca723b7cd55aada428ea97227260ade1de032629bca1e
망토,천신부금장9성,a25ee972d6dc799d60aca723b7cd55aada428ea97227260ade1de032629bca1e
캐시 겉옷,잔혹천사의상(여),a25ee972d6dc799d60aca723b7cd55aada428ea97227260ade1de032629bca1e
신발,고대마령의군화'흑8성,a25ee972d6dc799d60aca723b7cd55aada428ea97227260ade1de032629bca1e
목/어깨장식,단조의심단,a25ee972d6dc799d60aca723b7cd55aada428ea97227260ade1de032629bca1e
캐시 무기,잔혹천사장미활,a25ee972d6dc799d60aca723b7cd55aada428ea97227260ade1de032629bca1e
캐시 방패/보조무기,,a25ee972d6dc799d60aca723b7cd55aada428ea97227260ade1de032629bca1e
캐시 얼굴장식,,a25ee972d6dc799d60aca723b7cd55aada428ea97227260ade1de032629bca1e
캐시 망토,잔혹천사뼈날개,a25ee972d6dc799d60aca723b7cd55aada428ea97227260ade1de032629bca1e
캐시 신발,잔혹천사스컬하트,a25ee972d6dc799d60aca723b7cd55aada428ea97227260ade1de032629bca1e
캐시 목/어깨장식,,a25ee972d6dc799d60aca723b7cd55aada428ea97227260ade1de032629bca1e
세트옷,[괴수의상]바루나2성,a25ee972d6dc799d60aca723b7cd55aada428ea97227260ade1de032629bca1e
캐시 세트옷,바람미니미도적,a25ee972d6dc799d60aca723b7cd55aada428ea97227260ade1de032629bca1e
장신구,자수원앙노리개2성,a25ee972d6dc799d60aca723b7cd55aada428ea97227260ade1de032629bca1e
캐시 장신구,잔혹천사하트안대,a25ee972d6dc799d60aca723b7cd55aada428ea97227260ade1de032629bca1e
무기,고대마령의적혈봉10성,17634d27dd198f65601902913a49219b169a5a4f56f18a5610cbcc55d17e6e67
갑옷,환웅의치마'9성,17634d27dd198f65601902913a49219b169a5a4f56f18a5610cbcc55d17e6e67
방패/보조무기,고대마령의단검9성,17634d27dd198f65601902913a49219b169a5a4f56f18a5610cbcc55d17e6e67
투구,태광천신금잠8성,17634d27dd198f65601902913a49219b169a5a4f56f18a5610cbcc55d17e6e67
왼손,태광노리개8성,17634d27dd198f65601902913a49219b169a5a4f56f18a5610cbcc55d17e6e67
오른손,태광노리개8성,17634d27dd198f65601902913a49219b169a5a4f56f18a5610cbcc55d17e6e67
보조1,마사의귀목,17634d27dd198f65601902913a49219b169a5a4f56f18a5610cbcc55d17e6e67
보조2,마사의귀목,17634d27dd198f65601902913a49219b169a5a4f56f18a5610cbcc55d17e6e67
얼굴장식,조사장의가면,17634d27dd198f65601902913a49219b169a5a4f56f18a5610cbcc55d17e6e67
캐시 투구,잠옷파티토끼머리끈,17634d27dd198f65601902913a49219b169a5a4f56f18a5610cbcc55d17e6e67
망토,천신부금장9성,17634d27dd198f65601902913a49219b169a5a4f56f18a5610cbcc55d17e6e67
캐시 겉옷,편안한블루와이드팬츠(여),17634d27dd198f65601902913a49219b169a5a4f56f18a5610cbcc55d17e6e67
신발,사령웅의앞발,17634d27dd198f65601902913a49219b169a5a4f56f18a5610cbcc55d17e6e67
목/어깨장식,단조의심단,17634d27dd198f65601902913a49219b169a5a4f56f18a5610cbcc55d17e6e67
캐시 무기,후르츠칵테일No01,17634d27dd198f65601902913a49219b169a5a4f56f18a5610cbcc55d17e6e67
캐시 방패/보조무기,웨딩비둘기,17634d27dd198f65601902913a49219b169a5a4f56f18a5610cbcc55d17e6e67
캐시 얼굴장식,눈장식:쁘띠(흑진주),17634d27dd198f65601902913a49219b169a5a4f56f18a5610cbcc55d17e6e67
캐시 망토,은은한꽃바람,17634d27dd198f65601902913a49219b169a5a4f56f18a5610cbcc55d17e6e67
캐시 신발,베베별자국,17634d27dd198f65601902913a49219b169a5a4f56f18a5610cbcc55d17e6e67
캐시 목/어깨장식,히피목걸이No01,17634d27dd198f65601902913a49219b169a5a4f56f18a5610cbcc55d17e6e67
세트옷,[괴수의상]바루나2성,17634d27dd198f65601902913a49219b169a5a4f56f18a5610cbcc55d17e6e67
,,17634d27dd198f65601902913a49219b169a5a4f56f18a5610cbcc55d17e6e67
장신구,붉은토끼풀노리개1성,17634d27dd198f65601902913a49219b169a5a4f56f18a5610cbcc55d17e6e67
캐시 장신구,메탈크로스링,17634d27dd198f65601902913a49219b169a5a4f56f18a5610cbcc55d17e6e67
무기,고대마령의적혈봉8성,6d8f07548d1d4f3c3489ff66f178b4799bf68bb76c4c6c51d2709faa41b5b21f
갑옷,환웅의도포'9성,6d8f07548d1d4f3c3489ff66f178b4799bf68bb76c4c6c51d2709faa41b5b21f
방패/보조무기,고대마령의단검8성,6d8f07548d1d4f3c3489ff66f178b4799bf68bb76c4c6c51d2709faa41b5b21f
투구,태광천신금잠7성,6d8f07548d1d4f3c3489ff66f178b4799bf68bb76c4c6c51d2709faa41b5b21f
왼손,태광노리개7성,6d8f07548d1d4f3c3489ff66f178b4799bf68bb76c4c6c51d2709faa41b5b21f
오른손,태광노리개8성,6d8f07548d1d4f3c3489ff66f178b4799bf68bb76c4c6c51d2709faa41b5b21f
보조1,마령의노리개'월10성,6d8f07548d1d4f3c3489ff66f178b4799bf68bb76c4c6c51d2709faa41b5b21f
보조2,마사의귀목,6d8f07548d1d4f3c3489ff66f178b4799bf68bb76c4c6c51d2709faa41b5b21f
얼굴장식,시바의시선,6d8f07548d1d4f3c3489ff66f178b4799bf68bb76c4c6c51d2709faa41b5b21f
캐시 투구,,6d8f07548d1d4f3c3489ff66f178b4799bf68bb76c4c6c51d2709faa41b5b21f
망토,무신귀갑주7성,6d8f07548d1d4f3c3489ff66f178b4799bf68bb76c4c6c51d2709faa41b5b21f
캐시 겉옷,환계나무꾼의복,6d8f07548d1d4f3c3489ff66f178b4799bf68bb76c4c6c51d2709faa41b5b21f
신발,사령웅의앞발,6d8f07548d1d4f3c3489ff66f178b4799bf68bb76c4c6c51d2709faa41b5b21f
목/어깨장식,고대마령의목걸이8성,6d8f07548d1d4f3c3489ff66f178b4799bf68bb76c4c6c51d2709faa41b5b21f
캐시 무기,,6d8f07548d1d4f3c3489ff66f178b4799bf68bb76c4c6c51d2709faa41b5b21f
캐시 방패/보조무기,양양이No01,6d8f07548d1d4f3c3489ff66f178b4799bf68bb76c4c6c51d2709faa41b5b21f
캐시 얼굴장식,,6d8f07548d1d4f3c3489ff66f178b4799bf68bb76c4c6c51d2709faa41b5b21f
캐시 망토,값진별의날개,6d8f07548d1d4f3c3489ff66f178b4799bf68bb76c4c6c51d2709faa41b5b21f
캐시 신발,신이난초코No02,6d8f07548d1d4f3c3489ff66f178b4799bf68bb76c4c6c51d2709faa41b5b21f
캐시 목/어깨장식,선물리본장식(검정),6d8f07548d1d4f3c3489ff66f178b4799bf68bb76c4c6c51d2709faa41b5b21f
세트옷,[괴수의상]아이라바타1성,6d8f07548d1d4f3c3489ff66f178b4799bf68bb76c4c6c51d2709faa41b5b21f
캐시 세트옷,,6d8f07548d1d4f3c3489ff66f178b4799bf68bb76c4c6c51d2709faa41b5b21f
장신구,붉은토끼풀노리개1성,6d8f07548d1d4f3c3489ff66f178b4799bf68bb76c4c6c51d2709faa41b5b21f
캐시 장신구,양양귀No02,6d8f07548d1d4f3c3489ff66f178b4799bf68bb76c4c6c51d2709faa41b5b21f
무기,용랑제십봉,a25ee972d6dc799d60aca723b7cd55aafda083db5fd725a17b63ad9ca4145a27
갑옷,패자황금갑주,a25ee972d6dc799d60aca723b7cd55aafda083db5fd725a17b63ad9ca4145a27
방패/보조무기,,a25ee972d6dc799d60aca723b7cd55aafda083db5fd725a17b63ad9ca4145a27
투구,고대마령투구10성,a25ee972d6dc799d60aca723b7cd55aafda083db5fd725a17b63ad9ca4145a27
왼손,패자황금반지,a25ee972d6dc799d60aca723b7cd55aafda083db5fd725a17b63ad9ca4145a27
오른손,패자황금반지,a25ee972d6dc799d60aca723b7cd55aafda083db5fd725a17b63ad9ca4145a27
보조1,투명구두,a25ee972d6dc799d60aca723b7cd55aafda083db5fd725a17b63ad9ca4145a27
보조2,빛나는마사의귀목,a25ee972d6dc799d60aca723b7cd55aafda083db5fd725a17b63ad9ca4145a27
얼굴장식,조사장의가면,a25ee972d6dc799d60aca723b7cd55aafda083db5fd725a17b63ad9ca4145a27
캐시 투구,생명의바다왕관,a25ee972d6dc799d60aca723b7cd55aafda083db5fd725a17b63ad9ca4145a27
망토,무신귀갑주9성,a25ee972d6dc799d60aca723b7cd55aafda083db5fd725a17b63ad9ca4145a27
캐시 겉옷,생명의바다의상(남),a25ee972d6dc799d60aca723b7cd55aafda083db5fd725a17b63ad9ca4145a27
신발,고대마령의군화'흑8성,a25ee972d6dc799d60aca723b7cd55aafda083db5fd725a17b63ad9ca4145a27
목/어깨장식,빛나는단조의심단,a25ee972d6dc799d60aca723b7cd55aafda083db5fd725a17b63ad9ca4145a27
캐시 무기,생명의바다고래물결,a25ee972d6dc799d60aca723b7cd55aafda083db5fd725a17b63ad9ca4145a27
캐시 방패/보조무기,,a25ee972d6dc799d60aca723b7cd55aafda083db5fd725a17b63ad9ca4145a27
캐시 얼굴장식,,a25ee972d6dc799d60aca723b7cd55aafda083db5fd725a17b63ad9ca4145a27
캐시 망토,생명의바다망원경,a25ee972d6dc799d60aca723b7cd55aafda083db5fd725a17b63ad9ca4145a27
캐시 신발,생명의바다햇살파도,a25ee972d6dc799d60aca723b7cd55aafda083db5fd725a17b63ad9ca4145a27
캐시 목/어깨장식,,a25ee972d6dc799d60aca723b7cd55aafda083db5fd725a17b63ad9ca4145a27
세트옷,[괴수의상]바루나1성,a25ee972d6dc799d60aca723b7cd55aafda083db5fd725a17b63ad9ca4145a27
캐시 세트옷,[구]웨딩드레스No02,a25ee972d6dc799d60aca723b7cd55aafda083db5fd725a17b63ad9ca4145a27
장신구,붉은토끼풀노리개1성,a25ee972d6dc799d60aca723b7cd55aafda083db5fd725a17b63ad9ca4145a27
캐시 장신구,생명의바다작은친구,a25ee972d6dc799d60aca723b7cd55aafda083db5fd725a17b63ad9ca4145a27
무기,용랑제십봉,a25ee972d6dc799d60aca723b7cd55aa6ad0fac486bebff7c8f13fb78ae16ae7
갑옷,패자황금갑주,a25ee972d6dc799d60aca723b7cd55aa6ad0fac486bebff7c8f13fb78ae16ae7
방패/보조무기,,a25ee972d6dc799d60aca723b7cd55aa6ad0fac486bebff7c8f13fb78ae16ae7
투구,고대마령투구10성,a25ee972d6dc799d60aca723b7cd55aa6ad0fac486bebff7c8f13fb78ae16ae7
왼손,패자황금반지,a25ee972d6dc799d60aca723b7cd55aa6ad0fac486bebff7c8f13fb78ae16ae7
오른손,패자황금반지,a25ee972d6dc799d60aca723b7cd55aa6ad0fac486bebff7c8f13fb78ae16ae7
보조1,마령의노리개'흑10성,a25ee972d6dc799d60aca723b7cd55aa6ad0fac486bebff7c8f13fb78ae16ae7
보조2,마사의귀목,a25ee972d6dc799d60aca723b7cd55aa6ad0fac486bebff7c8f13fb78ae16ae7
얼굴장식,시바의시선,a25ee972d6dc799d60aca723b7cd55aa6ad0fac486bebff7c8f13fb78ae16ae7
캐시 투구,환계나무꾼두각,a25ee972d6dc799d60aca723b7cd55aa6ad0fac486bebff7c8f13fb78ae16ae7
망토,천마성의망토,a25ee972d6dc799d60aca723b7cd55aa6ad0fac486bebff7c8f13fb78ae16ae7
캐시 겉옷,환계나무꾼의복,a25ee972d6dc799d60aca723b7cd55aa6ad0fac486bebff7c8f13fb78ae16ae7
신발,사령웅의앞발,a25ee972d6dc799d60aca723b7cd55aa6ad0fac486bebff7c8f13fb78ae16ae7
목/어깨장식,단조의심단,a25ee972d6dc799d60aca723b7cd55aa6ad0fac486bebff7c8f13fb78ae16ae7
캐시 무기,행운의채굴곡괭이,a25ee972d6dc799d60aca723b7cd55aa6ad0fac486bebff7c8f13fb78ae16ae7
캐시 방패/보조무기,,a25ee972d6dc799d60aca723b7cd55aa6ad0fac486bebff7c8f13fb78ae16ae7
캐시 얼굴장식,,a25ee972d6dc799d60aca723b7cd55aa6ad0fac486bebff7c8f13fb78ae16ae7
캐시 망토,벚꽃장식No02,a25ee972d6dc799d60aca723b7cd55aa6ad0fac486bebff7c8f13fb78ae16ae7
캐시 신발,환계청솔초가,a25ee972d6dc799d60aca723b7cd55aa6ad0fac486bebff7c8f13fb78ae16ae7
캐시 목/어깨장식,방탄담요,a25ee972d6dc799d60aca723b7cd55aa6ad0fac486bebff7c8f13fb78ae16ae7
세트옷,[괴수의상]아그니1성,a25ee972d6dc799d60aca723b7cd55aa6ad0fac486bebff7c8f13fb78ae16ae7
캐시 세트옷,[구]망또No05,a25ee972d6dc799d60aca723b7cd55aa6ad0fac486bebff7c8f13fb78ae16ae7
장신구,자수원앙노리개1성,a25ee972d6dc799d60aca723b7cd55aa6ad0fac486bebff7c8f13fb78ae16ae7
캐시 장신구,물방울무늬리본No01,a25ee972d6dc799d60aca723b7cd55aa6ad0fac486bebff7c8f13fb78ae16ae7
무기,고대마령의적혈봉9성,ac44785f6d71f4d8bf800f136548b757da0ce145dd524f8d85bb56e044d0fa3c
갑옷,환웅의도포'9성,ac44785f6d71f4d8bf800f136548b757da0ce145dd524f8d85bb56e044d0fa3c
방패/보조무기,고대마령의단검8성,ac44785f6d71f4d8bf800f136548b757da0ce145dd524f8d85bb56e044d0fa3c
투구,환웅의모자'9성,ac44785f6d71f4d8bf800f136548b757da0ce145dd524f8d85bb56e044d0fa3c
왼손,검은불꽃일격반지6성,ac44785f6d71f4d8bf800f136548b757da0ce145dd524f8d85bb56e044d0fa3c
오른손,검은불꽃일격반지6성,ac44785f6d71f4d8bf800f136548b757da0ce145dd524f8d85bb56e044d0fa3c
보조1,마령의노리개'흑8성,ac44785f6d71f4d8bf800f136548b757da0ce145dd524f8d85bb56e044d0fa3c
보조2,마사의귀목,ac44785f6d71f4d8bf800f136548b757da0ce145dd524f8d85bb56e044d0fa3c
얼굴장식,고대마령의암막8성,ac44785f6d71f4d8bf800f136548b757da0ce145dd524f8d85bb56e044d0fa3c
캐시 투구,고고한선비정자관,ac44785f6d71f4d8bf800f136548b757da0ce145dd524f8d85bb56e044d0fa3c
망토,무신귀갑주7성,ac44785f6d71f4d8bf800f136548b757da0ce145dd524f8d85bb56e044d0fa3c
캐시 겉옷,자객옷,ac44785f6d71f4d8bf800f136548b757da0ce145dd524f8d85bb56e044d0fa3c
신발,고대마령의군화'흑8성,ac44785f6d71f4d8bf800f136548b757da0ce145dd524f8d85bb56e044d0fa3c
목/어깨장식,고대마령의목걸이8성,ac44785f6d71f4d8bf800f136548b757da0ce145dd524f8d85bb56e044d0fa3c
캐시 무기,행운의채굴곡괭이,ac44785f6d71f4d8bf800f136548b757da0ce145dd524f8d85bb56e044d0fa3c
캐시 방패/보조무기,GM고대마령의주술서,ac44785f6d71f4d8bf800f136548b757da0ce145dd524f8d85bb56e044d0fa3c
캐시 얼굴장식,눈장식:목표포착,ac44785f6d71f4d8bf800f136548b757da0ce145dd524f8d85bb56e044d0fa3c
캐시 망토,등뒤에와글귀,ac44785f6d71f4d8bf800f136548b757da0ce145dd524f8d85bb56e044d0fa3c
캐시 신발,발밑에출렁귀,ac44785f6d71f4d8bf800f136548b757da0ce145dd524f8d85bb56e044d0fa3c
캐시 목/어깨장식,따뜻머플러(남)No03,ac44785f6d71f4d8bf800f136548b757da0ce145dd524f8d85bb56e044d0fa3c
세트옷,뀨뀨,ac44785f6d71f4d8bf800f136548b757da0ce145dd524f8d85bb56e044d0fa3c
캐시 세트옷,,ac44785f6d71f4d8bf800f136548b757da0ce145dd524f8d85bb56e044d0fa3c
장신구,붉은토끼풀노리개1성,ac44785f6d71f4d8bf800f136548b757da0ce145dd524f8d85bb56e044d0fa3c
캐시 장신구,볼상처,ac44785f6d71f4d8bf800f136548b757da0ce145dd524f8d85bb56e044d0fa3c
무기,고대마령의적혈봉8성,becf39329a165de41bae0542081a090fc378b51c8a89677fa14e6fde94a782c3
갑옷,환웅의도포'9성,becf39329a165de41bae0542081a090fc378b51c8a89677fa14e6fde94a782c3
방패/보조무기,고대마령의단검7성,becf39329a165de41bae0542081a090fc378b51c8a89677fa14e6fde94a782c3
투구,태광천신금잠8성,becf39329a165de41bae0542081a090fc378b51c8a89677fa14e6fde94a782c3
왼손,태광노리개7성,becf39329a165de41bae0542081a090fc378b51c8a89677fa14e6fde94a782c3
오른손,태광노리개7성,becf39329a165de41bae0542081a090fc378b51c8a89677fa14e6fde94a782c3
보조1,마사의귀목,becf39329a165de41bae0542081a090fc378b51c8a89677fa14e6fde94a782c3
보조2,마사의귀목,becf39329a165de41bae0542081a090fc378b51c8a89677fa14e6fde94a782c3
얼굴장식,시바의시선,becf39329a165de41bae0542081a090fc378b51c8a89677fa14e6fde94a782c3
캐시 투구,GM차사의갓,becf39329a165de41bae0542081a090fc378b51c8a89677fa14e6fde94a782c3
망토,무신귀갑주7성,becf39329a165de41bae0542081a090fc378b51c8a89677fa14e6fde94a782c3
캐시 겉옷,애니멀펑크교복(여),becf39329a165de41bae0542081a090fc378b51c8a89677fa14e6fde94a782c3
신발,사령웅의앞발,becf39329a165de41bae0542081a090fc378b51c8a89677fa14e6fde94a782c3
목/어깨장식,고대마령의목걸이7성,becf39329a165de41bae0542081a090fc378b51c8a89677fa14e6fde94a782c3
캐시 무기,[도감]심판의낫,becf39329a165de41bae0542081a090fc378b51c8a89677fa14e6fde94a782c3
캐시 방패/보조무기,웨딩비둘기,becf39329a165de41bae0542081a090fc378b51c8a89677fa14e6fde94a782c3
캐시 얼굴장식,,becf39329a165de41bae0542081a090fc378b51c8a89677fa14e6fde94a782c3
캐시 망토,분홍꽃잎,becf39329a165de41bae0542081a090fc378b51c8a89677fa14e6fde94a782c3
캐시 신발,흩뿌려진꽃잎No02,becf39329a165de41bae0542081a090fc378b51c8a89677fa14e6fde94a782c3
캐시 목/어깨장식,,becf39329a165de41bae0542081a090fc378b51c8a89677fa14e6fde94a782c3
세트옷,[괴수의상]아그니1성,becf39329a165de41bae0542081a090fc378b51c8a89677fa14e6fde94a782c3
캐시 세트옷,,becf39329a165de41bae0542081a090fc378b51c8a89677fa14e6fde94a782c3
장신구,붉은토끼풀노리개1성,becf39329a165de41bae0542081a090fc378b51c8a89677fa14e6fde94a782c3
캐시 장신구,가을홀릭이어링No02,becf39329a165de41bae0542081a090fc378b51c8a89677fa14e6fde94a782c3
무기,고대마령의적혈봉8성,fe46e3c57f8e6177bd6f20cf379a677f8353711873878b1dff942b80fc256cfc
갑옷,환웅의통옷'9성,fe46e3c57f8e6177bd6f20cf379a677f8353711873878b1dff942b80fc256cfc
방패/보조무기,고대마령의단검6성,fe46e3c57f8e6177bd6f20cf379a677f8353711873878b1dff942b80fc256cfc
투구,환웅의머릿깃'8성,fe46e3c57f8e6177bd6f20cf379a677f8353711873878b1dff942b80fc256cfc
왼손,[상급]봉래산반지,fe46e3c57f8e6177bd6f20cf379a677f8353711873878b1dff942b80fc256cfc
오른손,태광노리개6성,fe46e3c57f8e6177bd6f20cf379a677f8353711873878b1dff942b80fc256cfc
보조1,마사의귀목,fe46e3c57f8e6177bd6f20cf379a677f8353711873878b1dff942b80fc256cfc
보조2,마사의귀목,fe46e3c57f8e6177bd6f20cf379a677f8353711873878b1dff942b80fc256cfc
얼굴장식,조사장의가면,fe46e3c57f8e6177bd6f20cf379a677f8353711873878b1dff942b80fc256cfc
캐시 투구,초코델리소녀헤어,fe46e3c57f8e6177bd6f20cf379a677f8353711873878b1dff942b80fc256cfc
망토,무신귀갑주8성,fe46e3c57f8e6177bd6f20cf379a677f8353711873878b1dff942b80fc256cfc
캐시 겉옷,토끼소녀의상No01,fe46e3c57f8e6177bd6f20cf379a677f8353711873878b1dff942b80fc256cfc
신발,바루나의천수,fe46e3c57f8e6177bd6f20cf379a677f8353711873878b1dff942b80fc256cfc
목/어깨장식,고대마령의목걸이8성,fe46e3c57f8e6177bd6f20cf379a677f8353711873878b1dff942b80fc256cfc
캐시 무기,오래된채굴곡괭이,fe46e3c57f8e6177bd6f20cf379a677f8353711873878b1dff942b80fc256cfc
캐시 방패/보조무기,서커스펭귄풍선,fe46e3c57f8e6177bd6f20cf379a677f8353711873878b1dff942b80fc256cfc
캐시 얼굴장식,,fe46e3c57f8e6177bd6f20cf379a677f8353711873878b1dff942b80fc256cfc
캐시 망토,꿀벌보호대묶음,fe46e3c57f8e6177bd6f20cf379a677f8353711873878b1dff942b80fc256cfc
캐시 신발,무희방울,fe46e3c57f8e6177bd6f20cf379a677f8353711873878b1dff942b80fc256cfc
캐시 목/어깨장식,허니비장식,fe46e3c57f8e6177bd6f20cf379a677f8353711873878b1dff942b80fc256cfc
세트옷,[괴수의상]아이라바타1성,fe46e3c57f8e6177bd6f20cf379a677f8353711873878b1dff942b80fc256cfc
캐시 세트옷,,fe46e3c57f8e6177bd6f20cf379a677f8353711873878b1dff942b80fc256cfc
장신구,붉은토끼풀노리개1성,fe46e3c57f8e6177bd6f20cf379a677f8353711873878b1dff942b80fc256cfc
캐시 장신구,초코델리귀걸이,fe46e3c57f8e6177bd6f20cf379a677f8353711873878b1dff942b80fc256cfc
무기,용랑제십봉,a25ee972d6dc799d60aca723b7cd55aa8e663eb6c580d0fc0c12f4021629ae58
갑옷,환웅의갑주'9성,a25ee972d6dc799d60aca723b7cd55aa8e663eb6c580d0fc0c12f4021629ae58
방패/보조무기,,a25ee972d6dc799d60aca723b7cd55aa8e663eb6c580d0fc0c12f4021629ae58
투구,태염무신금잠7성,a25ee972d6dc799d60aca723b7cd55aa8e663eb6c580d0fc0c12f4021629ae58
왼손,태광노리개7성,a25ee972d6dc799d60aca723b7cd55aa8e663eb6c580d0fc0c12f4021629ae58
오른손,[상급]봉래산반지,a25ee972d6dc799d60aca723b7cd55aa8e663eb6c580d0fc0c12f4021629ae58
보조1,마사의귀목,a25ee972d6dc799d60aca723b7cd55aa8e663eb6c580d0fc0c12f4021629ae58
보조2,마사의귀목,a25ee972d6dc799d60aca723b7cd55aa8e663eb6c580d0fc0c12f4021629ae58
얼굴장식,시바의시선,a25ee972d6dc799d60aca723b7cd55aa8e663eb6c580d0fc0c12f4021629ae58
캐시 투구,바람추석머리장식(남),a25ee972d6dc799d60aca723b7cd55aa8e663eb6c580d0fc0c12f4021629ae58
망토,천마성의망토,a25ee972d6dc799d60aca723b7cd55aa8e663eb6c580d0fc0c12f4021629ae58
캐시 겉옷,소림승려복,a25ee972d6dc799d60aca723b7cd55aa8e663eb6c580d0fc0c12f4021629ae58
신발,사령웅의앞발,a25ee972d6dc799d60aca723b7cd55aa8e663eb6c580d0fc0c12f4021629ae58
목/어깨장식,단조의심단,a25ee972d6dc799d60aca723b7cd55aa8e663eb6c580d0fc0c12f4021629ae58
캐시 무기,,a25ee972d6dc799d60aca723b7cd55aa8e663eb6c580d0fc0c12f4021629ae58
캐시 방패/보조무기,발아래까치,a25ee972d6dc799d60aca723b7cd55aa8e663eb6c580d0fc0c12f4021629ae58
캐시 얼굴장식,,a25ee972d6dc799d60aca723b7cd55aa8e663eb6c580d0fc0c12f4021629ae58
캐시 망토,서커스바람개비,a25ee972d6dc799d60aca723b7cd55aa8e663eb6c580d0fc0c12f4021629ae58
캐시 신발,신이난초코No02,a25ee972d6dc799d60aca723b7cd55aa8e663eb6c580d0fc0c12f4021629ae58
캐시 목/어깨장식,요정하양목도리,a25ee972d6dc799d60aca723b7cd55aa8e663eb6c580d0fc0c12f4021629ae58
세트옷,[괴수의상]아이라바타1성,a25ee972d6dc799d60aca723b7cd55aa8e663eb6c580d0fc0c12f4021629ae58
캐시 세트옷,[구]웨딩드레스No03,a25ee972d6dc799d60aca723b7cd55aa8e663eb6c580d0fc0c12f4021629ae58
장신구,붉은토끼풀노리개1성,a25ee972d6dc799d60aca723b7cd55aa8e663eb6c580d0fc0c12f4021629ae58
캐시 장신구,발바닥풍선장신구,a25ee972d6dc799d60aca723b7cd55aa8e663eb6c580d0fc0c12f4021629ae58
무기,용겸제십봉,f16bda7ff6e93d653ec15969be18983d1c69c4ed3df0e4df8608866b152abb4a
갑옷,환웅의통옷'8성,f16bda7ff6e93d653ec15969be18983d1c69c4ed3df0e4df8608866b152abb4a
방패/보조무기,,f16bda7ff6e93d653ec15969be18983d1c69c4ed3df0e4df8608866b152abb4a
투구,환웅의투구'8성,f16bda7ff6e93d653ec15969be18983d1c69c4ed3df0e4df8608866b152abb4a
왼손,금린반지6성,f16bda7ff6e93d653ec15969be18983d1c69c4ed3df0e4df8608866b152abb4a
오른손,금린노리개6성,f16bda7ff6e93d653ec15969be18983d1c69c4ed3df0e4df8608866b152abb4a
보조1,마령의노리개'흑8성,f16bda7ff6e93d653ec15969be18983d1c69c4ed3df0e4df8608866b152abb4a
보조2,마사의귀목,f16bda7ff6e93d653ec15969be18983d1c69c4ed3df0e4df8608866b152abb4a
얼굴장식,고대마령의암막8성,f16bda7ff6e93d653ec15969be18983d1c69c4ed3df0e4df8608866b152abb4a
캐시 투구,잠옷파티모자,f16bda7ff6e93d653ec15969be18983d1c69c4ed3df0e4df8608866b152abb4a
망토,천신부금장7성,f16bda7ff6e93d653ec15969be18983d1c69c4ed3df0e4df8608866b152abb4a
캐시 겉옷,깜찍펭귄의상,f16bda7ff6e93d653ec15969be18983d1c69c4ed3df0e4df8608866b152abb4a
신발,고대마령의군화'월6성,f16bda7ff6e93d653ec15969be18983d1c69c4ed3df0e4df8608866b152abb4a
목/어깨장식,고대마령의목걸이8성,f16bda7ff6e93d653ec15969be18983d1c69c4ed3df0e4df8608866b152abb4a
캐시 무기,[심야]행운의채굴곡괭이,f16bda7ff6e93d653ec15969be18983d1c69c4ed3df0e4df8608866b152abb4a
캐시 방패/보조무기,웨딩비둘기,f16bda7ff6e93d653ec15969be18983d1c69c4ed3df0e4df8608866b152abb4a
캐시 얼굴장식,,f16bda7ff6e93d653ec15969be18983d1c69c4ed3df0e4df8608866b152abb4a
캐시 망토,,f16bda7ff6e93d653ec15969be18983d1c69c4ed3df0e4df8608866b152abb4a
캐시 신발,토끼발자국No02,f16bda7ff6e93d653ec15969be18983d1c69c4ed3df0e4df8608866b152abb4a
캐시 목/어깨장식,바닷바람따뜻한하트,f16bda7ff6e93d653ec15969be18983d1c69c4ed3df0e4df8608866b152abb4a
세트옷,강철의탐,f16bda7ff6e93d653ec15969be18983d1c69c4ed3df0e4df8608866b152abb4a
캐시 세트옷,,f16bda7ff6e93d653ec15969be18983d1c69c4ed3df0e4df8608866b152abb4a
장신구,붉은토끼풀노리개1성,f16bda7ff6e93d653ec15969be18983d1c69c4ed3df0e4df8608866b152abb4a
캐시 장신구,깜찍펭귄얼굴,f16bda7ff6e93d653ec15969be18983d1c69c4ed3df0e4df8608866b152abb4a
무기,용겸제십봉,c10b556ad257940f0ddee64f74e554fe413be7ea96b018edac448d65fdb5c6bf
갑옷,용겸멸아의8성,c10b556ad257940f0ddee64f74e554fe413be7ea96b018edac448d65fdb5c6bf
방패/보조무기,,c10b556ad257940f0ddee64f74e554fe413be7ea96b018edac448d65fdb5c6bf
투구,용아천관'겸8성,c10b556ad257940f0ddee64f74e554fe413be7ea96b018edac448d65fdb5c6bf
왼손,금린노리개6성,c10b556ad257940f0ddee64f74e554fe413be7ea96b018edac448d65fdb5c6bf
오른손,금린노리개7성,c10b556ad257940f0ddee64f74e554fe413be7ea96b018edac448d65fdb5c6bf
보조1,마령의노리개'월8성,c10b556ad257940f0ddee64f74e554fe413be7ea96b018edac448d65fdb5c6bf
보조2,마사의귀목,c10b556ad257940f0ddee64f74e554fe413be7ea96b018edac448d65fdb5c6bf
얼굴장식,빛나는조사장의가면,c10b556ad257940f0ddee64f74e554fe413be7ea96b018edac448d65fdb5c6bf
캐시 투구,모던한실버링베레모,c10b556ad257940f0ddee64f74e554fe413be7ea96b018edac448d65fdb5c6bf
망토,용성신부'겸8성,c10b556ad257940f0ddee64f74e554fe413be7ea96b018edac448d65fdb5c6bf
캐시 겉옷,토끼소녀의상No02,c10b556ad257940f0ddee64f74e554fe413be7ea96b018edac448d65fdb5c6bf
신발,고대마령의군화'흑8성,c10b556ad257940f0ddee64f74e554fe413be7ea96b018edac448d65fdb5c6bf
목/어깨장식,고대마령의목걸이8성,c10b556ad257940f0ddee64f74e554fe413be7ea96b018edac448d65fdb5c6bf
캐시 무기,설가오리연,c10b556ad257940f0ddee64f74e554fe413be7ea96b018edac448d65fdb5c6bf
캐시 방패/보조무기,웨딩비둘기,c10b556ad257940f0ddee64f74e554fe413be7ea96b018edac448d65fdb5c6bf
캐시 얼굴장식,고양이수염,c10b556ad257940f0ddee64f74e554fe413be7ea96b018edac448d65fdb5c6bf
캐시 망토,벚꽃장식No02,c10b556ad257940f0ddee64f74e554fe413be7ea96b018edac448d65fdb5c6bf
캐시 신발,유성우,c10b556ad257940f0ddee64f74e554fe413be7ea96b018edac448d65fdb5c6bf
캐시 목/어깨장식,레이스칼라No01,c10b556ad257940f0ddee64f74e554fe413be7ea96b018edac448d65fdb5c6bf
세트옷,뀨뀨,c10b556ad257940f0ddee64f74e554fe413be7ea96b018edac448d65fdb5c6bf
캐시 세트옷,[구]망또No02,c10b556ad257940f0ddee64f74e554fe413be7ea96b018edac448d65fdb5c6bf
장신구,자수원앙노리개3성,c10b556ad257940f0ddee64f74e554fe413be7ea96b018edac448d65fdb5c6bf
캐시 장신구,새내기핑크볼터치,c10b556ad257940f0ddee64f74e554fe413be7ea96b018edac448d65fdb5c6bf
무기,용겸제십봉,98454b87d9c20140d3d93ed86c2f1c6226bbb1153700a9b857f046dce582b327
갑옷,태염무신장갑8성,98454b87d9c20140d3d93ed86c2f1c6226bbb1153700a9b857f046dce582b327
방패/보조무기,,98454b87d9c20140d3d93ed86c2f1c6226bbb1153700a9b857f046dce582b327
투구,금린화월관8성,98454b87d9c20140d3d93ed86c2f1c6226bbb1153700a9b857f046dce582b327
왼손,고대마령의장갑'월10성,98454b87d9c20140d3d93ed86c2f1c6226bbb1153700a9b857f046dce582b327
오른손,금린반지7성,98454b87d9c20140d3d93ed86c2f1c6226bbb1153700a9b857f046dce582b327
보조1,투명구두,98454b87d9c20140d3d93ed86c2f1c6226bbb1153700a9b857f046dce582b327
보조2,마사의귀목,98454b87d9c20140d3d93ed86c2f1c6226bbb1153700a9b857f046dce582b327
얼굴장식,빛나는조사장의가면,98454b87d9c20140d3d93ed86c2f1c6226bbb1153700a9b857f046dce582b327
캐시 투구,황금가마솥토끼귀,98454b87d9c20140d3d93ed86c2f1c6226bbb1153700a9b857f046dce582b327
망토,무신귀갑주8성,98454b87d9c20140d3d93ed86c2f1c6226bbb1153700a9b857f046dce582b327
캐시 겉옷,루나빗소년의상,98454b87d9c20140d3d93ed86c2f1c6226bbb1153700a9b857f046dce582b327
신발,고대마령의군화'흑8성,98454b87d9c20140d3d93ed86c2f1c6226bbb1153700a9b857f046dce582b327
목/어깨장식,고대마령의목걸이6성,98454b87d9c20140d3d93ed86c2f1c6226bbb1153700a9b857f046dce582b327
캐시 무기,행운의채굴곡괭이,98454b87d9c20140d3d93ed86c2f1c6226bbb1153700a9b857f046dce582b327
캐시 방패/보조무기,베베토끼인형,98454b87d9c20140d3d93ed86c2f1c6226bbb1153700a9b857f046dce582b327
캐시 얼굴장식,[30주년]넥슨히어로하트,98454b87d9c20140d3d93ed86c2f1c6226bbb1153700a9b857f046dce582b327
캐시 망토,동양풍허리띠No01,98454b87d9c20140d3d93ed86c2f1c6226bbb1153700a9b857f046dce582b327
캐시 신발,나비하양반짝,98454b87d9c20140d3d93ed86c2f1c6226bbb1153700a9b857f046dce582b327
캐시 목/어깨장식,스트릿캐주얼사각목걸이,98454b87d9c20140d3d93ed86c2f1c6226bbb1153700a9b857f046dce582b327
세트옷,싸울아비분신,98454b87d9c20140d3d93ed86c2f1c6226bbb1153700a9b857f046dce582b327
캐시 세트옷,[구]웨딩드레스No05,98454b87d9c20140d3d93ed86c2f1c6226bbb1153700a9b857f046dce582b327
장신구,붉은토끼풀노리개1성,98454b87d9c20140d3d93ed86c2f1c6226bbb1153700a9b857f046dce582b327
캐시 장신구,프릴넥카라,98454b87d9c20140d3d93ed86c2f1c6226bbb1153700a9b857f046dce582b327
무기,진혼제,33f08431793da5aa76af2623744df51265525542a449ef0cbd425c225e10dd29
갑옷,용겸멸아의8성,33f08431793da5aa76af2623744df51265525542a449ef0cbd425c225e10dd29
방패/보조무기,도사백제청동방패10성,33f08431793da5aa76af2623744df51265525542a449ef0cbd425c225e10dd29
투구,용아천관'겸8성,33f08431793da5aa76af2623744df51265525542a449ef0cbd425c225e10dd29
왼손,패자황금선류,33f08431793da5aa76af2623744df51265525542a449ef0cbd425c225e10dd29
오른손,고대마령의장갑'월8성,33f08431793da5aa76af2623744df51265525542a449ef0cbd425c225e10dd29
보조1,투명구두,33f08431793da5aa76af2623744df51265525542a449ef0cbd425c225e10dd29
보조2,도사청동거울3성,33f08431793da5aa76af2623744df51265525542a449ef0cbd425c225e10dd29
얼굴장식,빛나는조사장의가면,33f08431793da5aa76af2623744df51265525542a449ef0cbd425c225e10dd29
캐시 투구,러브유헤어No03,33f08431793da5aa76af2623744df51265525542a449ef0cbd425c225e10dd29
망토,용성신부'겸8성,33f08431793da5aa76af2623744df51265525542a449ef0cbd425c225e10dd29
캐시 겉옷,대양의선원복(여),33f08431793da5aa76af2623744df51265525542a449ef0cbd425c225e10dd29
신발,고대마령의군화'월8성,33f08431793da5aa76af2623744df51265525542a449ef0cbd425c225e10dd29
목/어깨장식,고대마령의목걸이8성,33f08431793da5aa76af2623744df51265525542a449ef0cbd425c225e10dd29
캐시 무기,우주를품은망치,33f08431793da5aa76af2623744df51265525542a449ef0cbd425c225e10dd29
캐시 방패/보조무기,왕초보장식,33f08431793da5aa76af2623744df51265525542a449ef0cbd425c225e10dd29
캐시 얼굴장식,,33f08431793da5aa76af2623744df51265525542a449ef0cbd425c225e10dd29
캐시 망토,시고르인절미,33f08431793da5aa76af2623744df51265525542a449ef0cbd425c225e10dd29
캐시 신발,토끼발자국No01,33f08431793da5aa76af2623744df51265525542a449ef0cbd425c225e10dd29
캐시 목/어깨장식,웨딩목걸이,33f08431793da5aa76af2623744df51265525542a449ef0cbd425c225e10dd29
세트옷,싸울아비분신,33f08431793da5aa76af2623744df51265525542a449ef0cbd425c225e10dd29
캐시 세트옷,삐약삐약뼝아리,33f08431793da5aa76af2623744df51265525542a449ef0cbd425c225e10dd29
장신구,붉은토끼풀노리개2성,33f08431793da5aa76af2623744df51265525542a449ef0cbd425c225e10dd29
캐시 장신구,,33f08431793da5aa76af2623744df51265525542a449ef0cbd425c225e10dd29
무기,고대마령의적혈선9성,ccda155bb90e24a978f0a7f1944816b3fd842dab14be2a956555625b37c97bff
갑옷,금린효월갑8성,ccda155bb90e24a978f0a7f1944816b3fd842dab14be2a956555625b37c97bff
방패/보조무기,고대마령의단검6성,ccda155bb90e24a978f0a7f1944816b3fd842dab14be2a956555625b37c97bff
투구,금린화월관7성,ccda155bb90e24a978f0a7f1944816b3fd842dab14be2a956555625b37c97bff
왼손,금린노리개8성,ccda155bb90e24a978f0a7f1944816b3fd842dab14be2a956555625b37c97bff
오른손,금린반지7성,ccda155bb90e24a978f0a7f1944816b3fd842dab14be2a956555625b37c97bff
보조1,마령의노리개'월6성,ccda155bb90e24a978f0a7f1944816b3fd842dab14be2a956555625b37c97bff
보조2,아그니의적영,ccda155bb90e24a978f0a7f1944816b3fd842dab14be2a956555625b37c97bff
얼굴장식,시바의시선,ccda155bb90e24a978f0a7f1944816b3fd842dab14be2a956555625b37c97bff
캐시 투구,양치기소녀머리No01,ccda155bb90e24a978f0a7f1944816b3fd842dab14be2a956555625b37c97bff
망토,무신귀갑주7성,ccda155bb90e24a978f0a7f1944816b3fd842dab14be2a956555625b37c97bff
캐시 겉옷,토끼소녀의상No02,ccda155bb90e24a978f0a7f1944816b3fd842dab14be2a956555625b37c97bff
신발,고대마령의군화'월7성,ccda155bb90e24a978f0a7f1944816b3fd842dab14be2a956555625b37c97bff
목/어깨장식,고대마령의목걸이7성,ccda155bb90e24a978f0a7f1944816b3fd842dab14be2a956555625b37c97bff
캐시 무기,오래된채굴곡괭이,ccda155bb90e24a978f0a7f1944816b3fd842dab14be2a956555625b37c97bff
캐시 방패/보조무기,발아래까치,ccda155bb90e24a978f0a7f1944816b3fd842dab14be2a956555625b37c97bff
캐시 얼굴장식,,ccda155bb90e24a978f0a7f1944816b3fd842dab14be2a956555625b37c97bff
캐시 망토,도도한유체가방,ccda155bb90e24a978f0a7f1944816b3fd842dab14be2a956555625b37c97bff
캐시 신발,흩뿌려진꽃잎No02,ccda155bb90e24a978f0a7f1944816b3fd842dab14be2a956555625b37c97bff
캐시 목/어깨장식,사파이어하트목걸이,ccda155bb90e24a978f0a7f1944816b3fd842dab14be2a956555625b37c97bff
세트옷,[괴수의상]아이라바타1성,ccda155bb90e24a978f0a7f1944816b3fd842dab14be2a956555625b37c97bff
캐시 세트옷,,ccda155bb90e24a978f0a7f1944816b3fd842dab14be2a956555625b37c97bff
장신구,붉은토끼풀노리개1성,ccda155bb90e24a978f0a7f1944816b3fd842dab14be2a956555625b37c97bff
캐시 장신구,웨딩화관,ccda155bb90e24a978f0a7f1944816b3fd842dab14be2a956555625b37c97bff
무기,불멸용겸봉'2강,feb114526df8bed5539379e63e9008e80e79cc9401b8f87a649ab7464cb9e60a
갑옷,용겸파천의8성,feb114526df8bed5539379e63e9008e80e79cc9401b8f87a649ab7464cb9e60a
방패/보조무기,,feb114526df8bed5539379e63e9008e80e79cc9401b8f87a649ab7464cb9e60a
투구,용아천관'겸8성,feb114526df8bed5539379e63e9008e80e79cc9401b8f87a649ab7464cb9e60a
왼손,용발톱흑광노리개9성,feb114526df8bed5539379e63e9008e80e79cc9401b8f87a649ab7464cb9e60a
오른손,용발톱흑광노리개9성,feb114526df8bed5539379e63e9008e80e79cc9401b8f87a649ab7464cb9e60a
보조1,투명구두,feb114526df8bed5539379e63e9008e80e79cc9401b8f87a649ab7464cb9e60a
보조2,마사의귀목,feb114526df8bed5539379e63e9008e80e79cc9401b8f87a649ab7464cb9e60a
얼굴장식,시바의시선,feb114526df8bed5539379e63e9008e80e79cc9401b8f87a649ab7464cb9e60a
캐시 투구,가을홀릭소년헤어No02,feb114526df8bed5539379e63e9008e80e79cc9401b8f87a649ab7464cb9e60a
망토,용성신부'겸8성,feb114526df8bed5539379e63e9008e80e79cc9401b8f87a649ab7464cb9e60a
캐시 겉옷,바람정장,feb114526df8bed5539379e63e9008e80e79cc9401b8f87a649ab7464cb9e60a
신발,고대마령의군화'흑8성,feb114526df8bed5539379e63e9008e80e79cc9401b8f87a649ab7464cb9e60a
목/어깨장식,고대마령의목걸이8성,feb114526df8bed5539379e63e9008e80e79cc9401b8f87a649ab7464cb9e60a
캐시 무기,,feb114526df8bed5539379e63e9008e80e79cc9401b8f87a649ab7464cb9e60a
캐시 방패/보조무기,애니멀펑크토끼친구,feb114526df8bed5539379e63e9008e80e79cc9401b8f87a649ab7464cb9e60a
캐시 얼굴장식,,feb114526df8bed5539379e63e9008e80e79cc9401b8f87a649ab7464cb9e60a
캐시 망토,,feb114526df8bed5539379e63e9008e80e79cc9401b8f87a649ab7464cb9e60a
캐시 신발,토끼발자국No01,feb114526df8bed5539379e63e9008e80e79cc9401b8f87a649ab7464cb9e60a
캐시 목/어깨장식,[20주년]레이스칼라No03,feb114526df8bed5539379e63e9008e80e79cc9401b8f87a649ab7464cb9e60a
세트옷,[괴수의상]아이라바타1성,feb114526df8bed5539379e63e9008e80e79cc9401b8f87a649ab7464cb9e60a
캐시 세트옷,[구]망또No02,feb114526df8bed5539379e63e9008e80e79cc9401b8f87a649ab7464cb9e60a
장신구,붉은토끼풀노리개1성,feb114526df8bed5539379e63e9008e80e79cc9401b8f87a649ab7464cb9e60a
캐시 장신구,새내기핑크볼터치,feb114526df8bed5539379e63e9008e80e79cc9401b8f87a649ab7464cb9e60a
무기,암혈홍접선,5c2cc53b0f14da3dc8beb65ba6128736fcccd9064e685f59e388e00983ec5e3d
갑옷,고대마령연갑10성,5c2cc53b0f14da3dc8beb65ba6128736fcccd9064e685f59e388e00983ec5e3d
방패/보조무기,고대마령의단검6성,5c2cc53b0f14da3dc8beb65ba6128736fcccd9064e685f59e388e00983ec5e3d
투구,고대마령모자10성,5c2cc53b0f14da3dc8beb65ba6128736fcccd9064e685f59e388e00983ec5e3d
왼손,패자황금선류,5c2cc53b0f14da3dc8beb65ba6128736fcccd9064e685f59e388e00983ec5e3d
오른손,고대마령의장갑'월10성,5c2cc53b0f14da3dc8beb65ba6128736fcccd9064e685f59e388e00983ec5e3d
보조1,마사의귀목,5c2cc53b0f14da3dc8beb65ba6128736fcccd9064e685f59e388e00983ec5e3d
보조2,빛나는마사의귀목,5c2cc53b0f14da3dc8beb65ba6128736fcccd9064e685f59e388e00983ec5e3d
얼굴장식,조사장의가면,5c2cc53b0f14da3dc8beb65ba6128736fcccd9064e685f59e388e00983ec5e3d
캐시 투구,무스키탈,5c2cc53b0f14da3dc8beb65ba6128736fcccd9064e685f59e388e00983ec5e3d
망토,암흑망토(손상),5c2cc53b0f14da3dc8beb65ba6128736fcccd9064e685f59e388e00983ec5e3d
캐시 겉옷,무스키의상,5c2cc53b0f14da3dc8beb65ba6128736fcccd9064e685f59e388e00983ec5e3d
신발,고대마령의군화'흑8성,5c2cc53b0f14da3dc8beb65ba6128736fcccd9064e685f59e388e00983ec5e3d
목/어깨장식,고대마령의목걸이8성,5c2cc53b0f14da3dc8beb65ba6128736fcccd9064e685f59e388e00983ec5e3d
캐시 무기,,5c2cc53b0f14da3dc8beb65ba6128736fcccd9064e685f59e388e00983ec5e3d
캐시 방패/보조무기,무스키가방,5c2cc53b0f14da3dc8beb65ba6128736fcccd9064e685f59e388e00983ec5e3d
캐시 얼굴장식,[30주년]넥슨히어로하트,5c2cc53b0f14da3dc8beb65ba6128736fcccd9064e685f59e388e00983ec5e3d
캐시 망토,무스키발바닥,5c2cc53b0f14da3dc8beb65ba6128736fcccd9064e685f59e388e00983ec5e3d
캐시 신발,무스키바숑바숑,5c2cc53b0f14da3dc8beb65ba6128736fcccd9064e685f59e388e00983ec5e3d
캐시 목/어깨장식,,5c2cc53b0f14da3dc8beb65ba6128736fcccd9064e685f59e388e00983ec5e3d
세트옷,[괴수의상]아이라바타1성,5c2cc53b0f14da3dc8beb65ba6128736fcccd9064e685f59e388e00983ec5e3d
캐시 세트옷,[구]망또No02,5c2cc53b0f14da3dc8beb65ba6128736fcccd9064e685f59e388e00983ec5e3d
장신구,붉은토끼풀노리개1성,5c2cc53b0f14da3dc8beb65ba6128736fcccd9064e685f59e388e00983ec5e3d
캐시 장신구,무스키스카프,5c2cc53b0f14da3dc8beb65ba6128736fcccd9064e685f59e388e00983ec5e3d
무기,용겸제십봉,596678027f419047a755f3f081e397d91eefbdd844c163af62d709c2bee9e22a
갑옷,패자황금갑주,596678027f419047a755f3f081e397d91eefbdd844c163af62d709c2bee9e22a
방패/보조무기,,596678027f419047a755f3f081e397d91eefbdd844c163af62d709c2bee9e22a
투구,패자의왕관,596678027f419047a755f3f081e397d91eefbdd844c163af62d709c2bee9e22a
왼손,[상급]봉래산반지,596678027f419047a755f3f081e397d91eefbdd844c163af62d709c2bee9e22a
오른손,[상급]봉래산반지,596678027f419047a755f3f081e397d91eefbdd844c163af62d709c2bee9e22a
보조1,마사의귀목,596678027f419047a755f3f081e397d91eefbdd844c163af62d709c2bee9e22a
보조2,마령의노리개'월10성,596678027f419047a755f3f081e397d91eefbdd844c163af62d709c2bee9e22a
얼굴장식,찬란한시바의시선,596678027f419047a755f3f081e397d91eefbdd844c163af62d709c2bee9e22a
캐시 투구,황금가마솥토끼귀,596678027f419047a755f3f081e397d91eefbdd844c163af62d709c2bee9e22a
망토,용성신부'겸8성,596678027f419047a755f3f081e397d91eefbdd844c163af62d709c2bee9e22a
캐시 겉옷,[20주년]정장No02,596678027f419047a755f3f081e397d91eefbdd844c163af62d709c2bee9e22a
신발,사령웅의앞발,596678027f419047a755f3f081e397d91eefbdd844c163af62d709c2bee9e22a
목/어깨장식,고대마령의목걸이8성,596678027f419047a755f3f081e397d91eefbdd844c163af62d709c2bee9e22a
캐시 무기,GM해골죽장,596678027f419047a755f3f081e397d91eefbdd844c163af62d709c2bee9e22a
캐시 방패/보조무기,웨딩비둘기,596678027f419047a755f3f081e397d91eefbdd844c163af62d709c2bee9e22a
캐시 얼굴장식,[30주년]넥슨히어로하트,596678027f419047a755f3f081e397d91eefbdd844c163af62d709c2bee9e22a
캐시 망토,반짝반짝No01,596678027f419047a755f3f081e397d91eefbdd844c163af62d709c2bee9e22a
캐시 신발,새내기SNS필터,596678027f419047a755f3f081e397d91eefbdd844c163af62d709c2bee9e22a
캐시 목/어깨장식,바닷바람따뜻한하트,596678027f419047a755f3f081e397d91eefbdd844c163af62d709c2bee9e22a
세트옷,꺄꺄,596678027f419047a755f3f081e397d91eefbdd844c163af62d709c2bee9e22a
캐시 세트옷,,596678027f419047a755f3f081e397d91eefbdd844c163af62d709c2bee9e22a
장신구,붉은토끼풀노리개2성,596678027f419047a755f3f081e397d91eefbdd844c163af62d709c2bee9e22a
캐시 장신구,새내기핑크볼터치,596678027f419047a755f3f081e397d91eefbdd844c163af62d709c2bee9e22a
무기,용겸제십봉,a25ee972d6dc799d60aca723b7cd55aa5c3ecc542fb219a7235374e77497e774
갑옷,용겸멸아의8성,a25ee972d6dc799d60aca723b7cd55aa5c3ecc542fb219a7235374e77497e774
방패/보조무기,,a25ee972d6dc799d60aca723b7cd55aa5c3ecc542fb219a7235374e77497e774
투구,용아천관'겸8성,a25ee972d6dc799d60aca723b7cd55aa5c3ecc542fb219a7235374e77497e774
왼손,패자황금선류,a25ee972d6dc799d60aca723b7cd55aa5c3ecc542fb219a7235374e77497e774
오른손,패자황금선류,a25ee972d6dc799d60aca723b7cd55aa5c3ecc542fb219a7235374e77497e774
보조1,마령의노리개'월10성,a25ee972d6dc799d60aca723b7cd55aa5c3ecc542fb219a7235374e77497e774
보조2,찬란한아그니의적영,a25ee972d6dc799d60aca723b7cd55aa5c3ecc542fb219a7235374e77497e774
얼굴장식,빛나는조사장의가면,a25ee972d6dc799d60aca723b7cd55aa5c3ecc542fb219a7235374e77497e774
캐시 투구,바닐라봉봉소녀헤어No01,a25ee972d6dc799d60aca723b7cd55aa5c3ecc542fb219a7235374e77497e774
망토,용성신부'겸8성,a25ee972d6dc799d60aca723b7cd55aa5c3ecc542fb219a7235374e77497e774
캐시 겉옷,얼음요정의상(여),a25ee972d6dc799d60aca723b7cd55aa5c3ecc542fb219a7235374e77497e774
신발,고대마령의군화'월8성,a25ee972d6dc799d60aca723b7cd55aa5c3ecc542fb219a7235374e77497e774
목/어깨장식,고대마령의목걸이8성,a25ee972d6dc799d60aca723b7cd55aa5c3ecc542fb219a7235374e77497e774
캐시 무기,,a25ee972d6dc799d60aca723b7cd55aa5c3ecc542fb219a7235374e77497e774
캐시 방패/보조무기,유리염주,a25ee972d6dc799d60aca723b7cd55aa5c3ecc542fb219a7235374e77497e774
캐시 얼굴장식,동화나라라운드안경No01,a25ee972d6dc799d60aca723b7cd55aa5c3ecc542fb219a7235374e77497e774
캐시 망토,흩날리는낙엽No02,a25ee972d6dc799d60aca723b7cd55aa5c3ecc542fb219a7235374e77497e774
캐시 신발,겨울반딧불,a25ee972d6dc799d60aca723b7cd55aa5c3ecc542fb219a7235374e77497e774
캐시 목/어깨장식,레이스스카프No03,a25ee972d6dc799d60aca723b7cd55aa5c3ecc542fb219a7235374e77497e774
세트옷,[괴수의상]아그니1성,a25ee972d6dc799d60aca723b7cd55aa5c3ecc542fb219a7235374e77497e774
캐시 세트옷,고대토실토끼신수의상,a25ee972d6dc799d60aca723b7cd55aa5c3ecc542fb219a7235374e77497e774
장신구,붉은토끼풀노리개1성,a25ee972d6dc799d60aca723b7cd55aa5c3ecc542fb219a7235374e77497e774
캐시 장신구,멍멍귀No01,a25ee972d6dc799d60aca723b7cd55aa5c3ecc542fb219a7235374e77497e774
무기,용겸제십봉,a25ee972d6dc799d60aca723b7cd55aa40dfe1fc3fe776e5c25eb5fc4a8db3b8
갑옷,용겸멸아의8성,a25ee972d6dc799d60aca723b7cd55aa40dfe1fc3fe776e5c25eb5fc4a8db3b8
방패/보조무기,,a25ee972d6dc799d60aca723b7cd55aa40dfe1fc3fe776e5c25eb5fc4a8db3b8
투구,용아천관'겸8성,a25ee972d6dc799d60aca723b7cd55aa40dfe1fc3fe776e5c25eb5fc4a8db3b8
왼손,용비늘흑광노리개9성,a25ee972d6dc799d60aca723b7cd55aa40dfe1fc3fe776e5c25eb5fc4a8db3b8
오른손,금린노리개8성,a25ee972d6dc799d60aca723b7cd55aa40dfe1fc3fe776e5c25eb5fc4a8db3b8
보조1,투명구두,a25ee972d6dc799d60aca723b7cd55aa40dfe1fc3fe776e5c25eb5fc4a8db3b8
보조2,마령의노리개'흑8성,a25ee972d6dc799d60aca723b7cd55aa40dfe1fc3fe776e5c25eb5fc4a8db3b8
얼굴장식,고대마령의표식8성,a25ee972d6dc799d60aca723b7cd55aa40dfe1fc3fe776e5c25eb5fc4a8db3b8
캐시 투구,겨울한교복도령모,a25ee972d6dc799d60aca723b7cd55aa40dfe1fc3fe776e5c25eb5fc4a8db3b8
망토,용성신부'겸8성,a25ee972d6dc799d60aca723b7cd55aa40dfe1fc3fe776e5c25eb5fc4a8db3b8
캐시 겉옷,값진설날교복(여),a25ee972d6dc799d60aca723b7cd55aa40dfe1fc3fe776e5c25eb5fc4a8db3b8
신발,고대마령의군화'월7성,a25ee972d6dc799d60aca723b7cd55aa40dfe1fc3fe776e5c25eb5fc4a8db3b8
목/어깨장식,고대마령의목걸이8성,a25ee972d6dc799d60aca723b7cd55aa40dfe1fc3fe776e5c25eb5fc4a8db3b8
캐시 무기,오래된채굴곡괭이,a25ee972d6dc799d60aca723b7cd55aa40dfe1fc3fe776e5c25eb5fc4a8db3b8
캐시 방패/보조무기,레이닝투명우산No01여,a25ee972d6dc799d60aca723b7cd55aa40dfe1fc3fe776e5c25eb5fc4a8db3b8
캐시 얼굴장식,,a25ee972d6dc799d60aca723b7cd55aa40dfe1fc3fe776e5c25eb5fc4a8db3b8
캐시 망토,값진별의날개,a25ee972d6dc799d60aca723b7cd55aa40dfe1fc3fe776e5c25eb5fc4a8db3b8
캐시 신발,겨울반딧불,a25ee972d6dc799d60aca723b7cd55aa40dfe1fc3fe776e5c25eb5fc4a8db3b8
캐시 목/어깨장식,요정하양목도리,a25ee972d6dc799d60aca723b7cd55aa40dfe1fc3fe776e5c25eb5fc4a8db3b8
세트옷,[괴수의상]아그니1성,a25ee972d6dc799d60aca723b7cd55aa40dfe1fc3fe776e5c25eb5fc4a8db3b8
캐시 세트옷,고대[신수]웨딩드레스No05,a25ee972d6dc799d60aca723b7cd55aa40dfe1fc3fe776e5c25eb5fc4a8db3b8
장신구,붉은토끼풀노리개1성,a25ee972d6dc799d60aca723b7cd55aa40dfe1fc3fe776e5c25eb5fc4a8db3b8
캐시 장신구,,a25ee972d6dc799d60aca723b7cd55aa40dfe1fc3fe776e5c25eb5fc4a8db3b8
무기,용주제십도,c44ca73d83989cdc4ebc966a8199c20f6abbe40658bda01f869ace9be98c441f
갑옷,용주파천단8성,c44ca73d83989cdc4ebc966a8199c20f6abbe40658bda01f869ace9be98c441f
방패/보조무기,,c44ca73d83989cdc4ebc966a8199c20f6abbe40658bda01f869ace9be98c441f
투구,용아천관'주9성,c44ca73d83989cdc4ebc966a8199c20f6abbe40658bda01f869ace9be98c441f
왼손,패자황금손목띠,c44ca73d83989cdc4ebc966a8199c20f6abbe40658bda01f869ace9be98c441f
오른손,패자황금손목띠,c44ca73d83989cdc4ebc966a8199c20f6abbe40658bda01f869ace9be98c441f
보조1,빛나는마사의귀목,c44ca73d83989cdc4ebc966a8199c20f6abbe40658bda01f869ace9be98c441f
보조2,빛나는마사의귀목,c44ca73d83989cdc4ebc966a8199c20f6abbe40658bda01f869ace9be98c441f
얼굴장식,고대마령의암막8성,c44ca73d83989cdc4ebc966a8199c20f6abbe40658bda01f869ace9be98c441f
캐시 투구,꽃장식밀짚모자,c44ca73d83989cdc4ebc966a8199c20f6abbe40658bda01f869ace9be98c441f
망토,용성신부'주8성,c44ca73d83989cdc4ebc966a8199c20f6abbe40658bda01f869ace9be98c441f
캐시 겉옷,토끼소년의상No02,c44ca73d83989cdc4ebc966a8199c20f6abbe40658bda01f869ace9be98c441f
신발,고대마령의군화'흑8성,c44ca73d83989cdc4ebc966a8199c20f6abbe40658bda01f869ace9be98c441f
목/어깨장식,고대마령의목걸이8성,c44ca73d83989cdc4ebc966a8199c20f6abbe40658bda01f869ace9be98c441f
캐시 무기,,c44ca73d83989cdc4ebc966a8199c20f6abbe40658bda01f869ace9be98c441f
캐시 방패/보조무기,발아래까치,c44ca73d83989cdc4ebc966a8199c20f6abbe40658bda01f869ace9be98c441f
캐시 얼굴장식,동화나라라운드안경No01,c44ca73d83989cdc4ebc966a8199c20f6abbe40658bda01f869ace9be98c441f
캐시 망토,분홍꽃잎,c44ca73d83989cdc4ebc966a8199c20f6abbe40658bda01f869ace9be98c441f
캐시 신발,무희방울,c44ca73d83989cdc4ebc966a8199c20f6abbe40658bda01f869ace9be98c441f
캐시 목/어깨장식,선물리본장식(검정),c44ca73d83989cdc4ebc966a8199c20f6abbe40658bda01f869ace9be98c441f
세트옷,[괴수의상]아이라바타1성,c44ca73d83989cdc4ebc966a8199c20f6abbe40658bda01f869ace9be98c441f
캐시 세트옷,,c44ca73d83989cdc4ebc966a8199c20f6abbe40658bda01f869ace9be98c441f
장신구,붉은토끼풀노리개1성,c44ca73d83989cdc4ebc966a8199c20f6abbe40658bda01f869ace9be98c441f
캐시 장신구,,c44ca73d83989cdc4ebc966a8199c20f6abbe40658bda01f869ace9be98c441f
무기,환웅천륜'9각,8d59a110b23173344bc4a927453847555e671b180c40e398dca335e1a29ebb75
갑옷,태광천신신복8성,8d59a110b23173344bc4a927453847555e671b180c40e398dca335e1a29ebb75
방패/보조무기,고대마령의단검7성,8d59a110b23173344bc4a927453847555e671b180c40e398dca335e1a29ebb75
투구,환웅의머릿깃'8성,8d59a110b23173344bc4a927453847555e671b180c40e398dca335e1a29ebb75
왼손,태염반지6성,8d59a110b23173344bc4a927453847555e671b180c40e398dca335e1a29ebb75
오른손,태염반지6성,8d59a110b23173344bc4a927453847555e671b180c40e398dca335e1a29ebb75
보조1,마사의귀목,8d59a110b23173344bc4a927453847555e671b180c40e398dca335e1a29ebb75
보조2,마사의귀목,8d59a110b23173344bc4a927453847555e671b180c40e398dca335e1a29ebb75
얼굴장식,조사장의가면,8d59a110b23173344bc4a927453847555e671b180c40e398dca335e1a29ebb75
캐시 투구,꼬마집요정헤어(여),8d59a110b23173344bc4a927453847555e671b180c40e398dca335e1a29ebb75
망토,무신귀갑주7성,8d59a110b23173344bc4a927453847555e671b180c40e398dca335e1a29ebb75
캐시 겉옷,바람추석한복(여),8d59a110b23173344bc4a927453847555e671b180c40e398dca335e1a29ebb75
신발,바루나의천수,8d59a110b23173344bc4a927453847555e671b180c40e398dca335e1a29ebb75
목/어깨장식,고대마령의목걸이6성,8d59a110b23173344bc4a927453847555e671b180c40e398dca335e1a29ebb75
캐시 무기,한가위애착토끼(흑),8d59a110b23173344bc4a927453847555e671b180c40e398dca335e1a29ebb75
캐시 방패/보조무기,[삼일절]태극수호깃발,8d59a110b23173344bc4a927453847555e671b180c40e398dca335e1a29ebb75
캐시 얼굴장식,,8d59a110b23173344bc4a927453847555e671b180c40e398dca335e1a29ebb75
캐시 망토,노랑요정날개,8d59a110b23173344bc4a927453847555e671b180c40e398dca335e1a29ebb75
캐시 신발,,8d59a110b23173344bc4a927453847555e671b180c40e398dca335e1a29ebb75
캐시 목/어깨장식,요정검은목도리,8d59a110b23173344bc4a927453847555e671b180c40e398dca335e1a29ebb75
세트옷,[괴수의상]아이라바타1성,8d59a110b23173344bc4a927453847555e671b180c40e398dca335e1a29ebb75
캐시 세트옷,,8d59a110b23173344bc4a927453847555e671b180c40e398dca335e1a29ebb75
장신구,파란나비노리개1성,8d59a110b23173344bc4a927453847555e671b180c40e398dca335e1a29ebb75
캐시 장신구,멍멍귀No02,8d59a110b23173344bc4a927453847555e671b180c40e398dca335e1a29ebb75
무기,환웅천륜'9각,043e3e3e398d5121226647f478da416efd50b3c01f2369579b36389cc90e60b4
갑옷,환웅의갑주'9성,043e3e3e398d5121226647f478da416efd50b3c01f2369579b36389cc90e60b4
방패/보조무기,고대마령의단검8성,043e3e3e398d5121226647f478da416efd50b3c01f2369579b36389cc90e60b4
투구,태광천신금잠8성,043e3e3e398d5121226647f478da416efd50b3c01f2369579b36389cc90e60b4
왼손,태염반지7성,043e3e3e398d5121226647f478da416efd50b3c01f2369579b36389cc90e60b4
오른손,태광노리개7성,043e3e3e398d5121226647f478da416efd50b3c01f2369579b36389cc90e60b4
보조1,마사의귀목,043e3e3e398d5121226647f478da416efd50b3c01f2369579b36389cc90e60b4
보조2,마사의귀목,043e3e3e398d5121226647f478da416efd50b3c01f2369579b36389cc90e60b4
얼굴장식,조사장의가면,043e3e3e398d5121226647f478da416efd50b3c01f2369579b36389cc90e60b4
캐시 투구,,043e3e3e398d5121226647f478da416efd50b3c01f2369579b36389cc90e60b4
망토,무신귀갑주7성,043e3e3e398d5121226647f478da416efd50b3c01f2369579b36389cc90e60b4
캐시 겉옷,고귀한청룡한복(남),043e3e3e398d5121226647f478da416efd50b3c01f2369579b36389cc90e60b4
신발,사령웅의앞발,043e3e3e398d5121226647f478da416efd50b3c01f2369579b36389cc90e60b4
목/어깨장식,단조의심단,043e3e3e398d5121226647f478da416efd50b3c01f2369579b36389cc90e60b4
캐시 무기,행운의채굴곡괭이,043e3e3e398d5121226647f478da416efd50b3c01f2369579b36389cc90e60b4
캐시 방패/보조무기,유리염주,043e3e3e398d5121226647f478da416efd50b3c01f2369579b36389cc90e60b4
캐시 얼굴장식,[30주년]넥슨히어로하트,043e3e3e398d5121226647f478da416efd50b3c01f2369579b36389cc90e60b4
캐시 망토,새내기백팩,043e3e3e398d5121226647f478da416efd50b3c01f2369579b36389cc90e60b4
캐시 신발,겨울반딧불,043e3e3e398d5121226647f478da416efd50b3c01f2369579b36389cc90e60b4
캐시 목/어깨장식,웨딩부토니에,043e3e3e398d5121226647f478da416efd50b3c01f2369579b36389cc90e60b4
세트옷,뀨뀨,043e3e3e398d5121226647f478da416efd50b3c01f2369579b36389cc90e60b4
캐시 세트옷,,043e3e3e398d5121226647f478da416efd50b3c01f2369579b36389cc90e60b4
장신구,붉은토끼풀노리개2성,043e3e3e398d5121226647f478da416efd50b3c01f2369579b36389cc90e60b4
캐시 장신구,냥냥귀수염,043e3e3e398d5121226647f478da416efd50b3c01f2369579b36389cc90e60b4
무기,환웅천궁'9각,1b63825735a944cce2af520d167860d16f6e4fa117200fbc95eea9863b0d5f96
갑옷,태광천신신복8성,1b63825735a944cce2af520d167860d16f6e4fa117200fbc95eea9863b0d5f96
방패/보조무기,고대마령의단검7성,1b63825735a944cce2af520d167860d16f6e4fa117200fbc95eea9863b0d5f96
투구,태광천신금잠8성,1b63825735a944cce2af520d167860d16f6e4fa117200fbc95eea9863b0d5f96
왼손,검은불꽃일격반지5성,1b63825735a944cce2af520d167860d16f6e4fa117200fbc95eea9863b0d5f96
오른손,환웅의천수'8성,1b63825735a944cce2af520d167860d16f6e4fa117200fbc95eea9863b0d5f96
보조1,마사의귀목,1b63825735a944cce2af520d167860d16f6e4fa117200fbc95eea9863b0d5f96
보조2,마사의귀목,1b63825735a944cce2af520d167860d16f6e4fa117200fbc95eea9863b0d5f96
얼굴장식,조사장의가면,1b63825735a944cce2af520d167860d16f6e4fa117200fbc95eea9863b0d5f96
캐시 투구,성탄요정헤어(여),1b63825735a944cce2af520d167860d16f6e4fa117200fbc95eea9863b0d5f96
망토,무신귀갑주7성,1b63825735a944cce2af520d167860d16f6e4fa117200fbc95eea9863b0d5f96
캐시 겉옷,토끼소녀의상No01,1b63825735a944cce2af520d167860d16f6e4fa117200fbc95eea9863b0d5f96
신발,사령웅의앞발,1b63825735a944cce2af520d167860d16f6e4fa117200fbc95eea9863b0d5f96
목/어깨장식,고대마령의목걸이6성,1b63825735a944cce2af520d167860d16f6e4fa117200fbc95eea9863b0d5f96
캐시 무기,행운의채굴곡괭이,1b63825735a944cce2af520d167860d16f6e4fa117200fbc95eea9863b0d5f96
캐시 방패/보조무기,별헤는크로스백,1b63825735a944cce2af520d167860d16f6e4fa117200fbc95eea9863b0d5f96
캐시 얼굴장식,,1b63825735a944cce2af520d167860d16f6e4fa117200fbc95eea9863b0d5f96
캐시 망토,메달릴고냥,1b63825735a944cce2af520d167860d16f6e4fa117200fbc95eea9863b0d5f96
캐시 신발,겨울반딧불,1b63825735a944cce2af520d167860d16f6e4fa117200fbc95eea9863b0d5f96
캐시 목/어깨장식,잠옷파티붉은리본,1b63825735a944cce2af520d167860d16f6e4fa117200fbc95eea9863b0d5f96
세트옷,[괴수의상]아그니1성,1b63825735a944cce2af520d167860d16f6e4fa117200fbc95eea9863b0d5f96
캐시 세트옷,,1b63825735a944cce2af520d167860d16f6e4fa117200fbc95eea9863b0d5f96
장신구,쑥비취노리개2성,1b63825735a944cce2af520d167860d16f6e4fa117200fbc95eea9863b0d5f96
캐시 장신구,그림술사목장식(여),1b63825735a944cce2af520d167860d16f6e4fa117200fbc95eea9863b0d5f96
무기,마하데바의검,74cf6bc8afbde92b526b7cd9f509aae1ffb5869b739da64f0b670c680ae4f26d
갑옷,환웅의천의'7성,74cf6bc8afbde92b526b7cd9f509aae1ffb5869b739da64f0b670c680ae4f26d
방패/보조무기,,74cf6bc8afbde92b526b7cd9f509aae1ffb5869b739da64f0b670c680ae4f26d
투구,환웅의천관'7성,74cf6bc8afbde92b526b7cd9f509aae1ffb5869b739da64f0b670c680ae4f26d
왼손,[상급]봉래산반지,74cf6bc8afbde92b526b7cd9f509aae1ffb5869b739da64f0b670c680ae4f26d
오른손,[상급]봉래산반지,74cf6bc8afbde92b526b7cd9f509aae1ffb5869b739da64f0b670c680ae4f26d
보조1,고구려지휘관휘장,74cf6bc8afbde92b526b7cd9f509aae1ffb5869b739da64f0b670c680ae4f26d
보조2,고구려지휘관휘장,74cf6bc8afbde92b526b7cd9f509aae1ffb5869b739da64f0b670c680ae4f26d
얼굴장식,조사장의가면,74cf6bc8afbde92b526b7cd9f509aae1ffb5869b739da64f0b670c680ae4f26d
캐시 투구,꽃장식밀짚모자,74cf6bc8afbde92b526b7cd9f509aae1ffb5869b739da64f0b670c680ae4f26d
망토,암흑망토(손상),74cf6bc8afbde92b526b7cd9f509aae1ffb5869b739da64f0b670c680ae4f26d
캐시 겉옷,[백두]토끼소년의상,74cf6bc8afbde92b526b7cd9f509aae1ffb5869b739da64f0b670c680ae4f26d
신발,사령웅의앞발,74cf6bc8afbde92b526b7cd9f509aae1ffb5869b739da64f0b670c680ae4f26d
목/어깨장식,고대마령의목걸이6성,74cf6bc8afbde92b526b7cd9f509aae1ffb5869b739da64f0b670c680ae4f26d
캐시 무기,지팡이사탕,74cf6bc8afbde92b526b7cd9f509aae1ffb5869b739da64f0b670c680ae4f26d
캐시 방패/보조무기,,74cf6bc8afbde92b526b7cd9f509aae1ffb5869b739da64f0b670c680ae4f26d
캐시 얼굴장식,,74cf6bc8afbde92b526b7cd9f509aae1ffb5869b739da64f0b670c680ae4f26d
캐시 망토,베베천사날개,74cf6bc8afbde92b526b7cd9f509aae1ffb5869b739da64f0b670c680ae4f26d
캐시 신발,,74cf6bc8afbde92b526b7cd9f509aae1ffb5869b739da64f0b670c680ae4f26d
캐시 목/어깨장식,,74cf6bc8afbde92b526b7cd9f509aae1ffb5869b739da64f0b670c680ae4f26d
세트옷,강철의탐,74cf6bc8afbde92b526b7cd9f509aae1ffb5869b739da64f0b670c680ae4f26d
캐시 세트옷,,74cf6bc8afbde92b526b7cd9f509aae1ffb5869b739da64f0b670c680ae4f26d
장신구,붉은토끼풀노리개2성,74cf6bc8afbde92b526b7cd9f509aae1ffb5869b739da64f0b670c680ae4f26d
캐시 장신구,,74cf6bc8afbde92b526b7cd9f509aae1ffb5869b739da64f0b670c680ae4f26d
무기,환웅천궁'9각,5c2991c399496ad191cff0072fea37ffa29e44ff8a61f988a09a6ca43d14fcdc
갑옷,태광천신의복8성,5c2991c399496ad191cff0072fea37ffa29e44ff8a61f988a09a6ca43d14fcdc
방패/보조무기,고대마령의단검6성,5c2991c399496ad191cff0072fea37ffa29e44ff8a61f988a09a6ca43d14fcdc
투구,태광천신금잠7성,5c2991c399496ad191cff0072fea37ffa29e44ff8a61f988a09a6ca43d14fcdc
왼손,태광노리개7성,5c2991c399496ad191cff0072fea37ffa29e44ff8a61f988a09a6ca43d14fcdc
오른손,태광노리개6성,5c2991c399496ad191cff0072fea37ffa29e44ff8a61f988a09a6ca43d14fcdc
보조1,아그니의적영,5c2991c399496ad191cff0072fea37ffa29e44ff8a61f988a09a6ca43d14fcdc
보조2,마사의귀목,5c2991c399496ad191cff0072fea37ffa29e44ff8a61f988a09a6ca43d14fcdc
얼굴장식,조사장의가면,5c2991c399496ad191cff0072fea37ffa29e44ff8a61f988a09a6ca43d14fcdc
캐시 투구,심해왕자모자,5c2991c399496ad191cff0072fea37ffa29e44ff8a61f988a09a6ca43d14fcdc
망토,용성신부'주8성,5c2991c399496ad191cff0072fea37ffa29e44ff8a61f988a09a6ca43d14fcdc
캐시 겉옷,바람추석한복No02(남),5c2991c399496ad191cff0072fea37ffa29e44ff8a61f988a09a6ca43d14fcdc
신발,고대마령의군화'흑6성,5c2991c399496ad191cff0072fea37ffa29e44ff8a61f988a09a6ca43d14fcdc
목/어깨장식,고대마령의목걸이6성,5c2991c399496ad191cff0072fea37ffa29e44ff8a61f988a09a6ca43d14fcdc
캐시 무기,팽이채No02,5c2991c399496ad191cff0072fea37ffa29e44ff8a61f988a09a6ca43d14fcdc
캐시 방패/보조무기,웨딩비둘기,5c2991c399496ad191cff0072fea37ffa29e44ff8a61f988a09a6ca43d14fcdc
캐시 얼굴장식,눈장식:꺄핫,5c2991c399496ad191cff0072fea37ffa29e44ff8a61f988a09a6ca43d14fcdc
캐시 망토,흩날리는낙엽No02,5c2991c399496ad191cff0072fea37ffa29e44ff8a61f988a09a6ca43d14fcdc
캐시 신발,흩뿌려진꽃잎No01,5c2991c399496ad191cff0072fea37ffa29e44ff8a61f988a09a6ca43d14fcdc
캐시 목/어깨장식,웨딩부토니에,5c2991c399496ad191cff0072fea37ffa29e44ff8a61f988a09a6ca43d14fcdc
세트옷,[괴수의상]아이라바타1성,5c2991c399496ad191cff0072fea37ffa29e44ff8a61f988a09a6ca43d14fcdc
캐시 세트옷,,5c2991c399496ad191cff0072fea37ffa29e44ff8a61f988a09a6ca43d14fcdc
장신구,봉황삼작금노리개1성,5c2991c399496ad191cff0072fea37ffa29e44ff8a61f988a09a6ca43d14fcdc
캐시 장신구,바린족얼굴무늬No01,5c2991c399496ad191cff0072fea37ffa29e44ff8a61f988a09a6ca43d14fcdc
무기,용주제십도,0856162f7f3d479ea713c5963b2d084ee82a7b0fedc3bf3abe5ccebce1d2c04b
,,0856162f7f3d479ea713c5963b2d084ee82a7b0fedc3bf3abe5ccebce1d2c04b
방패/보조무기,,0856162f7f3d479ea713c5963b2d084ee82a7b0fedc3bf3abe5ccebce1d2c04b
투구,고대마령투구10성,0856162f7f3d479ea713c5963b2d084ee82a7b0fedc3bf3abe5ccebce1d2c04b
왼손,패자황금손목띠,0856162f7f3d479ea713c5963b2d084ee82a7b0fedc3bf3abe5ccebce1d2c04b
오른손,패자황금손목띠,0856162f7f3d479ea713c5963b2d084ee82a7b0fedc3bf3abe5ccebce1d2c04b
,,0856162f7f3d479ea713c5963b2d084ee82a7b0fedc3bf3abe5ccebce1d2c04b
보조2,마령의노리개'흑10성,0856162f7f3d479ea713c5963b2d084ee82a7b0fedc3bf3abe5ccebce1d2c04b
얼굴장식,찬란한시바의시선,0856162f7f3d479ea713c5963b2d084ee82a7b0fedc3bf3abe5ccebce1d2c04b
캐시 투구,새내기볼캡,0856162f7f3d479ea713c5963b2d084ee82a7b0fedc3bf3abe5ccebce1d2c04b
망토,고대마령의칼날10성,0856162f7f3d479ea713c5963b2d084ee82a7b0fedc3bf3abe5ccebce1d2c04b
캐시 겉옷,베이직레드군복,0856162f7f3d479ea713c5963b2d084ee82a7b0fedc3bf3abe5ccebce1d2c04b
신발,고대마령의군화'흑8성,0856162f7f3d479ea713c5963b2d084ee82a7b0fedc3bf3abe5ccebce1d2c04b
목/어깨장식,고대마령의목걸이8성,0856162f7f3d479ea713c5963b2d084ee82a7b0fedc3bf3abe5ccebce1d2c04b
캐시 무기,SG-870.v2,0856162f7f3d479ea713c5963b2d084ee82a7b0fedc3bf3abe5ccebce1d2c04b
캐시 방패/보조무기,스트릿캐주얼백팩,0856162f7f3d479ea713c5963b2d084ee82a7b0fedc3bf3abe5ccebce1d2c04b
캐시 얼굴장식,걸선글라스No03,0856162f7f3d479ea713c5963b2d084ee82a7b0fedc3bf3abe5ccebce1d2c04b
캐시 망토,나이트워커홀스터,0856162f7f3d479ea713c5963b2d084ee82a7b0fedc3bf3abe5ccebce1d2c04b
캐시 신발,유성우,0856162f7f3d479ea713c5963b2d084ee82a7b0fedc3bf3abe5ccebce1d2c04b
캐시 목/어깨장식,스트릿캐주얼사각목걸이,0856162f7f3d479ea713c5963b2d084ee82a7b0fedc3bf3abe5ccebce1d2c04b
세트옷,[괴수의상]아그니1성,0856162f7f3d479ea713c5963b2d084ee82a7b0fedc3bf3abe5ccebce1d2c04b
캐시 세트옷,고대[신수]황룡神,0856162f7f3d479ea713c5963b2d084ee82a7b0fedc3bf3abe5ccebce1d2c04b
장신구,붉은토끼풀노리개1성,0856162f7f3d479ea713c5963b2d084ee82a7b0fedc3bf3abe5ccebce1d2c04b
캐시 장신구,게이밍감성헤드셋,0856162f7f3d479ea713c5963b2d084ee82a7b0fedc3bf3abe5ccebce1d2c04b
무기,귀문진혼도,791123d2b42248b67e374cabf70a1c26fd7680b4d9700c85a3d0af304c194af8
갑옷,환웅의천의'9성,791123d2b42248b67e374cabf70a1c26fd7680b4d9700c85a3d0af304c194af8
방패/보조무기,고대마령의단검7성,791123d2b42248b67e374cabf70a1c26fd7680b4d9700c85a3d0af304c194af8
투구,환웅의천관'9성,791123d2b42248b67e374cabf70a1c26fd7680b4d9700c85a3d0af304c194af8
왼손,[패스]백기린팔찌,791123d2b42248b67e374cabf70a1c26fd7680b4d9700c85a3d0af304c194af8
오른손,[패스]백기린팔찌,791123d2b42248b67e374cabf70a1c26fd7680b4d9700c85a3d0af304c194af8
보조1,마사의귀목,791123d2b42248b67e374cabf70a1c26fd7680b4d9700c85a3d0af304c194af8
보조2,마사의귀목,791123d2b42248b67e374cabf70a1c26fd7680b4d9700c85a3d0af304c194af8
얼굴장식,고대마령의암막6성,791123d2b42248b67e374cabf70a1c26fd7680b4d9700c85a3d0af304c194af8
캐시 투구,환계나무꾼두각,791123d2b42248b67e374cabf70a1c26fd7680b4d9700c85a3d0af304c194af8
망토,용성신부'주9성,791123d2b42248b67e374cabf70a1c26fd7680b4d9700c85a3d0af304c194af8
캐시 겉옷,환계나무꾼의복,791123d2b42248b67e374cabf70a1c26fd7680b4d9700c85a3d0af304c194af8
신발,고대마령의군화'흑6성,791123d2b42248b67e374cabf70a1c26fd7680b4d9700c85a3d0af304c194af8
목/어깨장식,고대마령의목걸이7성,791123d2b42248b67e374cabf70a1c26fd7680b4d9700c85a3d0af304c194af8
캐시 무기,,791123d2b42248b67e374cabf70a1c26fd7680b4d9700c85a3d0af304c194af8
캐시 방패/보조무기,레이닝투명우산No01남,791123d2b42248b67e374cabf70a1c26fd7680b4d9700c85a3d0af304c194af8
캐시 얼굴장식,,791123d2b42248b67e374cabf70a1c26fd7680b4d9700c85a3d0af304c194af8
캐시 망토,환계나비정령,791123d2b42248b67e374cabf70a1c26fd7680b4d9700c85a3d0af304c194af8
캐시 신발,신이난초코No01,791123d2b42248b67e374cabf70a1c26fd7680b4d9700c85a3d0af304c194af8
캐시 목/어깨장식,,791123d2b42248b67e374cabf70a1c26fd7680b4d9700c85a3d0af304c194af8
세트옷,도깨비탐,791123d2b42248b67e374cabf70a1c26fd7680b4d9700c85a3d0af304c194af8
캐시 세트옷,삐약삐약뼝아리,791123d2b42248b67e374cabf70a1c26fd7680b4d9700c85a3d0af304c194af8
장신구,붉은토끼풀노리개1성,791123d2b42248b67e374cabf70a1c26fd7680b4d9700c85a3d0af304c194af8
캐시 장신구,발바닥풍선장신구,791123d2b42248b67e374cabf70a1c26fd7680b4d9700c85a3d0af304c194af8
무기,단단한곡괭이,6d88d6c05d76e4dc4b6b1a6732a2f8632b3457749b4314577dab1a99b82c8ca9
갑옷,,6d88d6c05d76e4dc4b6b1a6732a2f8632b3457749b4314577dab1a99b82c8ca9
방패/보조무기,,6d88d6c05d76e4dc4b6b1a6732a2f8632b3457749b4314577dab1a99b82c8ca9
투구,,6d88d6c05d76e4dc4b6b1a6732a2f8632b3457749b4314577dab1a99b82c8ca9
왼손,환웅의장갑'8성,6d88d6c05d76e4dc4b6b1a6732a2f8632b3457749b4314577dab1a99b82c8ca9
오른손,환웅의장갑'7성,6d88d6c05d76e4dc4b6b1a6732a2f8632b3457749b4314577dab1a99b82c8ca9
보조1,마사의귀목,6d88d6c05d76e4dc4b6b1a6732a2f8632b3457749b4314577dab1a99b82c8ca9
보조2,마사의귀목,6d88d6c05d76e4dc4b6b1a6732a2f8632b3457749b4314577dab1a99b82c8ca9
얼굴장식,조사장의가면,6d88d6c05d76e4dc4b6b1a6732a2f8632b3457749b4314577dab1a99b82c8ca9
캐시 투구,히피썸머헤어No01남,6d88d6c05d76e4dc4b6b1a6732a2f8632b3457749b4314577dab1a99b82c8ca9
망토,용성신부'주8성,6d88d6c05d76e4dc4b6b1a6732a2f8632b3457749b4314577dab1a99b82c8ca9
캐시 겉옷,고귀한청룡한복(남),6d88d6c05d76e4dc4b6b1a6732a2f8632b3457749b4314577dab1a99b82c8ca9
신발,빛나는사령웅의앞발,6d88d6c05d76e4dc4b6b1a6732a2f8632b3457749b4314577dab1a99b82c8ca9
목/어깨장식,진'흉수의인장,6d88d6c05d76e4dc4b6b1a6732a2f8632b3457749b4314577dab1a99b82c8ca9
캐시 무기,빗물요정물방울,6d88d6c05d76e4dc4b6b1a6732a2f8632b3457749b4314577dab1a99b82c8ca9
캐시 방패/보조무기,복숭아사탕낚시대,6d88d6c05d76e4dc4b6b1a6732a2f8632b3457749b4314577dab1a99b82c8ca9
캐시 얼굴장식,눈장식:칼라렌즈(밤하늘),6d88d6c05d76e4dc4b6b1a6732a2f8632b3457749b4314577dab1a99b82c8ca9
캐시 망토,벚꽃장식No03,6d88d6c05d76e4dc4b6b1a6732a2f8632b3457749b4314577dab1a99b82c8ca9
캐시 신발,바람정장구두,6d88d6c05d76e4dc4b6b1a6732a2f8632b3457749b4314577dab1a99b82c8ca9
캐시 목/어깨장식,,6d88d6c05d76e4dc4b6b1a6732a2f8632b3457749b4314577dab1a99b82c8ca9
세트옷,도깨비탐,6d88d6c05d76e4dc4b6b1a6732a2f8632b3457749b4314577dab1a99b82c8ca9
캐시 세트옷,[구]망또No07,6d88d6c05d76e4dc4b6b1a6732a2f8632b3457749b4314577dab1a99b82c8ca9
장신구,붉은토끼풀노리개1성,6d88d6c05d76e4dc4b6b1a6732a2f8632b3457749b4314577dab1a99b82c8ca9
캐시 장신구,자몽볼터치,6d88d6c05d76e4dc4b6b1a6732a2f8632b3457749b4314577dab1a99b82c8ca9
무기,진'마하데바의검,33180baeb5e32822f8514877da88954c86e68d4012202d0434d05f81868f68e3
갑옷,환웅의통옷'8성,33180baeb5e32822f8514877da88954c86e68d4012202d0434d05f81868f68e3
방패/보조무기,고대마령의단검6성,33180baeb5e32822f8514877da88954c86e68d4012202d0434d05f81868f68e3
투구,환웅의천관'8성,33180baeb5e32822f8514877da88954c86e68d4012202d0434d05f81868f68e3
왼손,태염반지6성,33180baeb5e32822f8514877da88954c86e68d4012202d0434d05f81868f68e3
오른손,금린반지6성,33180baeb5e32822f8514877da88954c86e68d4012202d0434d05f81868f68e3
보조1,마령의노리개'월6성,33180baeb5e32822f8514877da88954c86e68d4012202d0434d05f81868f68e3
보조2,마사의귀목,33180baeb5e32822f8514877da88954c86e68d4012202d0434d05f81868f68e3
얼굴장식,시바의시선,33180baeb5e32822f8514877da88954c86e68d4012202d0434d05f81868f68e3
캐시 투구,할로윈유리왕관,33180baeb5e32822f8514877da88954c86e68d4012202d0434d05f81868f68e3
망토,무신귀갑주7성,33180baeb5e32822f8514877da88954c86e68d4012202d0434d05f81868f68e3
캐시 겉옷,인어공주의상,33180baeb5e32822f8514877da88954c86e68d4012202d0434d05f81868f68e3
신발,사령웅의앞발,33180baeb5e32822f8514877da88954c86e68d4012202d0434d05f81868f68e3
목/어깨장식,고대마령의목걸이6성,33180baeb5e32822f8514877da88954c86e68d4012202d0434d05f81868f68e3
캐시 무기,,33180baeb5e32822f8514877da88954c86e68d4012202d0434d05f81868f68e3
캐시 방패/보조무기,양양이No01,33180baeb5e32822f8514877da88954c86e68d4012202d0434d05f81868f68e3
캐시 얼굴장식,,33180baeb5e32822f8514877da88954c86e68d4012202d0434d05f81868f68e3
캐시 망토,블러썸레이스No01,33180baeb5e32822f8514877da88954c86e68d4012202d0434d05f81868f68e3
캐시 신발,한가위토깽의달,33180baeb5e32822f8514877da88954c86e68d4012202d0434d05f81868f68e3
캐시 목/어깨장식,,33180baeb5e32822f8514877da88954c86e68d4012202d0434d05f81868f68e3
세트옷,전우치분신,33180baeb5e32822f8514877da88954c86e68d4012202d0434d05f81868f68e3
캐시 세트옷,,33180baeb5e32822f8514877da88954c86e68d4012202d0434d05f81868f68e3
장신구,자수원앙노리개1성,33180baeb5e32822f8514877da88954c86e68d4012202d0434d05f81868f68e3
캐시 장신구,찍찍이No01,33180baeb5e32822f8514877da88954c86e68d4012202d0434d05f81868f68e3
무기,용화제십단봉,a25ee972d6dc799d60aca723b7cd55aa617d15548ffb9d6daf20631cef72f269
,,a25ee972d6dc799d60aca723b7cd55aa617d15548ffb9d6daf20631cef72f269
방패/보조무기,고대마령의주술서8성,a25ee972d6dc799d60aca723b7cd55aa617d15548ffb9d6daf20631cef72f269
투구,고대마령투구10성,a25ee972d6dc799d60aca723b7cd55aa617d15548ffb9d6daf20631cef72f269
왼손,패자황금토시,a25ee972d6dc799d60aca723b7cd55aa617d15548ffb9d6daf20631cef72f269
오른손,패자황금토시,a25ee972d6dc799d60aca723b7cd55aa617d15548ffb9d6daf20631cef72f269
,,a25ee972d6dc799d60aca723b7cd55aa617d15548ffb9d6daf20631cef72f269
보조2,빛나는마사의귀목,a25ee972d6dc799d60aca723b7cd55aa617d15548ffb9d6daf20631cef72f269
얼굴장식,시바의시선,a25ee972d6dc799d60aca723b7cd55aa617d15548ffb9d6daf20631cef72f269
캐시 투구,포립No02,a25ee972d6dc799d60aca723b7cd55aa617d15548ffb9d6daf20631cef72f269
망토,무신귀갑주8성,a25ee972d6dc799d60aca723b7cd55aa617d15548ffb9d6daf20631cef72f269
캐시 겉옷,고귀한청룡한복(남),a25ee972d6dc799d60aca723b7cd55aa617d15548ffb9d6daf20631cef72f269
신발,고대마령의군화'흑8성,a25ee972d6dc799d60aca723b7cd55aa617d15548ffb9d6daf20631cef72f269
목/어깨장식,고대마령의목걸이9성,a25ee972d6dc799d60aca723b7cd55aa617d15548ffb9d6daf20631cef72f269
캐시 무기,[왕좌]바람장미,a25ee972d6dc799d60aca723b7cd55aa617d15548ffb9d6daf20631cef72f269
캐시 방패/보조무기,유리염주,a25ee972d6dc799d60aca723b7cd55aa617d15548ffb9d6daf20631cef72f269
캐시 얼굴장식,,a25ee972d6dc799d60aca723b7cd55aa617d15548ffb9d6daf20631cef72f269
캐시 망토,벚꽃장식No02,a25ee972d6dc799d60aca723b7cd55aa617d15548ffb9d6daf20631cef72f269
캐시 신발,토끼발자국No01,a25ee972d6dc799d60aca723b7cd55aa617d15548ffb9d6daf20631cef72f269
캐시 목/어깨장식,,a25ee972d6dc799d60aca723b7cd55aa617d15548ffb9d6daf20631cef72f269
세트옷,[괴수의상]바루나1성,a25ee972d6dc799d60aca723b7cd55aa617d15548ffb9d6daf20631cef72f269
캐시 세트옷,고대미라정령신수의상,a25ee972d6dc799d60aca723b7cd55aa617d15548ffb9d6daf20631cef72f269
장신구,붉은토끼풀노리개1성,a25ee972d6dc799d60aca723b7cd55aa617d15548ffb9d6daf20631cef72f269
캐시 장신구,바린족얼굴무늬No01,a25ee972d6dc799d60aca723b7cd55aa617d15548ffb9d6daf20631cef72f269
무기,고대마령의적혈단봉9성,6cc469afde70c5e4cc2f3b6df733209c66329b49496c7b2a50ffc35ca763e1e7
갑옷,환웅의답호'9성,6cc469afde70c5e4cc2f3b6df733209c66329b49496c7b2a50ffc35ca763e1e7
방패/보조무기,고대마령의단검7성,6cc469afde70c5e4cc2f3b6df733209c66329b49496c7b2a50ffc35ca763e1e7
투구,환웅의화관'9성,6cc469afde70c5e4cc2f3b6df733209c66329b49496c7b2a50ffc35ca763e1e7
왼손,[상급]봉래산반지,6cc469afde70c5e4cc2f3b6df733209c66329b49496c7b2a50ffc35ca763e1e7
오른손,태광노리개8성,6cc469afde70c5e4cc2f3b6df733209c66329b49496c7b2a50ffc35ca763e1e7
보조1,마사의귀목,6cc469afde70c5e4cc2f3b6df733209c66329b49496c7b2a50ffc35ca763e1e7
보조2,낡은마사의귀목,6cc469afde70c5e4cc2f3b6df733209c66329b49496c7b2a50ffc35ca763e1e7
얼굴장식,조사장의가면,6cc469afde70c5e4cc2f3b6df733209c66329b49496c7b2a50ffc35ca763e1e7
캐시 투구,꽃을든여친헤어No01,6cc469afde70c5e4cc2f3b6df733209c66329b49496c7b2a50ffc35ca763e1e7
망토,무신귀갑주7성,6cc469afde70c5e4cc2f3b6df733209c66329b49496c7b2a50ffc35ca763e1e7
캐시 겉옷,애니멀펑크교복(여),6cc469afde70c5e4cc2f3b6df733209c66329b49496c7b2a50ffc35ca763e1e7
신발,사령웅의앞발,6cc469afde70c5e4cc2f3b6df733209c66329b49496c7b2a50ffc35ca763e1e7
목/어깨장식,단조의심단,6cc469afde70c5e4cc2f3b6df733209c66329b49496c7b2a50ffc35ca763e1e7
캐시 무기,행운의채굴곡괭이,6cc469afde70c5e4cc2f3b6df733209c66329b49496c7b2a50ffc35ca763e1e7
캐시 방패/보조무기,,6cc469afde70c5e4cc2f3b6df733209c66329b49496c7b2a50ffc35ca763e1e7
캐시 얼굴장식,,6cc469afde70c5e4cc2f3b6df733209c66329b49496c7b2a50ffc35ca763e1e7
캐시 망토,,6cc469afde70c5e4cc2f3b6df733209c66329b49496c7b2a50ffc35ca763e1e7
캐시 신발,한가위토깽의달,6cc469afde70c5e4cc2f3b6df733209c66329b49496c7b2a50ffc35ca763e1e7
캐시 목/어깨장식,들꽃나그네노리개,6cc469afde70c5e4cc2f3b6df733209c66329b49496c7b2a50ffc35ca763e1e7
세트옷,[괴수의상]바루나3성,6cc469afde70c5e4cc2f3b6df733209c66329b49496c7b2a50ffc35ca763e1e7
캐시 세트옷,잔인한적혈광마,6cc469afde70c5e4cc2f3b6df733209c66329b49496c7b2a50ffc35ca763e1e7
장신구,붉은토끼풀노리개1성,6cc469afde70c5e4cc2f3b6df733209c66329b49496c7b2a50ffc35ca763e1e7
캐시 장신구,새내기사각뿔테,6cc469afde70c5e4cc2f3b6df733209c66329b49496c7b2a50ffc35ca763e1e7
무기,용화제십단봉,a25ee972d6dc799d60aca723b7cd55aa80b92a87dda9099ba4f633130ae161f6
갑옷,고대마령갑주10성,a25ee972d6dc799d60aca723b7cd55aa80b92a87dda9099ba4f633130ae161f6
방패/보조무기,고대마령의단검6성,a25ee972d6dc799d60aca723b7cd55aa80b92a87dda9099ba4f633130ae161f6
투구,태광천신금잠7성,a25ee972d6dc799d60aca723b7cd55aa80b92a87dda9099ba4f633130ae161f6
왼손,태광노리개6성,a25ee972d6dc799d60aca723b7cd55aa80b92a87dda9099ba4f633130ae161f6
오른손,금린노리개8성,a25ee972d6dc799d60aca723b7cd55aa80b92a87dda9099ba4f633130ae161f6
보조1,마령의노리개'흑8성,a25ee972d6dc799d60aca723b7cd55aa80b92a87dda9099ba4f633130ae161f6
보조2,마사의귀목,a25ee972d6dc799d60aca723b7cd55aa80b92a87dda9099ba4f633130ae161f6
얼굴장식,조사장의가면,a25ee972d6dc799d60aca723b7cd55aa80b92a87dda9099ba4f633130ae161f6
캐시 투구,,a25ee972d6dc799d60aca723b7cd55aa80b92a87dda9099ba4f633130ae161f6
망토,무신귀갑주8성,a25ee972d6dc799d60aca723b7cd55aa80b92a87dda9099ba4f633130ae161f6
캐시 겉옷,스트릿캐주얼의상(남),a25ee972d6dc799d60aca723b7cd55aa80b92a87dda9099ba4f633130ae161f6
신발,사령웅의앞발,a25ee972d6dc799d60aca723b7cd55aa80b92a87dda9099ba4f633130ae161f6
목/어깨장식,고대마령의목걸이8성,a25ee972d6dc799d60aca723b7cd55aa80b92a87dda9099ba4f633130ae161f6
캐시 무기,행운의채굴곡괭이,a25ee972d6dc799d60aca723b7cd55aa80b92a87dda9099ba4f633130ae161f6
캐시 방패/보조무기,문방구옥구슬,a25ee972d6dc799d60aca723b7cd55aa80b92a87dda9099ba4f633130ae161f6
캐시 얼굴장식,,a25ee972d6dc799d60aca723b7cd55aa80b92a87dda9099ba4f633130ae161f6
캐시 망토,꾸릉꾸릉먹구름,a25ee972d6dc799d60aca723b7cd55aa80b92a87dda9099ba4f633130ae161f6
캐시 신발,바람정장구두,a25ee972d6dc799d60aca723b7cd55aa80b92a87dda9099ba4f633130ae161f6
캐시 목/어깨장식,웨딩부토니에,a25ee972d6dc799d60aca723b7cd55aa80b92a87dda9099ba4f633130ae161f6
세트옷,[괴수의상]아이라바타1성,a25ee972d6dc799d60aca723b7cd55aa80b92a87dda9099ba4f633130ae161f6
캐시 세트옷,[구]웨딩드레스No05,a25ee972d6dc799d60aca723b7cd55aa80b92a87dda9099ba4f633130ae161f6
장신구,,a25ee972d6dc799d60aca723b7cd55aa80b92a87dda9099ba4f633130ae161f6
캐시 장신구,성탄요정리스왕관,a25ee972d6dc799d60aca723b7cd55aa80b92a87dda9099ba4f633130ae161f6
무기,고대마령의적혈단봉9성,144521b5dc51cfe30c785bd55375fdb02046738929c7b24b72468764d9918b1c
갑옷,용화멸아의8성,144521b5dc51cfe30c785bd55375fdb02046738929c7b24b72468764d9918b1c
방패/보조무기,고대마령의단검6성,144521b5dc51cfe30c785bd55375fdb02046738929c7b24b72468764d9918b1c
투구,용아천관'화8성,144521b5dc51cfe30c785bd55375fdb02046738929c7b24b72468764d9918b1c
왼손,환웅의선류'9성,144521b5dc51cfe30c785bd55375fdb02046738929c7b24b72468764d9918b1c
오른손,환웅의토시'9성,144521b5dc51cfe30c785bd55375fdb02046738929c7b24b72468764d9918b1c
보조1,마사의귀목,144521b5dc51cfe30c785bd55375fdb02046738929c7b24b72468764d9918b1c
보조2,마사의귀목,144521b5dc51cfe30c785bd55375fdb02046738929c7b24b72468764d9918b1c
얼굴장식,고대마령의암막6성,144521b5dc51cfe30c785bd55375fdb02046738929c7b24b72468764d9918b1c
캐시 투구,블러썸신부헤어No01,144521b5dc51cfe30c785bd55375fdb02046738929c7b24b72468764d9918b1c
망토,용성신부'화8성,144521b5dc51cfe30c785bd55375fdb02046738929c7b24b72468764d9918b1c
캐시 겉옷,키스미의상No05,144521b5dc51cfe30c785bd55375fdb02046738929c7b24b72468764d9918b1c
신발,사령웅의앞발,144521b5dc51cfe30c785bd55375fdb02046738929c7b24b72468764d9918b1c
목/어깨장식,고대마령의목걸이6성,144521b5dc51cfe30c785bd55375fdb02046738929c7b24b72468764d9918b1c
캐시 무기,,144521b5dc51cfe30c785bd55375fdb02046738929c7b24b72468764d9918b1c
캐시 방패/보조무기,에코백,144521b5dc51cfe30c785bd55375fdb02046738929c7b24b72468764d9918b1c
캐시 얼굴장식,,144521b5dc51cfe30c785bd55375fdb02046738929c7b24b72468764d9918b1c
캐시 망토,[2023]진인의심장,144521b5dc51cfe30c785bd55375fdb02046738929c7b24b72468764d9918b1c
캐시 신발,인어파도,144521b5dc51cfe30c785bd55375fdb02046738929c7b24b72468764d9918b1c
캐시 목/어깨장식,추억의카메라,144521b5dc51cfe30c785bd55375fdb02046738929c7b24b72468764d9918b1c
세트옷,도깨비탐,144521b5dc51cfe30c785bd55375fdb02046738929c7b24b72468764d9918b1c
캐시 세트옷,[구]망또No06,144521b5dc51cfe30c785bd55375fdb02046738929c7b24b72468764d9918b1c
장신구,붉은토끼풀노리개2성,144521b5dc51cfe30c785bd55375fdb02046738929c7b24b72468764d9918b1c
캐시 장신구,새내기사각뿔테,144521b5dc51cfe30c785bd55375fdb02046738929c7b24b72468764d9918b1c
무기,용화제십단봉,997079db45122ccc2fc2e5d4abe576d336fda7d673004e3f0eb3a7ab755e6abd
갑옷,용화멸아의8성,997079db45122ccc2fc2e5d4abe576d336fda7d673004e3f0eb3a7ab755e6abd
방패/보조무기,고대마령의방패6성,997079db45122ccc2fc2e5d4abe576d336fda7d673004e3f0eb3a7ab755e6abd
투구,용아천관'화8성,997079db45122ccc2fc2e5d4abe576d336fda7d673004e3f0eb3a7ab755e6abd
왼손,용뿔흑광노리개9성,997079db45122ccc2fc2e5d4abe576d336fda7d673004e3f0eb3a7ab755e6abd
오른손,용뿔흑광노리개9성,997079db45122ccc2fc2e5d4abe576d336fda7d673004e3f0eb3a7ab755e6abd
보조1,마사의귀목,997079db45122ccc2fc2e5d4abe576d336fda7d673004e3f0eb3a7ab755e6abd
보조2,마사의귀목,997079db45122ccc2fc2e5d4abe576d336fda7d673004e3f0eb3a7ab755e6abd
얼굴장식,고대마령의표식6성,997079db45122ccc2fc2e5d4abe576d336fda7d673004e3f0eb3a7ab755e6abd
캐시 투구,드레스헤어,997079db45122ccc2fc2e5d4abe576d336fda7d673004e3f0eb3a7ab755e6abd
망토,무신귀갑주7성,997079db45122ccc2fc2e5d4abe576d336fda7d673004e3f0eb3a7ab755e6abd
캐시 겉옷,[백두]토끼소녀의상,997079db45122ccc2fc2e5d4abe576d336fda7d673004e3f0eb3a7ab755e6abd
신발,고대마령의군화'월6성,997079db45122ccc2fc2e5d4abe576d336fda7d673004e3f0eb3a7ab755e6abd
목/어깨장식,암흑룡의목걸이,997079db45122ccc2fc2e5d4abe576d336fda7d673004e3f0eb3a7ab755e6abd
캐시 무기,비밀정원꽃송이,997079db45122ccc2fc2e5d4abe576d336fda7d673004e3f0eb3a7ab755e6abd
캐시 방패/보조무기,웨딩비둘기,997079db45122ccc2fc2e5d4abe576d336fda7d673004e3f0eb3a7ab755e6abd
캐시 얼굴장식,,997079db45122ccc2fc2e5d4abe576d336fda7d673004e3f0eb3a7ab755e6abd
캐시 망토,분홍꽃잎,997079db45122ccc2fc2e5d4abe576d336fda7d673004e3f0eb3a7ab755e6abd
캐시 신발,버블샌들No01여,997079db45122ccc2fc2e5d4abe576d336fda7d673004e3f0eb3a7ab755e6abd
캐시 목/어깨장식,웨딩목걸이,997079db45122ccc2fc2e5d4abe576d336fda7d673004e3f0eb3a7ab755e6abd
세트옷,강철의탐,997079db45122ccc2fc2e5d4abe576d336fda7d673004e3f0eb3a7ab755e6abd
캐시 세트옷,,997079db45122ccc2fc2e5d4abe576d336fda7d673004e3f0eb3a7ab755e6abd
장신구,자수원앙노리개2성,997079db45122ccc2fc2e5d4abe576d336fda7d673004e3f0eb3a7ab755e6abd
캐시 장신구,웨딩화관,997079db45122ccc2fc2e5d4abe576d336fda7d673004e3f0eb3a7ab755e6abd
무기,고대마령의적혈단봉8성,a25ee972d6dc799d60aca723b7cd55aaa22d1afb8fb8ade5eb072c8fa812b3e8
갑옷,환웅의쾌자'7성,a25ee972d6dc799d60aca723b7cd55aaa22d1afb8fb8ade5eb072c8fa812b3e8
방패/보조무기,별의마도법서,a25ee972d6dc799d60aca723b7cd55aaa22d1afb8fb8ade5eb072c8fa812b3e8
투구,환웅의투구'8성,a25ee972d6dc799d60aca723b7cd55aaa22d1afb8fb8ade5eb072c8fa812b3e8
왼손,환웅의토시'7성,a25ee972d6dc799d60aca723b7cd55aaa22d1afb8fb8ade5eb072c8fa812b3e8
오른손,환웅의토시'8성,a25ee972d6dc799d60aca723b7cd55aaa22d1afb8fb8ade5eb072c8fa812b3e8
보조1,마령의노리개'월6성,a25ee972d6dc799d60aca723b7cd55aaa22d1afb8fb8ade5eb072c8fa812b3e8
보조2,마사의귀목,a25ee972d6dc799d60aca723b7cd55aaa22d1afb8fb8ade5eb072c8fa812b3e8
얼굴장식,고대마령의표식6성,a25ee972d6dc799d60aca723b7cd55aaa22d1afb8fb8ade5eb072c8fa812b3e8
캐시 투구,,a25ee972d6dc799d60aca723b7cd55aaa22d1afb8fb8ade5eb072c8fa812b3e8
망토,고대마령의칼날10성,a25ee972d6dc799d60aca723b7cd55aaa22d1afb8fb8ade5eb072c8fa812b3e8
캐시 겉옷,썸머비치웨어No03,a25ee972d6dc799d60aca723b7cd55aaa22d1afb8fb8ade5eb072c8fa812b3e8
신발,사령웅의앞발,a25ee972d6dc799d60aca723b7cd55aaa22d1afb8fb8ade5eb072c8fa812b3e8
목/어깨장식,고대마령의목걸이6성,a25ee972d6dc799d60aca723b7cd55aaa22d1afb8fb8ade5eb072c8fa812b3e8
캐시 무기,오래된채굴곡괭이,a25ee972d6dc799d60aca723b7cd55aaa22d1afb8fb8ade5eb072c8fa812b3e8
캐시 방패/보조무기,,a25ee972d6dc799d60aca723b7cd55aaa22d1afb8fb8ade5eb072c8fa812b3e8
캐시 얼굴장식,,a25ee972d6dc799d60aca723b7cd55aaa22d1afb8fb8ade5eb072c8fa812b3e8
캐시 망토,,a25ee972d6dc799d60aca723b7cd55aaa22d1afb8fb8ade5eb072c8fa812b3e8
캐시 신발,빗방울,a25ee972d6dc799d60aca723b7cd55aaa22d1afb8fb8ade5eb072c8fa812b3e8
캐시 목/어깨장식,니트목도리No03,a25ee972d6dc799d60aca723b7cd55aaa22d1afb8fb8ade5eb072c8fa812b3e8
세트옷,도깨비탐,a25ee972d6dc799d60aca723b7cd55aaa22d1afb8fb8ade5eb072c8fa812b3e8
캐시 세트옷,,a25ee972d6dc799d60aca723b7cd55aaa22d1afb8fb8ade5eb072c8fa812b3e8
장신구,자수원앙노리개1성,a25ee972d6dc799d60aca723b7cd55aaa22d1afb8fb8ade5eb072c8fa812b3e8
캐시 장신구,,a25ee972d6dc799d60aca723b7cd55aaa22d1afb8fb8ade5eb072c8fa812b3e8
무기,금홍단봉7성,73d894ecb91a0ffed9eac33f16beb83fb588a2c661cd658cf99ebfd533d49ca7
갑옷,환웅의답호'9성,73d894ecb91a0ffed9eac33f16beb83fb588a2c661cd658cf99ebfd533d49ca7
방패/보조무기,환웅의방패'9성,73d894ecb91a0ffed9eac33f16beb83fb588a2c661cd658cf99ebfd533d49ca7
투구,태염무신금잠9성,73d894ecb91a0ffed9eac33f16beb83fb588a2c661cd658cf99ebfd533d49ca7
왼손,환웅의장갑'8성,73d894ecb91a0ffed9eac33f16beb83fb588a2c661cd658cf99ebfd533d49ca7
오른손,금린반지6성,73d894ecb91a0ffed9eac33f16beb83fb588a2c661cd658cf99ebfd533d49ca7
보조1,마사의귀목,73d894ecb91a0ffed9eac33f16beb83fb588a2c661cd658cf99ebfd533d49ca7
보조2,마사의귀목,73d894ecb91a0ffed9eac33f16beb83fb588a2c661cd658cf99ebfd533d49ca7
얼굴장식,빛나는조사장의가면,73d894ecb91a0ffed9eac33f16beb83fb588a2c661cd658cf99ebfd533d49ca7
캐시 투구,신비한미라클냥,73d894ecb91a0ffed9eac33f16beb83fb588a2c661cd658cf99ebfd533d49ca7
망토,무신귀갑주5성,73d894ecb91a0ffed9eac33f16beb83fb588a2c661cd658cf99ebfd533d49ca7
캐시 겉옷,바닐라봉봉소녀의상No01,73d894ecb91a0ffed9eac33f16beb83fb588a2c661cd658cf99ebfd533d49ca7
신발,고대마령의군화'흑9성,73d894ecb91a0ffed9eac33f16beb83fb588a2c661cd658cf99ebfd533d49ca7
목/어깨장식,빛나는단조의심단,73d894ecb91a0ffed9eac33f16beb83fb588a2c661cd658cf99ebfd533d49ca7
캐시 무기,오래된채굴곡괭이,73d894ecb91a0ffed9eac33f16beb83fb588a2c661cd658cf99ebfd533d49ca7
캐시 방패/보조무기,에코백,73d894ecb91a0ffed9eac33f16beb83fb588a2c661cd658cf99ebfd533d49ca7
캐시 얼굴장식,[30주년]넥슨히어로하트,73d894ecb91a0ffed9eac33f16beb83fb588a2c661cd658cf99ebfd533d49ca7
캐시 망토,메달릴고냥,73d894ecb91a0ffed9eac33f16beb83fb588a2c661cd658cf99ebfd533d49ca7
캐시 신발,눈꽃신발No01,73d894ecb91a0ffed9eac33f16beb83fb588a2c661cd658cf99ebfd533d49ca7
캐시 목/어깨장식,따뜻머플러(여)No01,73d894ecb91a0ffed9eac33f16beb83fb588a2c661cd658cf99ebfd533d49ca7
세트옷,구미호분신,73d894ecb91a0ffed9eac33f16beb83fb588a2c661cd658cf99ebfd533d49ca7
캐시 세트옷,,73d894ecb91a0ffed9eac33f16beb83fb588a2c661cd658cf99ebfd533d49ca7
장신구,파란나비노리개2성,73d894ecb91a0ffed9eac33f16beb83fb588a2c661cd658cf99ebfd533d49ca7
캐시 장신구,머리위체리데코,73d894ecb91a0ffed9eac33f16beb83fb588a2c661cd658cf99ebfd533d49ca7
무기,진'서라마옥선,8515eecab4986fd6a4c03db721990362da85c981e6f6c70048f960f3aa75b57f
갑옷,환웅의치마'8성,8515eecab4986fd6a4c03db721990362da85c981e6f6c70048f960f3aa75b57f
방패/보조무기,고대마령의단검6성,8515eecab4986fd6a4c03db721990362da85c981e6f6c70048f960f3aa75b57f
투구,환웅의모자'8성,8515eecab4986fd6a4c03db721990362da85c981e6f6c70048f960f3aa75b57f
왼손,금린노리개6성,8515eecab4986fd6a4c03db721990362da85c981e6f6c70048f960f3aa75b57f
오른손,금린노리개6성,8515eecab4986fd6a4c03db721990362da85c981e6f6c70048f960f3aa75b57f
보조1,마사의귀목,8515eecab4986fd6a4c03db721990362da85c981e6f6c70048f960f3aa75b57f
보조2,마사의귀목,8515eecab4986fd6a4c03db721990362da85c981e6f6c70048f960f3aa75b57f
얼굴장식,고대마령의암막6성,8515eecab4986fd6a4c03db721990362da85c981e6f6c70048f960f3aa75b57f
캐시 투구,단진머리,8515eecab4986fd6a4c03db721990362da85c981e6f6c70048f960f3aa75b57f
망토,무신귀갑주7성,8515eecab4986fd6a4c03db721990362da85c981e6f6c70048f960f3aa75b57f
캐시 겉옷,NEXON후드티,8515eecab4986fd6a4c03db721990362da85c981e6f6c70048f960f3aa75b57f
신발,사령웅의앞발,8515eecab4986fd6a4c03db721990362da85c981e6f6c70048f960f3aa75b57f
목/어깨장식,고대마령의목걸이8성,8515eecab4986fd6a4c03db721990362da85c981e6f6c70048f960f3aa75b57f
캐시 무기,퍼거스의망치,8515eecab4986fd6a4c03db721990362da85c981e6f6c70048f960f3aa75b57f
캐시 방패/보조무기,,8515eecab4986fd6a4c03db721990362da85c981e6f6c70048f960f3aa75b57f
캐시 얼굴장식,,8515eecab4986fd6a4c03db721990362da85c981e6f6c70048f960f3aa75b57f
캐시 망토,확장산소통,8515eecab4986fd6a4c03db721990362da85c981e6f6c70048f960f3aa75b57f
캐시 신발,젤리삐약,8515eecab4986fd6a4c03db721990362da85c981e6f6c70048f960f3aa75b57f
캐시 목/어깨장식,NEXON사원증,8515eecab4986fd6a4c03db721990362da85c981e6f6c70048f960f3aa75b57f
세트옷,구미호분신,8515eecab4986fd6a4c03db721990362da85c981e6f6c70048f960f3aa75b57f
캐시 세트옷,고대[신수]망또No03,8515eecab4986fd6a4c03db721990362da85c981e6f6c70048f960f3aa75b57f
장신구,붉은토끼풀노리개2성,8515eecab4986fd6a4c03db721990362da85c981e6f6c70048f960f3aa75b57f
캐시 장신구,,8515eecab4986fd6a4c03db721990362da85c981e6f6c70048f960f3aa75b57f
무기,고대마령의적혈단봉9성,a25ee972d6dc799d60aca723b7cd55aa2477c80f38f8a61b96020b1361a39410
갑옷,용화멸아의8성,a25ee972d6dc799d60aca723b7cd55aa2477c80f38f8a61b96020b1361a39410
방패/보조무기,별의마도법서,a25ee972d6dc799d60aca723b7cd55aa2477c80f38f8a61b96020b1361a39410
투구,용아천관'화8성,a25ee972d6dc799d60aca723b7cd55aa2477c80f38f8a61b96020b1361a39410
왼손,환웅의토시'9성,a25ee972d6dc799d60aca723b7cd55aa2477c80f38f8a61b96020b1361a39410
오른손,금린반지7성,a25ee972d6dc799d60aca723b7cd55aa2477c80f38f8a61b96020b1361a39410
보조1,마사의귀목,a25ee972d6dc799d60aca723b7cd55aa2477c80f38f8a61b96020b1361a39410
보조2,빛나는마사의귀목,a25ee972d6dc799d60aca723b7cd55aa2477c80f38f8a61b96020b1361a39410
얼굴장식,조사장의가면,a25ee972d6dc799d60aca723b7cd55aa2477c80f38f8a61b96020b1361a39410
캐시 투구,성탄요정헤어(여),a25ee972d6dc799d60aca723b7cd55aa2477c80f38f8a61b96020b1361a39410
망토,용성신부'화9성,a25ee972d6dc799d60aca723b7cd55aa2477c80f38f8a61b96020b1361a39410
캐시 겉옷,,a25ee972d6dc799d60aca723b7cd55aa2477c80f38f8a61b96020b1361a39410
신발,고대마령의군화'흑8성,a25ee972d6dc799d60aca723b7cd55aa2477c80f38f8a61b96020b1361a39410
목/어깨장식,고대마령의목걸이6성,a25ee972d6dc799d60aca723b7cd55aa2477c80f38f8a61b96020b1361a39410
캐시 무기,,a25ee972d6dc799d60aca723b7cd55aa2477c80f38f8a61b96020b1361a39410
캐시 방패/보조무기,양양이No01,a25ee972d6dc799d60aca723b7cd55aa2477c80f38f8a61b96020b1361a39410
캐시 얼굴장식,,a25ee972d6dc799d60aca723b7cd55aa2477c80f38f8a61b96020b1361a39410
캐시 망토,,a25ee972d6dc799d60aca723b7cd55aa2477c80f38f8a61b96020b1361a39410
캐시 신발,무희방울,a25ee972d6dc799d60aca723b7cd55aa2477c80f38f8a61b96020b1361a39410
캐시 목/어깨장식,,a25ee972d6dc799d60aca723b7cd55aa2477c80f38f8a61b96020b1361a39410
세트옷,강철의탐,a25ee972d6dc799d60aca723b7cd55aa2477c80f38f8a61b96020b1361a39410
캐시 세트옷,[구]망또No04,a25ee972d6dc799d60aca723b7cd55aa2477c80f38f8a61b96020b1361a39410
장신구,붉은토끼풀노리개1성,a25ee972d6dc799d60aca723b7cd55aa2477c80f38f8a61b96020b1361a39410
캐시 장신구,,a25ee972d6dc799d60aca723b7cd55aa2477c80f38f8a61b96020b1361a39410
무기,환웅천륜'9각,06a7ca5e13994142da54ac47438a7b3349adf41e937439903ac5d762ee67db9b
갑옷,환웅의도복'7성,06a7ca5e13994142da54ac47438a7b3349adf41e937439903ac5d762ee67db9b
방패/보조무기,고대마령의단검5성,06a7ca5e13994142da54ac47438a7b3349adf41e937439903ac5d762ee67db9b
투구,환웅의두건'7성,06a7ca5e13994142da54ac47438a7b3349adf41e937439903ac5d762ee67db9b
왼손,태염반지6성,06a7ca5e13994142da54ac47438a7b3349adf41e937439903ac5d762ee67db9b
오른손,태염반지6성,06a7ca5e13994142da54ac47438a7b3349adf41e937439903ac5d762ee67db9b
보조1,마사의귀목,06a7ca5e13994142da54ac47438a7b3349adf41e937439903ac5d762ee67db9b
보조2,마사의귀목,06a7ca5e13994142da54ac47438a7b3349adf41e937439903ac5d762ee67db9b
얼굴장식,조사장의가면,06a7ca5e13994142da54ac47438a7b3349adf41e937439903ac5d762ee67db9b
캐시 투구,한가위토깽의귀(홍),06a7ca5e13994142da54ac47438a7b3349adf41e937439903ac5d762ee67db9b
망토,금린화월6성,06a7ca5e13994142da54ac47438a7b3349adf41e937439903ac5d762ee67db9b
캐시 겉옷,환계선녀의복,06a7ca5e13994142da54ac47438a7b3349adf41e937439903ac5d762ee67db9b
신발,사령웅의앞발,06a7ca5e13994142da54ac47438a7b3349adf41e937439903ac5d762ee67db9b
목/어깨장식,서라마옥귀걸이,06a7ca5e13994142da54ac47438a7b3349adf41e937439903ac5d762ee67db9b
캐시 무기,환계연꽃송이,06a7ca5e13994142da54ac47438a7b3349adf41e937439903ac5d762ee67db9b
캐시 방패/보조무기,,06a7ca5e13994142da54ac47438a7b3349adf41e937439903ac5d762ee67db9b
캐시 얼굴장식,,06a7ca5e13994142da54ac47438a7b3349adf41e937439903ac5d762ee67db9b
캐시 망토,환계날개옷,06a7ca5e13994142da54ac47438a7b3349adf41e937439903ac5d762ee67db9b
캐시 신발,한가위토깽의달,06a7ca5e13994142da54ac47438a7b3349adf41e937439903ac5d762ee67db9b
캐시 목/어깨장식,,06a7ca5e13994142da54ac47438a7b3349adf41e937439903ac5d762ee67db9b
세트옷,황룡정령,06a7ca5e13994142da54ac47438a7b3349adf41e937439903ac5d762ee67db9b
캐시 세트옷,,06a7ca5e13994142da54ac47438a7b3349adf41e937439903ac5d762ee67db9b
장신구,붉은토끼풀노리개1성,06a7ca5e13994142da54ac47438a7b3349adf41e937439903ac5d762ee67db9b
캐시 장신구,환계선녀삐죽귀,06a7ca5e13994142da54ac47438a7b3349adf41e937439903ac5d762ee67db9b
무기,용신제십장,60707757d27792a6f7b7779c587c911400d5255f7e6223b8f496959cbf7b76c9
갑옷,용신파천의8성,60707757d27792a6f7b7779c587c911400d5255f7e6223b8f496959cbf7b76c9
방패/보조무기,고대마령의단검8성,60707757d27792a6f7b7779c587c911400d5255f7e6223b8f496959cbf7b76c9
투구,용아천관'신8성,60707757d27792a6f7b7779c587c911400d5255f7e6223b8f496959cbf7b76c9
왼손,[상급]봉래산반지,60707757d27792a6f7b7779c587c911400d5255f7e6223b8f496959cbf7b76c9
오른손,[상급]봉래산반지,60707757d27792a6f7b7779c587c911400d5255f7e6223b8f496959cbf7b76c9
보조1,마령의노리개'흑10성,60707757d27792a6f7b7779c587c911400d5255f7e6223b8f496959cbf7b76c9
보조2,빛나는마사의귀목,60707757d27792a6f7b7779c587c911400d5255f7e6223b8f496959cbf7b76c9
얼굴장식,찬란한시바의시선,60707757d27792a6f7b7779c587c911400d5255f7e6223b8f496959cbf7b76c9
캐시 투구,레이닝보이헤어No01,60707757d27792a6f7b7779c587c911400d5255f7e6223b8f496959cbf7b76c9
망토,용성신부'신8성,60707757d27792a6f7b7779c587c911400d5255f7e6223b8f496959cbf7b76c9
캐시 겉옷,로맨틱신사의상No02,60707757d27792a6f7b7779c587c911400d5255f7e6223b8f496959cbf7b76c9
신발,사령웅의앞발,60707757d27792a6f7b7779c587c911400d5255f7e6223b8f496959cbf7b76c9
목/어깨장식,고대마령의목걸이8성,60707757d27792a6f7b7779c587c911400d5255f7e6223b8f496959cbf7b76c9
캐시 무기,[심야]행운의채굴곡괭이,60707757d27792a6f7b7779c587c911400d5255f7e6223b8f496959cbf7b76c9
캐시 방패/보조무기,발아래까치,60707757d27792a6f7b7779c587c911400d5255f7e6223b8f496959cbf7b76c9
캐시 얼굴장식,,60707757d27792a6f7b7779c587c911400d5255f7e6223b8f496959cbf7b76c9
캐시 망토,요정날개No01,60707757d27792a6f7b7779c587c911400d5255f7e6223b8f496959cbf7b76c9
캐시 신발,곰돌이파랑풍선,60707757d27792a6f7b7779c587c911400d5255f7e6223b8f496959cbf7b76c9
캐시 목/어깨장식,애완령'화(어깨),60707757d27792a6f7b7779c587c911400d5255f7e6223b8f496959cbf7b76c9
세트옷,[괴수의상]아이라바타1성,60707757d27792a6f7b7779c587c911400d5255f7e6223b8f496959cbf7b76c9
캐시 세트옷,삐약삐약뼝아리,60707757d27792a6f7b7779c587c911400d5255f7e6223b8f496959cbf7b76c9
장신구,붉은토끼풀노리개1성,60707757d27792a6f7b7779c587c911400d5255f7e6223b8f496959cbf7b76c9
캐시 장신구,발바닥풍선장신구,60707757d27792a6f7b7779c587c911400d5255f7e6223b8f496959cbf7b76c9
무기,고대마령의적혈장8성,60707757d27792a6f7b7779c587c91144255fd3f9d1dbe8f9eacb82d23f899c5
갑옷,태광천신의복8성,60707757d27792a6f7b7779c587c91144255fd3f9d1dbe8f9eacb82d23f899c5
방패/보조무기,고대마령의단검6성,60707757d27792a6f7b7779c587c91144255fd3f9d1dbe8f9eacb82d23f899c5
투구,환웅의모자'9성,60707757d27792a6f7b7779c587c91144255fd3f9d1dbe8f9eacb82d23f899c5
왼손,용뿔흑광노리개9성,60707757d27792a6f7b7779c587c91144255fd3f9d1dbe8f9eacb82d23f899c5
오른손,용뿔흑광노리개9성,60707757d27792a6f7b7779c587c91144255fd3f9d1dbe8f9eacb82d23f899c5
보조1,마령의노리개'흑10성,60707757d27792a6f7b7779c587c91144255fd3f9d1dbe8f9eacb82d23f899c5
보조2,마사의귀목,60707757d27792a6f7b7779c587c91144255fd3f9d1dbe8f9eacb82d23f899c5
얼굴장식,시바의시선,60707757d27792a6f7b7779c587c91144255fd3f9d1dbe8f9eacb82d23f899c5
캐시 투구,[할로윈]발레헤어No01,60707757d27792a6f7b7779c587c91144255fd3f9d1dbe8f9eacb82d23f899c5
망토,무신귀갑주7성,60707757d27792a6f7b7779c587c91144255fd3f9d1dbe8f9eacb82d23f899c5
캐시 겉옷,바람랜드소년의상No01,60707757d27792a6f7b7779c587c91144255fd3f9d1dbe8f9eacb82d23f899c5
신발,사령웅의앞발,60707757d27792a6f7b7779c587c91144255fd3f9d1dbe8f9eacb82d23f899c5
목/어깨장식,고대마령의목걸이8성,60707757d27792a6f7b7779c587c91144255fd3f9d1dbe8f9eacb82d23f899c5
캐시 무기,[심야]행운의채굴곡괭이,60707757d27792a6f7b7779c587c91144255fd3f9d1dbe8f9eacb82d23f899c5
캐시 방패/보조무기,발아래까치,60707757d27792a6f7b7779c587c91144255fd3f9d1dbe8f9eacb82d23f899c5
캐시 얼굴장식,눈장식:꺄핫,60707757d27792a6f7b7779c587c91144255fd3f9d1dbe8f9eacb82d23f899c5
캐시 망토,노랑요정날개,60707757d27792a6f7b7779c587c91144255fd3f9d1dbe8f9eacb82d23f899c5
캐시 신발,인어파도,60707757d27792a6f7b7779c587c91144255fd3f9d1dbe8f9eacb82d23f899c5
캐시 목/어깨장식,청사목도리,60707757d27792a6f7b7779c587c91144255fd3f9d1dbe8f9eacb82d23f899c5
세트옷,[괴수의상]아이라바타1성,60707757d27792a6f7b7779c587c91144255fd3f9d1dbe8f9eacb82d23f899c5
캐시 세트옷,고대미라정령신수의상,60707757d27792a6f7b7779c587c91144255fd3f9d1dbe8f9eacb82d23f899c5
장신구,붉은토끼풀노리개1성,60707757d27792a6f7b7779c587c91144255fd3f9d1dbe8f9eacb82d23f899c5
캐시 장신구,무지개장갑풍선장신구,60707757d27792a6f7b7779c587c91144255fd3f9d1dbe8f9eacb82d23f899c5
무기,고대마령의적혈장8성,ec187f765c6b2c8b0434cbd9bca2b8325639efb7f4d4060a2668153c52ffd24d
갑옷,태광천신의복8성,ec187f765c6b2c8b0434cbd9bca2b8325639efb7f4d4060a2668153c52ffd24d
방패/보조무기,고대마령의단검6성,ec187f765c6b2c8b0434cbd9bca2b8325639efb7f4d4060a2668153c52ffd24d
투구,태광천신금잠7성,ec187f765c6b2c8b0434cbd9bca2b8325639efb7f4d4060a2668153c52ffd24d
왼손,환웅의팔찌'8성,ec187f765c6b2c8b0434cbd9bca2b8325639efb7f4d4060a2668153c52ffd24d
오른손,환웅의반지'8성,ec187f765c6b2c8b0434cbd9bca2b8325639efb7f4d4060a2668153c52ffd24d
보조1,마령의노리개'흑10성,ec187f765c6b2c8b0434cbd9bca2b8325639efb7f4d4060a2668153c52ffd24d
보조2,마사의귀목,ec187f765c6b2c8b0434cbd9bca2b8325639efb7f4d4060a2668153c52ffd24d
얼굴장식,빛나는조사장의가면,ec187f765c6b2c8b0434cbd9bca2b8325639efb7f4d4060a2668153c52ffd24d
캐시 투구,환계나무꾼두각,ec187f765c6b2c8b0434cbd9bca2b8325639efb7f4d4060a2668153c52ffd24d
망토,무신귀갑주7성,ec187f765c6b2c8b0434cbd9bca2b8325639efb7f4d4060a2668153c52ffd24d
캐시 겉옷,환계나무꾼의복,ec187f765c6b2c8b0434cbd9bca2b8325639efb7f4d4060a2668153c52ffd24d
신발,사령웅의앞발,ec187f765c6b2c8b0434cbd9bca2b8325639efb7f4d4060a2668153c52ffd24d
목/어깨장식,고대마령의목걸이6성,ec187f765c6b2c8b0434cbd9bca2b8325639efb7f4d4060a2668153c52ffd24d
캐시 무기,오래된채굴곡괭이,ec187f765c6b2c8b0434cbd9bca2b8325639efb7f4d4060a2668153c52ffd24d
캐시 방패/보조무기,발아래까치,ec187f765c6b2c8b0434cbd9bca2b8325639efb7f4d4060a2668153c52ffd24d
캐시 얼굴장식,,ec187f765c6b2c8b0434cbd9bca2b8325639efb7f4d4060a2668153c52ffd24d
캐시 망토,환계나비정령,ec187f765c6b2c8b0434cbd9bca2b8325639efb7f4d4060a2668153c52ffd24d
캐시 신발,환계청솔초가,ec187f765c6b2c8b0434cbd9bca2b8325639efb7f4d4060a2668153c52ffd24d
캐시 목/어깨장식,,ec187f765c6b2c8b0434cbd9bca2b8325639efb7f4d4060a2668153c52ffd24d
세트옷,[괴수의상]아이라바타1성,ec187f765c6b2c8b0434cbd9bca2b8325639efb7f4d4060a2668153c52ffd24d
캐시 세트옷,귀엽덕,ec187f765c6b2c8b0434cbd9bca2b8325639efb7f4d4060a2668153c52ffd24d
장신구,붉은토끼풀노리개1성,ec187f765c6b2c8b0434cbd9bca2b8325639efb7f4d4060a2668153c52ffd24d
캐시 장신구,냥이방울No01,ec187f765c6b2c8b0434cbd9bca2b8325639efb7f4d4060a2668153c52ffd24d
무기,고대마령의적혈장8성,ec187f765c6b2c8b0434cbd9bca2b8324df8047626bf602d1f3660b8b3029ef3
갑옷,환웅의장삼'9성,ec187f765c6b2c8b0434cbd9bca2b8324df8047626bf602d1f3660b8b3029ef3
방패/보조무기,고대마령의단검6성,ec187f765c6b2c8b0434cbd9bca2b8324df8047626bf602d1f3660b8b3029ef3
투구,태광천신금잠7성,ec187f765c6b2c8b0434cbd9bca2b8324df8047626bf602d1f3660b8b3029ef3
왼손,환웅의깍지'8성,ec187f765c6b2c8b0434cbd9bca2b8324df8047626bf602d1f3660b8b3029ef3
오른손,환웅의천수'8성,ec187f765c6b2c8b0434cbd9bca2b8324df8047626bf602d1f3660b8b3029ef3
보조1,마령의노리개'흑10성,ec187f765c6b2c8b0434cbd9bca2b8324df8047626bf602d1f3660b8b3029ef3
보조2,마사의귀목,ec187f765c6b2c8b0434cbd9bca2b8324df8047626bf602d1f3660b8b3029ef3
얼굴장식,시바의시선,ec187f765c6b2c8b0434cbd9bca2b8324df8047626bf602d1f3660b8b3029ef3
캐시 투구,환계나무꾼두각,ec187f765c6b2c8b0434cbd9bca2b8324df8047626bf602d1f3660b8b3029ef3
망토,무신귀갑주7성,ec187f765c6b2c8b0434cbd9bca2b8324df8047626bf602d1f3660b8b3029ef3
캐시 겉옷,다이어터의상(남),ec187f765c6b2c8b0434cbd9bca2b8324df8047626bf602d1f3660b8b3029ef3
신발,사령웅의앞발,ec187f765c6b2c8b0434cbd9bca2b8324df8047626bf602d1f3660b8b3029ef3
목/어깨장식,고대마령의목걸이6성,ec187f765c6b2c8b0434cbd9bca2b8324df8047626bf602d1f3660b8b3029ef3
캐시 무기,오래된채굴곡괭이,ec187f765c6b2c8b0434cbd9bca2b8324df8047626bf602d1f3660b8b3029ef3
캐시 방패/보조무기,발아래까치,ec187f765c6b2c8b0434cbd9bca2b8324df8047626bf602d1f3660b8b3029ef3
캐시 얼굴장식,,ec187f765c6b2c8b0434cbd9bca2b8324df8047626bf602d1f3660b8b3029ef3
캐시 망토,대양의닻,ec187f765c6b2c8b0434cbd9bca2b8324df8047626bf602d1f3660b8b3029ef3
캐시 신발,환계청솔초가,ec187f765c6b2c8b0434cbd9bca2b8324df8047626bf602d1f3660b8b3029ef3
캐시 목/어깨장식,포근목후드(빨강),ec187f765c6b2c8b0434cbd9bca2b8324df8047626bf602d1f3660b8b3029ef3
세트옷,[괴수의상]아이라바타1성,ec187f765c6b2c8b0434cbd9bca2b8324df8047626bf602d1f3660b8b3029ef3
캐시 세트옷,고대호랑신수의상,ec187f765c6b2c8b0434cbd9bca2b8324df8047626bf602d1f3660b8b3029ef3
장신구,자수원앙노리개1성,ec187f765c6b2c8b0434cbd9bca2b8324df8047626bf602d1f3660b8b3029ef3
캐시 장신구,초코델리귀걸이,ec187f765c6b2c8b0434cbd9bca2b8324df8047626bf602d1f3660b8b3029ef3
무기,용신제십장,c34ecb356dc3d3d35fa16ab70b0bd62811598e2512b37744b0d6df9d3928d37c
갑옷,태염무신장갑9성,c34ecb356dc3d3d35fa16ab70b0bd62811598e2512b37744b0d6df9d3928d37c
방패/보조무기,고대마령의단검7성,c34ecb356dc3d3d35fa16ab70b0bd62811598e2512b37744b0d6df9d3928d37c
투구,태염무신금잠8성,c34ecb356dc3d3d35fa16ab70b0bd62811598e2512b37744b0d6df9d3928d37c
왼손,[상급]봉래산반지,c34ecb356dc3d3d35fa16ab70b0bd62811598e2512b37744b0d6df9d3928d37c
오른손,패자황금염주,c34ecb356dc3d3d35fa16ab70b0bd62811598e2512b37744b0d6df9d3928d37c
보조1,마령의노리개'흑10성,c34ecb356dc3d3d35fa16ab70b0bd62811598e2512b37744b0d6df9d3928d37c
보조2,빛나는마사의귀목,c34ecb356dc3d3d35fa16ab70b0bd62811598e2512b37744b0d6df9d3928d37c
얼굴장식,고대마령의표식7성,c34ecb356dc3d3d35fa16ab70b0bd62811598e2512b37744b0d6df9d3928d37c
캐시 투구,겨울한교복도령모,c34ecb356dc3d3d35fa16ab70b0bd62811598e2512b37744b0d6df9d3928d37c
망토,용성신부'신8성,c34ecb356dc3d3d35fa16ab70b0bd62811598e2512b37744b0d6df9d3928d37c
캐시 겉옷,겨울한교복(남),c34ecb356dc3d3d35fa16ab70b0bd62811598e2512b37744b0d6df9d3928d37c
신발,고대마령의군화'흑8성,c34ecb356dc3d3d35fa16ab70b0bd62811598e2512b37744b0d6df9d3928d37c
목/어깨장식,고대마령의목걸이8성,c34ecb356dc3d3d35fa16ab70b0bd62811598e2512b37744b0d6df9d3928d37c
캐시 무기,[심야]행운의채굴곡괭이,c34ecb356dc3d3d35fa16ab70b0bd62811598e2512b37744b0d6df9d3928d37c
캐시 방패/보조무기,,c34ecb356dc3d3d35fa16ab70b0bd62811598e2512b37744b0d6df9d3928d37c
캐시 얼굴장식,[30주년]넥슨히어로하트,c34ecb356dc3d3d35fa16ab70b0bd62811598e2512b37744b0d6df9d3928d37c
캐시 망토,겨울한교복털망토,c34ecb356dc3d3d35fa16ab70b0bd62811598e2512b37744b0d6df9d3928d37c
캐시 신발,겨울반딧불,c34ecb356dc3d3d35fa16ab70b0bd62811598e2512b37744b0d6df9d3928d37c
캐시 목/어깨장식,,c34ecb356dc3d3d35fa16ab70b0bd62811598e2512b37744b0d6df9d3928d37c
세트옷,[괴수의상]아이라바타1성,c34ecb356dc3d3d35fa16ab70b0bd62811598e2512b37744b0d6df9d3928d37c
캐시 세트옷,고대블러썸신부신수의상No01,c34ecb356dc3d3d35fa16ab70b0bd62811598e2512b37744b0d6df9d3928d37c
장신구,붉은토끼풀노리개2성,c34ecb356dc3d3d35fa16ab70b0bd62811598e2512b37744b0d6df9d3928d37c
캐시 장신구,금빛화랑귀걸이,c34ecb356dc3d3d35fa16ab70b0bd62811598e2512b37744b0d6df9d3928d37c
무기,고대마령의적혈장10성,52d6c51e3044ccfec27aed67352ff4e8d1982063313993db3e5c953b8b86ffda
갑옷,용신멸아의8성,52d6c51e3044ccfec27aed67352ff4e8d1982063313993db3e5c953b8b86ffda
방패/보조무기,고대마령의단검7성,52d6c51e3044ccfec27aed67352ff4e8d1982063313993db3e5c953b8b86ffda
투구,태염무신금잠7성,52d6c51e3044ccfec27aed67352ff4e8d1982063313993db3e5c953b8b86ffda
왼손,금린반지6성,52d6c51e3044ccfec27aed67352ff4e8d1982063313993db3e5c953b8b86ffda
오른손,금린반지6성,52d6c51e3044ccfec27aed67352ff4e8d1982063313993db3e5c953b8b86ffda
보조1,마사의귀목,52d6c51e3044ccfec27aed67352ff4e8d1982063313993db3e5c953b8b86ffda
보조2,빛나는마사의귀목,52d6c51e3044ccfec27aed67352ff4e8d1982063313993db3e5c953b8b86ffda
얼굴장식,조사장의가면,52d6c51e3044ccfec27aed67352ff4e8d1982063313993db3e5c953b8b86ffda
캐시 투구,베베토끼털모자,52d6c51e3044ccfec27aed67352ff4e8d1982063313993db3e5c953b8b86ffda
망토,용성신부'신8성,52d6c51e3044ccfec27aed67352ff4e8d1982063313993db3e5c953b8b86ffda
캐시 겉옷,바닷바람해양단복(남),52d6c51e3044ccfec27aed67352ff4e8d1982063313993db3e5c953b8b86ffda
신발,바루나의천수,52d6c51e3044ccfec27aed67352ff4e8d1982063313993db3e5c953b8b86ffda
목/어깨장식,고대마령의목걸이8성,52d6c51e3044ccfec27aed67352ff4e8d1982063313993db3e5c953b8b86ffda
캐시 무기,한가위애착토끼(흑),52d6c51e3044ccfec27aed67352ff4e8d1982063313993db3e5c953b8b86ffda
캐시 방패/보조무기,애니멀펑크토끼친구,52d6c51e3044ccfec27aed67352ff4e8d1982063313993db3e5c953b8b86ffda
캐시 얼굴장식,[30주년]넥슨히어로하트,52d6c51e3044ccfec27aed67352ff4e8d1982063313993db3e5c953b8b86ffda
캐시 망토,자체발광블링블링,52d6c51e3044ccfec27aed67352ff4e8d1982063313993db3e5c953b8b86ffda
캐시 신발,토끼발자국No01,52d6c51e3044ccfec27aed67352ff4e8d1982063313993db3e5c953b8b86ffda
캐시 목/어깨장식,히피목걸이No03,52d6c51e3044ccfec27aed67352ff4e8d1982063313993db3e5c953b8b86ffda
세트옷,[괴수의상]아이라바타1성,52d6c51e3044ccfec27aed67352ff4e8d1982063313993db3e5c953b8b86ffda
캐시 세트옷,,52d6c51e3044ccfec27aed67352ff4e8d1982063313993db3e5c953b8b86ffda
장신구,붉은토끼풀노리개2성,52d6c51e3044ccfec27aed67352ff4e8d1982063313993db3e5c953b8b86ffda
캐시 장신구,여름별빛새콤모자,52d6c51e3044ccfec27aed67352ff4e8d1982063313993db3e5c953b8b86ffda
무기,극'녹염무령,5bfdb0063ee320da0efaa138ff0f8132ec477d75deba3277d208f397541dfece
갑옷,환웅의신복'9성,5bfdb0063ee320da0efaa138ff0f8132ec477d75deba3277d208f397541dfece
방패/보조무기,고대마령의단검6성,5bfdb0063ee320da0efaa138ff0f8132ec477d75deba3277d208f397541dfece
투구,환웅의신모'9성,5bfdb0063ee320da0efaa138ff0f8132ec477d75deba3277d208f397541dfece
왼손,환웅의염주'9성,5bfdb0063ee320da0efaa138ff0f8132ec477d75deba3277d208f397541dfece
오른손,환웅의염주'9성,5bfdb0063ee320da0efaa138ff0f8132ec477d75deba3277d208f397541dfece
보조1,아그니의적영,5bfdb0063ee320da0efaa138ff0f8132ec477d75deba3277d208f397541dfece
보조2,마사의귀목,5bfdb0063ee320da0efaa138ff0f8132ec477d75deba3277d208f397541dfece
얼굴장식,조사장의가면,5bfdb0063ee320da0efaa138ff0f8132ec477d75deba3277d208f397541dfece
캐시 투구,황금가마솥토끼귀,5bfdb0063ee320da0efaa138ff0f8132ec477d75deba3277d208f397541dfece
망토,용성신부'신8성,5bfdb0063ee320da0efaa138ff0f8132ec477d75deba3277d208f397541dfece
캐시 겉옷,심플화이트후드(남),5bfdb0063ee320da0efaa138ff0f8132ec477d75deba3277d208f397541dfece
신발,사령웅의앞발,5bfdb0063ee320da0efaa138ff0f8132ec477d75deba3277d208f397541dfece
목/어깨장식,고대마령의목걸이8성,5bfdb0063ee320da0efaa138ff0f8132ec477d75deba3277d208f397541dfece
캐시 무기,,5bfdb0063ee320da0efaa138ff0f8132ec477d75deba3277d208f397541dfece
캐시 방패/보조무기,,5bfdb0063ee320da0efaa138ff0f8132ec477d75deba3277d208f397541dfece
캐시 얼굴장식,,5bfdb0063ee320da0efaa138ff0f8132ec477d75deba3277d208f397541dfece
캐시 망토,반짝반짝No01,5bfdb0063ee320da0efaa138ff0f8132ec477d75deba3277d208f397541dfece
캐시 신발,보온기능장화No13남,5bfdb0063ee320da0efaa138ff0f8132ec477d75deba3277d208f397541dfece
캐시 목/어깨장식,히피목걸이No03,5bfdb0063ee320da0efaa138ff0f8132ec477d75deba3277d208f397541dfece
세트옷,[괴수의상]아그니1성,5bfdb0063ee320da0efaa138ff0f8132ec477d75deba3277d208f397541dfece
캐시 세트옷,,5bfdb0063ee320da0efaa138ff0f8132ec477d75deba3277d208f397541dfece
장신구,붉은토끼풀노리개1성,5bfdb0063ee320da0efaa138ff0f8132ec477d75deba3277d208f397541dfece
캐시 장신구,볼상처,5bfdb0063ee320da0efaa138ff0f8132ec477d75deba3277d208f397541dfece
무기,전설목각도깨비방망이,425cafd94be9d8cf316915d0a55b7aa097275f2ab152f3278e9faa9927a0fa4c
갑옷,태광천신신복8성,425cafd94be9d8cf316915d0a55b7aa097275f2ab152f3278e9faa9927a0fa4c
방패/보조무기,고대마령의단검6성,425cafd94be9d8cf316915d0a55b7aa097275f2ab152f3278e9faa9927a0fa4c
투구,환웅의두건'8성,425cafd94be9d8cf316915d0a55b7aa097275f2ab152f3278e9faa9927a0fa4c
왼손,진'서라마옥팔찌,425cafd94be9d8cf316915d0a55b7aa097275f2ab152f3278e9faa9927a0fa4c
오른손,진'서라마옥팔찌,425cafd94be9d8cf316915d0a55b7aa097275f2ab152f3278e9faa9927a0fa4c
보조1,아그니의적영,425cafd94be9d8cf316915d0a55b7aa097275f2ab152f3278e9faa9927a0fa4c
보조2,아그니의적영,425cafd94be9d8cf316915d0a55b7aa097275f2ab152f3278e9faa9927a0fa4c
얼굴장식,시바의시선,425cafd94be9d8cf316915d0a55b7aa097275f2ab152f3278e9faa9927a0fa4c
캐시 투구,매혹악마헤어(여),425cafd94be9d8cf316915d0a55b7aa097275f2ab152f3278e9faa9927a0fa4c
망토,무신귀갑주7성,425cafd94be9d8cf316915d0a55b7aa097275f2ab152f3278e9faa9927a0fa4c
캐시 겉옷,양치기소녀의상No02,425cafd94be9d8cf316915d0a55b7aa097275f2ab152f3278e9faa9927a0fa4c
신발,사령웅의앞발,425cafd94be9d8cf316915d0a55b7aa097275f2ab152f3278e9faa9927a0fa4c
목/어깨장식,고대마령의목걸이6성,425cafd94be9d8cf316915d0a55b7aa097275f2ab152f3278e9faa9927a0fa4c
캐시 무기,,425cafd94be9d8cf316915d0a55b7aa097275f2ab152f3278e9faa9927a0fa4c
캐시 방패/보조무기,발아래까치,425cafd94be9d8cf316915d0a55b7aa097275f2ab152f3278e9faa9927a0fa4c
캐시 얼굴장식,눈장식:목표포착,425cafd94be9d8cf316915d0a55b7aa097275f2ab152f3278e9faa9927a0fa4c
캐시 망토,검은요정날개,425cafd94be9d8cf316915d0a55b7aa097275f2ab152f3278e9faa9927a0fa4c
캐시 신발,환계연꽃궁정,425cafd94be9d8cf316915d0a55b7aa097275f2ab152f3278e9faa9927a0fa4c
캐시 목/어깨장식,초코델리힙색No02,425cafd94be9d8cf316915d0a55b7aa097275f2ab152f3278e9faa9927a0fa4c
세트옷,[괴수의상]가루다4성,425cafd94be9d8cf316915d0a55b7aa097275f2ab152f3278e9faa9927a0fa4c
캐시 세트옷,[구]망또No01,425cafd94be9d8cf316915d0a55b7aa097275f2ab152f3278e9faa9927a0fa4c
장신구,붉은토끼풀노리개1성,425cafd94be9d8cf316915d0a55b7aa097275f2ab152f3278e9faa9927a0fa4c
캐시 장신구,초코델리귀걸이,425cafd94be9d8cf316915d0a55b7aa097275f2ab152f3278e9faa9927a0fa4c
무기,고대마령의적혈장8성,a25ee972d6dc799d60aca723b7cd55aa6aff1218317ab7869529f68dfd3c1471
갑옷,태광천신의복8성,a25ee972d6dc799d60aca723b7cd55aa6aff1218317ab7869529f68dfd3c1471
방패/보조무기,고대마령의단검6성,a25ee972d6dc799d60aca723b7cd55aa6aff1218317ab7869529f68dfd3c1471
투구,환웅의머리띠'9성,a25ee972d6dc799d60aca723b7cd55aa6aff1218317ab7869529f68dfd3c1471
왼손,환웅의반지'8성,a25ee972d6dc799d60aca723b7cd55aa6aff1218317ab7869529f68dfd3c1471
오른손,환웅의반지'8성,a25ee972d6dc799d60aca723b7cd55aa6aff1218317ab7869529f68dfd3c1471
보조1,마령의노리개'흑10성,a25ee972d6dc799d60aca723b7cd55aa6aff1218317ab7869529f68dfd3c1471
보조2,마사의귀목,a25ee972d6dc799d60aca723b7cd55aa6aff1218317ab7869529f68dfd3c1471
얼굴장식,고대마령의암막6성,a25ee972d6dc799d60aca723b7cd55aa6aff1218317ab7869529f68dfd3c1471
캐시 투구,환계나무꾼두각,a25ee972d6dc799d60aca723b7cd55aa6aff1218317ab7869529f68dfd3c1471
망토,무신귀갑주7성,a25ee972d6dc799d60aca723b7cd55aa6aff1218317ab7869529f68dfd3c1471
캐시 겉옷,환계나무꾼의복,a25ee972d6dc799d60aca723b7cd55aa6aff1218317ab7869529f68dfd3c1471
신발,사령웅의앞발,a25ee972d6dc799d60aca723b7cd55aa6aff1218317ab7869529f68dfd3c1471
목/어깨장식,고대마령의목걸이6성,a25ee972d6dc799d60aca723b7cd55aa6aff1218317ab7869529f68dfd3c1471
캐시 무기,오래된채굴곡괭이,a25ee972d6dc799d60aca723b7cd55aa6aff1218317ab7869529f68dfd3c1471
캐시 방패/보조무기,,a25ee972d6dc799d60aca723b7cd55aa6aff1218317ab7869529f68dfd3c1471
캐시 얼굴장식,,a25ee972d6dc799d60aca723b7cd55aa6aff1218317ab7869529f68dfd3c1471
캐시 망토,환계나비정령,a25ee972d6dc799d60aca723b7cd55aa6aff1218317ab7869529f68dfd3c1471
캐시 신발,환계청솔초가,a25ee972d6dc799d60aca723b7cd55aa6aff1218317ab7869529f68dfd3c1471
캐시 목/어깨장식,초코델리미니백No02,a25ee972d6dc799d60aca723b7cd55aa6aff1218317ab7869529f68dfd3c1471
세트옷,[괴수의상]아이라바타1성,a25ee972d6dc799d60aca723b7cd55aa6aff1218317ab7869529f68dfd3c1471
캐시 세트옷,,a25ee972d6dc799d60aca723b7cd55aa6aff1218317ab7869529f68dfd3c1471
장신구,파란나비노리개1성,a25ee972d6dc799d60aca723b7cd55aa6aff1218317ab7869529f68dfd3c1471
캐시 장신구,노랑우비,a25ee972d6dc799d60aca723b7cd55aa6aff1218317ab7869529f68dfd3c1471
무기,고대마령의적혈장8성,8faf78f305a1d9ecbce58e10c7e2aaf6e9044edd9e04db620bd630e0596b4a00
갑옷,환웅의신의'9성,8faf78f305a1d9ecbce58e10c7e2aaf6e9044edd9e04db620bd630e0596b4a00
방패/보조무기,고대마령의단검8성,8faf78f305a1d9ecbce58e10c7e2aaf6e9044edd9e04db620bd630e0596b4a00
투구,환웅의신모'9성,8faf78f305a1d9ecbce58e10c7e2aaf6e9044edd9e04db620bd630e0596b4a00
왼손,[상급]봉래산반지,8faf78f305a1d9ecbce58e10c7e2aaf6e9044edd9e04db620bd630e0596b4a00
오른손,[상급]봉래산반지,8faf78f305a1d9ecbce58e10c7e2aaf6e9044edd9e04db620bd630e0596b4a00
보조1,마사의귀목,8faf78f305a1d9ecbce58e10c7e2aaf6e9044edd9e04db620bd630e0596b4a00
보조2,빛나는마사의귀목,8faf78f305a1d9ecbce58e10c7e2aaf6e9044edd9e04db620bd630e0596b4a00
얼굴장식,고대마령의암막8성,8faf78f305a1d9ecbce58e10c7e2aaf6e9044edd9e04db620bd630e0596b4a00
캐시 투구,겨울한교복도령모,8faf78f305a1d9ecbce58e10c7e2aaf6e9044edd9e04db620bd630e0596b4a00
망토,무신귀갑주8성,8faf78f305a1d9ecbce58e10c7e2aaf6e9044edd9e04db620bd630e0596b4a00
캐시 겉옷,겨울한교복(남),8faf78f305a1d9ecbce58e10c7e2aaf6e9044edd9e04db620bd630e0596b4a00
신발,고대마령의군화'흑7성,8faf78f305a1d9ecbce58e10c7e2aaf6e9044edd9e04db620bd630e0596b4a00
목/어깨장식,고대마령의목걸이8성,8faf78f305a1d9ecbce58e10c7e2aaf6e9044edd9e04db620bd630e0596b4a00
캐시 무기,겨울복주머니,8faf78f305a1d9ecbce58e10c7e2aaf6e9044edd9e04db620bd630e0596b4a00
캐시 방패/보조무기,반짇고리도깨비노란골무,8faf78f305a1d9ecbce58e10c7e2aaf6e9044edd9e04db620bd630e0596b4a00
캐시 얼굴장식,태극무늬페인팅,8faf78f305a1d9ecbce58e10c7e2aaf6e9044edd9e04db620bd630e0596b4a00
캐시 망토,겨울한교복털망토,8faf78f305a1d9ecbce58e10c7e2aaf6e9044edd9e04db620bd630e0596b4a00
캐시 신발,칠석직녀은하수까치,8faf78f305a1d9ecbce58e10c7e2aaf6e9044edd9e04db620bd630e0596b4a00
캐시 목/어깨장식,,8faf78f305a1d9ecbce58e10c7e2aaf6e9044edd9e04db620bd630e0596b4a00
세트옷,도깨비탐,8faf78f305a1d9ecbce58e10c7e2aaf6e9044edd9e04db620bd630e0596b4a00
캐시 세트옷,[구]웨딩드레스No05,8faf78f305a1d9ecbce58e10c7e2aaf6e9044edd9e04db620bd630e0596b4a00
장신구,붉은토끼풀노리개2성,8faf78f305a1d9ecbce58e10c7e2aaf6e9044edd9e04db620bd630e0596b4a00
캐시 장신구,반짇고리도깨비실패No04,8faf78f305a1d9ecbce58e10c7e2aaf6e9044edd9e04db620bd630e0596b4a00
무기,용라제십명도,cf0f9342fe86487a6fdfccd684f26c82dca6e352d2f8ee58174cf927d8eac4b3
갑옷,패자황금갑주,cf0f9342fe86487a6fdfccd684f26c82dca6e352d2f8ee58174cf927d8eac4b3
방패/보조무기,,cf0f9342fe86487a6fdfccd684f26c82dca6e352d2f8ee58174cf927d8eac4b3
투구,고대마령투구10성,cf0f9342fe86487a6fdfccd684f26c82dca6e352d2f8ee58174cf927d8eac4b3
왼손,패자황금보호대,cf0f9342fe86487a6fdfccd684f26c82dca6e352d2f8ee58174cf927d8eac4b3
오른손,패자황금보호대,cf0f9342fe86487a6fdfccd684f26c82dca6e352d2f8ee58174cf927d8eac4b3
보조1,투명구두,cf0f9342fe86487a6fdfccd684f26c82dca6e352d2f8ee58174cf927d8eac4b3
보조2,마사의귀목,cf0f9342fe86487a6fdfccd684f26c82dca6e352d2f8ee58174cf927d8eac4b3
얼굴장식,조사장의가면,cf0f9342fe86487a6fdfccd684f26c82dca6e352d2f8ee58174cf927d8eac4b3
캐시 투구,내가꽃너바라기,cf0f9342fe86487a6fdfccd684f26c82dca6e352d2f8ee58174cf927d8eac4b3
망토,용성장견'라9성,cf0f9342fe86487a6fdfccd684f26c82dca6e352d2f8ee58174cf927d8eac4b3
캐시 겉옷,병아리인형옷,cf0f9342fe86487a6fdfccd684f26c82dca6e352d2f8ee58174cf927d8eac4b3
신발,고대마령의군화'흑8성,cf0f9342fe86487a6fdfccd684f26c82dca6e352d2f8ee58174cf927d8eac4b3
목/어깨장식,고대마령의목걸이8성,cf0f9342fe86487a6fdfccd684f26c82dca6e352d2f8ee58174cf927d8eac4b3
캐시 무기,신월협객앵화검,cf0f9342fe86487a6fdfccd684f26c82dca6e352d2f8ee58174cf927d8eac4b3
캐시 방패/보조무기,발아래까치,cf0f9342fe86487a6fdfccd684f26c82dca6e352d2f8ee58174cf927d8eac4b3
캐시 얼굴장식,,cf0f9342fe86487a6fdfccd684f26c82dca6e352d2f8ee58174cf927d8eac4b3
캐시 망토,,cf0f9342fe86487a6fdfccd684f26c82dca6e352d2f8ee58174cf927d8eac4b3
캐시 신발,토끼발자국No02,cf0f9342fe86487a6fdfccd684f26c82dca6e352d2f8ee58174cf927d8eac4b3
캐시 목/어깨장식,,cf0f9342fe86487a6fdfccd684f26c82dca6e352d2f8ee58174cf927d8eac4b3
세트옷,[괴수의상]바루나1성,cf0f9342fe86487a6fdfccd684f26c82dca6e352d2f8ee58174cf927d8eac4b3
캐시 세트옷,[구]웨딩드레스No02,cf0f9342fe86487a6fdfccd684f26c82dca6e352d2f8ee58174cf927d8eac4b3
장신구,봉황삼작금노리개1성,cf0f9342fe86487a6fdfccd684f26c82dca6e352d2f8ee58174cf927d8eac4b3
캐시 장신구,바보쪽지,cf0f9342fe86487a6fdfccd684f26c82dca6e352d2f8ee58174cf927d8eac4b3
무기,궤멸,5bfdb0063ee320da0efaa138ff0f8132d5cd4fa349c45e6391e842a1ce12254a
갑옷,패자황금갑주,5bfdb0063ee320da0efaa138ff0f8132d5cd4fa349c45e6391e842a1ce12254a
방패/보조무기,,5bfdb0063ee320da0efaa138ff0f8132d5cd4fa349c45e6391e842a1ce12254a
투구,고대마령투구10성,5bfdb0063ee320da0efaa138ff0f8132d5cd4fa349c45e6391e842a1ce12254a
왼손,용비늘흑광노리개9성,5bfdb0063ee320da0efaa138ff0f8132d5cd4fa349c45e6391e842a1ce12254a
오른손,환웅의보호대'9성,5bfdb0063ee320da0efaa138ff0f8132d5cd4fa349c45e6391e842a1ce12254a
보조1,투명구두,5bfdb0063ee320da0efaa138ff0f8132d5cd4fa349c45e6391e842a1ce12254a
보조2,마사의귀목,5bfdb0063ee320da0efaa138ff0f8132d5cd4fa349c45e6391e842a1ce12254a
얼굴장식,시바의시선,5bfdb0063ee320da0efaa138ff0f8132d5cd4fa349c45e6391e842a1ce12254a
캐시 투구,토끼유모자(하양),5bfdb0063ee320da0efaa138ff0f8132d5cd4fa349c45e6391e842a1ce12254a
망토,용성장견'라9성,5bfdb0063ee320da0efaa138ff0f8132d5cd4fa349c45e6391e842a1ce12254a
캐시 겉옷,얼음요정의상(남),5bfdb0063ee320da0efaa138ff0f8132d5cd4fa349c45e6391e842a1ce12254a
신발,사령웅의앞발,5bfdb0063ee320da0efaa138ff0f8132d5cd4fa349c45e6391e842a1ce12254a
목/어깨장식,고대마령의목걸이8성,5bfdb0063ee320da0efaa138ff0f8132d5cd4fa349c45e6391e842a1ce12254a
캐시 무기,[심야]행운의채굴곡괭이,5bfdb0063ee320da0efaa138ff0f8132d5cd4fa349c45e6391e842a1ce12254a
캐시 방패/보조무기,웨딩비둘기,5bfdb0063ee320da0efaa138ff0f8132d5cd4fa349c45e6391e842a1ce12254a
캐시 얼굴장식,,5bfdb0063ee320da0efaa138ff0f8132d5cd4fa349c45e6391e842a1ce12254a
캐시 망토,벚꽃장식No02,5bfdb0063ee320da0efaa138ff0f8132d5cd4fa349c45e6391e842a1ce12254a
캐시 신발,한가위토깽의달,5bfdb0063ee320da0efaa138ff0f8132d5cd4fa349c45e6391e842a1ce12254a
캐시 목/어깨장식,초코델리힙색No02,5bfdb0063ee320da0efaa138ff0f8132d5cd4fa349c45e6391e842a1ce12254a
세트옷,[괴수의상]아그니1성,5bfdb0063ee320da0efaa138ff0f8132d5cd4fa349c45e6391e842a1ce12254a
캐시 세트옷,고대미라정령신수의상,5bfdb0063ee320da0efaa138ff0f8132d5cd4fa349c45e6391e842a1ce12254a
장신구,붉은토끼풀노리개2성,5bfdb0063ee320da0efaa138ff0f8132d5cd4fa349c45e6391e842a1ce12254a
캐시 장신구,발바닥풍선장신구,5bfdb0063ee320da0efaa138ff0f8132d5cd4fa349c45e6391e842a1ce12254a
무기,용라제십명도,365fa6ea4752e7fad2398251762fa58e3b57fd32b10f6214251c05b905aef05f
갑옷,패자황금연갑,365fa6ea4752e7fad2398251762fa58e3b57fd32b10f6214251c05b905aef05f
방패/보조무기,,365fa6ea4752e7fad2398251762fa58e3b57fd32b10f6214251c05b905aef05f
투구,패자의왕관,365fa6ea4752e7fad2398251762fa58e3b57fd32b10f6214251c05b905aef05f
왼손,용발톱흑광노리개8성,365fa6ea4752e7fad2398251762fa58e3b57fd32b10f6214251c05b905aef05f
오른손,패자황금보호대,365fa6ea4752e7fad2398251762fa58e3b57fd32b10f6214251c05b905aef05f
보조1,마사의귀목,365fa6ea4752e7fad2398251762fa58e3b57fd32b10f6214251c05b905aef05f
보조2,마사의귀목,365fa6ea4752e7fad2398251762fa58e3b57fd32b10f6214251c05b905aef05f
얼굴장식,조사장의가면,365fa6ea4752e7fad2398251762fa58e3b57fd32b10f6214251c05b905aef05f
캐시 투구,,365fa6ea4752e7fad2398251762fa58e3b57fd32b10f6214251c05b905aef05f
망토,용성장견'라8성,365fa6ea4752e7fad2398251762fa58e3b57fd32b10f6214251c05b905aef05f
캐시 겉옷,편안한블루와이드팬츠(여),365fa6ea4752e7fad2398251762fa58e3b57fd32b10f6214251c05b905aef05f
신발,사령웅의앞발,365fa6ea4752e7fad2398251762fa58e3b57fd32b10f6214251c05b905aef05f
목/어깨장식,빛나는단조의심단,365fa6ea4752e7fad2398251762fa58e3b57fd32b10f6214251c05b905aef05f
캐시 무기,,365fa6ea4752e7fad2398251762fa58e3b57fd32b10f6214251c05b905aef05f
캐시 방패/보조무기,베베곰인형,365fa6ea4752e7fad2398251762fa58e3b57fd32b10f6214251c05b905aef05f
캐시 얼굴장식,,365fa6ea4752e7fad2398251762fa58e3b57fd32b10f6214251c05b905aef05f
캐시 망토,베베천사날개,365fa6ea4752e7fad2398251762fa58e3b57fd32b10f6214251c05b905aef05f
캐시 신발,베베별자국,365fa6ea4752e7fad2398251762fa58e3b57fd32b10f6214251c05b905aef05f
캐시 목/어깨장식,새내기핸드백,365fa6ea4752e7fad2398251762fa58e3b57fd32b10f6214251c05b905aef05f
세트옷,[괴수의상]바루나1성,365fa6ea4752e7fad2398251762fa58e3b57fd32b10f6214251c05b905aef05f
캐시 세트옷,,365fa6ea4752e7fad2398251762fa58e3b57fd32b10f6214251c05b905aef05f
장신구,봉황삼작금노리개1성,365fa6ea4752e7fad2398251762fa58e3b57fd32b10f6214251c05b905aef05f
캐시 장신구,초코델리귀걸이,365fa6ea4752e7fad2398251762fa58e3b57fd32b10f6214251c05b905aef05f
무기,용라제십명도,226322cd717df97d8fd272eac3cfc4ad153780c1f8651817ce675733e4a4d415
갑옷,용라파천갑8성,226322cd717df97d8fd272eac3cfc4ad153780c1f8651817ce675733e4a4d415
방패/보조무기,,226322cd717df97d8fd272eac3cfc4ad153780c1f8651817ce675733e4a4d415
투구,용아투구'라8성,226322cd717df97d8fd272eac3cfc4ad153780c1f8651817ce675733e4a4d415
왼손,환웅의보호대'9성,226322cd717df97d8fd272eac3cfc4ad153780c1f8651817ce675733e4a4d415
오른손,용발톱흑광노리개9성,226322cd717df97d8fd272eac3cfc4ad153780c1f8651817ce675733e4a4d415
보조1,마사의귀목,226322cd717df97d8fd272eac3cfc4ad153780c1f8651817ce675733e4a4d415
보조2,마령의노리개'흑8성,226322cd717df97d8fd272eac3cfc4ad153780c1f8651817ce675733e4a4d415
얼굴장식,시바의시선,226322cd717df97d8fd272eac3cfc4ad153780c1f8651817ce675733e4a4d415
캐시 투구,꽃도령갓,226322cd717df97d8fd272eac3cfc4ad153780c1f8651817ce675733e4a4d415
망토,용성장견'라8성,226322cd717df97d8fd272eac3cfc4ad153780c1f8651817ce675733e4a4d415
캐시 겉옷,봄의청사두루마기,226322cd717df97d8fd272eac3cfc4ad153780c1f8651817ce675733e4a4d415
신발,고대마령의군화'흑8성,226322cd717df97d8fd272eac3cfc4ad153780c1f8651817ce675733e4a4d415
목/어깨장식,고대마령의목걸이8성,226322cd717df97d8fd272eac3cfc4ad153780c1f8651817ce675733e4a4d415
캐시 무기,인왕산금장환도,226322cd717df97d8fd272eac3cfc4ad153780c1f8651817ce675733e4a4d415
캐시 방패/보조무기,,226322cd717df97d8fd272eac3cfc4ad153780c1f8651817ce675733e4a4d415
캐시 얼굴장식,,226322cd717df97d8fd272eac3cfc4ad153780c1f8651817ce675733e4a4d415
캐시 망토,우아한눈꽃도포,226322cd717df97d8fd272eac3cfc4ad153780c1f8651817ce675733e4a4d415
캐시 신발,빗방울,226322cd717df97d8fd272eac3cfc4ad153780c1f8651817ce675733e4a4d415
캐시 목/어깨장식,고고한선비중치막,226322cd717df97d8fd272eac3cfc4ad153780c1f8651817ce675733e4a4d415
세트옷,뀨뀨,226322cd717df97d8fd272eac3cfc4ad153780c1f8651817ce675733e4a4d415
캐시 세트옷,,226322cd717df97d8fd272eac3cfc4ad153780c1f8651817ce675733e4a4d415
장신구,붉은토끼풀노리개1성,226322cd717df97d8fd272eac3cfc4ad153780c1f8651817ce675733e4a4d415
캐시 장신구,가을홀릭이어링No02,226322cd717df97d8fd272eac3cfc4ad153780c1f8651817ce675733e4a4d415
무기,용라제십명도,365fa6ea4752e7fad2398251762fa58ef61b2c4d0bd474b0fd4badb9fc6903d2
갑옷,패자황금갑주,365fa6ea4752e7fad2398251762fa58ef61b2c4d0bd474b0fd4badb9fc6903d2
방패/보조무기,,365fa6ea4752e7fad2398251762fa58ef61b2c4d0bd474b0fd4badb9fc6903d2
투구,용아투구'라8성,365fa6ea4752e7fad2398251762fa58ef61b2c4d0bd474b0fd4badb9fc6903d2
왼손,패자황금보호대,365fa6ea4752e7fad2398251762fa58ef61b2c4d0bd474b0fd4badb9fc6903d2
오른손,패자황금보호대,365fa6ea4752e7fad2398251762fa58ef61b2c4d0bd474b0fd4badb9fc6903d2
보조1,천도의목걸이,365fa6ea4752e7fad2398251762fa58ef61b2c4d0bd474b0fd4badb9fc6903d2
보조2,빛나는마사의귀목,365fa6ea4752e7fad2398251762fa58ef61b2c4d0bd474b0fd4badb9fc6903d2
얼굴장식,빛나는조사장의가면,365fa6ea4752e7fad2398251762fa58ef61b2c4d0bd474b0fd4badb9fc6903d2
캐시 투구,GM차사의갓,365fa6ea4752e7fad2398251762fa58ef61b2c4d0bd474b0fd4badb9fc6903d2
망토,용성장견'라8성,365fa6ea4752e7fad2398251762fa58ef61b2c4d0bd474b0fd4badb9fc6903d2
캐시 겉옷,검은사신옷,365fa6ea4752e7fad2398251762fa58ef61b2c4d0bd474b0fd4badb9fc6903d2
신발,사령웅의앞발,365fa6ea4752e7fad2398251762fa58ef61b2c4d0bd474b0fd4badb9fc6903d2
목/어깨장식,단조의심단,365fa6ea4752e7fad2398251762fa58ef61b2c4d0bd474b0fd4badb9fc6903d2
캐시 무기,행운의채굴곡괭이,365fa6ea4752e7fad2398251762fa58ef61b2c4d0bd474b0fd4badb9fc6903d2
캐시 방패/보조무기,,365fa6ea4752e7fad2398251762fa58ef61b2c4d0bd474b0fd4badb9fc6903d2
캐시 얼굴장식,,365fa6ea4752e7fad2398251762fa58ef61b2c4d0bd474b0fd4badb9fc6903d2
캐시 망토,성탄요정날개,365fa6ea4752e7fad2398251762fa58ef61b2c4d0bd474b0fd4badb9fc6903d2
캐시 신발,발밑에출렁귀,365fa6ea4752e7fad2398251762fa58ef61b2c4d0bd474b0fd4badb9fc6903d2
캐시 목/어깨장식,,365fa6ea4752e7fad2398251762fa58ef61b2c4d0bd474b0fd4badb9fc6903d2
세트옷,[괴수의상]아이라바타1성,365fa6ea4752e7fad2398251762fa58ef61b2c4d0bd474b0fd4badb9fc6903d2
캐시 세트옷,[구]망또No02,365fa6ea4752e7fad2398251762fa58ef61b2c4d0bd474b0fd4badb9fc6903d2
장신구,봉황삼작금노리개1성,365fa6ea4752e7fad2398251762fa58ef61b2c4d0bd474b0fd4badb9fc6903d2
캐시 장신구,초코델리귀걸이,365fa6ea4752e7fad2398251762fa58ef61b2c4d0bd474b0fd4badb9fc6903d2
무기,고대마령의적혈명도7성,d9ae21a4479e3ea7375fd6c6da560eac9291fc89c151ccd5fe4de56ec3a37e54
갑옷,용라파천갑8성,d9ae21a4479e3ea7375fd6c6da560eac9291fc89c151ccd5fe4de56ec3a37e54
방패/보조무기,,d9ae21a4479e3ea7375fd6c6da560eac9291fc89c151ccd5fe4de56ec3a37e54
투구,용아투구'라9성,d9ae21a4479e3ea7375fd6c6da560eac9291fc89c151ccd5fe4de56ec3a37e54
왼손,환웅의보호대'7성,d9ae21a4479e3ea7375fd6c6da560eac9291fc89c151ccd5fe4de56ec3a37e54
오른손,환웅의보호대'8성,d9ae21a4479e3ea7375fd6c6da560eac9291fc89c151ccd5fe4de56ec3a37e54
보조1,마사의귀목,d9ae21a4479e3ea7375fd6c6da560eac9291fc89c151ccd5fe4de56ec3a37e54
보조2,마사의귀목,d9ae21a4479e3ea7375fd6c6da560eac9291fc89c151ccd5fe4de56ec3a37e54
얼굴장식,시바의시선,d9ae21a4479e3ea7375fd6c6da560eac9291fc89c151ccd5fe4de56ec3a37e54
캐시 투구,[패스]볼캡소년헤어,d9ae21a4479e3ea7375fd6c6da560eac9291fc89c151ccd5fe4de56ec3a37e54
망토,용성장견'라8성,d9ae21a4479e3ea7375fd6c6da560eac9291fc89c151ccd5fe4de56ec3a37e54
캐시 겉옷,[패스]롱패딩소년의상,d9ae21a4479e3ea7375fd6c6da560eac9291fc89c151ccd5fe4de56ec3a37e54
신발,용왕의신발,d9ae21a4479e3ea7375fd6c6da560eac9291fc89c151ccd5fe4de56ec3a37e54
목/어깨장식,고대마령의목걸이8성,d9ae21a4479e3ea7375fd6c6da560eac9291fc89c151ccd5fe4de56ec3a37e54
캐시 무기,퍼거스의망치,d9ae21a4479e3ea7375fd6c6da560eac9291fc89c151ccd5fe4de56ec3a37e54
캐시 방패/보조무기,,d9ae21a4479e3ea7375fd6c6da560eac9291fc89c151ccd5fe4de56ec3a37e54
캐시 얼굴장식,[30주년]넥슨히어로하트,d9ae21a4479e3ea7375fd6c6da560eac9291fc89c151ccd5fe4de56ec3a37e54
캐시 망토,눈꽃송이No01,d9ae21a4479e3ea7375fd6c6da560eac9291fc89c151ccd5fe4de56ec3a37e54
캐시 신발,,d9ae21a4479e3ea7375fd6c6da560eac9291fc89c151ccd5fe4de56ec3a37e54
캐시 목/어깨장식,NEXON사원증,d9ae21a4479e3ea7375fd6c6da560eac9291fc89c151ccd5fe4de56ec3a37e54
세트옷,이화선인분신,d9ae21a4479e3ea7375fd6c6da560eac9291fc89c151ccd5fe4de56ec3a37e54
캐시 세트옷,,d9ae21a4479e3ea7375fd6c6da560eac9291fc89c151ccd5fe4de56ec3a37e54
장신구,붉은토끼풀노리개2성,d9ae21a4479e3ea7375fd6c6da560eac9291fc89c151ccd5fe4de56ec3a37e54
캐시 장신구,검은마스크,d9ae21a4479e3ea7375fd6c6da560eac9291fc89c151ccd5fe4de56ec3a37e54
무기,사혼명도8성,701552bbb305ad3c5b1a0cd5f88fc428241b07e1f22d09411771297425b23629
갑옷,용라멸아갑8성,701552bbb305ad3c5b1a0cd5f88fc428241b07e1f22d09411771297425b23629
방패/보조무기,,701552bbb305ad3c5b1a0cd5f88fc428241b07e1f22d09411771297425b23629
투구,용아투구'라9성,701552bbb305ad3c5b1a0cd5f88fc428241b07e1f22d09411771297425b23629
왼손,쇄자황금보호대,701552bbb305ad3c5b1a0cd5f88fc428241b07e1f22d09411771297425b23629
오른손,쇄자황금보호대,701552bbb305ad3c5b1a0cd5f88fc428241b07e1f22d09411771297425b23629
보조1,마사의귀목,701552bbb305ad3c5b1a0cd5f88fc428241b07e1f22d09411771297425b23629
보조2,마사의귀목,701552bbb305ad3c5b1a0cd5f88fc428241b07e1f22d09411771297425b23629
얼굴장식,조사장의가면,701552bbb305ad3c5b1a0cd5f88fc428241b07e1f22d09411771297425b23629
캐시 투구,한가위토깽의귀(홍),701552bbb305ad3c5b1a0cd5f88fc428241b07e1f22d09411771297425b23629
망토,용성장견'라8성,701552bbb305ad3c5b1a0cd5f88fc428241b07e1f22d09411771297425b23629
캐시 겉옷,썸머비키니No01,701552bbb305ad3c5b1a0cd5f88fc428241b07e1f22d09411771297425b23629
신발,사령웅의앞발,701552bbb305ad3c5b1a0cd5f88fc428241b07e1f22d09411771297425b23629
목/어깨장식,고대마령의목걸이8성,701552bbb305ad3c5b1a0cd5f88fc428241b07e1f22d09411771297425b23629
캐시 무기,행운의채굴곡괭이,701552bbb305ad3c5b1a0cd5f88fc428241b07e1f22d09411771297425b23629
캐시 방패/보조무기,웨딩비둘기,701552bbb305ad3c5b1a0cd5f88fc428241b07e1f22d09411771297425b23629
캐시 얼굴장식,,701552bbb305ad3c5b1a0cd5f88fc428241b07e1f22d09411771297425b23629
캐시 망토,젖소무늬깃털효과No1,701552bbb305ad3c5b1a0cd5f88fc428241b07e1f22d09411771297425b23629
캐시 신발,봄의청사기운,701552bbb305ad3c5b1a0cd5f88fc428241b07e1f22d09411771297425b23629
캐시 목/어깨장식,가넷하트목걸이,701552bbb305ad3c5b1a0cd5f88fc428241b07e1f22d09411771297425b23629
세트옷,강철의탐,701552bbb305ad3c5b1a0cd5f88fc428241b07e1f22d09411771297425b23629
캐시 세트옷,[구]웨딩드레스No07,701552bbb305ad3c5b1a0cd5f88fc428241b07e1f22d09411771297425b23629
장신구,붉은토끼풀노리개2성,701552bbb305ad3c5b1a0cd5f88fc428241b07e1f22d09411771297425b23629
캐시 장신구,자체발광헤어글리터,701552bbb305ad3c5b1a0cd5f88fc428241b07e1f22d09411771297425b23629
무기,용라제십명도,5bfdb0063ee320da0efaa138ff0f8132cbc86c6836bb3f56f95834231989a1d8
갑옷,용라파천갑8성,5bfdb0063ee320da0efaa138ff0f8132cbc86c6836bb3f56f95834231989a1d8
방패/보조무기,,5bfdb0063ee320da0efaa138ff0f8132cbc86c6836bb3f56f95834231989a1d8
투구,용아투구'라8성,5bfdb0063ee320da0efaa138ff0f8132cbc86c6836bb3f56f95834231989a1d8
왼손,용비늘흑광노리개9성,5bfdb0063ee320da0efaa138ff0f8132cbc86c6836bb3f56f95834231989a1d8
오른손,용비늘흑광노리개9성,5bfdb0063ee320da0efaa138ff0f8132cbc86c6836bb3f56f95834231989a1d8
보조1,마사의귀목,5bfdb0063ee320da0efaa138ff0f8132cbc86c6836bb3f56f95834231989a1d8
보조2,마사의귀목,5bfdb0063ee320da0efaa138ff0f8132cbc86c6836bb3f56f95834231989a1d8
얼굴장식,시바의시선,5bfdb0063ee320da0efaa138ff0f8132cbc86c6836bb3f56f95834231989a1d8
캐시 투구,바람유치원헤어No03(남),5bfdb0063ee320da0efaa138ff0f8132cbc86c6836bb3f56f95834231989a1d8
망토,용성장견'라8성,5bfdb0063ee320da0efaa138ff0f8132cbc86c6836bb3f56f95834231989a1d8
캐시 겉옷,로맨틱신사의상No01,5bfdb0063ee320da0efaa138ff0f8132cbc86c6836bb3f56f95834231989a1d8
신발,사령웅의앞발,5bfdb0063ee320da0efaa138ff0f8132cbc86c6836bb3f56f95834231989a1d8
목/어깨장식,고대마령의목걸이8성,5bfdb0063ee320da0efaa138ff0f8132cbc86c6836bb3f56f95834231989a1d8
캐시 무기,행운의채굴곡괭이,5bfdb0063ee320da0efaa138ff0f8132cbc86c6836bb3f56f95834231989a1d8
캐시 방패/보조무기,네온하트방패No01,5bfdb0063ee320da0efaa138ff0f8132cbc86c6836bb3f56f95834231989a1d8
캐시 얼굴장식,태극무늬페인팅,5bfdb0063ee320da0efaa138ff0f8132cbc86c6836bb3f56f95834231989a1d8
캐시 망토,검은요정날개,5bfdb0063ee320da0efaa138ff0f8132cbc86c6836bb3f56f95834231989a1d8
캐시 신발,,5bfdb0063ee320da0efaa138ff0f8132cbc86c6836bb3f56f95834231989a1d8
캐시 목/어깨장식,하양설빔목도리,5bfdb0063ee320da0efaa138ff0f8132cbc86c6836bb3f56f95834231989a1d8
세트옷,[괴수의상]바루나1성,5bfdb0063ee320da0efaa138ff0f8132cbc86c6836bb3f56f95834231989a1d8
캐시 세트옷,[구]망또No07,5bfdb0063ee320da0efaa138ff0f8132cbc86c6836bb3f56f95834231989a1d8
장신구,붉은토끼풀노리개1성,5bfdb0063ee320da0efaa138ff0f8132cbc86c6836bb3f56f95834231989a1d8
캐시 장신구,,5bfdb0063ee320da0efaa138ff0f8132cbc86c6836bb3f56f95834231989a1d8
무기,고대마령의적혈명도8성,a25ee972d6dc799d60aca723b7cd55aac134c8a7103a893b7df54137d29973eb
갑옷,용라파천갑8성,a25ee972d6dc799d60aca723b7cd55aac134c8a7103a893b7df54137d29973eb
방패/보조무기,,a25ee972d6dc799d60aca723b7cd55aac134c8a7103a893b7df54137d29973eb
투구,환웅의투구'9성,a25ee972d6dc799d60aca723b7cd55aac134c8a7103a893b7df54137d29973eb
왼손,용비늘흑광노리개9성,a25ee972d6dc799d60aca723b7cd55aac134c8a7103a893b7df54137d29973eb
오른손,바람제영식보호대,a25ee972d6dc799d60aca723b7cd55aac134c8a7103a893b7df54137d29973eb
보조1,마사의귀목,a25ee972d6dc799d60aca723b7cd55aac134c8a7103a893b7df54137d29973eb
보조2,마사의귀목,a25ee972d6dc799d60aca723b7cd55aac134c8a7103a893b7df54137d29973eb
얼굴장식,조사장의가면,a25ee972d6dc799d60aca723b7cd55aac134c8a7103a893b7df54137d29973eb
캐시 투구,가을홀릭소년헤어No01,a25ee972d6dc799d60aca723b7cd55aac134c8a7103a893b7df54137d29973eb
망토,무신귀갑주7성,a25ee972d6dc799d60aca723b7cd55aac134c8a7103a893b7df54137d29973eb
캐시 겉옷,뽀짝피그남자의상No02,a25ee972d6dc799d60aca723b7cd55aac134c8a7103a893b7df54137d29973eb
신발,사령웅의앞발,a25ee972d6dc799d60aca723b7cd55aac134c8a7103a893b7df54137d29973eb
목/어깨장식,고대마령의목걸이8성,a25ee972d6dc799d60aca723b7cd55aac134c8a7103a893b7df54137d29973eb
캐시 무기,행운의채굴곡괭이,a25ee972d6dc799d60aca723b7cd55aac134c8a7103a893b7df54137d29973eb
캐시 방패/보조무기,웨딩비둘기,a25ee972d6dc799d60aca723b7cd55aac134c8a7103a893b7df54137d29973eb
캐시 얼굴장식,,a25ee972d6dc799d60aca723b7cd55aac134c8a7103a893b7df54137d29973eb
캐시 망토,은하수꿈꾸는날개,a25ee972d6dc799d60aca723b7cd55aac134c8a7103a893b7df54137d29973eb
캐시 신발,토끼발자국No01,a25ee972d6dc799d60aca723b7cd55aac134c8a7103a893b7df54137d29973eb
캐시 목/어깨장식,스트릿캐주얼사각목걸이,a25ee972d6dc799d60aca723b7cd55aac134c8a7103a893b7df54137d29973eb
세트옷,강철의탐,a25ee972d6dc799d60aca723b7cd55aac134c8a7103a893b7df54137d29973eb
캐시 세트옷,,a25ee972d6dc799d60aca723b7cd55aac134c8a7103a893b7df54137d29973eb
장신구,붉은토끼풀노리개2성,a25ee972d6dc799d60aca723b7cd55aac134c8a7103a893b7df54137d29973eb
캐시 장신구,금빛화랑귀걸이,a25ee972d6dc799d60aca723b7cd55aac134c8a7103a893b7df54137d29973eb
무기,,d1c4676825b4487d58b7b39a2555b2bcbf7c22ddfa78f793e32cf878281782d9
갑옷,환웅의흑의'7성,d1c4676825b4487d58b7b39a2555b2bcbf7c22ddfa78f793e32cf878281782d9
방패/보조무기,,d1c4676825b4487d58b7b39a2555b2bcbf7c22ddfa78f793e32cf878281782d9
투구,청연신투구,d1c4676825b4487d58b7b39a2555b2bcbf7c22ddfa78f793e32cf878281782d9
왼손,,d1c4676825b4487d58b7b39a2555b2bcbf7c22ddfa78f793e32cf878281782d9
오른손,,d1c4676825b4487d58b7b39a2555b2bcbf7c22ddfa78f793e32cf878281782d9
보조1,마사의귀목,d1c4676825b4487d58b7b39a2555b2bcbf7c22ddfa78f793e32cf878281782d9
보조2,마사의귀목,d1c4676825b4487d58b7b39a2555b2bcbf7c22ddfa78f793e32cf878281782d9
얼굴장식,고대마령의암막6성,d1c4676825b4487d58b7b39a2555b2bcbf7c22ddfa78f793e32cf878281782d9
캐시 투구,,d1c4676825b4487d58b7b39a2555b2bcbf7c22ddfa78f793e32cf878281782d9
망토,강림의망토,d1c4676825b4487d58b7b39a2555b2bcbf7c22ddfa78f793e32cf878281782d9
캐시 겉옷,바람추석한복No02(남),d1c4676825b4487d58b7b39a2555b2bcbf7c22ddfa78f793e32cf878281782d9
신발,사령웅의앞발,d1c4676825b4487d58b7b39a2555b2bcbf7c22ddfa78f793e32cf878281782d9
목/어깨장식,진'흉수의인장,d1c4676825b4487d58b7b39a2555b2bcbf7c22ddfa78f793e32cf878281782d9
캐시 무기,토끼당근No01,d1c4676825b4487d58b7b39a2555b2bcbf7c22ddfa78f793e32cf878281782d9
캐시 방패/보조무기,발아래까치,d1c4676825b4487d58b7b39a2555b2bcbf7c22ddfa78f793e32cf878281782d9
캐시 얼굴장식,,d1c4676825b4487d58b7b39a2555b2bcbf7c22ddfa78f793e32cf878281782d9
캐시 망토,,d1c4676825b4487d58b7b39a2555b2bcbf7c22ddfa78f793e32cf878281782d9
캐시 신발,게이밍감성컴퓨터,d1c4676825b4487d58b7b39a2555b2bcbf7c22ddfa78f793e32cf878281782d9
캐시 목/어깨장식,,d1c4676825b4487d58b7b39a2555b2bcbf7c22ddfa78f793e32cf878281782d9
세트옷,구미호분신,d1c4676825b4487d58b7b39a2555b2bcbf7c22ddfa78f793e32cf878281782d9
캐시 세트옷,,d1c4676825b4487d58b7b39a2555b2bcbf7c22ddfa78f793e32cf878281782d9
장신구,봉황삼작금노리개1성,d1c4676825b4487d58b7b39a2555b2bcbf7c22ddfa78f793e32cf878281782d9
캐시 장신구,,d1c4676825b4487d58b7b39a2555b2bcbf7c22ddfa78f793e32cf878281782d9
무기,단죄,a25ee972d6dc799d60aca723b7cd55aabff74351938562ae893705c944beaa3a
갑옷,용비멸아갑8성,a25ee972d6dc799d60aca723b7cd55aabff74351938562ae893705c944beaa3a
방패/보조무기,,a25ee972d6dc799d60aca723b7cd55aabff74351938562ae893705c944beaa3a
투구,용아투구'비8성,a25ee972d6dc799d60aca723b7cd55aabff74351938562ae893705c944beaa3a
왼손,태염반지7성,a25ee972d6dc799d60aca723b7cd55aabff74351938562ae893705c944beaa3a
오른손,태염반지7성,a25ee972d6dc799d60aca723b7cd55aabff74351938562ae893705c944beaa3a
보조1,마사의귀목,a25ee972d6dc799d60aca723b7cd55aabff74351938562ae893705c944beaa3a
보조2,마사의귀목,a25ee972d6dc799d60aca723b7cd55aabff74351938562ae893705c944beaa3a
얼굴장식,조사장의가면,a25ee972d6dc799d60aca723b7cd55aabff74351938562ae893705c944beaa3a
캐시 투구,별헤는헤어밴드,a25ee972d6dc799d60aca723b7cd55aabff74351938562ae893705c944beaa3a
망토,무신귀갑주7성,a25ee972d6dc799d60aca723b7cd55aabff74351938562ae893705c944beaa3a
캐시 겉옷,해님따스한아씨,a25ee972d6dc799d60aca723b7cd55aabff74351938562ae893705c944beaa3a
신발,사령웅의앞발,a25ee972d6dc799d60aca723b7cd55aabff74351938562ae893705c944beaa3a
목/어깨장식,고대마령의목걸이7성,a25ee972d6dc799d60aca723b7cd55aabff74351938562ae893705c944beaa3a
캐시 무기,한가위애착토끼(홍),a25ee972d6dc799d60aca723b7cd55aabff74351938562ae893705c944beaa3a
캐시 방패/보조무기,별헤는크로스백,a25ee972d6dc799d60aca723b7cd55aabff74351938562ae893705c944beaa3a
캐시 얼굴장식,,a25ee972d6dc799d60aca723b7cd55aabff74351938562ae893705c944beaa3a
캐시 망토,요정날개No02,a25ee972d6dc799d60aca723b7cd55aabff74351938562ae893705c944beaa3a
캐시 신발,한가위토깽의달,a25ee972d6dc799d60aca723b7cd55aabff74351938562ae893705c944beaa3a
캐시 목/어깨장식,,a25ee972d6dc799d60aca723b7cd55aabff74351938562ae893705c944beaa3a
세트옷,[괴수의상]아이라바타1성,a25ee972d6dc799d60aca723b7cd55aabff74351938562ae893705c944beaa3a
캐시 세트옷,,a25ee972d6dc799d60aca723b7cd55aabff74351938562ae893705c944beaa3a
장신구,붉은토끼풀노리개1성,a25ee972d6dc799d60aca723b7cd55aabff74351938562ae893705c944beaa3a
캐시 장신구,가을홀릭이어링No02,a25ee972d6dc799d60aca723b7cd55aabff74351938562ae893705c944beaa3a
무기,후암구겸7성,a25ee972d6dc799d60aca723b7cd55aa1f1c47bb85be5ec3cff1a87330aa708f
갑옷,환웅의창예'9성,a25ee972d6dc799d60aca723b7cd55aa1f1c47bb85be5ec3cff1a87330aa708f
방패/보조무기,,a25ee972d6dc799d60aca723b7cd55aa1f1c47bb85be5ec3cff1a87330aa708f
투구,환웅의복면'9성,a25ee972d6dc799d60aca723b7cd55aa1f1c47bb85be5ec3cff1a87330aa708f
왼손,환웅의투수'8성,a25ee972d6dc799d60aca723b7cd55aa1f1c47bb85be5ec3cff1a87330aa708f
오른손,환웅의투수'8성,a25ee972d6dc799d60aca723b7cd55aa1f1c47bb85be5ec3cff1a87330aa708f
보조1,천도의목걸이,a25ee972d6dc799d60aca723b7cd55aa1f1c47bb85be5ec3cff1a87330aa708f
보조2,마사의귀목,a25ee972d6dc799d60aca723b7cd55aa1f1c47bb85be5ec3cff1a87330aa708f
얼굴장식,시바의시선,a25ee972d6dc799d60aca723b7cd55aa1f1c47bb85be5ec3cff1a87330aa708f
캐시 투구,초코델리소녀헤어,a25ee972d6dc799d60aca723b7cd55aa1f1c47bb85be5ec3cff1a87330aa708f
망토,용성장견'비8성,a25ee972d6dc799d60aca723b7cd55aa1f1c47bb85be5ec3cff1a87330aa708f
캐시 겉옷,토끼소녀의상No01,a25ee972d6dc799d60aca723b7cd55aa1f1c47bb85be5ec3cff1a87330aa708f
신발,사령웅의앞발,a25ee972d6dc799d60aca723b7cd55aa1f1c47bb85be5ec3cff1a87330aa708f
목/어깨장식,고대마령의목걸이8성,a25ee972d6dc799d60aca723b7cd55aa1f1c47bb85be5ec3cff1a87330aa708f
캐시 무기,,a25ee972d6dc799d60aca723b7cd55aa1f1c47bb85be5ec3cff1a87330aa708f
캐시 방패/보조무기,바린이가방,a25ee972d6dc799d60aca723b7cd55aa1f1c47bb85be5ec3cff1a87330aa708f
캐시 얼굴장식,,a25ee972d6dc799d60aca723b7cd55aa1f1c47bb85be5ec3cff1a87330aa708f
캐시 망토,어부구함,a25ee972d6dc799d60aca723b7cd55aa1f1c47bb85be5ec3cff1a87330aa708f
캐시 신발,토끼발자국No01,a25ee972d6dc799d60aca723b7cd55aa1f1c47bb85be5ec3cff1a87330aa708f
캐시 목/어깨장식,형광우비망토No02,a25ee972d6dc799d60aca723b7cd55aa1f1c47bb85be5ec3cff1a87330aa708f
세트옷,[괴수의상]아이라바타1성,a25ee972d6dc799d60aca723b7cd55aa1f1c47bb85be5ec3cff1a87330aa708f
캐시 세트옷,[탐험]초성인성초,a25ee972d6dc799d60aca723b7cd55aa1f1c47bb85be5ec3cff1a87330aa708f
장신구,붉은토끼풀노리개2성,a25ee972d6dc799d60aca723b7cd55aa1f1c47bb85be5ec3cff1a87330aa708f
캐시 장신구,값진행운브로치,a25ee972d6dc799d60aca723b7cd55aa1f1c47bb85be5ec3cff1a87330aa708f
무기,후암구겸7성,a25ee972d6dc799d60aca723b7cd55aa67f9dee769395f0a90eb008a9d292c66
갑옷,환웅의창의'8성,a25ee972d6dc799d60aca723b7cd55aa67f9dee769395f0a90eb008a9d292c66
방패/보조무기,,a25ee972d6dc799d60aca723b7cd55aa67f9dee769395f0a90eb008a9d292c66
투구,환웅의복면'7성,a25ee972d6dc799d60aca723b7cd55aa67f9dee769395f0a90eb008a9d292c66
왼손,태염반지6성,a25ee972d6dc799d60aca723b7cd55aa67f9dee769395f0a90eb008a9d292c66
오른손,태염반지6성,a25ee972d6dc799d60aca723b7cd55aa67f9dee769395f0a90eb008a9d292c66
보조1,마령의노리개'흑6성,a25ee972d6dc799d60aca723b7cd55aa67f9dee769395f0a90eb008a9d292c66
보조2,마사의귀목,a25ee972d6dc799d60aca723b7cd55aa67f9dee769395f0a90eb008a9d292c66
얼굴장식,조사장의가면,a25ee972d6dc799d60aca723b7cd55aa67f9dee769395f0a90eb008a9d292c66
캐시 투구,환계나무꾼두각,a25ee972d6dc799d60aca723b7cd55aa67f9dee769395f0a90eb008a9d292c66
망토,고대마령의칼날7성,a25ee972d6dc799d60aca723b7cd55aa67f9dee769395f0a90eb008a9d292c66
캐시 겉옷,반짇고리도깨비의상No04,a25ee972d6dc799d60aca723b7cd55aa67f9dee769395f0a90eb008a9d292c66
신발,사령웅의앞발,a25ee972d6dc799d60aca723b7cd55aa67f9dee769395f0a90eb008a9d292c66
목/어깨장식,고대마령의목걸이6성,a25ee972d6dc799d60aca723b7cd55aa67f9dee769395f0a90eb008a9d292c66
캐시 무기,반짇고리도깨비방망이,a25ee972d6dc799d60aca723b7cd55aa67f9dee769395f0a90eb008a9d292c66
캐시 방패/보조무기,다이어터팝콘,a25ee972d6dc799d60aca723b7cd55aa67f9dee769395f0a90eb008a9d292c66
캐시 얼굴장식,,a25ee972d6dc799d60aca723b7cd55aa67f9dee769395f0a90eb008a9d292c66
캐시 망토,충무공망토(남)No02,a25ee972d6dc799d60aca723b7cd55aa67f9dee769395f0a90eb008a9d292c66
캐시 신발,환계청솔초가,a25ee972d6dc799d60aca723b7cd55aa67f9dee769395f0a90eb008a9d292c66
캐시 목/어깨장식,,a25ee972d6dc799d60aca723b7cd55aa67f9dee769395f0a90eb008a9d292c66
세트옷,[괴수의상]아이라바타1성,a25ee972d6dc799d60aca723b7cd55aa67f9dee769395f0a90eb008a9d292c66
캐시 세트옷,,a25ee972d6dc799d60aca723b7cd55aa67f9dee769395f0a90eb008a9d292c66
장신구,파란나비노리개1성,a25ee972d6dc799d60aca723b7cd55aa67f9dee769395f0a90eb008a9d292c66
캐시 장신구,,a25ee972d6dc799d60aca723b7cd55aa67f9dee769395f0a90eb008a9d292c66
,,a25ee972d6dc799d60aca723b7cd55aa0176d0ab008171661884a571031825a8
,,a25ee972d6dc799d60aca723b7cd55aa0176d0ab008171661884a571031825a8
,,a25ee972d6dc799d60aca723b7cd55aa0176d0ab008171661884a571031825a8
,,a25ee972d6dc799d60aca723b7cd55aa0176d0ab008171661884a571031825a8
,,a25ee972d6dc799d60aca723b7cd55aa0176d0ab008171661884a571031825a8
오른손,환웅의투수'9성,a25ee972d6dc799d60aca723b7cd55aa0176d0ab008171661884a571031825a8
보조1,마령의노리개'흑8성,a25ee972d6dc799d60aca723b7cd55aa0176d0ab008171661884a571031825a8
보조2,마사의귀목,a25ee972d6dc799d60aca723b7cd55aa0176d0ab008171661884a571031825a8
얼굴장식,시바의시선,a25ee972d6dc799d60aca723b7cd55aa0176d0ab008171661884a571031825a8
캐시 투구,둥글눈사람얼굴,a25ee972d6dc799d60aca723b7cd55aa0176d0ab008171661884a571031825a8
망토,무신귀갑주7성,a25ee972d6dc799d60aca723b7cd55aa0176d0ab008171661884a571031825a8
캐시 겉옷,값진설날교복(여),a25ee972d6dc799d60aca723b7cd55aa0176d0ab008171661884a571031825a8
신발,사령웅의앞발,a25ee972d6dc799d60aca723b7cd55aa0176d0ab008171661884a571031825a8
목/어깨장식,고대마령의목걸이8성,a25ee972d6dc799d60aca723b7cd55aa0176d0ab008171661884a571031825a8
캐시 무기,GM[구]심판의낫,a25ee972d6dc799d60aca723b7cd55aa0176d0ab008171661884a571031825a8
캐시 방패/보조무기,곤충채집텅빈통,a25ee972d6dc799d60aca723b7cd55aa0176d0ab008171661884a571031825a8
캐시 얼굴장식,,a25ee972d6dc799d60aca723b7cd55aa0176d0ab008171661884a571031825a8
캐시 망토,멍멍이꼬리No03,a25ee972d6dc799d60aca723b7cd55aa0176d0ab008171661884a571031825a8
캐시 신발,앤틱바람배경,a25ee972d6dc799d60aca723b7cd55aa0176d0ab008171661884a571031825a8
캐시 목/어깨장식,말랑오리튜브,a25ee972d6dc799d60aca723b7cd55aa0176d0ab008171661884a571031825a8
세트옷,강철의탐,a25ee972d6dc799d60aca723b7cd55aa0176d0ab008171661884a571031825a8
캐시 세트옷,,a25ee972d6dc799d60aca723b7cd55aa0176d0ab008171661884a571031825a8
장신구,자수원앙노리개1성,a25ee972d6dc799d60aca723b7cd55aa0176d0ab008171661884a571031825a8
캐시 장신구,보부상머리위참새,a25ee972d6dc799d60aca723b7cd55aa0176d0ab008171661884a571031825a8
무기,용비제십겸,a25ee972d6dc799d60aca723b7cd55aa67d98642812b4fd69752e3f0a49f154f
갑옷,용비파천갑8성,a25ee972d6dc799d60aca723b7cd55aa67d98642812b4fd69752e3f0a49f154f
방패/보조무기,,a25ee972d6dc799d60aca723b7cd55aa67d98642812b4fd69752e3f0a49f154f
투구,용아투구'비8성,a25ee972d6dc799d60aca723b7cd55aa67d98642812b4fd69752e3f0a49f154f
왼손,용발톱흑광노리개9성,a25ee972d6dc799d60aca723b7cd55aa67d98642812b4fd69752e3f0a49f154f
오른손,용발톱흑광노리개9성,a25ee972d6dc799d60aca723b7cd55aa67d98642812b4fd69752e3f0a49f154f
보조1,마사의귀목,a25ee972d6dc799d60aca723b7cd55aa67d98642812b4fd69752e3f0a49f154f
보조2,마사의귀목,a25ee972d6dc799d60aca723b7cd55aa67d98642812b4fd69752e3f0a49f154f
얼굴장식,고대마령의암막8성,a25ee972d6dc799d60aca723b7cd55aa67d98642812b4fd69752e3f0a49f154f
캐시 투구,애완령'영(머리),a25ee972d6dc799d60aca723b7cd55aa67d98642812b4fd69752e3f0a49f154f
망토,용성장견'비8성,a25ee972d6dc799d60aca723b7cd55aa67d98642812b4fd69752e3f0a49f154f
캐시 겉옷,황금가마솥의상(남),a25ee972d6dc799d60aca723b7cd55aa67d98642812b4fd69752e3f0a49f154f
신발,고대마령의군화'흑8성,a25ee972d6dc799d60aca723b7cd55aa67d98642812b4fd69752e3f0a49f154f
목/어깨장식,고대마령의목걸이8성,a25ee972d6dc799d60aca723b7cd55aa67d98642812b4fd69752e3f0a49f154f
캐시 무기,행운의채굴곡괭이,a25ee972d6dc799d60aca723b7cd55aa67d98642812b4fd69752e3f0a49f154f
캐시 방패/보조무기,나락의사신염주,a25ee972d6dc799d60aca723b7cd55aa67d98642812b4fd69752e3f0a49f154f
캐시 얼굴장식,백악산군창귀부림,a25ee972d6dc799d60aca723b7cd55aa67d98642812b4fd69752e3f0a49f154f
캐시 망토,등뒤에와글귀,a25ee972d6dc799d60aca723b7cd55aa67d98642812b4fd69752e3f0a49f154f
캐시 신발,발밑에출렁귀,a25ee972d6dc799d60aca723b7cd55aa67d98642812b4fd69752e3f0a49f154f
캐시 목/어깨장식,애완령'영(어깨),a25ee972d6dc799d60aca723b7cd55aa67d98642812b4fd69752e3f0a49f154f
세트옷,강철의탐,a25ee972d6dc799d60aca723b7cd55aa67d98642812b4fd69752e3f0a49f154f
캐시 세트옷,,a25ee972d6dc799d60aca723b7cd55aa67d98642812b4fd69752e3f0a49f154f
장신구,붉은토끼풀노리개1성,a25ee972d6dc799d60aca723b7cd55aa67d98642812b4fd69752e3f0a49f154f
캐시 장신구,,a25ee972d6dc799d60aca723b7cd55aa67d98642812b4fd69752e3f0a49f154f
무기,후암구겸8성,a25ee972d6dc799d60aca723b7cd55aaca1acb01c26eceaa1a084a7639474418
갑옷,환웅의천예'7성,a25ee972d6dc799d60aca723b7cd55aaca1acb01c26eceaa1a084a7639474418
방패/보조무기,,a25ee972d6dc799d60aca723b7cd55aaca1acb01c26eceaa1a084a7639474418
투구,환웅의복면'7성,a25ee972d6dc799d60aca723b7cd55aaca1acb01c26eceaa1a084a7639474418
왼손,태염반지6성,a25ee972d6dc799d60aca723b7cd55aaca1acb01c26eceaa1a084a7639474418
오른손,태염반지6성,a25ee972d6dc799d60aca723b7cd55aaca1acb01c26eceaa1a084a7639474418
보조1,마사의귀목,a25ee972d6dc799d60aca723b7cd55aaca1acb01c26eceaa1a084a7639474418
보조2,마사의귀목,a25ee972d6dc799d60aca723b7cd55aaca1acb01c26eceaa1a084a7639474418
얼굴장식,조사장의가면,a25ee972d6dc799d60aca723b7cd55aaca1acb01c26eceaa1a084a7639474418
캐시 투구,앙큼한여우귀No01,a25ee972d6dc799d60aca723b7cd55aaca1acb01c26eceaa1a084a7639474418
망토,고대마령의칼날7성,a25ee972d6dc799d60aca723b7cd55aaca1acb01c26eceaa1a084a7639474418
캐시 겉옷,로맨틱숙녀의상No01,a25ee972d6dc799d60aca723b7cd55aaca1acb01c26eceaa1a084a7639474418
신발,사령웅의앞발,a25ee972d6dc799d60aca723b7cd55aaca1acb01c26eceaa1a084a7639474418
목/어깨장식,고대마령의목걸이6성,a25ee972d6dc799d60aca723b7cd55aaca1acb01c26eceaa1a084a7639474418
캐시 무기,환계연꽃송이,a25ee972d6dc799d60aca723b7cd55aaca1acb01c26eceaa1a084a7639474418
캐시 방패/보조무기,,a25ee972d6dc799d60aca723b7cd55aaca1acb01c26eceaa1a084a7639474418
캐시 얼굴장식,,a25ee972d6dc799d60aca723b7cd55aaca1acb01c26eceaa1a084a7639474418
캐시 망토,환계나비정령,a25ee972d6dc799d60aca723b7cd55aaca1acb01c26eceaa1a084a7639474418
캐시 신발,한가위토깽의달,a25ee972d6dc799d60aca723b7cd55aaca1acb01c26eceaa1a084a7639474418
캐시 목/어깨장식,,a25ee972d6dc799d60aca723b7cd55aaca1acb01c26eceaa1a084a7639474418
세트옷,도깨비탐,a25ee972d6dc799d60aca723b7cd55aaca1acb01c26eceaa1a084a7639474418
캐시 세트옷,,a25ee972d6dc799d60aca723b7cd55aaca1acb01c26eceaa1a084a7639474418
장신구,파란나비노리개1성,a25ee972d6dc799d60aca723b7cd55aaca1acb01c26eceaa1a084a7639474418
캐시 장신구,달콤반짝이No01,a25ee972d6dc799d60aca723b7cd55aaca1acb01c26eceaa1a084a7639474418
무기,환웅천구겸'9각,a25ee972d6dc799d60aca723b7cd55aaf473baeb405288f8929932c191f20b20
갑옷,환웅의창의'8성,a25ee972d6dc799d60aca723b7cd55aaf473baeb405288f8929932c191f20b20
방패/보조무기,,a25ee972d6dc799d60aca723b7cd55aaf473baeb405288f8929932c191f20b20
투구,환웅의복면'8성,a25ee972d6dc799d60aca723b7cd55aaf473baeb405288f8929932c191f20b20
왼손,태염반지6성,a25ee972d6dc799d60aca723b7cd55aaf473baeb405288f8929932c191f20b20
오른손,태염반지6성,a25ee972d6dc799d60aca723b7cd55aaf473baeb405288f8929932c191f20b20
보조1,마사의귀목,a25ee972d6dc799d60aca723b7cd55aaf473baeb405288f8929932c191f20b20
보조2,마사의귀목,a25ee972d6dc799d60aca723b7cd55aaf473baeb405288f8929932c191f20b20
얼굴장식,조사장의가면,a25ee972d6dc799d60aca723b7cd55aaf473baeb405288f8929932c191f20b20
캐시 투구,꽃을든남친헤어No01,a25ee972d6dc799d60aca723b7cd55aaf473baeb405288f8929932c191f20b20
망토,마겸의망토,a25ee972d6dc799d60aca723b7cd55aaf473baeb405288f8929932c191f20b20
캐시 겉옷,오버핏보이코트No02,a25ee972d6dc799d60aca723b7cd55aaf473baeb405288f8929932c191f20b20
신발,사령웅의앞발,a25ee972d6dc799d60aca723b7cd55aaf473baeb405288f8929932c191f20b20
목/어깨장식,고대마령의목걸이6성,a25ee972d6dc799d60aca723b7cd55aaf473baeb405288f8929932c191f20b20
캐시 무기,,a25ee972d6dc799d60aca723b7cd55aaf473baeb405288f8929932c191f20b20
캐시 방패/보조무기,나이트워커슈퍼카No01,a25ee972d6dc799d60aca723b7cd55aaf473baeb405288f8929932c191f20b20
캐시 얼굴장식,,a25ee972d6dc799d60aca723b7cd55aaf473baeb405288f8929932c191f20b20
캐시 망토,오버핏보이크로스백,a25ee972d6dc799d60aca723b7cd55aaf473baeb405288f8929932c191f20b20
캐시 신발,뽀짝피그황금동전,a25ee972d6dc799d60aca723b7cd55aaf473baeb405288f8929932c191f20b20
캐시 목/어깨장식,,a25ee972d6dc799d60aca723b7cd55aaf473baeb405288f8929932c191f20b20
세트옷,레트로용사정령,a25ee972d6dc799d60aca723b7cd55aaf473baeb405288f8929932c191f20b20
캐시 세트옷,,a25ee972d6dc799d60aca723b7cd55aaf473baeb405288f8929932c191f20b20
장신구,파란나비노리개1성,a25ee972d6dc799d60aca723b7cd55aaf473baeb405288f8929932c191f20b20
캐시 장신구,새내기사각뿔테,a25ee972d6dc799d60aca723b7cd55aaf473baeb405288f8929932c191f20b20
무기,적영구겸5성,a25ee972d6dc799d60aca723b7cd55aaf45548ebdfb5adbdb779836af5820649
갑옷,환웅의창예'7성,a25ee972d6dc799d60aca723b7cd55aaf45548ebdfb5adbdb779836af5820649
방패/보조무기,,a25ee972d6dc799d60aca723b7cd55aaf45548ebdfb5adbdb779836af5820649
투구,용아투구'비1성,a25ee972d6dc799d60aca723b7cd55aaf45548ebdfb5adbdb779836af5820649
왼손,타락한영요반지'격,a25ee972d6dc799d60aca723b7cd55aaf45548ebdfb5adbdb779836af5820649
오른손,타락한영요반지'격,a25ee972d6dc799d60aca723b7cd55aaf45548ebdfb5adbdb779836af5820649
보조1,마사의귀목,a25ee972d6dc799d60aca723b7cd55aaf45548ebdfb5adbdb779836af5820649
보조2,마사의귀목,a25ee972d6dc799d60aca723b7cd55aaf45548ebdfb5adbdb779836af5820649
얼굴장식,,a25ee972d6dc799d60aca723b7cd55aaf45548ebdfb5adbdb779836af5820649
캐시 투구,고양이귀장식,a25ee972d6dc799d60aca723b7cd55aaf45548ebdfb5adbdb779836af5820649
망토,용성장견'비1성,a25ee972d6dc799d60aca723b7cd55aaf45548ebdfb5adbdb779836af5820649
캐시 겉옷,커플소녀의상No01,a25ee972d6dc799d60aca723b7cd55aaf45548ebdfb5adbdb779836af5820649
신발,사령웅의앞발,a25ee972d6dc799d60aca723b7cd55aaf45548ebdfb5adbdb779836af5820649
목/어깨장식,,a25ee972d6dc799d60aca723b7cd55aaf45548ebdfb5adbdb779836af5820649
캐시 무기,,a25ee972d6dc799d60aca723b7cd55aaf45548ebdfb5adbdb779836af5820649
캐시 방패/보조무기,꿈요정러블리향수,a25ee972d6dc799d60aca723b7cd55aaf45548ebdfb5adbdb779836af5820649
캐시 얼굴장식,,a25ee972d6dc799d60aca723b7cd55aaf45548ebdfb5adbdb779836af5820649
캐시 망토,[패스]함박눈망토,a25ee972d6dc799d60aca723b7cd55aaf45548ebdfb5adbdb779836af5820649
캐시 신발,[패스]멍뭉이눈사람,a25ee972d6dc799d60aca723b7cd55aaf45548ebdfb5adbdb779836af5820649
캐시 목/어깨장식,,a25ee972d6dc799d60aca723b7cd55aaf45548ebdfb5adbdb779836af5820649
세트옷,싸울아비분신,a25ee972d6dc799d60aca723b7cd55aaf45548ebdfb5adbdb779836af5820649
캐시 세트옷,,a25ee972d6dc799d60aca723b7cd55aaf45548ebdfb5adbdb779836af5820649
장신구,자수원앙노리개1성,a25ee972d6dc799d60aca723b7cd55aaf45548ebdfb5adbdb779836af5820649
캐시 장신구,,a25ee972d6dc799d60aca723b7cd55aaf45548ebdfb5adbdb779836af5820649
무기,고대마령의적혈겸8성,a25ee972d6dc799d60aca723b7cd55aab93dbd8d8b6645af987a6bdb7d12b09f
갑옷,환웅의연갑'9성,a25ee972d6dc799d60aca723b7cd55aab93dbd8d8b6645af987a6bdb7d12b09f
방패/보조무기,,a25ee972d6dc799d60aca723b7cd55aab93dbd8d8b6645af987a6bdb7d12b09f
투구,태광천신금잠7성,a25ee972d6dc799d60aca723b7cd55aab93dbd8d8b6645af987a6bdb7d12b09f
왼손,태염반지6성,a25ee972d6dc799d60aca723b7cd55aab93dbd8d8b6645af987a6bdb7d12b09f
오른손,,a25ee972d6dc799d60aca723b7cd55aab93dbd8d8b6645af987a6bdb7d12b09f
보조1,빛나는마사의귀목,a25ee972d6dc799d60aca723b7cd55aab93dbd8d8b6645af987a6bdb7d12b09f
보조2,마사의귀목,a25ee972d6dc799d60aca723b7cd55aab93dbd8d8b6645af987a6bdb7d12b09f
얼굴장식,조사장의가면,a25ee972d6dc799d60aca723b7cd55aab93dbd8d8b6645af987a6bdb7d12b09f
캐시 투구,,a25ee972d6dc799d60aca723b7cd55aab93dbd8d8b6645af987a6bdb7d12b09f
망토,용성장견'비8성,a25ee972d6dc799d60aca723b7cd55aab93dbd8d8b6645af987a6bdb7d12b09f
캐시 겉옷,,a25ee972d6dc799d60aca723b7cd55aab93dbd8d8b6645af987a6bdb7d12b09f
신발,사령웅의앞발,a25ee972d6dc799d60aca723b7cd55aab93dbd8d8b6645af987a6bdb7d12b09f
목/어깨장식,사색인장,a25ee972d6dc799d60aca723b7cd55aab93dbd8d8b6645af987a6bdb7d12b09f
캐시 무기,,a25ee972d6dc799d60aca723b7cd55aab93dbd8d8b6645af987a6bdb7d12b09f
캐시 방패/보조무기,별헤는크로스백,a25ee972d6dc799d60aca723b7cd55aab93dbd8d8b6645af987a6bdb7d12b09f
캐시 얼굴장식,,a25ee972d6dc799d60aca723b7cd55aab93dbd8d8b6645af987a6bdb7d12b09f
캐시 망토,,a25ee972d6dc799d60aca723b7cd55aab93dbd8d8b6645af987a6bdb7d12b09f
캐시 신발,,a25ee972d6dc799d60aca723b7cd55aab93dbd8d8b6645af987a6bdb7d12b09f
캐시 목/어깨장식,,a25ee972d6dc799d60aca723b7cd55aab93dbd8d8b6645af987a6bdb7d12b09f
세트옷,도깨비탐,a25ee972d6dc799d60aca723b7cd55aab93dbd8d8b6645af987a6bdb7d12b09f
캐시 세트옷,,a25ee972d6dc799d60aca723b7cd55aab93dbd8d8b6645af987a6bdb7d12b09f
장신구,,a25ee972d6dc799d60aca723b7cd55aab93dbd8d8b6645af987a6bdb7d12b09f
캐시 장신구,,a25ee972d6dc799d60aca723b7cd55aab93dbd8d8b6645af987a6bdb7d12b09f
무기,고대마령의적혈겸8성,a25ee972d6dc799d60aca723b7cd55aae92c6d230198099c574d8c3ed555440c
갑옷,환웅의창예'8성,a25ee972d6dc799d60aca723b7cd55aae92c6d230198099c574d8c3ed555440c
방패/보조무기,,a25ee972d6dc799d60aca723b7cd55aae92c6d230198099c574d8c3ed555440c
투구,환웅의복면'8성,a25ee972d6dc799d60aca723b7cd55aae92c6d230198099c574d8c3ed555440c
왼손,환웅의장갑'7성,a25ee972d6dc799d60aca723b7cd55aae92c6d230198099c574d8c3ed555440c
오른손,환웅의장갑'7성,a25ee972d6dc799d60aca723b7cd55aae92c6d230198099c574d8c3ed555440c
보조1,마사의귀목,a25ee972d6dc799d60aca723b7cd55aae92c6d230198099c574d8c3ed555440c
보조2,마사의귀목,a25ee972d6dc799d60aca723b7cd55aae92c6d230198099c574d8c3ed555440c
얼굴장식,조사장의가면,a25ee972d6dc799d60aca723b7cd55aae92c6d230198099c574d8c3ed555440c
캐시 투구,초코델리소녀헤어,a25ee972d6dc799d60aca723b7cd55aae92c6d230198099c574d8c3ed555440c
망토,금린화월6성,a25ee972d6dc799d60aca723b7cd55aae92c6d230198099c574d8c3ed555440c
캐시 겉옷,이매망량의상(여),a25ee972d6dc799d60aca723b7cd55aae92c6d230198099c574d8c3ed555440c
신발,사령웅의앞발,a25ee972d6dc799d60aca723b7cd55aae92c6d230198099c574d8c3ed555440c
목/어깨장식,고대마령의목걸이6성,a25ee972d6dc799d60aca723b7cd55aae92c6d230198099c574d8c3ed555440c
캐시 무기,,a25ee972d6dc799d60aca723b7cd55aae92c6d230198099c574d8c3ed555440c
캐시 방패/보조무기,,a25ee972d6dc799d60aca723b7cd55aae92c6d230198099c574d8c3ed555440c
캐시 얼굴장식,눈장식:쁘띠(오묘),a25ee972d6dc799d60aca723b7cd55aae92c6d230198099c574d8c3ed555440c
캐시 망토,사랑의플라워날개,a25ee972d6dc799d60aca723b7cd55aae92c6d230198099c574d8c3ed555440c
캐시 신발,토끼발자국No02,a25ee972d6dc799d60aca723b7cd55aae92c6d230198099c574d8c3ed555440c
캐시 목/어깨장식,웨딩목걸이,a25ee972d6dc799d60aca723b7cd55aae92c6d230198099c574d8c3ed555440c
세트옷,강철의탐,a25ee972d6dc799d60aca723b7cd55aae92c6d230198099c574d8c3ed555440c
캐시 세트옷,,a25ee972d6dc799d60aca723b7cd55aae92c6d230198099c574d8c3ed555440c
장신구,자수원앙노리개1성,a25ee972d6dc799d60aca723b7cd55aae92c6d230198099c574d8c3ed555440c
캐시 장신구,냥냥귀수염,a25ee972d6dc799d60aca723b7cd55aae92c6d230198099c574d8c3ed555440c
무기,백호풍괵'5성,7d575176d7031c0196f04e484c30fb273b57fd32b10f6214251c05b905aef05f
갑옷,태광천신의복8성,7d575176d7031c0196f04e484c30fb273b57fd32b10f6214251c05b905aef05f
방패/보조무기,고대마령의방패8성,7d575176d7031c0196f04e484c30fb273b57fd32b10f6214251c05b905aef05f
투구,백호풍투'4성,7d575176d7031c0196f04e484c30fb273b57fd32b10f6214251c05b905aef05f
왼손,고대물의성물'3성,7d575176d7031c0196f04e484c30fb273b57fd32b10f6214251c05b905aef05f
오른손,금린반지7성,7d575176d7031c0196f04e484c30fb273b57fd32b10f6214251c05b905aef05f
보조1,천도의목걸이,7d575176d7031c0196f04e484c30fb273b57fd32b10f6214251c05b905aef05f
보조2,마사의귀목,7d575176d7031c0196f04e484c30fb273b57fd32b10f6214251c05b905aef05f
얼굴장식,조사장의가면,7d575176d7031c0196f04e484c30fb273b57fd32b10f6214251c05b905aef05f
캐시 투구,,7d575176d7031c0196f04e484c30fb273b57fd32b10f6214251c05b905aef05f
망토,무신귀갑주7성,7d575176d7031c0196f04e484c30fb273b57fd32b10f6214251c05b905aef05f
캐시 겉옷,[20주년]정장No02,7d575176d7031c0196f04e484c30fb273b57fd32b10f6214251c05b905aef05f
신발,사령웅의앞발,7d575176d7031c0196f04e484c30fb273b57fd32b10f6214251c05b905aef05f
목/어깨장식,단조의심단,7d575176d7031c0196f04e484c30fb273b57fd32b10f6214251c05b905aef05f
캐시 무기,행운의채굴곡괭이,7d575176d7031c0196f04e484c30fb273b57fd32b10f6214251c05b905aef05f
캐시 방패/보조무기,,7d575176d7031c0196f04e484c30fb273b57fd32b10f6214251c05b905aef05f
캐시 얼굴장식,,7d575176d7031c0196f04e484c30fb273b57fd32b10f6214251c05b905aef05f
캐시 망토,충무공망토(남)No02,7d575176d7031c0196f04e484c30fb273b57fd32b10f6214251c05b905aef05f
캐시 신발,봉황태양의기운,7d575176d7031c0196f04e484c30fb273b57fd32b10f6214251c05b905aef05f
캐시 목/어깨장식,스트릿캐주얼사각목걸이,7d575176d7031c0196f04e484c30fb273b57fd32b10f6214251c05b905aef05f
세트옷,[괴수의상]아그니1성,7d575176d7031c0196f04e484c30fb273b57fd32b10f6214251c05b905aef05f
캐시 세트옷,[구]망또No05,7d575176d7031c0196f04e484c30fb273b57fd32b10f6214251c05b905aef05f
장신구,붉은토끼풀노리개1성,7d575176d7031c0196f04e484c30fb273b57fd32b10f6214251c05b905aef05f
캐시 장신구,검정똑딱삔,7d575176d7031c0196f04e484c30fb273b57fd32b10f6214251c05b905aef05f
무기,용마제십검,7114580465f13a5df0e6f45a857a627cc18d744d2d8e419404fadac1b1532d4b
갑옷,태광천신의복8성,7114580465f13a5df0e6f45a857a627cc18d744d2d8e419404fadac1b1532d4b
방패/보조무기,백호의신물'6성,7114580465f13a5df0e6f45a857a627cc18d744d2d8e419404fadac1b1532d4b
투구,용아투구'마8성,7114580465f13a5df0e6f45a857a627cc18d744d2d8e419404fadac1b1532d4b
왼손,용비늘흑광노리개9성,7114580465f13a5df0e6f45a857a627cc18d744d2d8e419404fadac1b1532d4b
오른손,패자황금장갑,7114580465f13a5df0e6f45a857a627cc18d744d2d8e419404fadac1b1532d4b
보조1,천도의목걸이,7114580465f13a5df0e6f45a857a627cc18d744d2d8e419404fadac1b1532d4b
보조2,빛나는마사의귀목,7114580465f13a5df0e6f45a857a627cc18d744d2d8e419404fadac1b1532d4b
얼굴장식,조사장의가면,7114580465f13a5df0e6f45a857a627cc18d744d2d8e419404fadac1b1532d4b
캐시 투구,할로윈은빛왕관,7114580465f13a5df0e6f45a857a627cc18d744d2d8e419404fadac1b1532d4b
망토,용성장견'마8성,7114580465f13a5df0e6f45a857a627cc18d744d2d8e419404fadac1b1532d4b
캐시 겉옷,토끼소년의상No01,7114580465f13a5df0e6f45a857a627cc18d744d2d8e419404fadac1b1532d4b
신발,고대마령의군화'흑8성,7114580465f13a5df0e6f45a857a627cc18d744d2d8e419404fadac1b1532d4b
목/어깨장식,생명의목걸이'4성,7114580465f13a5df0e6f45a857a627cc18d744d2d8e419404fadac1b1532d4b
캐시 무기,오래된채굴곡괭이,7114580465f13a5df0e6f45a857a627cc18d744d2d8e419404fadac1b1532d4b
캐시 방패/보조무기,웨딩비둘기,7114580465f13a5df0e6f45a857a627cc18d744d2d8e419404fadac1b1532d4b
캐시 얼굴장식,눈장식:칼라렌즈(악마),7114580465f13a5df0e6f45a857a627cc18d744d2d8e419404fadac1b1532d4b
캐시 망토,벚꽃장식No02,7114580465f13a5df0e6f45a857a627cc18d744d2d8e419404fadac1b1532d4b
캐시 신발,,7114580465f13a5df0e6f45a857a627cc18d744d2d8e419404fadac1b1532d4b
캐시 목/어깨장식,20주년순백하트목걸이,7114580465f13a5df0e6f45a857a627cc18d744d2d8e419404fadac1b1532d4b
세트옷,[괴수의상]아이라바타1성,7114580465f13a5df0e6f45a857a627cc18d744d2d8e419404fadac1b1532d4b
캐시 세트옷,[구]망또No02,7114580465f13a5df0e6f45a857a627cc18d744d2d8e419404fadac1b1532d4b
장신구,붉은토끼풀노리개1성,7114580465f13a5df0e6f45a857a627cc18d744d2d8e419404fadac1b1532d4b
캐시 장신구,바린족얼굴무늬No02,7114580465f13a5df0e6f45a857a627cc18d744d2d8e419404fadac1b1532d4b
무기,용마제십검,2bdf96b88bf3acce5fdaeca39c2fdf136ad7f302027663da265ef3f8f560ab02
갑옷,용마파천갑9성,2bdf96b88bf3acce5fdaeca39c2fdf136ad7f302027663da265ef3f8f560ab02
방패/보조무기,고대마령의단검9성,2bdf96b88bf3acce5fdaeca39c2fdf136ad7f302027663da265ef3f8f560ab02
투구,용아투구'마8성,2bdf96b88bf3acce5fdaeca39c2fdf136ad7f302027663da265ef3f8f560ab02
왼손,[상급]봉래산반지,2bdf96b88bf3acce5fdaeca39c2fdf136ad7f302027663da265ef3f8f560ab02
오른손,[상급]봉래산반지,2bdf96b88bf3acce5fdaeca39c2fdf136ad7f302027663da265ef3f8f560ab02
보조1,마사의귀목,2bdf96b88bf3acce5fdaeca39c2fdf136ad7f302027663da265ef3f8f560ab02
보조2,마사의귀목,2bdf96b88bf3acce5fdaeca39c2fdf136ad7f302027663da265ef3f8f560ab02
얼굴장식,조사장의가면,2bdf96b88bf3acce5fdaeca39c2fdf136ad7f302027663da265ef3f8f560ab02
캐시 투구,꽃도령갓,2bdf96b88bf3acce5fdaeca39c2fdf136ad7f302027663da265ef3f8f560ab02
망토,용성장견'마8성,2bdf96b88bf3acce5fdaeca39c2fdf136ad7f302027663da265ef3f8f560ab02
캐시 겉옷,환수계정령의상No02,2bdf96b88bf3acce5fdaeca39c2fdf136ad7f302027663da265ef3f8f560ab02
신발,사령웅의앞발,2bdf96b88bf3acce5fdaeca39c2fdf136ad7f302027663da265ef3f8f560ab02
목/어깨장식,고대마령의목걸이8성,2bdf96b88bf3acce5fdaeca39c2fdf136ad7f302027663da265ef3f8f560ab02
캐시 무기,행운의채굴곡괭이,2bdf96b88bf3acce5fdaeca39c2fdf136ad7f302027663da265ef3f8f560ab02
캐시 방패/보조무기,,2bdf96b88bf3acce5fdaeca39c2fdf136ad7f302027663da265ef3f8f560ab02
캐시 얼굴장식,,2bdf96b88bf3acce5fdaeca39c2fdf136ad7f302027663da265ef3f8f560ab02
캐시 망토,천상계십이장복,2bdf96b88bf3acce5fdaeca39c2fdf136ad7f302027663da265ef3f8f560ab02
캐시 신발,비치쪼리(남),2bdf96b88bf3acce5fdaeca39c2fdf136ad7f302027663da265ef3f8f560ab02
캐시 목/어깨장식,반짝하트목걸이,2bdf96b88bf3acce5fdaeca39c2fdf136ad7f302027663da265ef3f8f560ab02
세트옷,[괴수의상]아그니1성,2bdf96b88bf3acce5fdaeca39c2fdf136ad7f302027663da265ef3f8f560ab02
캐시 세트옷,,2bdf96b88bf3acce5fdaeca39c2fdf136ad7f302027663da265ef3f8f560ab02
장신구,붉은토끼풀노리개1성,2bdf96b88bf3acce5fdaeca39c2fdf136ad7f302027663da265ef3f8f560ab02
캐시 장신구,초코델리귀걸이,2bdf96b88bf3acce5fdaeca39c2fdf136ad7f302027663da265ef3f8f560ab02
무기,극'진일신검,fe2b67647a0bc417aa751347b018cf0b468e3ef4256e5907eb19b13d20847b2e
갑옷,환웅의갑주'9성,fe2b67647a0bc417aa751347b018cf0b468e3ef4256e5907eb19b13d20847b2e
방패/보조무기,고대마령의단검6성,fe2b67647a0bc417aa751347b018cf0b468e3ef4256e5907eb19b13d20847b2e
투구,패자의왕관,fe2b67647a0bc417aa751347b018cf0b468e3ef4256e5907eb19b13d20847b2e
왼손,용발톱흑광노리개9성,fe2b67647a0bc417aa751347b018cf0b468e3ef4256e5907eb19b13d20847b2e
오른손,용발톱흑광노리개9성,fe2b67647a0bc417aa751347b018cf0b468e3ef4256e5907eb19b13d20847b2e
보조1,마사의귀목,fe2b67647a0bc417aa751347b018cf0b468e3ef4256e5907eb19b13d20847b2e
보조2,마사의귀목,fe2b67647a0bc417aa751347b018cf0b468e3ef4256e5907eb19b13d20847b2e
얼굴장식,조사장의가면,fe2b67647a0bc417aa751347b018cf0b468e3ef4256e5907eb19b13d20847b2e
캐시 투구,[패스]인어왕자헤어,fe2b67647a0bc417aa751347b018cf0b468e3ef4256e5907eb19b13d20847b2e
망토,용성장견'마8성,fe2b67647a0bc417aa751347b018cf0b468e3ef4256e5907eb19b13d20847b2e
캐시 겉옷,백악산군의상(남),fe2b67647a0bc417aa751347b018cf0b468e3ef4256e5907eb19b13d20847b2e
신발,사령웅의앞발,fe2b67647a0bc417aa751347b018cf0b468e3ef4256e5907eb19b13d20847b2e
목/어깨장식,고대마령의목걸이8성,fe2b67647a0bc417aa751347b018cf0b468e3ef4256e5907eb19b13d20847b2e
캐시 무기,인왕산금장환도,fe2b67647a0bc417aa751347b018cf0b468e3ef4256e5907eb19b13d20847b2e
캐시 방패/보조무기,앤틱바람고대종,fe2b67647a0bc417aa751347b018cf0b468e3ef4256e5907eb19b13d20847b2e
캐시 얼굴장식,[30주년]넥슨히어로하트,fe2b67647a0bc417aa751347b018cf0b468e3ef4256e5907eb19b13d20847b2e
캐시 망토,분홍꽃잎,fe2b67647a0bc417aa751347b018cf0b468e3ef4256e5907eb19b13d20847b2e
캐시 신발,바람유니콘별자리,fe2b67647a0bc417aa751347b018cf0b468e3ef4256e5907eb19b13d20847b2e
캐시 목/어깨장식,초코델리힙색No02,fe2b67647a0bc417aa751347b018cf0b468e3ef4256e5907eb19b13d20847b2e
세트옷,[괴수의상]아이라바타1성,fe2b67647a0bc417aa751347b018cf0b468e3ef4256e5907eb19b13d20847b2e
캐시 세트옷,,fe2b67647a0bc417aa751347b018cf0b468e3ef4256e5907eb19b13d20847b2e
장신구,자수원앙노리개1성,fe2b67647a0bc417aa751347b018cf0b468e3ef4256e5907eb19b13d20847b2e
캐시 장신구,금빛화랑귀걸이,fe2b67647a0bc417aa751347b018cf0b468e3ef4256e5907eb19b13d20847b2e
무기,,c0fb84cd33b078e4a7b1aab222e7c1b248457c64d7fb6d6b26d7b1e493c8dfd6
갑옷,,c0fb84cd33b078e4a7b1aab222e7c1b248457c64d7fb6d6b26d7b1e493c8dfd6
방패/보조무기,고대마령의방패8성,c0fb84cd33b078e4a7b1aab222e7c1b248457c64d7fb6d6b26d7b1e493c8dfd6
투구,,c0fb84cd33b078e4a7b1aab222e7c1b248457c64d7fb6d6b26d7b1e493c8dfd6
왼손,,c0fb84cd33b078e4a7b1aab222e7c1b248457c64d7fb6d6b26d7b1e493c8dfd6
오른손,,c0fb84cd33b078e4a7b1aab222e7c1b248457c64d7fb6d6b26d7b1e493c8dfd6
보조1,,c0fb84cd33b078e4a7b1aab222e7c1b248457c64d7fb6d6b26d7b1e493c8dfd6
보조2,,c0fb84cd33b078e4a7b1aab222e7c1b248457c64d7fb6d6b26d7b1e493c8dfd6
얼굴장식,,c0fb84cd33b078e4a7b1aab222e7c1b248457c64d7fb6d6b26d7b1e493c8dfd6
캐시 투구,,c0fb84cd33b078e4a7b1aab222e7c1b248457c64d7fb6d6b26d7b1e493c8dfd6
망토,진'암흑망토(손상),c0fb84cd33b078e4a7b1aab222e7c1b248457c64d7fb6d6b26d7b1e493c8dfd6
캐시 겉옷,,c0fb84cd33b078e4a7b1aab222e7c1b248457c64d7fb6d6b26d7b1e493c8dfd6
신발,고대마령의군화'흑8성,c0fb84cd33b078e4a7b1aab222e7c1b248457c64d7fb6d6b26d7b1e493c8dfd6
목/어깨장식,사색인장,c0fb84cd33b078e4a7b1aab222e7c1b248457c64d7fb6d6b26d7b1e493c8dfd6
캐시 무기,,c0fb84cd33b078e4a7b1aab222e7c1b248457c64d7fb6d6b26d7b1e493c8dfd6
캐시 방패/보조무기,,c0fb84cd33b078e4a7b1aab222e7c1b248457c64d7fb6d6b26d7b1e493c8dfd6
캐시 얼굴장식,눈장식:댕댕,c0fb84cd33b078e4a7b1aab222e7c1b248457c64d7fb6d6b26d7b1e493c8dfd6
캐시 망토,,c0fb84cd33b078e4a7b1aab222e7c1b248457c64d7fb6d6b26d7b1e493c8dfd6
캐시 신발,,c0fb84cd33b078e4a7b1aab222e7c1b248457c64d7fb6d6b26d7b1e493c8dfd6
캐시 목/어깨장식,,c0fb84cd33b078e4a7b1aab222e7c1b248457c64d7fb6d6b26d7b1e493c8dfd6
세트옷,전우치분신,c0fb84cd33b078e4a7b1aab222e7c1b248457c64d7fb6d6b26d7b1e493c8dfd6
캐시 세트옷,삐약삐약뼝아리,c0fb84cd33b078e4a7b1aab222e7c1b248457c64d7fb6d6b26d7b1e493c8dfd6
장신구,봉황삼작금노리개2성,c0fb84cd33b078e4a7b1aab222e7c1b248457c64d7fb6d6b26d7b1e493c8dfd6
캐시 장신구,,c0fb84cd33b078e4a7b1aab222e7c1b248457c64d7fb6d6b26d7b1e493c8dfd6
무기,용마제십검,fe2b67647a0bc417aa751347b018cf0b8909282b05672fbb1cbceac9f149389f
갑옷,패자황금갑주,fe2b67647a0bc417aa751347b018cf0b8909282b05672fbb1cbceac9f149389f
방패/보조무기,고대마령의단검8성,fe2b67647a0bc417aa751347b018cf0b8909282b05672fbb1cbceac9f149389f
투구,고대마령투구10성,fe2b67647a0bc417aa751347b018cf0b8909282b05672fbb1cbceac9f149389f
왼손,패자황금장갑,fe2b67647a0bc417aa751347b018cf0b8909282b05672fbb1cbceac9f149389f
오른손,패자황금장갑,fe2b67647a0bc417aa751347b018cf0b8909282b05672fbb1cbceac9f149389f
보조1,마령의노리개'흑10성,fe2b67647a0bc417aa751347b018cf0b8909282b05672fbb1cbceac9f149389f
보조2,마사의귀목,fe2b67647a0bc417aa751347b018cf0b8909282b05672fbb1cbceac9f149389f
얼굴장식,고대마령의암막8성,fe2b67647a0bc417aa751347b018cf0b8909282b05672fbb1cbceac9f149389f
캐시 투구,은설랑머리장식,fe2b67647a0bc417aa751347b018cf0b8909282b05672fbb1cbceac9f149389f
망토,용성장견'마8성,fe2b67647a0bc417aa751347b018cf0b8909282b05672fbb1cbceac9f149389f
캐시 겉옷,은설랑의복,fe2b67647a0bc417aa751347b018cf0b8909282b05672fbb1cbceac9f149389f
신발,고대마령의군화'흑8성,fe2b67647a0bc417aa751347b018cf0b8909282b05672fbb1cbceac9f149389f
목/어깨장식,고대마령의목걸이8성,fe2b67647a0bc417aa751347b018cf0b8909282b05672fbb1cbceac9f149389f
캐시 무기,행운의채굴곡괭이,fe2b67647a0bc417aa751347b018cf0b8909282b05672fbb1cbceac9f149389f
캐시 방패/보조무기,,fe2b67647a0bc417aa751347b018cf0b8909282b05672fbb1cbceac9f149389f
캐시 얼굴장식,눈장식:칼라렌즈(사파이어),fe2b67647a0bc417aa751347b018cf0b8909282b05672fbb1cbceac9f149389f
캐시 망토,이매망량도깨비무리,fe2b67647a0bc417aa751347b018cf0b8909282b05672fbb1cbceac9f149389f
캐시 신발,이매망량큰운무,fe2b67647a0bc417aa751347b018cf0b8909282b05672fbb1cbceac9f149389f
캐시 목/어깨장식,,fe2b67647a0bc417aa751347b018cf0b8909282b05672fbb1cbceac9f149389f
세트옷,[괴수의상]바루나1성,fe2b67647a0bc417aa751347b018cf0b8909282b05672fbb1cbceac9f149389f
캐시 세트옷,고대구망또신수의상No05,fe2b67647a0bc417aa751347b018cf0b8909282b05672fbb1cbceac9f149389f
장신구,파란나비노리개2성,fe2b67647a0bc417aa751347b018cf0b8909282b05672fbb1cbceac9f149389f
캐시 장신구,자체발광헤어글리터,fe2b67647a0bc417aa751347b018cf0b8909282b05672fbb1cbceac9f149389f
무기,용마제십검,382ad9a535826508362bf7a982f5e5cdcbb3c907f671f81b513c33c9e14b440b
갑옷,용마파천갑8성,382ad9a535826508362bf7a982f5e5cdcbb3c907f671f81b513c33c9e14b440b
방패/보조무기,고대마령의단검8성,382ad9a535826508362bf7a982f5e5cdcbb3c907f671f81b513c33c9e14b440b
투구,용아투구'마8성,382ad9a535826508362bf7a982f5e5cdcbb3c907f671f81b513c33c9e14b440b
왼손,바람청옥장갑,382ad9a535826508362bf7a982f5e5cdcbb3c907f671f81b513c33c9e14b440b
오른손,패자황금장갑,382ad9a535826508362bf7a982f5e5cdcbb3c907f671f81b513c33c9e14b440b
보조1,마사의귀목,382ad9a535826508362bf7a982f5e5cdcbb3c907f671f81b513c33c9e14b440b
보조2,마사의귀목,382ad9a535826508362bf7a982f5e5cdcbb3c907f671f81b513c33c9e14b440b
얼굴장식,조사장의가면,382ad9a535826508362bf7a982f5e5cdcbb3c907f671f81b513c33c9e14b440b
캐시 투구,바람탐정의갓,382ad9a535826508362bf7a982f5e5cdcbb3c907f671f81b513c33c9e14b440b
망토,용성장견'마8성,382ad9a535826508362bf7a982f5e5cdcbb3c907f671f81b513c33c9e14b440b
캐시 겉옷,고고한선비도포(남),382ad9a535826508362bf7a982f5e5cdcbb3c907f671f81b513c33c9e14b440b
신발,사령웅의앞발,382ad9a535826508362bf7a982f5e5cdcbb3c907f671f81b513c33c9e14b440b
목/어깨장식,고대마령의목걸이8성,382ad9a535826508362bf7a982f5e5cdcbb3c907f671f81b513c33c9e14b440b
캐시 무기,용마제십검의허물,382ad9a535826508362bf7a982f5e5cdcbb3c907f671f81b513c33c9e14b440b
캐시 방패/보조무기,[콩술사]유리염주,382ad9a535826508362bf7a982f5e5cdcbb3c907f671f81b513c33c9e14b440b
캐시 얼굴장식,풍선껌,382ad9a535826508362bf7a982f5e5cdcbb3c907f671f81b513c33c9e14b440b
캐시 망토,난춘서생두루마기,382ad9a535826508362bf7a982f5e5cdcbb3c907f671f81b513c33c9e14b440b
캐시 신발,[콩림]차사신,382ad9a535826508362bf7a982f5e5cdcbb3c907f671f81b513c33c9e14b440b
캐시 목/어깨장식,나그네호리병,382ad9a535826508362bf7a982f5e5cdcbb3c907f671f81b513c33c9e14b440b
세트옷,[괴수의상]아그니1성,382ad9a535826508362bf7a982f5e5cdcbb3c907f671f81b513c33c9e14b440b
캐시 세트옷,,382ad9a535826508362bf7a982f5e5cdcbb3c907f671f81b513c33c9e14b440b
장신구,붉은토끼풀노리개2성,382ad9a535826508362bf7a982f5e5cdcbb3c907f671f81b513c33c9e14b440b
캐시 장신구,초코델리귀걸이,382ad9a535826508362bf7a982f5e5cdcbb3c907f671f81b513c33c9e14b440b
무기,고대마령의적혈검8성,711858d40360a3e16758a0fb53805f7066ee867b91c1807fb37f4cdc8ddec977
갑옷,환웅의연갑'9성,711858d40360a3e16758a0fb53805f7066ee867b91c1807fb37f4cdc8ddec977
방패/보조무기,무신귀면방7성,711858d40360a3e16758a0fb53805f7066ee867b91c1807fb37f4cdc8ddec977
투구,환웅의투구'8성,711858d40360a3e16758a0fb53805f7066ee867b91c1807fb37f4cdc8ddec977
왼손,환웅의장갑'9성,711858d40360a3e16758a0fb53805f7066ee867b91c1807fb37f4cdc8ddec977
오른손,[상급]봉래산반지,711858d40360a3e16758a0fb53805f7066ee867b91c1807fb37f4cdc8ddec977
보조1,마사의귀목,711858d40360a3e16758a0fb53805f7066ee867b91c1807fb37f4cdc8ddec977
보조2,마사의귀목,711858d40360a3e16758a0fb53805f7066ee867b91c1807fb37f4cdc8ddec977
얼굴장식,조사장의가면,711858d40360a3e16758a0fb53805f7066ee867b91c1807fb37f4cdc8ddec977
캐시 투구,헤어롤No02,711858d40360a3e16758a0fb53805f7066ee867b91c1807fb37f4cdc8ddec977
망토,무신귀갑주7성,711858d40360a3e16758a0fb53805f7066ee867b91c1807fb37f4cdc8ddec977
캐시 겉옷,썸머비키니No01,711858d40360a3e16758a0fb53805f7066ee867b91c1807fb37f4cdc8ddec977
신발,사령웅의앞발,711858d40360a3e16758a0fb53805f7066ee867b91c1807fb37f4cdc8ddec977
목/어깨장식,고대마령의목걸이7성,711858d40360a3e16758a0fb53805f7066ee867b91c1807fb37f4cdc8ddec977
캐시 무기,무지개탄산수,711858d40360a3e16758a0fb53805f7066ee867b91c1807fb37f4cdc8ddec977
캐시 방패/보조무기,발아래까치,711858d40360a3e16758a0fb53805f7066ee867b91c1807fb37f4cdc8ddec977
캐시 얼굴장식,동화나라라운드안경No01,711858d40360a3e16758a0fb53805f7066ee867b91c1807fb37f4cdc8ddec977
캐시 망토,바닐라봉봉장식No01,711858d40360a3e16758a0fb53805f7066ee867b91c1807fb37f4cdc8ddec977
캐시 신발,여름바다의흔적,711858d40360a3e16758a0fb53805f7066ee867b91c1807fb37f4cdc8ddec977
캐시 목/어깨장식,반짝하트목걸이,711858d40360a3e16758a0fb53805f7066ee867b91c1807fb37f4cdc8ddec977
세트옷,구미호분신,711858d40360a3e16758a0fb53805f7066ee867b91c1807fb37f4cdc8ddec977
캐시 세트옷,[탐험]토요의정,711858d40360a3e16758a0fb53805f7066ee867b91c1807fb37f4cdc8ddec977
장신구,자수원앙노리개1성,711858d40360a3e16758a0fb53805f7066ee867b91c1807fb37f4cdc8ddec977
캐시 장신구,머리위까치,711858d40360a3e16758a0fb53805f7066ee867b91c1807fb37f4cdc8ddec977
무기,,8179ecea786a205195a9ca1f4d7a99d5225de5173308a65f05cfa7f57d3528b5
갑옷,,8179ecea786a205195a9ca1f4d7a99d5225de5173308a65f05cfa7f57d3528b5
방패/보조무기,고대마령의방패8성,8179ecea786a205195a9ca1f4d7a99d5225de5173308a65f05cfa7f57d3528b5
투구,,8179ecea786a205195a9ca1f4d7a99d5225de5173308a65f05cfa7f57d3528b5
왼손,,8179ecea786a205195a9ca1f4d7a99d5225de5173308a65f05cfa7f57d3528b5
오른손,,8179ecea786a205195a9ca1f4d7a99d5225de5173308a65f05cfa7f57d3528b5
보조1,,8179ecea786a205195a9ca1f4d7a99d5225de5173308a65f05cfa7f57d3528b5
보조2,,8179ecea786a205195a9ca1f4d7a99d5225de5173308a65f05cfa7f57d3528b5
얼굴장식,고대마령의암막8성,8179ecea786a205195a9ca1f4d7a99d5225de5173308a65f05cfa7f57d3528b5
캐시 투구,,8179ecea786a205195a9ca1f4d7a99d5225de5173308a65f05cfa7f57d3528b5
망토,,8179ecea786a205195a9ca1f4d7a99d5225de5173308a65f05cfa7f57d3528b5
캐시 겉옷,,8179ecea786a205195a9ca1f4d7a99d5225de5173308a65f05cfa7f57d3528b5
신발,,8179ecea786a205195a9ca1f4d7a99d5225de5173308a65f05cfa7f57d3528b5
목/어깨장식,고대마령의목걸이8성,8179ecea786a205195a9ca1f4d7a99d5225de5173308a65f05cfa7f57d3528b5
캐시 무기,,8179ecea786a205195a9ca1f4d7a99d5225de5173308a65f05cfa7f57d3528b5
캐시 방패/보조무기,,8179ecea786a205195a9ca1f4d7a99d5225de5173308a65f05cfa7f57d3528b5
캐시 얼굴장식,,8179ecea786a205195a9ca1f4d7a99d5225de5173308a65f05cfa7f57d3528b5
캐시 망토,,8179ecea786a205195a9ca1f4d7a99d5225de5173308a65f05cfa7f57d3528b5
캐시 신발,,8179ecea786a205195a9ca1f4d7a99d5225de5173308a65f05cfa7f57d3528b5
캐시 목/어깨장식,,8179ecea786a205195a9ca1f4d7a99d5225de5173308a65f05cfa7f57d3528b5
세트옷,[괴수의상]아그니1성,8179ecea786a205195a9ca1f4d7a99d5225de5173308a65f05cfa7f57d3528b5
캐시 세트옷,바캉스깜찍펭귄,8179ecea786a205195a9ca1f4d7a99d5225de5173308a65f05cfa7f57d3528b5
장신구,붉은토끼풀노리개1성,8179ecea786a205195a9ca1f4d7a99d5225de5173308a65f05cfa7f57d3528b5
캐시 장신구,,8179ecea786a205195a9ca1f4d7a99d5225de5173308a65f05cfa7f57d3528b5
무기,고대마령의적혈검8성,b966c6736683794d8363a1927d957eed7926a3f1e0879e4ced9eaa4cf9aab68d
갑옷,태염무신장갑8성,b966c6736683794d8363a1927d957eed7926a3f1e0879e4ced9eaa4cf9aab68d
방패/보조무기,고대마령의단검6성,b966c6736683794d8363a1927d957eed7926a3f1e0879e4ced9eaa4cf9aab68d
투구,바람제영식투구,b966c6736683794d8363a1927d957eed7926a3f1e0879e4ced9eaa4cf9aab68d
왼손,고대마령의장갑'흑6성,b966c6736683794d8363a1927d957eed7926a3f1e0879e4ced9eaa4cf9aab68d
오른손,바람제영식장갑,b966c6736683794d8363a1927d957eed7926a3f1e0879e4ced9eaa4cf9aab68d
보조1,마령의노리개'흑8성,b966c6736683794d8363a1927d957eed7926a3f1e0879e4ced9eaa4cf9aab68d
보조2,아그니의적영,b966c6736683794d8363a1927d957eed7926a3f1e0879e4ced9eaa4cf9aab68d
얼굴장식,고대마령의암막7성,b966c6736683794d8363a1927d957eed7926a3f1e0879e4ced9eaa4cf9aab68d
캐시 투구,바람랜드소년헤어No02,b966c6736683794d8363a1927d957eed7926a3f1e0879e4ced9eaa4cf9aab68d
망토,무신귀갑주7성,b966c6736683794d8363a1927d957eed7926a3f1e0879e4ced9eaa4cf9aab68d
캐시 겉옷,로맨틱신사의상No02,b966c6736683794d8363a1927d957eed7926a3f1e0879e4ced9eaa4cf9aab68d
신발,고대마령의군화'흑6성,b966c6736683794d8363a1927d957eed7926a3f1e0879e4ced9eaa4cf9aab68d
목/어깨장식,고대마령의목걸이6성,b966c6736683794d8363a1927d957eed7926a3f1e0879e4ced9eaa4cf9aab68d
캐시 무기,보존된야월도,b966c6736683794d8363a1927d957eed7926a3f1e0879e4ced9eaa4cf9aab68d
캐시 방패/보조무기,발아래까치,b966c6736683794d8363a1927d957eed7926a3f1e0879e4ced9eaa4cf9aab68d
캐시 얼굴장식,,b966c6736683794d8363a1927d957eed7926a3f1e0879e4ced9eaa4cf9aab68d
캐시 망토,묵룡의기운,b966c6736683794d8363a1927d957eed7926a3f1e0879e4ced9eaa4cf9aab68d
캐시 신발,,b966c6736683794d8363a1927d957eed7926a3f1e0879e4ced9eaa4cf9aab68d
캐시 목/어깨장식,웨딩부토니에,b966c6736683794d8363a1927d957eed7926a3f1e0879e4ced9eaa4cf9aab68d
세트옷,[괴수의상]아그니1성,b966c6736683794d8363a1927d957eed7926a3f1e0879e4ced9eaa4cf9aab68d
캐시 세트옷,,b966c6736683794d8363a1927d957eed7926a3f1e0879e4ced9eaa4cf9aab68d
장신구,붉은토끼풀노리개1성,b966c6736683794d8363a1927d957eed7926a3f1e0879e4ced9eaa4cf9aab68d
캐시 장신구,검은마스크,b966c6736683794d8363a1927d957eed7926a3f1e0879e4ced9eaa4cf9aab68d
무기,용천제십검,f6a43bb87d74cb72f943fa41665cca38c76b9696aebade8f92eadbeda5218289
갑옷,용천파천갑8성,f6a43bb87d74cb72f943fa41665cca38c76b9696aebade8f92eadbeda5218289
방패/보조무기,고대마령의단검8성,f6a43bb87d74cb72f943fa41665cca38c76b9696aebade8f92eadbeda5218289
투구,용아투구'천8성,f6a43bb87d74cb72f943fa41665cca38c76b9696aebade8f92eadbeda5218289
왼손,패자황금팔찌,f6a43bb87d74cb72f943fa41665cca38c76b9696aebade8f92eadbeda5218289
오른손,패자황금팔찌,f6a43bb87d74cb72f943fa41665cca38c76b9696aebade8f92eadbeda5218289
보조1,마령의노리개'흑10성,f6a43bb87d74cb72f943fa41665cca38c76b9696aebade8f92eadbeda5218289
보조2,빛나는마사의귀목,f6a43bb87d74cb72f943fa41665cca38c76b9696aebade8f92eadbeda5218289
얼굴장식,빛나는조사장의가면,f6a43bb87d74cb72f943fa41665cca38c76b9696aebade8f92eadbeda5218289
캐시 투구,바람탐정의갓,f6a43bb87d74cb72f943fa41665cca38c76b9696aebade8f92eadbeda5218289
망토,용성장견'천8성,f6a43bb87d74cb72f943fa41665cca38c76b9696aebade8f92eadbeda5218289
캐시 겉옷,천자봉황두루마기,f6a43bb87d74cb72f943fa41665cca38c76b9696aebade8f92eadbeda5218289
신발,고대마령의군화'흑8성,f6a43bb87d74cb72f943fa41665cca38c76b9696aebade8f92eadbeda5218289
목/어깨장식,고대마령의목걸이8성,f6a43bb87d74cb72f943fa41665cca38c76b9696aebade8f92eadbeda5218289
캐시 무기,빗물요정물방울,f6a43bb87d74cb72f943fa41665cca38c76b9696aebade8f92eadbeda5218289
캐시 방패/보조무기,[파트너3기]온에어,f6a43bb87d74cb72f943fa41665cca38c76b9696aebade8f92eadbeda5218289
캐시 얼굴장식,[30주년]넥슨히어로하트,f6a43bb87d74cb72f943fa41665cca38c76b9696aebade8f92eadbeda5218289
캐시 망토,벚꽃장식No02,f6a43bb87d74cb72f943fa41665cca38c76b9696aebade8f92eadbeda5218289
캐시 신발,바람정장구두,f6a43bb87d74cb72f943fa41665cca38c76b9696aebade8f92eadbeda5218289
캐시 목/어깨장식,바닷바람시원한하트,f6a43bb87d74cb72f943fa41665cca38c76b9696aebade8f92eadbeda5218289
세트옷,[괴수의상]바루나4성,f6a43bb87d74cb72f943fa41665cca38c76b9696aebade8f92eadbeda5218289
캐시 세트옷,[구]망또No02,f6a43bb87d74cb72f943fa41665cca38c76b9696aebade8f92eadbeda5218289
장신구,붉은토끼풀노리개2성,f6a43bb87d74cb72f943fa41665cca38c76b9696aebade8f92eadbeda5218289
캐시 장신구,바린족얼굴무늬No01,f6a43bb87d74cb72f943fa41665cca38c76b9696aebade8f92eadbeda5218289
무기,용천제십검,f0dac4481e49d690a91cc0b841d4cac8135f5e06e83a43b169012ffb6e563771
갑옷,환웅의갑주'9성,f0dac4481e49d690a91cc0b841d4cac8135f5e06e83a43b169012ffb6e563771
방패/보조무기,고대마령의단검6성,f0dac4481e49d690a91cc0b841d4cac8135f5e06e83a43b169012ffb6e563771
투구,쇄자황금투구,f0dac4481e49d690a91cc0b841d4cac8135f5e06e83a43b169012ffb6e563771
왼손,용비늘흑광노리개9성,f0dac4481e49d690a91cc0b841d4cac8135f5e06e83a43b169012ffb6e563771
오른손,용비늘흑광노리개9성,f0dac4481e49d690a91cc0b841d4cac8135f5e06e83a43b169012ffb6e563771
보조1,마령의노리개'월10성,f0dac4481e49d690a91cc0b841d4cac8135f5e06e83a43b169012ffb6e563771
보조2,빛나는마사의귀목,f0dac4481e49d690a91cc0b841d4cac8135f5e06e83a43b169012ffb6e563771
얼굴장식,빛나는조사장의가면,f0dac4481e49d690a91cc0b841d4cac8135f5e06e83a43b169012ffb6e563771
캐시 투구,꽃을든남친헤어No02,f0dac4481e49d690a91cc0b841d4cac8135f5e06e83a43b169012ffb6e563771
망토,패마황의망토,f0dac4481e49d690a91cc0b841d4cac8135f5e06e83a43b169012ffb6e563771
캐시 겉옷,한가위토깽의복(흑),f0dac4481e49d690a91cc0b841d4cac8135f5e06e83a43b169012ffb6e563771
신발,사령웅의앞발,f0dac4481e49d690a91cc0b841d4cac8135f5e06e83a43b169012ffb6e563771
목/어깨장식,고대마령의목걸이8성,f0dac4481e49d690a91cc0b841d4cac8135f5e06e83a43b169012ffb6e563771
캐시 무기,[탐험]쿠라칸의대궁,f0dac4481e49d690a91cc0b841d4cac8135f5e06e83a43b169012ffb6e563771
캐시 방패/보조무기,웨딩비둘기,f0dac4481e49d690a91cc0b841d4cac8135f5e06e83a43b169012ffb6e563771
캐시 얼굴장식,,f0dac4481e49d690a91cc0b841d4cac8135f5e06e83a43b169012ffb6e563771
캐시 망토,노란꽃잎,f0dac4481e49d690a91cc0b841d4cac8135f5e06e83a43b169012ffb6e563771
캐시 신발,겨울반딧불,f0dac4481e49d690a91cc0b841d4cac8135f5e06e83a43b169012ffb6e563771
캐시 목/어깨장식,,f0dac4481e49d690a91cc0b841d4cac8135f5e06e83a43b169012ffb6e563771
세트옷,[괴수의상]아그니1성,f0dac4481e49d690a91cc0b841d4cac8135f5e06e83a43b169012ffb6e563771
캐시 세트옷,[구]웨딩드레스No04,f0dac4481e49d690a91cc0b841d4cac8135f5e06e83a43b169012ffb6e563771
장신구,붉은토끼풀노리개1성,f0dac4481e49d690a91cc0b841d4cac8135f5e06e83a43b169012ffb6e563771
캐시 장신구,좋아요하트No02,f0dac4481e49d690a91cc0b841d4cac8135f5e06e83a43b169012ffb6e563771
무기,불멸용천검'3강,ddc41e6eb95942105372afe9b0e57f1dde97d3d45f364ab6d9f39e8b07561a77
갑옷,현무불괴갑,ddc41e6eb95942105372afe9b0e57f1dde97d3d45f364ab6d9f39e8b07561a77
방패/보조무기,고대마령의방패8성,ddc41e6eb95942105372afe9b0e57f1dde97d3d45f364ab6d9f39e8b07561a77
투구,패자황금투구,ddc41e6eb95942105372afe9b0e57f1dde97d3d45f364ab6d9f39e8b07561a77
왼손,용비늘흑광노리개9성,ddc41e6eb95942105372afe9b0e57f1dde97d3d45f364ab6d9f39e8b07561a77
오른손,패자황금팔찌,ddc41e6eb95942105372afe9b0e57f1dde97d3d45f364ab6d9f39e8b07561a77
보조1,빛나는마사의귀목,ddc41e6eb95942105372afe9b0e57f1dde97d3d45f364ab6d9f39e8b07561a77
보조2,마령의노리개'흑10성,ddc41e6eb95942105372afe9b0e57f1dde97d3d45f364ab6d9f39e8b07561a77
얼굴장식,고대마령의암막8성,ddc41e6eb95942105372afe9b0e57f1dde97d3d45f364ab6d9f39e8b07561a77
캐시 투구,목멱선화진묵하회탈,ddc41e6eb95942105372afe9b0e57f1dde97d3d45f364ab6d9f39e8b07561a77
망토,고대마령의칼날10성,ddc41e6eb95942105372afe9b0e57f1dde97d3d45f364ab6d9f39e8b07561a77
캐시 겉옷,목멱선화흑문나포(남),ddc41e6eb95942105372afe9b0e57f1dde97d3d45f364ab6d9f39e8b07561a77
신발,고대마령의군화'흑8성,ddc41e6eb95942105372afe9b0e57f1dde97d3d45f364ab6d9f39e8b07561a77
목/어깨장식,고대마령의목걸이8성,ddc41e6eb95942105372afe9b0e57f1dde97d3d45f364ab6d9f39e8b07561a77
캐시 무기,목멱선화흑령염주,ddc41e6eb95942105372afe9b0e57f1dde97d3d45f364ab6d9f39e8b07561a77
캐시 방패/보조무기,캐리머신효과,ddc41e6eb95942105372afe9b0e57f1dde97d3d45f364ab6d9f39e8b07561a77
캐시 얼굴장식,,ddc41e6eb95942105372afe9b0e57f1dde97d3d45f364ab6d9f39e8b07561a77
캐시 망토,목멱선화묵첩족자,ddc41e6eb95942105372afe9b0e57f1dde97d3d45f364ab6d9f39e8b07561a77
캐시 신발,목멱선화암향소영,ddc41e6eb95942105372afe9b0e57f1dde97d3d45f364ab6d9f39e8b07561a77
캐시 목/어깨장식,,ddc41e6eb95942105372afe9b0e57f1dde97d3d45f364ab6d9f39e8b07561a77
세트옷,[괴수의상]바루나5성,ddc41e6eb95942105372afe9b0e57f1dde97d3d45f364ab6d9f39e8b07561a77
캐시 세트옷,[구]망또No05,ddc41e6eb95942105372afe9b0e57f1dde97d3d45f364ab6d9f39e8b07561a77
장신구,파란나비노리개4성,ddc41e6eb95942105372afe9b0e57f1dde97d3d45f364ab6d9f39e8b07561a77
캐시 장신구,목멱선화흑월비익,ddc41e6eb95942105372afe9b0e57f1dde97d3d45f364ab6d9f39e8b07561a77
무기,용천제십검,ef70eb625709f296d263c04bfa2b1049085f7c75619ca1c8b8f612d4276e334b
갑옷,환웅의장삼'9성,ef70eb625709f296d263c04bfa2b1049085f7c75619ca1c8b8f612d4276e334b
방패/보조무기,고대마령의단검6성,ef70eb625709f296d263c04bfa2b1049085f7c75619ca1c8b8f612d4276e334b
투구,태광천신금잠8성,ef70eb625709f296d263c04bfa2b1049085f7c75619ca1c8b8f612d4276e334b
왼손,[상급]봉래산반지,ef70eb625709f296d263c04bfa2b1049085f7c75619ca1c8b8f612d4276e334b
오른손,금린반지6성,ef70eb625709f296d263c04bfa2b1049085f7c75619ca1c8b8f612d4276e334b
보조1,마사의귀목,ef70eb625709f296d263c04bfa2b1049085f7c75619ca1c8b8f612d4276e334b
보조2,마령의노리개'흑10성,ef70eb625709f296d263c04bfa2b1049085f7c75619ca1c8b8f612d4276e334b
얼굴장식,고대마령의암막8성,ef70eb625709f296d263c04bfa2b1049085f7c75619ca1c8b8f612d4276e334b
캐시 투구,풍운신령청산곡옥,ef70eb625709f296d263c04bfa2b1049085f7c75619ca1c8b8f612d4276e334b
망토,패마황의망토,ef70eb625709f296d263c04bfa2b1049085f7c75619ca1c8b8f612d4276e334b
캐시 겉옷,풍운신령의상(남),ef70eb625709f296d263c04bfa2b1049085f7c75619ca1c8b8f612d4276e334b
신발,고대마령의군화'흑7성,ef70eb625709f296d263c04bfa2b1049085f7c75619ca1c8b8f612d4276e334b
목/어깨장식,고대마령의목걸이9성,ef70eb625709f296d263c04bfa2b1049085f7c75619ca1c8b8f612d4276e334b
캐시 무기,풍운신령백록신목,ef70eb625709f296d263c04bfa2b1049085f7c75619ca1c8b8f612d4276e334b
캐시 방패/보조무기,,ef70eb625709f296d263c04bfa2b1049085f7c75619ca1c8b8f612d4276e334b
캐시 얼굴장식,하트선글라스,ef70eb625709f296d263c04bfa2b1049085f7c75619ca1c8b8f612d4276e334b
캐시 망토,풍운신령성라운포,ef70eb625709f296d263c04bfa2b1049085f7c75619ca1c8b8f612d4276e334b
캐시 신발,풍운신령백운만리,ef70eb625709f296d263c04bfa2b1049085f7c75619ca1c8b8f612d4276e334b
캐시 목/어깨장식,초코델리힙색No02,ef70eb625709f296d263c04bfa2b1049085f7c75619ca1c8b8f612d4276e334b
세트옷,[괴수의상]바루나2성,ef70eb625709f296d263c04bfa2b1049085f7c75619ca1c8b8f612d4276e334b
캐시 세트옷,,ef70eb625709f296d263c04bfa2b1049085f7c75619ca1c8b8f612d4276e334b
장신구,붉은토끼풀노리개3성,ef70eb625709f296d263c04bfa2b1049085f7c75619ca1c8b8f612d4276e334b
캐시 장신구,풍운신령태평지익,ef70eb625709f296d263c04bfa2b1049085f7c75619ca1c8b8f612d4276e334b
무기,용천제십검,58024d91afadfb7dac73e3e8de258437945d8c4bae3e5606fd0ebb83023c9a0b
갑옷,패자황금갑주,58024d91afadfb7dac73e3e8de258437945d8c4bae3e5606fd0ebb83023c9a0b
방패/보조무기,고대마령의단검6성,58024d91afadfb7dac73e3e8de258437945d8c4bae3e5606fd0ebb83023c9a0b
투구,환웅의머릿깃'9성,58024d91afadfb7dac73e3e8de258437945d8c4bae3e5606fd0ebb83023c9a0b
왼손,[상급]봉래산반지,58024d91afadfb7dac73e3e8de258437945d8c4bae3e5606fd0ebb83023c9a0b
오른손,검은불꽃일격반지6성,58024d91afadfb7dac73e3e8de258437945d8c4bae3e5606fd0ebb83023c9a0b
보조1,마사의귀목,58024d91afadfb7dac73e3e8de258437945d8c4bae3e5606fd0ebb83023c9a0b
보조2,마사의귀목,58024d91afadfb7dac73e3e8de258437945d8c4bae3e5606fd0ebb83023c9a0b
얼굴장식,고대마령의암막6성,58024d91afadfb7dac73e3e8de258437945d8c4bae3e5606fd0ebb83023c9a0b
캐시 투구,고양이발전자파밴드,58024d91afadfb7dac73e3e8de258437945d8c4bae3e5606fd0ebb83023c9a0b
망토,패마황의망토,58024d91afadfb7dac73e3e8de258437945d8c4bae3e5606fd0ebb83023c9a0b
캐시 겉옷,저승사자옷,58024d91afadfb7dac73e3e8de258437945d8c4bae3e5606fd0ebb83023c9a0b
신발,고대마령의군화'흑6성,58024d91afadfb7dac73e3e8de258437945d8c4bae3e5606fd0ebb83023c9a0b
목/어깨장식,고대마령의목걸이8성,58024d91afadfb7dac73e3e8de258437945d8c4bae3e5606fd0ebb83023c9a0b
캐시 무기,,58024d91afadfb7dac73e3e8de258437945d8c4bae3e5606fd0ebb83023c9a0b
캐시 방패/보조무기,발아래까치,58024d91afadfb7dac73e3e8de258437945d8c4bae3e5606fd0ebb83023c9a0b
캐시 얼굴장식,,58024d91afadfb7dac73e3e8de258437945d8c4bae3e5606fd0ebb83023c9a0b
캐시 망토,달콤토끼가방No03,58024d91afadfb7dac73e3e8de258437945d8c4bae3e5606fd0ebb83023c9a0b
캐시 신발,게이밍감성컴퓨터,58024d91afadfb7dac73e3e8de258437945d8c4bae3e5606fd0ebb83023c9a0b
캐시 목/어깨장식,레이스스카프No01,58024d91afadfb7dac73e3e8de258437945d8c4bae3e5606fd0ebb83023c9a0b
세트옷,[괴수의상]아그니1성,58024d91afadfb7dac73e3e8de258437945d8c4bae3e5606fd0ebb83023c9a0b
캐시 세트옷,[구]망또No05,58024d91afadfb7dac73e3e8de258437945d8c4bae3e5606fd0ebb83023c9a0b
장신구,붉은토끼풀노리개1성,58024d91afadfb7dac73e3e8de258437945d8c4bae3e5606fd0ebb83023c9a0b
캐시 장신구,챔피언스풍선장신구,58024d91afadfb7dac73e3e8de258437945d8c4bae3e5606fd0ebb83023c9a0b
무기,용천제십검,09e5830a68e41d07ace9481515204c17a9095ac89f9c94363a672f18fb20b644
갑옷,용천멸아갑8성,09e5830a68e41d07ace9481515204c17a9095ac89f9c94363a672f18fb20b644
방패/보조무기,금린방패8성,09e5830a68e41d07ace9481515204c17a9095ac89f9c94363a672f18fb20b644
투구,용아투구'천8성,09e5830a68e41d07ace9481515204c17a9095ac89f9c94363a672f18fb20b644
왼손,환웅의팔찌'8성,09e5830a68e41d07ace9481515204c17a9095ac89f9c94363a672f18fb20b644
오른손,검은불꽃관통반지9성,09e5830a68e41d07ace9481515204c17a9095ac89f9c94363a672f18fb20b644
보조1,빛나는마사의귀목,09e5830a68e41d07ace9481515204c17a9095ac89f9c94363a672f18fb20b644
보조2,마사의귀목,09e5830a68e41d07ace9481515204c17a9095ac89f9c94363a672f18fb20b644
얼굴장식,빛나는조사장의가면,09e5830a68e41d07ace9481515204c17a9095ac89f9c94363a672f18fb20b644
캐시 투구,판다모자,09e5830a68e41d07ace9481515204c17a9095ac89f9c94363a672f18fb20b644
망토,용성장견'천8성,09e5830a68e41d07ace9481515204c17a9095ac89f9c94363a672f18fb20b644
캐시 겉옷,판다옷,09e5830a68e41d07ace9481515204c17a9095ac89f9c94363a672f18fb20b644
신발,사령웅의앞발,09e5830a68e41d07ace9481515204c17a9095ac89f9c94363a672f18fb20b644
목/어깨장식,고대마령의목걸이8성,09e5830a68e41d07ace9481515204c17a9095ac89f9c94363a672f18fb20b644
캐시 무기,만정도화선,09e5830a68e41d07ace9481515204c17a9095ac89f9c94363a672f18fb20b644
캐시 방패/보조무기,귀여운판다가방No01,09e5830a68e41d07ace9481515204c17a9095ac89f9c94363a672f18fb20b644
캐시 얼굴장식,,09e5830a68e41d07ace9481515204c17a9095ac89f9c94363a672f18fb20b644
캐시 망토,깃털날개,09e5830a68e41d07ace9481515204c17a9095ac89f9c94363a672f18fb20b644
캐시 신발,유성우,09e5830a68e41d07ace9481515204c17a9095ac89f9c94363a672f18fb20b644
캐시 목/어깨장식,캠퍼스커플타이,09e5830a68e41d07ace9481515204c17a9095ac89f9c94363a672f18fb20b644
세트옷,[괴수의상]바루나1성,09e5830a68e41d07ace9481515204c17a9095ac89f9c94363a672f18fb20b644
캐시 세트옷,[구]웨딩드레스No02,09e5830a68e41d07ace9481515204c17a9095ac89f9c94363a672f18fb20b644
장신구,붉은토끼풀노리개1성,09e5830a68e41d07ace9481515204c17a9095ac89f9c94363a672f18fb20b644
캐시 장신구,좋아요하트No02,09e5830a68e41d07ace9481515204c17a9095ac89f9c94363a672f18fb20b644
무기,필멸,4acef30af1c48efa15ca6043b29a38ec49fec24d1ed9fbf9a78ccb15a1d2d4df
갑옷,태염무신장갑8성,4acef30af1c48efa15ca6043b29a38ec49fec24d1ed9fbf9a78ccb15a1d2d4df
방패/보조무기,고대마령의단검6성,4acef30af1c48efa15ca6043b29a38ec49fec24d1ed9fbf9a78ccb15a1d2d4df
투구,태광천신금잠7성,4acef30af1c48efa15ca6043b29a38ec49fec24d1ed9fbf9a78ccb15a1d2d4df
왼손,태염반지6성,4acef30af1c48efa15ca6043b29a38ec49fec24d1ed9fbf9a78ccb15a1d2d4df
오른손,태염반지6성,4acef30af1c48efa15ca6043b29a38ec49fec24d1ed9fbf9a78ccb15a1d2d4df
보조1,아그니의적영,4acef30af1c48efa15ca6043b29a38ec49fec24d1ed9fbf9a78ccb15a1d2d4df
보조2,아그니의적영,4acef30af1c48efa15ca6043b29a38ec49fec24d1ed9fbf9a78ccb15a1d2d4df
얼굴장식,조사장의가면,4acef30af1c48efa15ca6043b29a38ec49fec24d1ed9fbf9a78ccb15a1d2d4df
캐시 투구,커플리본밴드,4acef30af1c48efa15ca6043b29a38ec49fec24d1ed9fbf9a78ccb15a1d2d4df
망토,무신귀갑주8성,4acef30af1c48efa15ca6043b29a38ec49fec24d1ed9fbf9a78ccb15a1d2d4df
캐시 겉옷,토끼소년의상No01,4acef30af1c48efa15ca6043b29a38ec49fec24d1ed9fbf9a78ccb15a1d2d4df
신발,사령웅의앞발,4acef30af1c48efa15ca6043b29a38ec49fec24d1ed9fbf9a78ccb15a1d2d4df
목/어깨장식,고대마령의목걸이6성,4acef30af1c48efa15ca6043b29a38ec49fec24d1ed9fbf9a78ccb15a1d2d4df
캐시 무기,,4acef30af1c48efa15ca6043b29a38ec49fec24d1ed9fbf9a78ccb15a1d2d4df
캐시 방패/보조무기,,4acef30af1c48efa15ca6043b29a38ec49fec24d1ed9fbf9a78ccb15a1d2d4df
캐시 얼굴장식,동화나라라운드안경No01,4acef30af1c48efa15ca6043b29a38ec49fec24d1ed9fbf9a78ccb15a1d2d4df
캐시 망토,흩날리는낙엽No02,4acef30af1c48efa15ca6043b29a38ec49fec24d1ed9fbf9a78ccb15a1d2d4df
캐시 신발,버블샌들No01남,4acef30af1c48efa15ca6043b29a38ec49fec24d1ed9fbf9a78ccb15a1d2d4df
캐시 목/어깨장식,우정의사탕반지,4acef30af1c48efa15ca6043b29a38ec49fec24d1ed9fbf9a78ccb15a1d2d4df
세트옷,[괴수의상]아그니1성,4acef30af1c48efa15ca6043b29a38ec49fec24d1ed9fbf9a78ccb15a1d2d4df
캐시 세트옷,고대[신수]망또No01,4acef30af1c48efa15ca6043b29a38ec49fec24d1ed9fbf9a78ccb15a1d2d4df
장신구,자수원앙노리개1성,4acef30af1c48efa15ca6043b29a38ec49fec24d1ed9fbf9a78ccb15a1d2d4df
캐시 장신구,값진행운브로치,4acef30af1c48efa15ca6043b29a38ec49fec24d1ed9fbf9a78ccb15a1d2d4df
무기,청일기창6성,fe2b67647a0bc417aa751347b018cf0bdcfd35801e935e857f51b63db0a8bc7e
갑옷,태광천신의복8성,fe2b67647a0bc417aa751347b018cf0bdcfd35801e935e857f51b63db0a8bc7e
방패/보조무기,,fe2b67647a0bc417aa751347b018cf0bdcfd35801e935e857f51b63db0a8bc7e
투구,태염무신금잠7성,fe2b67647a0bc417aa751347b018cf0bdcfd35801e935e857f51b63db0a8bc7e
왼손,[상급]봉래산반지,fe2b67647a0bc417aa751347b018cf0bdcfd35801e935e857f51b63db0a8bc7e
오른손,금린반지6성,fe2b67647a0bc417aa751347b018cf0bdcfd35801e935e857f51b63db0a8bc7e
보조1,마사의귀목,fe2b67647a0bc417aa751347b018cf0bdcfd35801e935e857f51b63db0a8bc7e
보조2,빛나는마사의귀목,fe2b67647a0bc417aa751347b018cf0bdcfd35801e935e857f51b63db0a8bc7e
얼굴장식,빛나는조사장의가면,fe2b67647a0bc417aa751347b018cf0bdcfd35801e935e857f51b63db0a8bc7e
캐시 투구,무스키탈,fe2b67647a0bc417aa751347b018cf0bdcfd35801e935e857f51b63db0a8bc7e
망토,무신귀갑주7성,fe2b67647a0bc417aa751347b018cf0bdcfd35801e935e857f51b63db0a8bc7e
캐시 겉옷,판다인형옷,fe2b67647a0bc417aa751347b018cf0bdcfd35801e935e857f51b63db0a8bc7e
신발,사령웅의앞발,fe2b67647a0bc417aa751347b018cf0bdcfd35801e935e857f51b63db0a8bc7e
목/어깨장식,고대마령의목걸이8성,fe2b67647a0bc417aa751347b018cf0bdcfd35801e935e857f51b63db0a8bc7e
캐시 무기,,fe2b67647a0bc417aa751347b018cf0bdcfd35801e935e857f51b63db0a8bc7e
캐시 방패/보조무기,무스키가방,fe2b67647a0bc417aa751347b018cf0bdcfd35801e935e857f51b63db0a8bc7e
캐시 얼굴장식,[30주년]넥슨히어로하트,fe2b67647a0bc417aa751347b018cf0bdcfd35801e935e857f51b63db0a8bc7e
캐시 망토,오버핏보이크로스백,fe2b67647a0bc417aa751347b018cf0bdcfd35801e935e857f51b63db0a8bc7e
캐시 신발,무스키바숑바숑,fe2b67647a0bc417aa751347b018cf0bdcfd35801e935e857f51b63db0a8bc7e
캐시 목/어깨장식,,fe2b67647a0bc417aa751347b018cf0bdcfd35801e935e857f51b63db0a8bc7e
세트옷,[괴수의상]아그니1성,fe2b67647a0bc417aa751347b018cf0bdcfd35801e935e857f51b63db0a8bc7e
캐시 세트옷,,fe2b67647a0bc417aa751347b018cf0bdcfd35801e935e857f51b63db0a8bc7e
장신구,붉은토끼풀노리개1성,fe2b67647a0bc417aa751347b018cf0bdcfd35801e935e857f51b63db0a8bc7e
캐시 장신구,새내기사각뿔테,fe2b67647a0bc417aa751347b018cf0bdcfd35801e935e857f51b63db0a8bc7e
무기,필멸,fd4786803c8d78014adee19d9be5d73c57b3f1f01abf34617eada79cdfa6aa37
갑옷,환웅의갑주'9성,fd4786803c8d78014adee19d9be5d73c57b3f1f01abf34617eada79cdfa6aa37
방패/보조무기,고대마령의단검7성,fd4786803c8d78014adee19d9be5d73c57b3f1f01abf34617eada79cdfa6aa37
투구,환웅의머릿깃'9성,fd4786803c8d78014adee19d9be5d73c57b3f1f01abf34617eada79cdfa6aa37
왼손,환웅의팔찌'8성,fd4786803c8d78014adee19d9be5d73c57b3f1f01abf34617eada79cdfa6aa37
오른손,환웅의팔찌'8성,fd4786803c8d78014adee19d9be5d73c57b3f1f01abf34617eada79cdfa6aa37
보조1,마령의노리개'흑10성,fd4786803c8d78014adee19d9be5d73c57b3f1f01abf34617eada79cdfa6aa37
보조2,고구려지휘관휘장,fd4786803c8d78014adee19d9be5d73c57b3f1f01abf34617eada79cdfa6aa37
얼굴장식,고대마령의암막6성,fd4786803c8d78014adee19d9be5d73c57b3f1f01abf34617eada79cdfa6aa37
캐시 투구,화이트털모자,fd4786803c8d78014adee19d9be5d73c57b3f1f01abf34617eada79cdfa6aa37
망토,고대마령의칼날8성,fd4786803c8d78014adee19d9be5d73c57b3f1f01abf34617eada79cdfa6aa37
캐시 겉옷,편안한블루와이드팬츠(남),fd4786803c8d78014adee19d9be5d73c57b3f1f01abf34617eada79cdfa6aa37
신발,고대마령의군화'흑7성,fd4786803c8d78014adee19d9be5d73c57b3f1f01abf34617eada79cdfa6aa37
목/어깨장식,고대마령의목걸이8성,fd4786803c8d78014adee19d9be5d73c57b3f1f01abf34617eada79cdfa6aa37
캐시 무기,무지개물풍선,fd4786803c8d78014adee19d9be5d73c57b3f1f01abf34617eada79cdfa6aa37
캐시 방패/보조무기,웨딩비둘기,fd4786803c8d78014adee19d9be5d73c57b3f1f01abf34617eada79cdfa6aa37
캐시 얼굴장식,눈장식:쁘띠(밤하늘),fd4786803c8d78014adee19d9be5d73c57b3f1f01abf34617eada79cdfa6aa37
캐시 망토,화르르깜찍불꽃,fd4786803c8d78014adee19d9be5d73c57b3f1f01abf34617eada79cdfa6aa37
캐시 신발,토끼발자국No01,fd4786803c8d78014adee19d9be5d73c57b3f1f01abf34617eada79cdfa6aa37
캐시 목/어깨장식,히피목걸이No01,fd4786803c8d78014adee19d9be5d73c57b3f1f01abf34617eada79cdfa6aa37
세트옷,[괴수의상]아그니1성,fd4786803c8d78014adee19d9be5d73c57b3f1f01abf34617eada79cdfa6aa37
캐시 세트옷,,fd4786803c8d78014adee19d9be5d73c57b3f1f01abf34617eada79cdfa6aa37
장신구,붉은토끼풀노리개3성,fd4786803c8d78014adee19d9be5d73c57b3f1f01abf34617eada79cdfa6aa37
캐시 장신구,트윙클드롭귀걸이,fd4786803c8d78014adee19d9be5d73c57b3f1f01abf34617eada79cdfa6aa37
무기,용천제십검,83f296c1479fc3978e61cdfbe6680d7852ae58895870d58e62c8e0f0b0185e25
갑옷,용천파천갑8성,83f296c1479fc3978e61cdfbe6680d7852ae58895870d58e62c8e0f0b0185e25
방패/보조무기,고대마령의단검8성,83f296c1479fc3978e61cdfbe6680d7852ae58895870d58e62c8e0f0b0185e25
투구,용아투구'천8성,83f296c1479fc3978e61cdfbe6680d7852ae58895870d58e62c8e0f0b0185e25
왼손,패자황금팔찌,83f296c1479fc3978e61cdfbe6680d7852ae58895870d58e62c8e0f0b0185e25
오른손,고대마령의장갑'흑10성,83f296c1479fc3978e61cdfbe6680d7852ae58895870d58e62c8e0f0b0185e25
보조1,빛나는마사의귀목,83f296c1479fc3978e61cdfbe6680d7852ae58895870d58e62c8e0f0b0185e25
보조2,마령의노리개'흑10성,83f296c1479fc3978e61cdfbe6680d7852ae58895870d58e62c8e0f0b0185e25
얼굴장식,고대마령의암막8성,83f296c1479fc3978e61cdfbe6680d7852ae58895870d58e62c8e0f0b0185e25
캐시 투구,꽃장식밀짚모자,83f296c1479fc3978e61cdfbe6680d7852ae58895870d58e62c8e0f0b0185e25
망토,용성장견'천8성,83f296c1479fc3978e61cdfbe6680d7852ae58895870d58e62c8e0f0b0185e25
캐시 겉옷,백악산군의상(남),83f296c1479fc3978e61cdfbe6680d7852ae58895870d58e62c8e0f0b0185e25
신발,고대마령의군화'흑8성,83f296c1479fc3978e61cdfbe6680d7852ae58895870d58e62c8e0f0b0185e25
목/어깨장식,고대마령의목걸이8성,83f296c1479fc3978e61cdfbe6680d7852ae58895870d58e62c8e0f0b0185e25
캐시 무기,행운의채굴곡괭이,83f296c1479fc3978e61cdfbe6680d7852ae58895870d58e62c8e0f0b0185e25
캐시 방패/보조무기,웨딩비둘기,83f296c1479fc3978e61cdfbe6680d7852ae58895870d58e62c8e0f0b0185e25
캐시 얼굴장식,,83f296c1479fc3978e61cdfbe6680d7852ae58895870d58e62c8e0f0b0185e25
캐시 망토,백악산군연화세계,83f296c1479fc3978e61cdfbe6680d7852ae58895870d58e62c8e0f0b0185e25
캐시 신발,백악산군매중백학,83f296c1479fc3978e61cdfbe6680d7852ae58895870d58e62c8e0f0b0185e25
캐시 목/어깨장식,[복귀]왼날개별견장,83f296c1479fc3978e61cdfbe6680d7852ae58895870d58e62c8e0f0b0185e25
세트옷,[괴수의상]아그니2성,83f296c1479fc3978e61cdfbe6680d7852ae58895870d58e62c8e0f0b0185e25
캐시 세트옷,,83f296c1479fc3978e61cdfbe6680d7852ae58895870d58e62c8e0f0b0185e25
장신구,파란나비노리개1성,83f296c1479fc3978e61cdfbe6680d7852ae58895870d58e62c8e0f0b0185e25
캐시 장신구,바린족얼굴무늬No01,83f296c1479fc3978e61cdfbe6680d7852ae58895870d58e62c8e0f0b0185e25
무기,용랑제십봉,83b466c38fed734e7f628f27539a4ebfc18d744d2d8e419404fadac1b1532d4b
갑옷,패자황금갑주,83b466c38fed734e7f628f27539a4ebfc18d744d2d8e419404fadac1b1532d4b
방패/보조무기,,83b466c38fed734e7f628f27539a4ebfc18d744d2d8e419404fadac1b1532d4b
투구,태광천신금잠8성,83b466c38fed734e7f628f27539a4ebfc18d744d2d8e419404fadac1b1532d4b
왼손,패자황금반지,83b466c38fed734e7f628f27539a4ebfc18d744d2d8e419404fadac1b1532d4b
오른손,패자황금반지,83b466c38fed734e7f628f27539a4ebfc18d744d2d8e419404fadac1b1532d4b
보조1,마령의노리개'월7성,83b466c38fed734e7f628f27539a4ebfc18d744d2d8e419404fadac1b1532d4b
보조2,빛나는마사의귀목,83b466c38fed734e7f628f27539a4ebfc18d744d2d8e419404fadac1b1532d4b
얼굴장식,고대마령의암막8성,83b466c38fed734e7f628f27539a4ebfc18d744d2d8e419404fadac1b1532d4b
캐시 투구,,83b466c38fed734e7f628f27539a4ebfc18d744d2d8e419404fadac1b1532d4b
망토,무신귀갑주9성,83b466c38fed734e7f628f27539a4ebfc18d744d2d8e419404fadac1b1532d4b
캐시 겉옷,토끼소녀의상No02,83b466c38fed734e7f628f27539a4ebfc18d744d2d8e419404fadac1b1532d4b
신발,고대마령의군화'흑8성,83b466c38fed734e7f628f27539a4ebfc18d744d2d8e419404fadac1b1532d4b
목/어깨장식,고대마령의목걸이8성,83b466c38fed734e7f628f27539a4ebfc18d744d2d8e419404fadac1b1532d4b
캐시 무기,[심야]행운의채굴곡괭이,83b466c38fed734e7f628f27539a4ebfc18d744d2d8e419404fadac1b1532d4b
캐시 방패/보조무기,발아래까치,83b466c38fed734e7f628f27539a4ebfc18d744d2d8e419404fadac1b1532d4b
캐시 얼굴장식,,83b466c38fed734e7f628f27539a4ebfc18d744d2d8e419404fadac1b1532d4b
캐시 망토,노란꽃잎,83b466c38fed734e7f628f27539a4ebfc18d744d2d8e419404fadac1b1532d4b
캐시 신발,나비하양반짝,83b466c38fed734e7f628f27539a4ebfc18d744d2d8e419404fadac1b1532d4b
캐시 목/어깨장식,아기턱받이No01,83b466c38fed734e7f628f27539a4ebfc18d744d2d8e419404fadac1b1532d4b
세트옷,[괴수의상]바루나1성,83b466c38fed734e7f628f27539a4ebfc18d744d2d8e419404fadac1b1532d4b
캐시 세트옷,,83b466c38fed734e7f628f27539a4ebfc18d744d2d8e419404fadac1b1532d4b
장신구,붉은토끼풀노리개2성,83b466c38fed734e7f628f27539a4ebfc18d744d2d8e419404fadac1b1532d4b
캐시 장신구,,83b466c38fed734e7f628f27539a4ebfc18d744d2d8e419404fadac1b1532d4b
무기,용랑제십봉,19a0cb855baff7afd94b73efc441e0039f6204154307839067a415a0e0e77a38
갑옷,패자황금연갑,19a0cb855baff7afd94b73efc441e0039f6204154307839067a415a0e0e77a38
방패/보조무기,,19a0cb855baff7afd94b73efc441e0039f6204154307839067a415a0e0e77a38
투구,고대마령모자10성,19a0cb855baff7afd94b73efc441e0039f6204154307839067a415a0e0e77a38
왼손,고대물의성물'6성,19a0cb855baff7afd94b73efc441e0039f6204154307839067a415a0e0e77a38
오른손,패자황금반지,19a0cb855baff7afd94b73efc441e0039f6204154307839067a415a0e0e77a38
보조1,천도의목걸이,19a0cb855baff7afd94b73efc441e0039f6204154307839067a415a0e0e77a38
보조2,빛나는마사의귀목,19a0cb855baff7afd94b73efc441e0039f6204154307839067a415a0e0e77a38
얼굴장식,고대마령의암막8성,19a0cb855baff7afd94b73efc441e0039f6204154307839067a415a0e0e77a38
캐시 투구,황금가마솥토끼귀,19a0cb855baff7afd94b73efc441e0039f6204154307839067a415a0e0e77a38
망토,용성신부'랑8성,19a0cb855baff7afd94b73efc441e0039f6204154307839067a415a0e0e77a38
캐시 겉옷,한가위토깽의복(홍),19a0cb855baff7afd94b73efc441e0039f6204154307839067a415a0e0e77a38
신발,고대마령의군화'월8성,19a0cb855baff7afd94b73efc441e0039f6204154307839067a415a0e0e77a38
목/어깨장식,고대마령의목걸이8성,19a0cb855baff7afd94b73efc441e0039f6204154307839067a415a0e0e77a38
캐시 무기,행운의채굴곡괭이,19a0cb855baff7afd94b73efc441e0039f6204154307839067a415a0e0e77a38
캐시 방패/보조무기,양양이No01,19a0cb855baff7afd94b73efc441e0039f6204154307839067a415a0e0e77a38
캐시 얼굴장식,,19a0cb855baff7afd94b73efc441e0039f6204154307839067a415a0e0e77a38
캐시 망토,하트뿅뿅No03,19a0cb855baff7afd94b73efc441e0039f6204154307839067a415a0e0e77a38
캐시 신발,버블샌들No02여,19a0cb855baff7afd94b73efc441e0039f6204154307839067a415a0e0e77a38
캐시 목/어깨장식,여름별빛달콤카라,19a0cb855baff7afd94b73efc441e0039f6204154307839067a415a0e0e77a38
세트옷,[괴수의상]아이라바타3성,19a0cb855baff7afd94b73efc441e0039f6204154307839067a415a0e0e77a38
캐시 세트옷,[구]망또No05,19a0cb855baff7afd94b73efc441e0039f6204154307839067a415a0e0e77a38
장신구,붉은토끼풀노리개2성,19a0cb855baff7afd94b73efc441e0039f6204154307839067a415a0e0e77a38
캐시 장신구,자몽볼터치,19a0cb855baff7afd94b73efc441e0039f6204154307839067a415a0e0e77a38
무기,용랑제십봉,615e95a4a4c0b7b29c7c6a8961effa8505920d26713513583605a4bd32a2b16d
갑옷,패자황금연갑,615e95a4a4c0b7b29c7c6a8961effa8505920d26713513583605a4bd32a2b16d
방패/보조무기,,615e95a4a4c0b7b29c7c6a8961effa8505920d26713513583605a4bd32a2b16d
투구,고대마령모자10성,615e95a4a4c0b7b29c7c6a8961effa8505920d26713513583605a4bd32a2b16d
왼손,패자황금반지,615e95a4a4c0b7b29c7c6a8961effa8505920d26713513583605a4bd32a2b16d
오른손,패자황금반지,615e95a4a4c0b7b29c7c6a8961effa8505920d26713513583605a4bd32a2b16d
보조1,투명구두,615e95a4a4c0b7b29c7c6a8961effa8505920d26713513583605a4bd32a2b16d
보조2,마령의노리개'흑10성,615e95a4a4c0b7b29c7c6a8961effa8505920d26713513583605a4bd32a2b16d
얼굴장식,고대마령의암막8성,615e95a4a4c0b7b29c7c6a8961effa8505920d26713513583605a4bd32a2b16d
캐시 투구,우주탐사캡틴헬멧,615e95a4a4c0b7b29c7c6a8961effa8505920d26713513583605a4bd32a2b16d
망토,천마성의망토,615e95a4a4c0b7b29c7c6a8961effa8505920d26713513583605a4bd32a2b16d
캐시 겉옷,깜찍펭귄의상,615e95a4a4c0b7b29c7c6a8961effa8505920d26713513583605a4bd32a2b16d
신발,고대마령의군화'흑8성,615e95a4a4c0b7b29c7c6a8961effa8505920d26713513583605a4bd32a2b16d
목/어깨장식,고대마령의목걸이8성,615e95a4a4c0b7b29c7c6a8961effa8505920d26713513583605a4bd32a2b16d
캐시 무기,[심야]행운의채굴곡괭이,615e95a4a4c0b7b29c7c6a8961effa8505920d26713513583605a4bd32a2b16d
캐시 방패/보조무기,웨딩비둘기,615e95a4a4c0b7b29c7c6a8961effa8505920d26713513583605a4bd32a2b16d
캐시 얼굴장식,핫루비뿔테안경(여),615e95a4a4c0b7b29c7c6a8961effa8505920d26713513583605a4bd32a2b16d
캐시 망토,다람쥐단의정령,615e95a4a4c0b7b29c7c6a8961effa8505920d26713513583605a4bd32a2b16d
캐시 신발,토끼발자국No02,615e95a4a4c0b7b29c7c6a8961effa8505920d26713513583605a4bd32a2b16d
캐시 목/어깨장식,스트릿캐주얼사각목걸이,615e95a4a4c0b7b29c7c6a8961effa8505920d26713513583605a4bd32a2b16d
세트옷,[괴수의상]아이라바타1성,615e95a4a4c0b7b29c7c6a8961effa8505920d26713513583605a4bd32a2b16d
캐시 세트옷,[구]웨딩드레스No05,615e95a4a4c0b7b29c7c6a8961effa8505920d26713513583605a4bd32a2b16d
장신구,봉황삼작금노리개1성,615e95a4a4c0b7b29c7c6a8961effa8505920d26713513583605a4bd32a2b16d
캐시 장신구,깜찍펭귄얼굴,615e95a4a4c0b7b29c7c6a8961effa8505920d26713513583605a4bd32a2b16d
무기,용랑제십봉,95847edf6ea4ca7bcc874e084f9457775475a5d64f8bde986127c6339cac5779
갑옷,패자황금갑주,95847edf6ea4ca7bcc874e084f9457775475a5d64f8bde986127c6339cac5779
방패/보조무기,,95847edf6ea4ca7bcc874e084f9457775475a5d64f8bde986127c6339cac5779
투구,태광천신금잠7성,95847edf6ea4ca7bcc874e084f9457775475a5d64f8bde986127c6339cac5779
왼손,패자황금반지,95847edf6ea4ca7bcc874e084f9457775475a5d64f8bde986127c6339cac5779
오른손,패자황금반지,95847edf6ea4ca7bcc874e084f9457775475a5d64f8bde986127c6339cac5779
보조1,마령의노리개'흑10성,95847edf6ea4ca7bcc874e084f9457775475a5d64f8bde986127c6339cac5779
보조2,마사의귀목,95847edf6ea4ca7bcc874e084f9457775475a5d64f8bde986127c6339cac5779
얼굴장식,조사장의가면,95847edf6ea4ca7bcc874e084f9457775475a5d64f8bde986127c6339cac5779
캐시 투구,가을홀릭소년헤어No02,95847edf6ea4ca7bcc874e084f9457775475a5d64f8bde986127c6339cac5779
망토,천마성의망토,95847edf6ea4ca7bcc874e084f9457775475a5d64f8bde986127c6339cac5779
캐시 겉옷,겨울한교복(남),95847edf6ea4ca7bcc874e084f9457775475a5d64f8bde986127c6339cac5779
신발,사령웅의앞발,95847edf6ea4ca7bcc874e084f9457775475a5d64f8bde986127c6339cac5779
목/어깨장식,빛나는단조의심단,95847edf6ea4ca7bcc874e084f9457775475a5d64f8bde986127c6339cac5779
캐시 무기,행운의채굴곡괭이,95847edf6ea4ca7bcc874e084f9457775475a5d64f8bde986127c6339cac5779
캐시 방패/보조무기,어쿠스틱슬링백,95847edf6ea4ca7bcc874e084f9457775475a5d64f8bde986127c6339cac5779
캐시 얼굴장식,,95847edf6ea4ca7bcc874e084f9457775475a5d64f8bde986127c6339cac5779
캐시 망토,왕실공주날개장식No01,95847edf6ea4ca7bcc874e084f9457775475a5d64f8bde986127c6339cac5779
캐시 신발,겨울반딧불,95847edf6ea4ca7bcc874e084f9457775475a5d64f8bde986127c6339cac5779
캐시 목/어깨장식,웨딩부토니에,95847edf6ea4ca7bcc874e084f9457775475a5d64f8bde986127c6339cac5779
세트옷,[괴수의상]아이라바타1성,95847edf6ea4ca7bcc874e084f9457775475a5d64f8bde986127c6339cac5779
캐시 세트옷,고대[신수]망또No02,95847edf6ea4ca7bcc874e084f9457775475a5d64f8bde986127c6339cac5779
장신구,봉황삼작금노리개1성,95847edf6ea4ca7bcc874e084f9457775475a5d64f8bde986127c6339cac5779
캐시 장신구,냥이방울No01,95847edf6ea4ca7bcc874e084f9457775475a5d64f8bde986127c6339cac5779
무기,고대마령의적혈봉9성,04d6c2dbbdd6cadac8a54a481887393fc18d744d2d8e419404fadac1b1532d4b
갑옷,환웅의통옷'9성,04d6c2dbbdd6cadac8a54a481887393fc18d744d2d8e419404fadac1b1532d4b
방패/보조무기,고대마령의단검8성,04d6c2dbbdd6cadac8a54a481887393fc18d744d2d8e419404fadac1b1532d4b
투구,환웅의투구'9성,04d6c2dbbdd6cadac8a54a481887393fc18d744d2d8e419404fadac1b1532d4b
왼손,환웅의천수'9성,04d6c2dbbdd6cadac8a54a481887393fc18d744d2d8e419404fadac1b1532d4b
오른손,환웅의깍지'9성,04d6c2dbbdd6cadac8a54a481887393fc18d744d2d8e419404fadac1b1532d4b
보조1,투명구두,04d6c2dbbdd6cadac8a54a481887393fc18d744d2d8e419404fadac1b1532d4b
보조2,마사의귀목,04d6c2dbbdd6cadac8a54a481887393fc18d744d2d8e419404fadac1b1532d4b
얼굴장식,시바의시선,04d6c2dbbdd6cadac8a54a481887393fc18d744d2d8e419404fadac1b1532d4b
캐시 투구,겨울한교복도령모,04d6c2dbbdd6cadac8a54a481887393fc18d744d2d8e419404fadac1b1532d4b
망토,고대마령의칼날10성,04d6c2dbbdd6cadac8a54a481887393fc18d744d2d8e419404fadac1b1532d4b
캐시 겉옷,겨울한교복(여),04d6c2dbbdd6cadac8a54a481887393fc18d744d2d8e419404fadac1b1532d4b
신발,사령웅의앞발,04d6c2dbbdd6cadac8a54a481887393fc18d744d2d8e419404fadac1b1532d4b
목/어깨장식,고대마령의목걸이8성,04d6c2dbbdd6cadac8a54a481887393fc18d744d2d8e419404fadac1b1532d4b
캐시 무기,[탐험]오구타이의언월도,04d6c2dbbdd6cadac8a54a481887393fc18d744d2d8e419404fadac1b1532d4b
캐시 방패/보조무기,,04d6c2dbbdd6cadac8a54a481887393fc18d744d2d8e419404fadac1b1532d4b
캐시 얼굴장식,,04d6c2dbbdd6cadac8a54a481887393fc18d744d2d8e419404fadac1b1532d4b
캐시 망토,겨울한교복털망토,04d6c2dbbdd6cadac8a54a481887393fc18d744d2d8e419404fadac1b1532d4b
캐시 신발,겨울반딧불,04d6c2dbbdd6cadac8a54a481887393fc18d744d2d8e419404fadac1b1532d4b
캐시 목/어깨장식,숲속친구올빼미,04d6c2dbbdd6cadac8a54a481887393fc18d744d2d8e419404fadac1b1532d4b
세트옷,[괴수의상]아이라바타1성,04d6c2dbbdd6cadac8a54a481887393fc18d744d2d8e419404fadac1b1532d4b
캐시 세트옷,[구]망또No02,04d6c2dbbdd6cadac8a54a481887393fc18d744d2d8e419404fadac1b1532d4b
장신구,파란나비노리개2성,04d6c2dbbdd6cadac8a54a481887393fc18d744d2d8e419404fadac1b1532d4b
캐시 장신구,네잎클로버,04d6c2dbbdd6cadac8a54a481887393fc18d744d2d8e419404fadac1b1532d4b
무기,고대마령의적혈봉9성,572de190893c75182556226d0839fb44996b1889808e5ce7dec2bf7a0396209d
갑옷,환웅의치마'9성,572de190893c75182556226d0839fb44996b1889808e5ce7dec2bf7a0396209d
방패/보조무기,고대마령의단검8성,572de190893c75182556226d0839fb44996b1889808e5ce7dec2bf7a0396209d
투구,환웅의두건'9성,572de190893c75182556226d0839fb44996b1889808e5ce7dec2bf7a0396209d
왼손,환웅의장갑'9성,572de190893c75182556226d0839fb44996b1889808e5ce7dec2bf7a0396209d
오른손,환웅의깍지'9성,572de190893c75182556226d0839fb44996b1889808e5ce7dec2bf7a0396209d
보조1,부여지휘관휘장,572de190893c75182556226d0839fb44996b1889808e5ce7dec2bf7a0396209d
보조2,암룡의보옥,572de190893c75182556226d0839fb44996b1889808e5ce7dec2bf7a0396209d
얼굴장식,찬란한시바의시선,572de190893c75182556226d0839fb44996b1889808e5ce7dec2bf7a0396209d
캐시 투구,딱콩아프로머리,572de190893c75182556226d0839fb44996b1889808e5ce7dec2bf7a0396209d
망토,고대마령의칼날10성,572de190893c75182556226d0839fb44996b1889808e5ce7dec2bf7a0396209d
캐시 겉옷,바람추석한복(여),572de190893c75182556226d0839fb44996b1889808e5ce7dec2bf7a0396209d
신발,사령웅의앞발,572de190893c75182556226d0839fb44996b1889808e5ce7dec2bf7a0396209d
목/어깨장식,고대마령의목걸이8성,572de190893c75182556226d0839fb44996b1889808e5ce7dec2bf7a0396209d
캐시 무기,행운의채굴곡괭이,572de190893c75182556226d0839fb44996b1889808e5ce7dec2bf7a0396209d
캐시 방패/보조무기,,572de190893c75182556226d0839fb44996b1889808e5ce7dec2bf7a0396209d
캐시 얼굴장식,눈장식:목표포착,572de190893c75182556226d0839fb44996b1889808e5ce7dec2bf7a0396209d
캐시 망토,흑룡의기운,572de190893c75182556226d0839fb44996b1889808e5ce7dec2bf7a0396209d
캐시 신발,게이밍감성컴퓨터,572de190893c75182556226d0839fb44996b1889808e5ce7dec2bf7a0396209d
캐시 목/어깨장식,,572de190893c75182556226d0839fb44996b1889808e5ce7dec2bf7a0396209d
세트옷,[괴수의상]바루나1성,572de190893c75182556226d0839fb44996b1889808e5ce7dec2bf7a0396209d
캐시 세트옷,,572de190893c75182556226d0839fb44996b1889808e5ce7dec2bf7a0396209d
장신구,자수원앙노리개3성,572de190893c75182556226d0839fb44996b1889808e5ce7dec2bf7a0396209d
캐시 장신구,나비빨강더듬이,572de190893c75182556226d0839fb44996b1889808e5ce7dec2bf7a0396209d
무기,환웅천륜'9각,efce8b18d08734f45a093797de1315b36a4504a1c68bbc024ae4002fb4b70d1e
갑옷,,efce8b18d08734f45a093797de1315b36a4504a1c68bbc024ae4002fb4b70d1e
방패/보조무기,,efce8b18d08734f45a093797de1315b36a4504a1c68bbc024ae4002fb4b70d1e
투구,환웅의모자'8성,efce8b18d08734f45a093797de1315b36a4504a1c68bbc024ae4002fb4b70d1e
왼손,,efce8b18d08734f45a093797de1315b36a4504a1c68bbc024ae4002fb4b70d1e
오른손,,efce8b18d08734f45a093797de1315b36a4504a1c68bbc024ae4002fb4b70d1e
보조1,,efce8b18d08734f45a093797de1315b36a4504a1c68bbc024ae4002fb4b70d1e
보조2,,efce8b18d08734f45a093797de1315b36a4504a1c68bbc024ae4002fb4b70d1e
얼굴장식,,efce8b18d08734f45a093797de1315b36a4504a1c68bbc024ae4002fb4b70d1e
캐시 투구,복슬카피바라탈,efce8b18d08734f45a093797de1315b36a4504a1c68bbc024ae4002fb4b70d1e
망토,천마성의망토,efce8b18d08734f45a093797de1315b36a4504a1c68bbc024ae4002fb4b70d1e
캐시 겉옷,복슬카피바라의상,efce8b18d08734f45a093797de1315b36a4504a1c68bbc024ae4002fb4b70d1e
신발,,efce8b18d08734f45a093797de1315b36a4504a1c68bbc024ae4002fb4b70d1e
목/어깨장식,고대마령의목걸이6성,efce8b18d08734f45a093797de1315b36a4504a1c68bbc024ae4002fb4b70d1e
캐시 무기,이매망량도깨비불,efce8b18d08734f45a093797de1315b36a4504a1c68bbc024ae4002fb4b70d1e
캐시 방패/보조무기,,efce8b18d08734f45a093797de1315b36a4504a1c68bbc024ae4002fb4b70d1e
캐시 얼굴장식,,efce8b18d08734f45a093797de1315b36a4504a1c68bbc024ae4002fb4b70d1e
캐시 망토,,efce8b18d08734f45a093797de1315b36a4504a1c68bbc024ae4002fb4b70d1e
캐시 신발,,efce8b18d08734f45a093797de1315b36a4504a1c68bbc024ae4002fb4b70d1e
캐시 목/어깨장식,,efce8b18d08734f45a093797de1315b36a4504a1c68bbc024ae4002fb4b70d1e
세트옷,구미호분신,efce8b18d08734f45a093797de1315b36a4504a1c68bbc024ae4002fb4b70d1e
캐시 세트옷,,efce8b18d08734f45a093797de1315b36a4504a1c68bbc024ae4002fb4b70d1e
장신구,붉은토끼풀노리개3성,efce8b18d08734f45a093797de1315b36a4504a1c68bbc024ae4002fb4b70d1e
캐시 장신구,,efce8b18d08734f45a093797de1315b36a4504a1c68bbc024ae4002fb4b70d1e
무기,용랑제십봉,63b879669a7acb0da50921c4d50ac8dee63562cd946554730a76e33f367aa7e8
갑옷,환웅의도포'9성,63b879669a7acb0da50921c4d50ac8dee63562cd946554730a76e33f367aa7e8
방패/보조무기,,63b879669a7acb0da50921c4d50ac8dee63562cd946554730a76e33f367aa7e8
투구,환웅의두건'9성,63b879669a7acb0da50921c4d50ac8dee63562cd946554730a76e33f367aa7e8
왼손,용발톱흑광노리개9성,63b879669a7acb0da50921c4d50ac8dee63562cd946554730a76e33f367aa7e8
오른손,패자황금반지,63b879669a7acb0da50921c4d50ac8dee63562cd946554730a76e33f367aa7e8
보조1,투명구두,63b879669a7acb0da50921c4d50ac8dee63562cd946554730a76e33f367aa7e8
보조2,마사의귀목,63b879669a7acb0da50921c4d50ac8dee63562cd946554730a76e33f367aa7e8
얼굴장식,빛나는조사장의가면,63b879669a7acb0da50921c4d50ac8dee63562cd946554730a76e33f367aa7e8
캐시 투구,가을홀릭소년헤어No01,63b879669a7acb0da50921c4d50ac8dee63562cd946554730a76e33f367aa7e8
망토,무신귀갑주7성,63b879669a7acb0da50921c4d50ac8dee63562cd946554730a76e33f367aa7e8
캐시 겉옷,한가위토깽의복(흑),63b879669a7acb0da50921c4d50ac8dee63562cd946554730a76e33f367aa7e8
신발,사령웅의앞발,63b879669a7acb0da50921c4d50ac8dee63562cd946554730a76e33f367aa7e8
목/어깨장식,고대마령의목걸이8성,63b879669a7acb0da50921c4d50ac8dee63562cd946554730a76e33f367aa7e8
캐시 무기,반짇고리도깨비방망이,63b879669a7acb0da50921c4d50ac8dee63562cd946554730a76e33f367aa7e8
캐시 방패/보조무기,내가꽃이슬잎,63b879669a7acb0da50921c4d50ac8dee63562cd946554730a76e33f367aa7e8
캐시 얼굴장식,,63b879669a7acb0da50921c4d50ac8dee63562cd946554730a76e33f367aa7e8
캐시 망토,비눗방울,63b879669a7acb0da50921c4d50ac8dee63562cd946554730a76e33f367aa7e8
캐시 신발,뽀짝피그황금동전,63b879669a7acb0da50921c4d50ac8dee63562cd946554730a76e33f367aa7e8
캐시 목/어깨장식,매드사이버완장,63b879669a7acb0da50921c4d50ac8dee63562cd946554730a76e33f367aa7e8
세트옷,[괴수의상]아이라바타1성,63b879669a7acb0da50921c4d50ac8dee63562cd946554730a76e33f367aa7e8
캐시 세트옷,[구]망또No01,63b879669a7acb0da50921c4d50ac8dee63562cd946554730a76e33f367aa7e8
장신구,자수원앙노리개2성,63b879669a7acb0da50921c4d50ac8dee63562cd946554730a76e33f367aa7e8
캐시 장신구,새내기사각뿔테,63b879669a7acb0da50921c4d50ac8dee63562cd946554730a76e33f367aa7e8
무기,용랑제십봉,89f59f9eccdc8d12dfdb94efc7ac31afd3d0851ce0e24a5929788e240ea8ad4c
갑옷,패자황금갑주,89f59f9eccdc8d12dfdb94efc7ac31afd3d0851ce0e24a5929788e240ea8ad4c
방패/보조무기,,89f59f9eccdc8d12dfdb94efc7ac31afd3d0851ce0e24a5929788e240ea8ad4c
투구,용아천관'랑8성,89f59f9eccdc8d12dfdb94efc7ac31afd3d0851ce0e24a5929788e240ea8ad4c
왼손,패자황금반지,89f59f9eccdc8d12dfdb94efc7ac31afd3d0851ce0e24a5929788e240ea8ad4c
오른손,바람청옥반지,89f59f9eccdc8d12dfdb94efc7ac31afd3d0851ce0e24a5929788e240ea8ad4c
보조1,마사의귀목,89f59f9eccdc8d12dfdb94efc7ac31afd3d0851ce0e24a5929788e240ea8ad4c
보조2,빛나는마사의귀목,89f59f9eccdc8d12dfdb94efc7ac31afd3d0851ce0e24a5929788e240ea8ad4c
얼굴장식,시바의시선,89f59f9eccdc8d12dfdb94efc7ac31afd3d0851ce0e24a5929788e240ea8ad4c
캐시 투구,달토끼모자,89f59f9eccdc8d12dfdb94efc7ac31afd3d0851ce0e24a5929788e240ea8ad4c
망토,천마성의망토,89f59f9eccdc8d12dfdb94efc7ac31afd3d0851ce0e24a5929788e240ea8ad4c
캐시 겉옷,선장복(남),89f59f9eccdc8d12dfdb94efc7ac31afd3d0851ce0e24a5929788e240ea8ad4c
신발,고대마령의군화'흑8성,89f59f9eccdc8d12dfdb94efc7ac31afd3d0851ce0e24a5929788e240ea8ad4c
목/어깨장식,고대마령의목걸이8성,89f59f9eccdc8d12dfdb94efc7ac31afd3d0851ce0e24a5929788e240ea8ad4c
캐시 무기,행운의채굴곡괭이,89f59f9eccdc8d12dfdb94efc7ac31afd3d0851ce0e24a5929788e240ea8ad4c
캐시 방패/보조무기,[25주년]밤하늘연등,89f59f9eccdc8d12dfdb94efc7ac31afd3d0851ce0e24a5929788e240ea8ad4c
캐시 얼굴장식,,89f59f9eccdc8d12dfdb94efc7ac31afd3d0851ce0e24a5929788e240ea8ad4c
캐시 망토,벚꽃장식No02,89f59f9eccdc8d12dfdb94efc7ac31afd3d0851ce0e24a5929788e240ea8ad4c
캐시 신발,토끼발자국No01,89f59f9eccdc8d12dfdb94efc7ac31afd3d0851ce0e24a5929788e240ea8ad4c
캐시 목/어깨장식,,89f59f9eccdc8d12dfdb94efc7ac31afd3d0851ce0e24a5929788e240ea8ad4c
세트옷,[괴수의상]아그니1성,89f59f9eccdc8d12dfdb94efc7ac31afd3d0851ce0e24a5929788e240ea8ad4c
캐시 세트옷,[구]망또No04,89f59f9eccdc8d12dfdb94efc7ac31afd3d0851ce0e24a5929788e240ea8ad4c
장신구,붉은토끼풀노리개1성,89f59f9eccdc8d12dfdb94efc7ac31afd3d0851ce0e24a5929788e240ea8ad4c
캐시 장신구,바린족얼굴무늬No01,89f59f9eccdc8d12dfdb94efc7ac31afd3d0851ce0e24a5929788e240ea8ad4c
무기,불멸용랑봉'4강,21d445876563e6aceb61d1db89a02b0b30cd9525bb211ddf780db9e64b122252
갑옷,패자황금갑주,21d445876563e6aceb61d1db89a02b0b30cd9525bb211ddf780db9e64b122252
방패/보조무기,,21d445876563e6aceb61d1db89a02b0b30cd9525bb211ddf780db9e64b122252
투구,패자황금투구,21d445876563e6aceb61d1db89a02b0b30cd9525bb211ddf780db9e64b122252
왼손,패자황금반지,21d445876563e6aceb61d1db89a02b0b30cd9525bb211ddf780db9e64b122252
오른손,패자황금반지,21d445876563e6aceb61d1db89a02b0b30cd9525bb211ddf780db9e64b122252
보조1,천도의목걸이,21d445876563e6aceb61d1db89a02b0b30cd9525bb211ddf780db9e64b122252
보조2,빛나는마사의귀목,21d445876563e6aceb61d1db89a02b0b30cd9525bb211ddf780db9e64b122252
얼굴장식,고대마령의암막8성,21d445876563e6aceb61d1db89a02b0b30cd9525bb211ddf780db9e64b122252
캐시 투구,몽환열차정복모자,21d445876563e6aceb61d1db89a02b0b30cd9525bb211ddf780db9e64b122252
망토,무신귀갑주10성,21d445876563e6aceb61d1db89a02b0b30cd9525bb211ddf780db9e64b122252
캐시 겉옷,몽환열차기관사복(남),21d445876563e6aceb61d1db89a02b0b30cd9525bb211ddf780db9e64b122252
신발,고대마령의군화'흑8성,21d445876563e6aceb61d1db89a02b0b30cd9525bb211ddf780db9e64b122252
목/어깨장식,고대마령의목걸이8성,21d445876563e6aceb61d1db89a02b0b30cd9525bb211ddf780db9e64b122252
캐시 무기,몽환열차모래시계,21d445876563e6aceb61d1db89a02b0b30cd9525bb211ddf780db9e64b122252
캐시 방패/보조무기,몽환열차꿈꾸는양,21d445876563e6aceb61d1db89a02b0b30cd9525bb211ddf780db9e64b122252
캐시 얼굴장식,,21d445876563e6aceb61d1db89a02b0b30cd9525bb211ddf780db9e64b122252
캐시 망토,몽환열차꿈결시계,21d445876563e6aceb61d1db89a02b0b30cd9525bb211ddf780db9e64b122252
캐시 신발,,21d445876563e6aceb61d1db89a02b0b30cd9525bb211ddf780db9e64b122252
캐시 목/어깨장식,,21d445876563e6aceb61d1db89a02b0b30cd9525bb211ddf780db9e64b122252
세트옷,[괴수의상]아그니3성,21d445876563e6aceb61d1db89a02b0b30cd9525bb211ddf780db9e64b122252
캐시 세트옷,[구]망또No05,21d445876563e6aceb61d1db89a02b0b30cd9525bb211ddf780db9e64b122252
장신구,자수원앙노리개1성,21d445876563e6aceb61d1db89a02b0b30cd9525bb211ddf780db9e64b122252
캐시 장신구,몽환열차회중시계,21d445876563e6aceb61d1db89a02b0b30cd9525bb211ddf780db9e64b122252
무기,용겸제십봉,cc70af0bb4469fc62ee51a7d3e9fa636db3a458f44e7ba85949eb4746bf75233
갑옷,태광천신의복8성,cc70af0bb4469fc62ee51a7d3e9fa636db3a458f44e7ba85949eb4746bf75233
방패/보조무기,,cc70af0bb4469fc62ee51a7d3e9fa636db3a458f44e7ba85949eb4746bf75233
투구,고대마령투구10성,cc70af0bb4469fc62ee51a7d3e9fa636db3a458f44e7ba85949eb4746bf75233
왼손,패자황금선류,cc70af0bb4469fc62ee51a7d3e9fa636db3a458f44e7ba85949eb4746bf75233
오른손,패자황금선류,cc70af0bb4469fc62ee51a7d3e9fa636db3a458f44e7ba85949eb4746bf75233
보조1,천도의목걸이,cc70af0bb4469fc62ee51a7d3e9fa636db3a458f44e7ba85949eb4746bf75233
보조2,마령의노리개'월10성,cc70af0bb4469fc62ee51a7d3e9fa636db3a458f44e7ba85949eb4746bf75233
얼굴장식,빛나는조사장의가면,cc70af0bb4469fc62ee51a7d3e9fa636db3a458f44e7ba85949eb4746bf75233
캐시 투구,딱콩별프로머리,cc70af0bb4469fc62ee51a7d3e9fa636db3a458f44e7ba85949eb4746bf75233
망토,무신귀갑주8성,cc70af0bb4469fc62ee51a7d3e9fa636db3a458f44e7ba85949eb4746bf75233
캐시 겉옷,딱콩점프슈트No01,cc70af0bb4469fc62ee51a7d3e9fa636db3a458f44e7ba85949eb4746bf75233
신발,고대마령의군화'월8성,cc70af0bb4469fc62ee51a7d3e9fa636db3a458f44e7ba85949eb4746bf75233
목/어깨장식,고대마령의목걸이8성,cc70af0bb4469fc62ee51a7d3e9fa636db3a458f44e7ba85949eb4746bf75233
캐시 무기,용섬제십궁의허물,cc70af0bb4469fc62ee51a7d3e9fa636db3a458f44e7ba85949eb4746bf75233
캐시 방패/보조무기,,cc70af0bb4469fc62ee51a7d3e9fa636db3a458f44e7ba85949eb4746bf75233
캐시 얼굴장식,,cc70af0bb4469fc62ee51a7d3e9fa636db3a458f44e7ba85949eb4746bf75233
캐시 망토,러블리키스No01,cc70af0bb4469fc62ee51a7d3e9fa636db3a458f44e7ba85949eb4746bf75233
캐시 신발,흩뿌려진꽃잎No01,cc70af0bb4469fc62ee51a7d3e9fa636db3a458f44e7ba85949eb4746bf75233
캐시 목/어깨장식,[허니문]빨강리본,cc70af0bb4469fc62ee51a7d3e9fa636db3a458f44e7ba85949eb4746bf75233
세트옷,[괴수의상]아그니1성,cc70af0bb4469fc62ee51a7d3e9fa636db3a458f44e7ba85949eb4746bf75233
캐시 세트옷,[구]망또No05,cc70af0bb4469fc62ee51a7d3e9fa636db3a458f44e7ba85949eb4746bf75233
장신구,붉은토끼풀노리개3성,cc70af0bb4469fc62ee51a7d3e9fa636db3a458f44e7ba85949eb4746bf75233
캐시 장신구,바린족얼굴무늬No01,cc70af0bb4469fc62ee51a7d3e9fa636db3a458f44e7ba85949eb4746bf75233
무기,용겸제십봉,995ad0627bd96f2085046b7da431864cf6a5e1a87d2a2feccca69520975dd670
갑옷,용겸멸아의8성,995ad0627bd96f2085046b7da431864cf6a5e1a87d2a2feccca69520975dd670
방패/보조무기,,995ad0627bd96f2085046b7da431864cf6a5e1a87d2a2feccca69520975dd670
투구,고대마령모자10성,995ad0627bd96f2085046b7da431864cf6a5e1a87d2a2feccca69520975dd670
왼손,금린반지6성,995ad0627bd96f2085046b7da431864cf6a5e1a87d2a2feccca69520975dd670
오른손,용안의회복반지5성,995ad0627bd96f2085046b7da431864cf6a5e1a87d2a2feccca69520975dd670
보조1,마령의노리개'월10성,995ad0627bd96f2085046b7da431864cf6a5e1a87d2a2feccca69520975dd670
보조2,빛나는마사의귀목,995ad0627bd96f2085046b7da431864cf6a5e1a87d2a2feccca69520975dd670
얼굴장식,빛나는조사장의가면,995ad0627bd96f2085046b7da431864cf6a5e1a87d2a2feccca69520975dd670
캐시 투구,향긋한정원엣지리본,995ad0627bd96f2085046b7da431864cf6a5e1a87d2a2feccca69520975dd670
망토,용성신부'겸8성,995ad0627bd96f2085046b7da431864cf6a5e1a87d2a2feccca69520975dd670
캐시 겉옷,향긋한정원의상(여),995ad0627bd96f2085046b7da431864cf6a5e1a87d2a2feccca69520975dd670
신발,고대마령의군화'흑8성,995ad0627bd96f2085046b7da431864cf6a5e1a87d2a2feccca69520975dd670
목/어깨장식,고대마령의목걸이8성,995ad0627bd96f2085046b7da431864cf6a5e1a87d2a2feccca69520975dd670
캐시 무기,[심야]행운의채굴곡괭이,995ad0627bd96f2085046b7da431864cf6a5e1a87d2a2feccca69520975dd670
캐시 방패/보조무기,베베곰인형,995ad0627bd96f2085046b7da431864cf6a5e1a87d2a2feccca69520975dd670
캐시 얼굴장식,,995ad0627bd96f2085046b7da431864cf6a5e1a87d2a2feccca69520975dd670
캐시 망토,향긋한정원앞치마(여),995ad0627bd96f2085046b7da431864cf6a5e1a87d2a2feccca69520975dd670
캐시 신발,나비하양반짝,995ad0627bd96f2085046b7da431864cf6a5e1a87d2a2feccca69520975dd670
캐시 목/어깨장식,캠퍼스커플타이,995ad0627bd96f2085046b7da431864cf6a5e1a87d2a2feccca69520975dd670
세트옷,[괴수의상]아이라바타1성,995ad0627bd96f2085046b7da431864cf6a5e1a87d2a2feccca69520975dd670
캐시 세트옷,,995ad0627bd96f2085046b7da431864cf6a5e1a87d2a2feccca69520975dd670
장신구,봉황삼작금노리개1성,995ad0627bd96f2085046b7da431864cf6a5e1a87d2a2feccca69520975dd670
캐시 장신구,바린족얼굴무늬No01,995ad0627bd96f2085046b7da431864cf6a5e1a87d2a2feccca69520975dd670
무기,진혼제,d524925e27daa4522feed2556631eda7bf30b7bfaf0cb369c1c65a77149b81b8
갑옷,용겸멸아의8성,d524925e27daa4522feed2556631eda7bf30b7bfaf0cb369c1c65a77149b81b8
방패/보조무기,고대마령의방패7성,d524925e27daa4522feed2556631eda7bf30b7bfaf0cb369c1c65a77149b81b8
투구,용아천관'겸8성,d524925e27daa4522feed2556631eda7bf30b7bfaf0cb369c1c65a77149b81b8
왼손,패자황금선류,d524925e27daa4522feed2556631eda7bf30b7bfaf0cb369c1c65a77149b81b8
오른손,용수흑광노리개9성,d524925e27daa4522feed2556631eda7bf30b7bfaf0cb369c1c65a77149b81b8
보조1,천도의목걸이,d524925e27daa4522feed2556631eda7bf30b7bfaf0cb369c1c65a77149b81b8
보조2,아그니의적영,d524925e27daa4522feed2556631eda7bf30b7bfaf0cb369c1c65a77149b81b8
얼굴장식,고대마령의암막6성,d524925e27daa4522feed2556631eda7bf30b7bfaf0cb369c1c65a77149b81b8
캐시 투구,레인보우헤어(여),d524925e27daa4522feed2556631eda7bf30b7bfaf0cb369c1c65a77149b81b8
망토,용성신부'겸8성,d524925e27daa4522feed2556631eda7bf30b7bfaf0cb369c1c65a77149b81b8
캐시 겉옷,레인보우의상(여),d524925e27daa4522feed2556631eda7bf30b7bfaf0cb369c1c65a77149b81b8
신발,고대마령의군화'흑8성,d524925e27daa4522feed2556631eda7bf30b7bfaf0cb369c1c65a77149b81b8
목/어깨장식,고대마령의목걸이8성,d524925e27daa4522feed2556631eda7bf30b7bfaf0cb369c1c65a77149b81b8
캐시 무기,,d524925e27daa4522feed2556631eda7bf30b7bfaf0cb369c1c65a77149b81b8
캐시 방패/보조무기,양양이No01,d524925e27daa4522feed2556631eda7bf30b7bfaf0cb369c1c65a77149b81b8
캐시 얼굴장식,,d524925e27daa4522feed2556631eda7bf30b7bfaf0cb369c1c65a77149b81b8
캐시 망토,러블리키스No01,d524925e27daa4522feed2556631eda7bf30b7bfaf0cb369c1c65a77149b81b8
캐시 신발,멍뭉이눈사람,d524925e27daa4522feed2556631eda7bf30b7bfaf0cb369c1c65a77149b81b8
캐시 목/어깨장식,반짝하트목걸이,d524925e27daa4522feed2556631eda7bf30b7bfaf0cb369c1c65a77149b81b8
세트옷,[괴수의상]바루나1성,d524925e27daa4522feed2556631eda7bf30b7bfaf0cb369c1c65a77149b81b8
캐시 세트옷,[구]웨딩드레스No02,d524925e27daa4522feed2556631eda7bf30b7bfaf0cb369c1c65a77149b81b8
장신구,붉은토끼풀노리개1성,d524925e27daa4522feed2556631eda7bf30b7bfaf0cb369c1c65a77149b81b8
캐시 장신구,초코델리귀걸이,d524925e27daa4522feed2556631eda7bf30b7bfaf0cb369c1c65a77149b81b8
무기,용겸제십봉,d803918cbb7609ab80a11112cf2ae5541db3dacdd901b3bdfd96fceddda43058
갑옷,용겸멸아의8성,d803918cbb7609ab80a11112cf2ae5541db3dacdd901b3bdfd96fceddda43058
방패/보조무기,,d803918cbb7609ab80a11112cf2ae5541db3dacdd901b3bdfd96fceddda43058
투구,용아천관'겸8성,d803918cbb7609ab80a11112cf2ae5541db3dacdd901b3bdfd96fceddda43058
왼손,고대마령의장갑'흑10성,d803918cbb7609ab80a11112cf2ae5541db3dacdd901b3bdfd96fceddda43058
오른손,고대마령의장갑'흑10성,d803918cbb7609ab80a11112cf2ae5541db3dacdd901b3bdfd96fceddda43058
보조1,마령의노리개'월8성,d803918cbb7609ab80a11112cf2ae5541db3dacdd901b3bdfd96fceddda43058
보조2,빛나는마사의귀목,d803918cbb7609ab80a11112cf2ae5541db3dacdd901b3bdfd96fceddda43058
얼굴장식,빛나는조사장의가면,d803918cbb7609ab80a11112cf2ae5541db3dacdd901b3bdfd96fceddda43058
캐시 투구,향긋한정원엣지리본,d803918cbb7609ab80a11112cf2ae5541db3dacdd901b3bdfd96fceddda43058
망토,용성신부'겸9성,d803918cbb7609ab80a11112cf2ae5541db3dacdd901b3bdfd96fceddda43058
캐시 겉옷,긱시크여자교복,d803918cbb7609ab80a11112cf2ae5541db3dacdd901b3bdfd96fceddda43058
신발,고대마령의군화'월8성,d803918cbb7609ab80a11112cf2ae5541db3dacdd901b3bdfd96fceddda43058
목/어깨장식,고대마령의목걸이8성,d803918cbb7609ab80a11112cf2ae5541db3dacdd901b3bdfd96fceddda43058
캐시 무기,힙캐주얼속마음,d803918cbb7609ab80a11112cf2ae5541db3dacdd901b3bdfd96fceddda43058
캐시 방패/보조무기,미니눈냥이크로스백,d803918cbb7609ab80a11112cf2ae5541db3dacdd901b3bdfd96fceddda43058
캐시 얼굴장식,유니콘음악대반짝이,d803918cbb7609ab80a11112cf2ae5541db3dacdd901b3bdfd96fceddda43058
캐시 망토,베베천사날개,d803918cbb7609ab80a11112cf2ae5541db3dacdd901b3bdfd96fceddda43058
캐시 신발,무희방울,d803918cbb7609ab80a11112cf2ae5541db3dacdd901b3bdfd96fceddda43058
캐시 목/어깨장식,,d803918cbb7609ab80a11112cf2ae5541db3dacdd901b3bdfd96fceddda43058
세트옷,[괴수의상]아그니1성,d803918cbb7609ab80a11112cf2ae5541db3dacdd901b3bdfd96fceddda43058
캐시 세트옷,,d803918cbb7609ab80a11112cf2ae5541db3dacdd901b3bdfd96fceddda43058
장신구,붉은토끼풀노리개1성,d803918cbb7609ab80a11112cf2ae5541db3dacdd901b3bdfd96fceddda43058
캐시 장신구,초코델리귀걸이,d803918cbb7609ab80a11112cf2ae5541db3dacdd901b3bdfd96fceddda43058
무기,진혼제,dbe3c8794319ee87f8449e87ffa4e5ebfa95aa9463f0f985b2a02fddc8e9948b
갑옷,용겸멸아의9성,dbe3c8794319ee87f8449e87ffa4e5ebfa95aa9463f0f985b2a02fddc8e9948b
방패/보조무기,고대마령의방패6성,dbe3c8794319ee87f8449e87ffa4e5ebfa95aa9463f0f985b2a02fddc8e9948b
투구,용아천관'겸8성,dbe3c8794319ee87f8449e87ffa4e5ebfa95aa9463f0f985b2a02fddc8e9948b
왼손,용송곳니흑광노리개9성,dbe3c8794319ee87f8449e87ffa4e5ebfa95aa9463f0f985b2a02fddc8e9948b
오른손,쇄자황금선류,dbe3c8794319ee87f8449e87ffa4e5ebfa95aa9463f0f985b2a02fddc8e9948b
보조1,마령의노리개'월6성,dbe3c8794319ee87f8449e87ffa4e5ebfa95aa9463f0f985b2a02fddc8e9948b
보조2,빛나는마사의귀목,dbe3c8794319ee87f8449e87ffa4e5ebfa95aa9463f0f985b2a02fddc8e9948b
얼굴장식,고대마령의표식8성,dbe3c8794319ee87f8449e87ffa4e5ebfa95aa9463f0f985b2a02fddc8e9948b
캐시 투구,초코델리소녀헤어,dbe3c8794319ee87f8449e87ffa4e5ebfa95aa9463f0f985b2a02fddc8e9948b
망토,용성신부'겸8성,dbe3c8794319ee87f8449e87ffa4e5ebfa95aa9463f0f985b2a02fddc8e9948b
캐시 겉옷,뽀짝피그여자의상No02,dbe3c8794319ee87f8449e87ffa4e5ebfa95aa9463f0f985b2a02fddc8e9948b
신발,고대마령의군화'월8성,dbe3c8794319ee87f8449e87ffa4e5ebfa95aa9463f0f985b2a02fddc8e9948b
목/어깨장식,진'흉수의인장,dbe3c8794319ee87f8449e87ffa4e5ebfa95aa9463f0f985b2a02fddc8e9948b
캐시 무기,눈뭉치,dbe3c8794319ee87f8449e87ffa4e5ebfa95aa9463f0f985b2a02fddc8e9948b
캐시 방패/보조무기,,dbe3c8794319ee87f8449e87ffa4e5ebfa95aa9463f0f985b2a02fddc8e9948b
캐시 얼굴장식,[30주년]넥슨히어로하트,dbe3c8794319ee87f8449e87ffa4e5ebfa95aa9463f0f985b2a02fddc8e9948b
캐시 망토,러블리키스No08,dbe3c8794319ee87f8449e87ffa4e5ebfa95aa9463f0f985b2a02fddc8e9948b
캐시 신발,무희방울,dbe3c8794319ee87f8449e87ffa4e5ebfa95aa9463f0f985b2a02fddc8e9948b
캐시 목/어깨장식,헤리티지숄더니트No02,dbe3c8794319ee87f8449e87ffa4e5ebfa95aa9463f0f985b2a02fddc8e9948b
세트옷,강철의탐,dbe3c8794319ee87f8449e87ffa4e5ebfa95aa9463f0f985b2a02fddc8e9948b
캐시 세트옷,,dbe3c8794319ee87f8449e87ffa4e5ebfa95aa9463f0f985b2a02fddc8e9948b
장신구,자수원앙노리개2성,dbe3c8794319ee87f8449e87ffa4e5ebfa95aa9463f0f985b2a02fddc8e9948b
캐시 장신구,붉은리본소녀머리띠,dbe3c8794319ee87f8449e87ffa4e5ebfa95aa9463f0f985b2a02fddc8e9948b
무기,고대마령의적혈선9성,fe2b67647a0bc417aa751347b018cf0b9cc12de57d17b7645c8981bcce98e0d3
갑옷,용겸멸아의8성,fe2b67647a0bc417aa751347b018cf0b9cc12de57d17b7645c8981bcce98e0d3
방패/보조무기,고대마령의방패6성,fe2b67647a0bc417aa751347b018cf0b9cc12de57d17b7645c8981bcce98e0d3
투구,용아천관'겸8성,fe2b67647a0bc417aa751347b018cf0b9cc12de57d17b7645c8981bcce98e0d3
왼손,용안의회복반지5성,fe2b67647a0bc417aa751347b018cf0b9cc12de57d17b7645c8981bcce98e0d3
오른손,금린반지6성,fe2b67647a0bc417aa751347b018cf0b9cc12de57d17b7645c8981bcce98e0d3
보조1,마령의노리개'월6성,fe2b67647a0bc417aa751347b018cf0b9cc12de57d17b7645c8981bcce98e0d3
보조2,마사의귀목,fe2b67647a0bc417aa751347b018cf0b9cc12de57d17b7645c8981bcce98e0d3
얼굴장식,빛나는조사장의가면,fe2b67647a0bc417aa751347b018cf0b9cc12de57d17b7645c8981bcce98e0d3
캐시 투구,풍월요괴고야차의뿔,fe2b67647a0bc417aa751347b018cf0b9cc12de57d17b7645c8981bcce98e0d3
망토,금린추월6성,fe2b67647a0bc417aa751347b018cf0b9cc12de57d17b7645c8981bcce98e0d3
캐시 겉옷,값진설날교복(여),fe2b67647a0bc417aa751347b018cf0b9cc12de57d17b7645c8981bcce98e0d3
신발,사령웅의앞발,fe2b67647a0bc417aa751347b018cf0b9cc12de57d17b7645c8981bcce98e0d3
목/어깨장식,고대마령의목걸이6성,fe2b67647a0bc417aa751347b018cf0b9cc12de57d17b7645c8981bcce98e0d3
캐시 무기,숲속친구꽃바구니,fe2b67647a0bc417aa751347b018cf0b9cc12de57d17b7645c8981bcce98e0d3
캐시 방패/보조무기,,fe2b67647a0bc417aa751347b018cf0b9cc12de57d17b7645c8981bcce98e0d3
캐시 얼굴장식,,fe2b67647a0bc417aa751347b018cf0b9cc12de57d17b7645c8981bcce98e0d3
캐시 망토,환계나비정령,fe2b67647a0bc417aa751347b018cf0b9cc12de57d17b7645c8981bcce98e0d3
캐시 신발,몽실몽실구름,fe2b67647a0bc417aa751347b018cf0b9cc12de57d17b7645c8981bcce98e0d3
캐시 목/어깨장식,NEXON사원증,fe2b67647a0bc417aa751347b018cf0b9cc12de57d17b7645c8981bcce98e0d3
세트옷,도깨비탐,fe2b67647a0bc417aa751347b018cf0b9cc12de57d17b7645c8981bcce98e0d3
캐시 세트옷,귀엽덕,fe2b67647a0bc417aa751347b018cf0b9cc12de57d17b7645c8981bcce98e0d3
장신구,붉은토끼풀노리개2성,fe2b67647a0bc417aa751347b018cf0b9cc12de57d17b7645c8981bcce98e0d3
캐시 장신구,감귤,fe2b67647a0bc417aa751347b018cf0b9cc12de57d17b7645c8981bcce98e0d3
무기,진혼제,c09199bf459a8620608492c2041d9409bba518daffd38cb8ab4b817a0bc73232
갑옷,태광천신신복8성,c09199bf459a8620608492c2041d9409bba518daffd38cb8ab4b817a0bc73232
방패/보조무기,고대마령의방패8성,c09199bf459a8620608492c2041d9409bba518daffd38cb8ab4b817a0bc73232
투구,고대마령모자10성,c09199bf459a8620608492c2041d9409bba518daffd38cb8ab4b817a0bc73232
왼손,고대마령의장갑'월8성,c09199bf459a8620608492c2041d9409bba518daffd38cb8ab4b817a0bc73232
오른손,고대마령의장갑'흑8성,c09199bf459a8620608492c2041d9409bba518daffd38cb8ab4b817a0bc73232
보조1,천도의목걸이,c09199bf459a8620608492c2041d9409bba518daffd38cb8ab4b817a0bc73232
보조2,빛나는마사의귀목,c09199bf459a8620608492c2041d9409bba518daffd38cb8ab4b817a0bc73232
얼굴장식,시바의시선,c09199bf459a8620608492c2041d9409bba518daffd38cb8ab4b817a0bc73232
캐시 투구,뽀송따듯귀마개,c09199bf459a8620608492c2041d9409bba518daffd38cb8ab4b817a0bc73232
망토,무신귀갑주7성,c09199bf459a8620608492c2041d9409bba518daffd38cb8ab4b817a0bc73232
캐시 겉옷,토끼소녀의상No01,c09199bf459a8620608492c2041d9409bba518daffd38cb8ab4b817a0bc73232
신발,바루나의천수,c09199bf459a8620608492c2041d9409bba518daffd38cb8ab4b817a0bc73232
목/어깨장식,고대마령의목걸이8성,c09199bf459a8620608492c2041d9409bba518daffd38cb8ab4b817a0bc73232
캐시 무기,나사펫수박,c09199bf459a8620608492c2041d9409bba518daffd38cb8ab4b817a0bc73232
캐시 방패/보조무기,,c09199bf459a8620608492c2041d9409bba518daffd38cb8ab4b817a0bc73232
캐시 얼굴장식,,c09199bf459a8620608492c2041d9409bba518daffd38cb8ab4b817a0bc73232
캐시 망토,베베천사날개,c09199bf459a8620608492c2041d9409bba518daffd38cb8ab4b817a0bc73232
캐시 신발,베베별자국,c09199bf459a8620608492c2041d9409bba518daffd38cb8ab4b817a0bc73232
캐시 목/어깨장식,,c09199bf459a8620608492c2041d9409bba518daffd38cb8ab4b817a0bc73232
세트옷,[괴수의상]바루나1성,c09199bf459a8620608492c2041d9409bba518daffd38cb8ab4b817a0bc73232
캐시 세트옷,고대[신수]망또No02,c09199bf459a8620608492c2041d9409bba518daffd38cb8ab4b817a0bc73232
장신구,붉은토끼풀노리개1성,c09199bf459a8620608492c2041d9409bba518daffd38cb8ab4b817a0bc73232
캐시 장신구,그림술사목장식(여),c09199bf459a8620608492c2041d9409bba518daffd38cb8ab4b817a0bc73232
무기,용겸제십봉,e99d2d09788a4a0a3f388dd114b283d2c0903a018cc3bc4b18b538bdfb7b777c
갑옷,금린신월갑10성,e99d2d09788a4a0a3f388dd114b283d2c0903a018cc3bc4b18b538bdfb7b777c
방패/보조무기,,e99d2d09788a4a0a3f388dd114b283d2c0903a018cc3bc4b18b538bdfb7b777c
투구,환웅의머릿깃'9성,e99d2d09788a4a0a3f388dd114b283d2c0903a018cc3bc4b18b538bdfb7b777c
왼손,환웅의팔찌'9성,e99d2d09788a4a0a3f388dd114b283d2c0903a018cc3bc4b18b538bdfb7b777c
오른손,환웅의장갑'9성,e99d2d09788a4a0a3f388dd114b283d2c0903a018cc3bc4b18b538bdfb7b777c
보조1,마사의귀목,e99d2d09788a4a0a3f388dd114b283d2c0903a018cc3bc4b18b538bdfb7b777c
보조2,마령의노리개'흑10성,e99d2d09788a4a0a3f388dd114b283d2c0903a018cc3bc4b18b538bdfb7b777c
얼굴장식,빛나는조사장의가면,e99d2d09788a4a0a3f388dd114b283d2c0903a018cc3bc4b18b538bdfb7b777c
캐시 투구,치치의귀마개,e99d2d09788a4a0a3f388dd114b283d2c0903a018cc3bc4b18b538bdfb7b777c
망토,고대마령의비수8성,e99d2d09788a4a0a3f388dd114b283d2c0903a018cc3bc4b18b538bdfb7b777c
캐시 겉옷,궁녀의상No02,e99d2d09788a4a0a3f388dd114b283d2c0903a018cc3bc4b18b538bdfb7b777c
신발,고대마령의군화'흑8성,e99d2d09788a4a0a3f388dd114b283d2c0903a018cc3bc4b18b538bdfb7b777c
목/어깨장식,고대마령의목걸이8성,e99d2d09788a4a0a3f388dd114b283d2c0903a018cc3bc4b18b538bdfb7b777c
캐시 무기,오래된채굴곡괭이,e99d2d09788a4a0a3f388dd114b283d2c0903a018cc3bc4b18b538bdfb7b777c
캐시 방패/보조무기,발아래까치,e99d2d09788a4a0a3f388dd114b283d2c0903a018cc3bc4b18b538bdfb7b777c
캐시 얼굴장식,,e99d2d09788a4a0a3f388dd114b283d2c0903a018cc3bc4b18b538bdfb7b777c
캐시 망토,벚꽃장식No02,e99d2d09788a4a0a3f388dd114b283d2c0903a018cc3bc4b18b538bdfb7b777c
캐시 신발,베베별자국,e99d2d09788a4a0a3f388dd114b283d2c0903a018cc3bc4b18b538bdfb7b777c
캐시 목/어깨장식,웨딩목걸이,e99d2d09788a4a0a3f388dd114b283d2c0903a018cc3bc4b18b538bdfb7b777c
세트옷,[괴수의상]바루나1성,e99d2d09788a4a0a3f388dd114b283d2c0903a018cc3bc4b18b538bdfb7b777c
캐시 세트옷,[구]망또No07,e99d2d09788a4a0a3f388dd114b283d2c0903a018cc3bc4b18b538bdfb7b777c
장신구,붉은토끼풀노리개1성,e99d2d09788a4a0a3f388dd114b283d2c0903a018cc3bc4b18b538bdfb7b777c
캐시 장신구,,e99d2d09788a4a0a3f388dd114b283d2c0903a018cc3bc4b18b538bdfb7b777c
무기,암혈홍접선,fe2b67647a0bc417aa751347b018cf0baf815ba40a95d2f581a604660064d5fb
갑옷,용겸파천의8성,fe2b67647a0bc417aa751347b018cf0baf815ba40a95d2f581a604660064d5fb
방패/보조무기,고대마령의단검8성,fe2b67647a0bc417aa751347b018cf0baf815ba40a95d2f581a604660064d5fb
투구,환웅의모자'8성,fe2b67647a0bc417aa751347b018cf0baf815ba40a95d2f581a604660064d5fb
왼손,금린반지6성,fe2b67647a0bc417aa751347b018cf0baf815ba40a95d2f581a604660064d5fb
오른손,금린반지8성,fe2b67647a0bc417aa751347b018cf0baf815ba40a95d2f581a604660064d5fb
보조1,찬란한아그니의적영,fe2b67647a0bc417aa751347b018cf0baf815ba40a95d2f581a604660064d5fb
보조2,마사의귀목,fe2b67647a0bc417aa751347b018cf0baf815ba40a95d2f581a604660064d5fb
얼굴장식,시바의시선,fe2b67647a0bc417aa751347b018cf0baf815ba40a95d2f581a604660064d5fb
캐시 투구,[만일]만월비녀,fe2b67647a0bc417aa751347b018cf0baf815ba40a95d2f581a604660064d5fb
망토,금린화월8성,fe2b67647a0bc417aa751347b018cf0baf815ba40a95d2f581a604660064d5fb
캐시 겉옷,끼로롱토끼옷No07남,fe2b67647a0bc417aa751347b018cf0baf815ba40a95d2f581a604660064d5fb
신발,용왕의신발,fe2b67647a0bc417aa751347b018cf0baf815ba40a95d2f581a604660064d5fb
목/어깨장식,고대마령의목걸이6성,fe2b67647a0bc417aa751347b018cf0baf815ba40a95d2f581a604660064d5fb
캐시 무기,웨딩열쇠,fe2b67647a0bc417aa751347b018cf0baf815ba40a95d2f581a604660064d5fb
캐시 방패/보조무기,웨딩비둘기,fe2b67647a0bc417aa751347b018cf0baf815ba40a95d2f581a604660064d5fb
캐시 얼굴장식,야왕가면(가),fe2b67647a0bc417aa751347b018cf0baf815ba40a95d2f581a604660064d5fb
캐시 망토,아랍긴망토,fe2b67647a0bc417aa751347b018cf0baf815ba40a95d2f581a604660064d5fb
캐시 신발,산신의장화,fe2b67647a0bc417aa751347b018cf0baf815ba40a95d2f581a604660064d5fb
캐시 목/어깨장식,딱콩삐쭉스카프No03,fe2b67647a0bc417aa751347b018cf0baf815ba40a95d2f581a604660064d5fb
세트옷,[괴수의상]아이라바타1성,fe2b67647a0bc417aa751347b018cf0baf815ba40a95d2f581a604660064d5fb
캐시 세트옷,,fe2b67647a0bc417aa751347b018cf0baf815ba40a95d2f581a604660064d5fb
장신구,붉은토끼풀노리개2성,fe2b67647a0bc417aa751347b018cf0baf815ba40a95d2f581a604660064d5fb
캐시 장신구,가을홀릭이어링No01,fe2b67647a0bc417aa751347b018cf0baf815ba40a95d2f581a604660064d5fb
무기,용겸제십봉,b4f0517b679f845ca1e38f411e290146befd54165deedc51a58ff6bb77a5ee18
갑옷,용겸멸아의8성,b4f0517b679f845ca1e38f411e290146befd54165deedc51a58ff6bb77a5ee18
방패/보조무기,,b4f0517b679f845ca1e38f411e290146befd54165deedc51a58ff6bb77a5ee18
투구,용아천관'겸8성,b4f0517b679f845ca1e38f411e290146befd54165deedc51a58ff6bb77a5ee18
왼손,금린노리개6성,b4f0517b679f845ca1e38f411e290146befd54165deedc51a58ff6bb77a5ee18
오른손,금린노리개7성,b4f0517b679f845ca1e38f411e290146befd54165deedc51a58ff6bb77a5ee18
보조1,아그니의적영,b4f0517b679f845ca1e38f411e290146befd54165deedc51a58ff6bb77a5ee18
보조2,아그니의적영,b4f0517b679f845ca1e38f411e290146befd54165deedc51a58ff6bb77a5ee18
얼굴장식,빛나는조사장의가면,b4f0517b679f845ca1e38f411e290146befd54165deedc51a58ff6bb77a5ee18
캐시 투구,선물리본머리띠No01,b4f0517b679f845ca1e38f411e290146befd54165deedc51a58ff6bb77a5ee18
망토,용성신부'겸8성,b4f0517b679f845ca1e38f411e290146befd54165deedc51a58ff6bb77a5ee18
캐시 겉옷,5월동화드레스,b4f0517b679f845ca1e38f411e290146befd54165deedc51a58ff6bb77a5ee18
신발,사령웅의앞발,b4f0517b679f845ca1e38f411e290146befd54165deedc51a58ff6bb77a5ee18
목/어깨장식,고대마령의목걸이8성,b4f0517b679f845ca1e38f411e290146befd54165deedc51a58ff6bb77a5ee18
캐시 무기,한가위애착토끼(홍),b4f0517b679f845ca1e38f411e290146befd54165deedc51a58ff6bb77a5ee18
캐시 방패/보조무기,,b4f0517b679f845ca1e38f411e290146befd54165deedc51a58ff6bb77a5ee18
캐시 얼굴장식,[30주년]넥슨히어로하트,b4f0517b679f845ca1e38f411e290146befd54165deedc51a58ff6bb77a5ee18
캐시 망토,분홍꽃잎,b4f0517b679f845ca1e38f411e290146befd54165deedc51a58ff6bb77a5ee18
캐시 신발,야옹집사분홍말랑,b4f0517b679f845ca1e38f411e290146befd54165deedc51a58ff6bb77a5ee18
캐시 목/어깨장식,바닷바람시원한하트,b4f0517b679f845ca1e38f411e290146befd54165deedc51a58ff6bb77a5ee18
세트옷,도깨비탐,b4f0517b679f845ca1e38f411e290146befd54165deedc51a58ff6bb77a5ee18
캐시 세트옷,,b4f0517b679f845ca1e38f411e290146befd54165deedc51a58ff6bb77a5ee18
장신구,파란나비노리개2성,b4f0517b679f845ca1e38f411e290146befd54165deedc51a58ff6bb77a5ee18
캐시 장신구,금빛화랑귀걸이,b4f0517b679f845ca1e38f411e290146befd54165deedc51a58ff6bb77a5ee18
무기,용섬제십궁,fe2b67647a0bc417aa751347b018cf0b5e5948a9106d920429dd39b214fd0193
갑옷,패자황금갑주,fe2b67647a0bc417aa751347b018cf0b5e5948a9106d920429dd39b214fd0193
방패/보조무기,고대마령의화살통8성,fe2b67647a0bc417aa751347b018cf0b5e5948a9106d920429dd39b214fd0193
투구,용아투구'섬8성,fe2b67647a0bc417aa751347b018cf0b5e5948a9106d920429dd39b214fd0193
왼손,패자황금깍지,fe2b67647a0bc417aa751347b018cf0b5e5948a9106d920429dd39b214fd0193
오른손,패자황금깍지,fe2b67647a0bc417aa751347b018cf0b5e5948a9106d920429dd39b214fd0193
보조1,천도의목걸이,fe2b67647a0bc417aa751347b018cf0b5e5948a9106d920429dd39b214fd0193
보조2,빛나는마사의귀목,fe2b67647a0bc417aa751347b018cf0b5e5948a9106d920429dd39b214fd0193
얼굴장식,고대마령의암막8성,fe2b67647a0bc417aa751347b018cf0b5e5948a9106d920429dd39b214fd0193
캐시 투구,몽환열차정복모자,fe2b67647a0bc417aa751347b018cf0b5e5948a9106d920429dd39b214fd0193
망토,용성장견'섬8성,fe2b67647a0bc417aa751347b018cf0b5e5948a9106d920429dd39b214fd0193
캐시 겉옷,몽환열차기관사복(남),fe2b67647a0bc417aa751347b018cf0b5e5948a9106d920429dd39b214fd0193
신발,고대마령의군화'흑8성,fe2b67647a0bc417aa751347b018cf0b5e5948a9106d920429dd39b214fd0193
목/어깨장식,고대마령의목걸이9성,fe2b67647a0bc417aa751347b018cf0b5e5948a9106d920429dd39b214fd0193
캐시 무기,몽환열차모래시계,fe2b67647a0bc417aa751347b018cf0b5e5948a9106d920429dd39b214fd0193
캐시 방패/보조무기,몽환열차꿈꾸는양,fe2b67647a0bc417aa751347b018cf0b5e5948a9106d920429dd39b214fd0193
캐시 얼굴장식,[30주년]넥슨히어로하트,fe2b67647a0bc417aa751347b018cf0b5e5948a9106d920429dd39b214fd0193
캐시 망토,몽환열차꿈결시계,fe2b67647a0bc417aa751347b018cf0b5e5948a9106d920429dd39b214fd0193
캐시 신발,토끼발자국No02,fe2b67647a0bc417aa751347b018cf0b5e5948a9106d920429dd39b214fd0193
캐시 목/어깨장식,,fe2b67647a0bc417aa751347b018cf0b5e5948a9106d920429dd39b214fd0193
세트옷,[괴수의상]아이라바타2성,fe2b67647a0bc417aa751347b018cf0b5e5948a9106d920429dd39b214fd0193
캐시 세트옷,[구]웨딩드레스No04,fe2b67647a0bc417aa751347b018cf0b5e5948a9106d920429dd39b214fd0193
장신구,파란나비노리개4성,fe2b67647a0bc417aa751347b018cf0b5e5948a9106d920429dd39b214fd0193
캐시 장신구,몽환열차회중시계,fe2b67647a0bc417aa751347b018cf0b5e5948a9106d920429dd39b214fd0193
캐시 무기,오방지신백호첨익,f66f4b76b7c00499a55dfff3e334c9dbc378b51c8a89677fa14e6fde94a782c3
무기,용섬제십궁,f66f4b76b7c00499a55dfff3e334c9dbc378b51c8a89677fa14e6fde94a782c3
갑옷,용섬파천복8성,f66f4b76b7c00499a55dfff3e334c9dbc378b51c8a89677fa14e6fde94a782c3
방패/보조무기,고대마령의화살통7성,f66f4b76b7c00499a55dfff3e334c9dbc378b51c8a89677fa14e6fde94a782c3
투구,패자황금투구,f66f4b76b7c00499a55dfff3e334c9dbc378b51c8a89677fa14e6fde94a782c3
왼손,패자황금깍지,f66f4b76b7c00499a55dfff3e334c9dbc378b51c8a89677fa14e6fde94a782c3
오른손,패자황금깍지,f66f4b76b7c00499a55dfff3e334c9dbc378b51c8a89677fa14e6fde94a782c3
보조1,빛나는마사의귀목,f66f4b76b7c00499a55dfff3e334c9dbc378b51c8a89677fa14e6fde94a782c3
보조2,빛나는마사의귀목,f66f4b76b7c00499a55dfff3e334c9dbc378b51c8a89677fa14e6fde94a782c3
얼굴장식,고대마령의암막8성,f66f4b76b7c00499a55dfff3e334c9dbc378b51c8a89677fa14e6fde94a782c3
캐시 투구,오방지신현무가호,f66f4b76b7c00499a55dfff3e334c9dbc378b51c8a89677fa14e6fde94a782c3
망토,용성장견'섬8성,f66f4b76b7c00499a55dfff3e334c9dbc378b51c8a89677fa14e6fde94a782c3
캐시 겉옷,오방지신의상(남),f66f4b76b7c00499a55dfff3e334c9dbc378b51c8a89677fa14e6fde94a782c3
신발,고대마령의군화'흑8성,f66f4b76b7c00499a55dfff3e334c9dbc378b51c8a89677fa14e6fde94a782c3
목/어깨장식,고대마령의목걸이8성,f66f4b76b7c00499a55dfff3e334c9dbc378b51c8a89677fa14e6fde94a782c3
캐시 방패/보조무기,,f66f4b76b7c00499a55dfff3e334c9dbc378b51c8a89677fa14e6fde94a782c3
캐시 얼굴장식,,f66f4b76b7c00499a55dfff3e334c9dbc378b51c8a89677fa14e6fde94a782c3
캐시 망토,오방지신주작비상,f66f4b76b7c00499a55dfff3e334c9dbc378b51c8a89677fa14e6fde94a782c3
캐시 신발,오방지신청룡강림,f66f4b76b7c00499a55dfff3e334c9dbc378b51c8a89677fa14e6fde94a782c3
캐시 목/어깨장식,,f66f4b76b7c00499a55dfff3e334c9dbc378b51c8a89677fa14e6fde94a782c3
세트옷,[괴수의상]아그니1성,f66f4b76b7c00499a55dfff3e334c9dbc378b51c8a89677fa14e6fde94a782c3
캐시 세트옷,,f66f4b76b7c00499a55dfff3e334c9dbc378b51c8a89677fa14e6fde94a782c3
장신구,붉은토끼풀노리개1성,f66f4b76b7c00499a55dfff3e334c9dbc378b51c8a89677fa14e6fde94a782c3
캐시 장신구,오방지신오행봉잠,f66f4b76b7c00499a55dfff3e334c9dbc378b51c8a89677fa14e6fde94a782c3
무기,용섬제십궁,fe2b67647a0bc417aa751347b018cf0b53839a9a37d7760d0e1f7709f7b9f78d
갑옷,용섬파천복8성,fe2b67647a0bc417aa751347b018cf0b53839a9a37d7760d0e1f7709f7b9f78d
방패/보조무기,흑룡화살통,fe2b67647a0bc417aa751347b018cf0b53839a9a37d7760d0e1f7709f7b9f78d
투구,용아투구'섬8성,fe2b67647a0bc417aa751347b018cf0b53839a9a37d7760d0e1f7709f7b9f78d
왼손,[상급]봉래산반지,fe2b67647a0bc417aa751347b018cf0b53839a9a37d7760d0e1f7709f7b9f78d
오른손,용발톱흑광노리개9성,fe2b67647a0bc417aa751347b018cf0b53839a9a37d7760d0e1f7709f7b9f78d
보조1,투명구두,fe2b67647a0bc417aa751347b018cf0b53839a9a37d7760d0e1f7709f7b9f78d
보조2,빛나는마사의귀목,fe2b67647a0bc417aa751347b018cf0b53839a9a37d7760d0e1f7709f7b9f78d
얼굴장식,시바의시선,fe2b67647a0bc417aa751347b018cf0b53839a9a37d7760d0e1f7709f7b9f78d
캐시 투구,가을홀릭소년헤어No01,fe2b67647a0bc417aa751347b018cf0b53839a9a37d7760d0e1f7709f7b9f78d
망토,용성장견'섬8성,fe2b67647a0bc417aa751347b018cf0b53839a9a37d7760d0e1f7709f7b9f78d
캐시 겉옷,바람정장'백,fe2b67647a0bc417aa751347b018cf0b53839a9a37d7760d0e1f7709f7b9f78d
신발,사령웅의앞발,fe2b67647a0bc417aa751347b018cf0b53839a9a37d7760d0e1f7709f7b9f78d
목/어깨장식,고대마령의목걸이8성,fe2b67647a0bc417aa751347b018cf0b53839a9a37d7760d0e1f7709f7b9f78d
캐시 무기,행운의채굴곡괭이,fe2b67647a0bc417aa751347b018cf0b53839a9a37d7760d0e1f7709f7b9f78d
캐시 방패/보조무기,,fe2b67647a0bc417aa751347b018cf0b53839a9a37d7760d0e1f7709f7b9f78d
캐시 얼굴장식,눈장식:칼라렌즈(밤하늘),fe2b67647a0bc417aa751347b018cf0b53839a9a37d7760d0e1f7709f7b9f78d
캐시 망토,흩날리는낙엽No02,fe2b67647a0bc417aa751347b018cf0b53839a9a37d7760d0e1f7709f7b9f78d
캐시 신발,바람정장구두,fe2b67647a0bc417aa751347b018cf0b53839a9a37d7760d0e1f7709f7b9f78d
캐시 목/어깨장식,선물리본장식(하양),fe2b67647a0bc417aa751347b018cf0b53839a9a37d7760d0e1f7709f7b9f78d
세트옷,[괴수의상]바루나1성,fe2b67647a0bc417aa751347b018cf0b53839a9a37d7760d0e1f7709f7b9f78d
캐시 세트옷,[구]웨딩드레스No05,fe2b67647a0bc417aa751347b018cf0b53839a9a37d7760d0e1f7709f7b9f78d
장신구,붉은토끼풀노리개2성,fe2b67647a0bc417aa751347b018cf0b53839a9a37d7760d0e1f7709f7b9f78d
캐시 장신구,,fe2b67647a0bc417aa751347b018cf0b53839a9a37d7760d0e1f7709f7b9f78d
무기,용섬제십노,fe2b67647a0bc417aa751347b018cf0bed5842728621d88610025bf8935b5799
갑옷,용섬멸아복8성,fe2b67647a0bc417aa751347b018cf0bed5842728621d88610025bf8935b5799
방패/보조무기,고대마령의화살통6성,fe2b67647a0bc417aa751347b018cf0bed5842728621d88610025bf8935b5799
투구,용아투구'섬8성,fe2b67647a0bc417aa751347b018cf0bed5842728621d88610025bf8935b5799
왼손,패자황금깍지,fe2b67647a0bc417aa751347b018cf0bed5842728621d88610025bf8935b5799
오른손,패자황금깍지,fe2b67647a0bc417aa751347b018cf0bed5842728621d88610025bf8935b5799
보조1,투명구두,fe2b67647a0bc417aa751347b018cf0bed5842728621d88610025bf8935b5799
보조2,빛나는마사의귀목,fe2b67647a0bc417aa751347b018cf0bed5842728621d88610025bf8935b5799
얼굴장식,조사장의가면,fe2b67647a0bc417aa751347b018cf0bed5842728621d88610025bf8935b5799
캐시 투구,꽃을든여친헤어No01,fe2b67647a0bc417aa751347b018cf0bed5842728621d88610025bf8935b5799
망토,용성장견'섬8성,fe2b67647a0bc417aa751347b018cf0bed5842728621d88610025bf8935b5799
캐시 겉옷,댕댕의상(여),fe2b67647a0bc417aa751347b018cf0bed5842728621d88610025bf8935b5799
신발,사령웅의앞발,fe2b67647a0bc417aa751347b018cf0bed5842728621d88610025bf8935b5799
목/어깨장식,단조의심단,fe2b67647a0bc417aa751347b018cf0bed5842728621d88610025bf8935b5799
캐시 무기,오래된채굴곡괭이,fe2b67647a0bc417aa751347b018cf0bed5842728621d88610025bf8935b5799
캐시 방패/보조무기,레이닝투명우산No01여,fe2b67647a0bc417aa751347b018cf0bed5842728621d88610025bf8935b5799
캐시 얼굴장식,,fe2b67647a0bc417aa751347b018cf0bed5842728621d88610025bf8935b5799
캐시 망토,왕실왕자등장식No01,fe2b67647a0bc417aa751347b018cf0bed5842728621d88610025bf8935b5799
캐시 신발,배경:다이어터,fe2b67647a0bc417aa751347b018cf0bed5842728621d88610025bf8935b5799
캐시 목/어깨장식,[패스]따뜻머플러,fe2b67647a0bc417aa751347b018cf0bed5842728621d88610025bf8935b5799
세트옷,[괴수의상]아그니2성,fe2b67647a0bc417aa751347b018cf0bed5842728621d88610025bf8935b5799
캐시 세트옷,[구]웨딩드레스No05,fe2b67647a0bc417aa751347b018cf0bed5842728621d88610025bf8935b5799
장신구,파란나비노리개1성,fe2b67647a0bc417aa751347b018cf0bed5842728621d88610025bf8935b5799
캐시 장신구,사이버펑크헤드셋,fe2b67647a0bc417aa751347b018cf0bed5842728621d88610025bf8935b5799
무기,용섬제십궁,9758a0f3f8b6c2ad9cc646b2e2ecf654152a511eca570ca913462d2ea6520124
갑옷,용섬파천복8성,9758a0f3f8b6c2ad9cc646b2e2ecf654152a511eca570ca913462d2ea6520124
방패/보조무기,고대마령의화살통8성,9758a0f3f8b6c2ad9cc646b2e2ecf654152a511eca570ca913462d2ea6520124
투구,용아투구'섬8성,9758a0f3f8b6c2ad9cc646b2e2ecf654152a511eca570ca913462d2ea6520124
왼손,용발톱흑광노리개9성,9758a0f3f8b6c2ad9cc646b2e2ecf654152a511eca570ca913462d2ea6520124
오른손,용발톱흑광노리개9성,9758a0f3f8b6c2ad9cc646b2e2ecf654152a511eca570ca913462d2ea6520124
보조1,빛나는마사의귀목,9758a0f3f8b6c2ad9cc646b2e2ecf654152a511eca570ca913462d2ea6520124
보조2,마령의노리개'흑10성,9758a0f3f8b6c2ad9cc646b2e2ecf654152a511eca570ca913462d2ea6520124
얼굴장식,고대마령의암막8성,9758a0f3f8b6c2ad9cc646b2e2ecf654152a511eca570ca913462d2ea6520124
캐시 투구,들꽃나그네흑립,9758a0f3f8b6c2ad9cc646b2e2ecf654152a511eca570ca913462d2ea6520124
망토,용성장견'섬8성,9758a0f3f8b6c2ad9cc646b2e2ecf654152a511eca570ca913462d2ea6520124
캐시 겉옷,선장복(남),9758a0f3f8b6c2ad9cc646b2e2ecf654152a511eca570ca913462d2ea6520124
신발,빛나는사령웅의앞발,9758a0f3f8b6c2ad9cc646b2e2ecf654152a511eca570ca913462d2ea6520124
목/어깨장식,고대마령의목걸이8성,9758a0f3f8b6c2ad9cc646b2e2ecf654152a511eca570ca913462d2ea6520124
캐시 무기,나이트워커권총,9758a0f3f8b6c2ad9cc646b2e2ecf654152a511eca570ca913462d2ea6520124
캐시 방패/보조무기,스트릿캐주얼백팩,9758a0f3f8b6c2ad9cc646b2e2ecf654152a511eca570ca913462d2ea6520124
캐시 얼굴장식,백악산군창귀부림,9758a0f3f8b6c2ad9cc646b2e2ecf654152a511eca570ca913462d2ea6520124
캐시 망토,천자봉황적운비익,9758a0f3f8b6c2ad9cc646b2e2ecf654152a511eca570ca913462d2ea6520124
캐시 신발,이매망량작은운무,9758a0f3f8b6c2ad9cc646b2e2ecf654152a511eca570ca913462d2ea6520124
캐시 목/어깨장식,스트릿캐주얼곰목걸이,9758a0f3f8b6c2ad9cc646b2e2ecf654152a511eca570ca913462d2ea6520124
세트옷,[괴수의상]아그니2성,9758a0f3f8b6c2ad9cc646b2e2ecf654152a511eca570ca913462d2ea6520124
캐시 세트옷,깜찍백호유체,9758a0f3f8b6c2ad9cc646b2e2ecf654152a511eca570ca913462d2ea6520124
장신구,붉은토끼풀노리개1성,9758a0f3f8b6c2ad9cc646b2e2ecf654152a511eca570ca913462d2ea6520124
캐시 장신구,깜찍한악마귀걸이,9758a0f3f8b6c2ad9cc646b2e2ecf654152a511eca570ca913462d2ea6520124
무기,,3ff25b2650b1737fddd4c76ca68e4988eebb15dae2d6b7c60708c1e83c79662a
갑옷,가문의복,3ff25b2650b1737fddd4c76ca68e4988eebb15dae2d6b7c60708c1e83c79662a
방패/보조무기,고대마령의화살통6성,3ff25b2650b1737fddd4c76ca68e4988eebb15dae2d6b7c60708c1e83c79662a
투구,,3ff25b2650b1737fddd4c76ca68e4988eebb15dae2d6b7c60708c1e83c79662a
왼손,용발톱흑광노리개9성,3ff25b2650b1737fddd4c76ca68e4988eebb15dae2d6b7c60708c1e83c79662a
오른손,용발톱흑광노리개9성,3ff25b2650b1737fddd4c76ca68e4988eebb15dae2d6b7c60708c1e83c79662a
보조1,마사의귀목,3ff25b2650b1737fddd4c76ca68e4988eebb15dae2d6b7c60708c1e83c79662a
보조2,마사의귀목,3ff25b2650b1737fddd4c76ca68e4988eebb15dae2d6b7c60708c1e83c79662a
얼굴장식,조사장의가면,3ff25b2650b1737fddd4c76ca68e4988eebb15dae2d6b7c60708c1e83c79662a
캐시 투구,,3ff25b2650b1737fddd4c76ca68e4988eebb15dae2d6b7c60708c1e83c79662a
망토,천마궁의망토,3ff25b2650b1737fddd4c76ca68e4988eebb15dae2d6b7c60708c1e83c79662a
캐시 겉옷,얼음요정의상(남),3ff25b2650b1737fddd4c76ca68e4988eebb15dae2d6b7c60708c1e83c79662a
신발,사령웅의앞발,3ff25b2650b1737fddd4c76ca68e4988eebb15dae2d6b7c60708c1e83c79662a
목/어깨장식,단조의심단,3ff25b2650b1737fddd4c76ca68e4988eebb15dae2d6b7c60708c1e83c79662a
캐시 무기,[심야]행운의채굴곡괭이,3ff25b2650b1737fddd4c76ca68e4988eebb15dae2d6b7c60708c1e83c79662a
캐시 방패/보조무기,발아래까치,3ff25b2650b1737fddd4c76ca68e4988eebb15dae2d6b7c60708c1e83c79662a
캐시 얼굴장식,보이선글라스No03,3ff25b2650b1737fddd4c76ca68e4988eebb15dae2d6b7c60708c1e83c79662a
캐시 망토,,3ff25b2650b1737fddd4c76ca68e4988eebb15dae2d6b7c60708c1e83c79662a
캐시 신발,,3ff25b2650b1737fddd4c76ca68e4988eebb15dae2d6b7c60708c1e83c79662a
캐시 목/어깨장식,,3ff25b2650b1737fddd4c76ca68e4988eebb15dae2d6b7c60708c1e83c79662a
세트옷,도깨비탐,3ff25b2650b1737fddd4c76ca68e4988eebb15dae2d6b7c60708c1e83c79662a
캐시 세트옷,,3ff25b2650b1737fddd4c76ca68e4988eebb15dae2d6b7c60708c1e83c79662a
장신구,붉은토끼풀노리개2성,3ff25b2650b1737fddd4c76ca68e4988eebb15dae2d6b7c60708c1e83c79662a
캐시 장신구,,3ff25b2650b1737fddd4c76ca68e4988eebb15dae2d6b7c60708c1e83c79662a
무기,용섬제십노,255be835868cfffa2633eed0ce0e857f25b89eafc72147c8bc69ba0869e8bb13
갑옷,용섬파천복8성,255be835868cfffa2633eed0ce0e857f25b89eafc72147c8bc69ba0869e8bb13
방패/보조무기,고대마령의화살통8성,255be835868cfffa2633eed0ce0e857f25b89eafc72147c8bc69ba0869e8bb13
투구,용아투구'섬8성,255be835868cfffa2633eed0ce0e857f25b89eafc72147c8bc69ba0869e8bb13
왼손,용발톱흑광노리개9성,255be835868cfffa2633eed0ce0e857f25b89eafc72147c8bc69ba0869e8bb13
오른손,패자황금깍지,255be835868cfffa2633eed0ce0e857f25b89eafc72147c8bc69ba0869e8bb13
보조1,투명구두,255be835868cfffa2633eed0ce0e857f25b89eafc72147c8bc69ba0869e8bb13
보조2,마사의귀목,255be835868cfffa2633eed0ce0e857f25b89eafc72147c8bc69ba0869e8bb13
얼굴장식,빛나는조사장의가면,255be835868cfffa2633eed0ce0e857f25b89eafc72147c8bc69ba0869e8bb13
캐시 투구,시간여행자머리장식(남),255be835868cfffa2633eed0ce0e857f25b89eafc72147c8bc69ba0869e8bb13
망토,용성장견'섬8성,255be835868cfffa2633eed0ce0e857f25b89eafc72147c8bc69ba0869e8bb13
캐시 겉옷,시간여행자의상(남),255be835868cfffa2633eed0ce0e857f25b89eafc72147c8bc69ba0869e8bb13
신발,사령웅의앞발,255be835868cfffa2633eed0ce0e857f25b89eafc72147c8bc69ba0869e8bb13
목/어깨장식,단조의심단,255be835868cfffa2633eed0ce0e857f25b89eafc72147c8bc69ba0869e8bb13
캐시 무기,시간여행자차원봉,255be835868cfffa2633eed0ce0e857f25b89eafc72147c8bc69ba0869e8bb13
캐시 방패/보조무기,시간여행자드론,255be835868cfffa2633eed0ce0e857f25b89eafc72147c8bc69ba0869e8bb13
캐시 얼굴장식,,255be835868cfffa2633eed0ce0e857f25b89eafc72147c8bc69ba0869e8bb13
캐시 망토,시간여행자망토(남),255be835868cfffa2633eed0ce0e857f25b89eafc72147c8bc69ba0869e8bb13
캐시 신발,시간여행자비행선,255be835868cfffa2633eed0ce0e857f25b89eafc72147c8bc69ba0869e8bb13
캐시 목/어깨장식,,255be835868cfffa2633eed0ce0e857f25b89eafc72147c8bc69ba0869e8bb13
세트옷,[괴수의상]아이라바타1성,255be835868cfffa2633eed0ce0e857f25b89eafc72147c8bc69ba0869e8bb13
캐시 세트옷,[구]망또No05,255be835868cfffa2633eed0ce0e857f25b89eafc72147c8bc69ba0869e8bb13
장신구,파란나비노리개1성,255be835868cfffa2633eed0ce0e857f25b89eafc72147c8bc69ba0869e8bb13
캐시 장신구,,255be835868cfffa2633eed0ce0e857f25b89eafc72147c8bc69ba0869e8bb13
무기,용섬제십궁,fe2b67647a0bc417aa751347b018cf0b99d450aa51ff99baba119a9bd916c210
갑옷,패자황금갑주,fe2b67647a0bc417aa751347b018cf0b99d450aa51ff99baba119a9bd916c210
방패/보조무기,고대마령의화살통6성,fe2b67647a0bc417aa751347b018cf0b99d450aa51ff99baba119a9bd916c210
투구,태광천신금잠9성,fe2b67647a0bc417aa751347b018cf0b99d450aa51ff99baba119a9bd916c210
왼손,[상급]봉래산반지,fe2b67647a0bc417aa751347b018cf0b99d450aa51ff99baba119a9bd916c210
오른손,용발톱흑광노리개9성,fe2b67647a0bc417aa751347b018cf0b99d450aa51ff99baba119a9bd916c210
보조1,천도의목걸이,fe2b67647a0bc417aa751347b018cf0b99d450aa51ff99baba119a9bd916c210
보조2,마사의귀목,fe2b67647a0bc417aa751347b018cf0b99d450aa51ff99baba119a9bd916c210
얼굴장식,조사장의가면,fe2b67647a0bc417aa751347b018cf0b99d450aa51ff99baba119a9bd916c210
캐시 투구,초코델리소년헤어,fe2b67647a0bc417aa751347b018cf0b99d450aa51ff99baba119a9bd916c210
망토,무신귀갑주7성,fe2b67647a0bc417aa751347b018cf0b99d450aa51ff99baba119a9bd916c210
캐시 겉옷,쌍둥이커플의상(남),fe2b67647a0bc417aa751347b018cf0b99d450aa51ff99baba119a9bd916c210
신발,사령웅의앞발,fe2b67647a0bc417aa751347b018cf0b99d450aa51ff99baba119a9bd916c210
목/어깨장식,고대마령의목걸이8성,fe2b67647a0bc417aa751347b018cf0b99d450aa51ff99baba119a9bd916c210
캐시 무기,필멸의영혼,fe2b67647a0bc417aa751347b018cf0b99d450aa51ff99baba119a9bd916c210
캐시 방패/보조무기,멍멍이No01,fe2b67647a0bc417aa751347b018cf0b99d450aa51ff99baba119a9bd916c210
캐시 얼굴장식,,fe2b67647a0bc417aa751347b018cf0b99d450aa51ff99baba119a9bd916c210
캐시 망토,분홍꽃잎,fe2b67647a0bc417aa751347b018cf0b99d450aa51ff99baba119a9bd916c210
캐시 신발,바람정장구두,fe2b67647a0bc417aa751347b018cf0b99d450aa51ff99baba119a9bd916c210
캐시 목/어깨장식,웨딩부토니에,fe2b67647a0bc417aa751347b018cf0b99d450aa51ff99baba119a9bd916c210
세트옷,[괴수의상]아그니1성,fe2b67647a0bc417aa751347b018cf0b99d450aa51ff99baba119a9bd916c210
캐시 세트옷,[구]망또No02,fe2b67647a0bc417aa751347b018cf0b99d450aa51ff99baba119a9bd916c210
장신구,붉은토끼풀노리개2성,fe2b67647a0bc417aa751347b018cf0b99d450aa51ff99baba119a9bd916c210
캐시 장신구,물방울무늬리본No02,fe2b67647a0bc417aa751347b018cf0b99d450aa51ff99baba119a9bd916c210
무기,칼바람,6f3eeb83fe8e7a119320f654da741667c07e021f0cb2ff15d8c5ce0be09afdd0
갑옷,용섬멸아복8성,6f3eeb83fe8e7a119320f654da741667c07e021f0cb2ff15d8c5ce0be09afdd0
방패/보조무기,흑룡화살통,6f3eeb83fe8e7a119320f654da741667c07e021f0cb2ff15d8c5ce0be09afdd0
투구,환웅의머릿깃'7성,6f3eeb83fe8e7a119320f654da741667c07e021f0cb2ff15d8c5ce0be09afdd0
왼손,용발톱흑광노리개9성,6f3eeb83fe8e7a119320f654da741667c07e021f0cb2ff15d8c5ce0be09afdd0
오른손,용발톱흑광노리개9성,6f3eeb83fe8e7a119320f654da741667c07e021f0cb2ff15d8c5ce0be09afdd0
보조1,마사의귀목,6f3eeb83fe8e7a119320f654da741667c07e021f0cb2ff15d8c5ce0be09afdd0
보조2,아그니의적영,6f3eeb83fe8e7a119320f654da741667c07e021f0cb2ff15d8c5ce0be09afdd0
얼굴장식,고대마령의암막6성,6f3eeb83fe8e7a119320f654da741667c07e021f0cb2ff15d8c5ce0be09afdd0
캐시 투구,고양이귀장식,6f3eeb83fe8e7a119320f654da741667c07e021f0cb2ff15d8c5ce0be09afdd0
망토,무신귀갑주7성,6f3eeb83fe8e7a119320f654da741667c07e021f0cb2ff15d8c5ce0be09afdd0
캐시 겉옷,바람추석한복No02(여),6f3eeb83fe8e7a119320f654da741667c07e021f0cb2ff15d8c5ce0be09afdd0
신발,고대마령의군화'흑7성,6f3eeb83fe8e7a119320f654da741667c07e021f0cb2ff15d8c5ce0be09afdd0
목/어깨장식,고대마령의목걸이6성,6f3eeb83fe8e7a119320f654da741667c07e021f0cb2ff15d8c5ce0be09afdd0
캐시 무기,행운의채굴곡괭이,6f3eeb83fe8e7a119320f654da741667c07e021f0cb2ff15d8c5ce0be09afdd0
캐시 방패/보조무기,반짇고리도깨비노란골무,6f3eeb83fe8e7a119320f654da741667c07e021f0cb2ff15d8c5ce0be09afdd0
캐시 얼굴장식,,6f3eeb83fe8e7a119320f654da741667c07e021f0cb2ff15d8c5ce0be09afdd0
캐시 망토,오버핏걸크로스백,6f3eeb83fe8e7a119320f654da741667c07e021f0cb2ff15d8c5ce0be09afdd0
캐시 신발,토끼발자국No01,6f3eeb83fe8e7a119320f654da741667c07e021f0cb2ff15d8c5ce0be09afdd0
캐시 목/어깨장식,가넷하트목걸이,6f3eeb83fe8e7a119320f654da741667c07e021f0cb2ff15d8c5ce0be09afdd0
세트옷,[괴수의상]바루나1성,6f3eeb83fe8e7a119320f654da741667c07e021f0cb2ff15d8c5ce0be09afdd0
캐시 세트옷,,6f3eeb83fe8e7a119320f654da741667c07e021f0cb2ff15d8c5ce0be09afdd0
장신구,파란나비노리개1성,6f3eeb83fe8e7a119320f654da741667c07e021f0cb2ff15d8c5ce0be09afdd0
캐시 장신구,공룡우비,6f3eeb83fe8e7a119320f654da741667c07e021f0cb2ff15d8c5ce0be09afdd0
무기,용섬제십궁,a9e443e8f06014ce5fa2cac9d313796a85275aea5b2426bb17224395f821108d
갑옷,패자황금갑주,a9e443e8f06014ce5fa2cac9d313796a85275aea5b2426bb17224395f821108d
방패/보조무기,고대마령의화살통8성,a9e443e8f06014ce5fa2cac9d313796a85275aea5b2426bb17224395f821108d
투구,태염무신금잠8성,a9e443e8f06014ce5fa2cac9d313796a85275aea5b2426bb17224395f821108d
왼손,용발톱흑광노리개9성,a9e443e8f06014ce5fa2cac9d313796a85275aea5b2426bb17224395f821108d
오른손,용발톱흑광노리개9성,a9e443e8f06014ce5fa2cac9d313796a85275aea5b2426bb17224395f821108d
보조1,천도의목걸이,a9e443e8f06014ce5fa2cac9d313796a85275aea5b2426bb17224395f821108d
보조2,마사의귀목,a9e443e8f06014ce5fa2cac9d313796a85275aea5b2426bb17224395f821108d
얼굴장식,조사장의가면,a9e443e8f06014ce5fa2cac9d313796a85275aea5b2426bb17224395f821108d
캐시 투구,가을홀릭소년헤어No02,a9e443e8f06014ce5fa2cac9d313796a85275aea5b2426bb17224395f821108d
망토,천마궁의망토,a9e443e8f06014ce5fa2cac9d313796a85275aea5b2426bb17224395f821108d
캐시 겉옷,[백두]토끼소년의상,a9e443e8f06014ce5fa2cac9d313796a85275aea5b2426bb17224395f821108d
신발,사령웅의앞발,a9e443e8f06014ce5fa2cac9d313796a85275aea5b2426bb17224395f821108d
목/어깨장식,단조의심단,a9e443e8f06014ce5fa2cac9d313796a85275aea5b2426bb17224395f821108d
캐시 무기,고귀한청룡여의주,a9e443e8f06014ce5fa2cac9d313796a85275aea5b2426bb17224395f821108d
캐시 방패/보조무기,,a9e443e8f06014ce5fa2cac9d313796a85275aea5b2426bb17224395f821108d
캐시 얼굴장식,,a9e443e8f06014ce5fa2cac9d313796a85275aea5b2426bb17224395f821108d
캐시 망토,,a9e443e8f06014ce5fa2cac9d313796a85275aea5b2426bb17224395f821108d
캐시 신발,바람정장구두,a9e443e8f06014ce5fa2cac9d313796a85275aea5b2426bb17224395f821108d
캐시 목/어깨장식,겨울넥타이,a9e443e8f06014ce5fa2cac9d313796a85275aea5b2426bb17224395f821108d
세트옷,[괴수의상]아그니2성,a9e443e8f06014ce5fa2cac9d313796a85275aea5b2426bb17224395f821108d
캐시 세트옷,바람미니미궁사,a9e443e8f06014ce5fa2cac9d313796a85275aea5b2426bb17224395f821108d
장신구,붉은토끼풀노리개1성,a9e443e8f06014ce5fa2cac9d313796a85275aea5b2426bb17224395f821108d
캐시 장신구,반원안경,a9e443e8f06014ce5fa2cac9d313796a85275aea5b2426bb17224395f821108d
무기,용주제십도,e32c77075f8e17f3c4b32e1b8e626446b06ec6a94b3a2775c82d785f85d1f7fc
갑옷,패자황금갑주,e32c77075f8e17f3c4b32e1b8e626446b06ec6a94b3a2775c82d785f85d1f7fc
방패/보조무기,,e32c77075f8e17f3c4b32e1b8e626446b06ec6a94b3a2775c82d785f85d1f7fc
투구,용아천관'주8성,e32c77075f8e17f3c4b32e1b8e626446b06ec6a94b3a2775c82d785f85d1f7fc
왼손,패자황금손목띠,e32c77075f8e17f3c4b32e1b8e626446b06ec6a94b3a2775c82d785f85d1f7fc
오른손,바람청옥천인반지,e32c77075f8e17f3c4b32e1b8e626446b06ec6a94b3a2775c82d785f85d1f7fc
보조1,마령의노리개'흑6성,e32c77075f8e17f3c4b32e1b8e626446b06ec6a94b3a2775c82d785f85d1f7fc
보조2,마사의귀목,e32c77075f8e17f3c4b32e1b8e626446b06ec6a94b3a2775c82d785f85d1f7fc
얼굴장식,고대마령의암막8성,e32c77075f8e17f3c4b32e1b8e626446b06ec6a94b3a2775c82d785f85d1f7fc
캐시 투구,카페보이헤어No01,e32c77075f8e17f3c4b32e1b8e626446b06ec6a94b3a2775c82d785f85d1f7fc
망토,용성신부'주8성,e32c77075f8e17f3c4b32e1b8e626446b06ec6a94b3a2775c82d785f85d1f7fc
캐시 겉옷,김장남의상No01,e32c77075f8e17f3c4b32e1b8e626446b06ec6a94b3a2775c82d785f85d1f7fc
신발,고대마령의군화'흑8성,e32c77075f8e17f3c4b32e1b8e626446b06ec6a94b3a2775c82d785f85d1f7fc
목/어깨장식,고대마령의목걸이8성,e32c77075f8e17f3c4b32e1b8e626446b06ec6a94b3a2775c82d785f85d1f7fc
캐시 무기,[심야]행운의채굴곡괭이,e32c77075f8e17f3c4b32e1b8e626446b06ec6a94b3a2775c82d785f85d1f7fc
캐시 방패/보조무기,네온하트방패No01,e32c77075f8e17f3c4b32e1b8e626446b06ec6a94b3a2775c82d785f85d1f7fc
캐시 얼굴장식,,e32c77075f8e17f3c4b32e1b8e626446b06ec6a94b3a2775c82d785f85d1f7fc
캐시 망토,달콤토끼가방No01,e32c77075f8e17f3c4b32e1b8e626446b06ec6a94b3a2775c82d785f85d1f7fc
캐시 신발,게이밍감성컴퓨터,e32c77075f8e17f3c4b32e1b8e626446b06ec6a94b3a2775c82d785f85d1f7fc
캐시 목/어깨장식,,e32c77075f8e17f3c4b32e1b8e626446b06ec6a94b3a2775c82d785f85d1f7fc
세트옷,[괴수의상]바루나1성,e32c77075f8e17f3c4b32e1b8e626446b06ec6a94b3a2775c82d785f85d1f7fc
캐시 세트옷,[구]웨딩드레스No02,e32c77075f8e17f3c4b32e1b8e626446b06ec6a94b3a2775c82d785f85d1f7fc
장신구,붉은토끼풀노리개1성,e32c77075f8e17f3c4b32e1b8e626446b06ec6a94b3a2775c82d785f85d1f7fc
캐시 장신구,바람장인의선추,e32c77075f8e17f3c4b32e1b8e626446b06ec6a94b3a2775c82d785f85d1f7fc
무기,용주제십도,9855bec331569a581a652a598b5238667d9b257e7dfd36a8f81adfdd4cf466a4
갑옷,현무불괴갑,9855bec331569a581a652a598b5238667d9b257e7dfd36a8f81adfdd4cf466a4
방패/보조무기,,9855bec331569a581a652a598b5238667d9b257e7dfd36a8f81adfdd4cf466a4
투구,용아천관'주8성,9855bec331569a581a652a598b5238667d9b257e7dfd36a8f81adfdd4cf466a4
왼손,환인장갑'1성,9855bec331569a581a652a598b5238667d9b257e7dfd36a8f81adfdd4cf466a4
오른손,패자황금손목띠,9855bec331569a581a652a598b5238667d9b257e7dfd36a8f81adfdd4cf466a4
보조1,마령의노리개'흑10성,9855bec331569a581a652a598b5238667d9b257e7dfd36a8f81adfdd4cf466a4
보조2,빛나는마사의귀목,9855bec331569a581a652a598b5238667d9b257e7dfd36a8f81adfdd4cf466a4
얼굴장식,고대마령의암막8성,9855bec331569a581a652a598b5238667d9b257e7dfd36a8f81adfdd4cf466a4
캐시 투구,,9855bec331569a581a652a598b5238667d9b257e7dfd36a8f81adfdd4cf466a4
망토,용성신부'주8성,9855bec331569a581a652a598b5238667d9b257e7dfd36a8f81adfdd4cf466a4
캐시 겉옷,토끼소년의상No02,9855bec331569a581a652a598b5238667d9b257e7dfd36a8f81adfdd4cf466a4
신발,고대마령의군화'흑8성,9855bec331569a581a652a598b5238667d9b257e7dfd36a8f81adfdd4cf466a4
목/어깨장식,고대마령의목걸이9성,9855bec331569a581a652a598b5238667d9b257e7dfd36a8f81adfdd4cf466a4
캐시 무기,[심야]행운의채굴곡괭이,9855bec331569a581a652a598b5238667d9b257e7dfd36a8f81adfdd4cf466a4
캐시 방패/보조무기,웨딩비둘기,9855bec331569a581a652a598b5238667d9b257e7dfd36a8f81adfdd4cf466a4
캐시 얼굴장식,,9855bec331569a581a652a598b5238667d9b257e7dfd36a8f81adfdd4cf466a4
캐시 망토,앙증다람쥐꼬리,9855bec331569a581a652a598b5238667d9b257e7dfd36a8f81adfdd4cf466a4
캐시 신발,,9855bec331569a581a652a598b5238667d9b257e7dfd36a8f81adfdd4cf466a4
캐시 목/어깨장식,헤리티지숄더니트No02,9855bec331569a581a652a598b5238667d9b257e7dfd36a8f81adfdd4cf466a4
세트옷,[괴수의상]아그니1성,9855bec331569a581a652a598b5238667d9b257e7dfd36a8f81adfdd4cf466a4
캐시 세트옷,,9855bec331569a581a652a598b5238667d9b257e7dfd36a8f81adfdd4cf466a4
장신구,붉은토끼풀노리개1성,9855bec331569a581a652a598b5238667d9b257e7dfd36a8f81adfdd4cf466a4
캐시 장신구,새내기핑크볼터치,9855bec331569a581a652a598b5238667d9b257e7dfd36a8f81adfdd4cf466a4
무기,용주제십도,3e60dc590ea759a6199733a29c10e87eb5e86da3a0586b26ec50503984b1b686
갑옷,용주파천단8성,3e60dc590ea759a6199733a29c10e87eb5e86da3a0586b26ec50503984b1b686
방패/보조무기,,3e60dc590ea759a6199733a29c10e87eb5e86da3a0586b26ec50503984b1b686
투구,용아천관'주8성,3e60dc590ea759a6199733a29c10e87eb5e86da3a0586b26ec50503984b1b686
왼손,[상급]봉래산반지,3e60dc590ea759a6199733a29c10e87eb5e86da3a0586b26ec50503984b1b686
오른손,[상급]봉래산반지,3e60dc590ea759a6199733a29c10e87eb5e86da3a0586b26ec50503984b1b686
보조1,마사의귀목,3e60dc590ea759a6199733a29c10e87eb5e86da3a0586b26ec50503984b1b686
보조2,빛나는마사의귀목,3e60dc590ea759a6199733a29c10e87eb5e86da3a0586b26ec50503984b1b686
얼굴장식,조사장의가면,3e60dc590ea759a6199733a29c10e87eb5e86da3a0586b26ec50503984b1b686
캐시 투구,들꽃나그네흑립,3e60dc590ea759a6199733a29c10e87eb5e86da3a0586b26ec50503984b1b686
망토,용성신부'주8성,3e60dc590ea759a6199733a29c10e87eb5e86da3a0586b26ec50503984b1b686
캐시 겉옷,이매망량의상(남),3e60dc590ea759a6199733a29c10e87eb5e86da3a0586b26ec50503984b1b686
신발,사령웅의앞발,3e60dc590ea759a6199733a29c10e87eb5e86da3a0586b26ec50503984b1b686
목/어깨장식,아이라바타의경식,3e60dc590ea759a6199733a29c10e87eb5e86da3a0586b26ec50503984b1b686
캐시 무기,행운의채굴곡괭이,3e60dc590ea759a6199733a29c10e87eb5e86da3a0586b26ec50503984b1b686
캐시 방패/보조무기,유리염주,3e60dc590ea759a6199733a29c10e87eb5e86da3a0586b26ec50503984b1b686
캐시 얼굴장식,,3e60dc590ea759a6199733a29c10e87eb5e86da3a0586b26ec50503984b1b686
캐시 망토,,3e60dc590ea759a6199733a29c10e87eb5e86da3a0586b26ec50503984b1b686
캐시 신발,야옹집사은빛말랑,3e60dc590ea759a6199733a29c10e87eb5e86da3a0586b26ec50503984b1b686
캐시 목/어깨장식,웨딩부토니에,3e60dc590ea759a6199733a29c10e87eb5e86da3a0586b26ec50503984b1b686
세트옷,[괴수의상]아그니1성,3e60dc590ea759a6199733a29c10e87eb5e86da3a0586b26ec50503984b1b686
캐시 세트옷,바캉스깜찍펭귄,3e60dc590ea759a6199733a29c10e87eb5e86da3a0586b26ec50503984b1b686
장신구,붉은토끼풀노리개2성,3e60dc590ea759a6199733a29c10e87eb5e86da3a0586b26ec50503984b1b686
캐시 장신구,고고한선비안경,3e60dc590ea759a6199733a29c10e87eb5e86da3a0586b26ec50503984b1b686
무기,용주제십도,fe2b67647a0bc417aa751347b018cf0b56230952b93dac3b1289c82f59a38cd4
갑옷,패자황금갑주,fe2b67647a0bc417aa751347b018cf0b56230952b93dac3b1289c82f59a38cd4
방패/보조무기,,fe2b67647a0bc417aa751347b018cf0b56230952b93dac3b1289c82f59a38cd4
투구,태광천신금잠9성,fe2b67647a0bc417aa751347b018cf0b56230952b93dac3b1289c82f59a38cd4
왼손,패자황금손목띠,fe2b67647a0bc417aa751347b018cf0b56230952b93dac3b1289c82f59a38cd4
오른손,패자황금손목띠,fe2b67647a0bc417aa751347b018cf0b56230952b93dac3b1289c82f59a38cd4
보조1,마사의귀목,fe2b67647a0bc417aa751347b018cf0b56230952b93dac3b1289c82f59a38cd4
보조2,마사의귀목,fe2b67647a0bc417aa751347b018cf0b56230952b93dac3b1289c82f59a38cd4
얼굴장식,조사장의가면,fe2b67647a0bc417aa751347b018cf0b56230952b93dac3b1289c82f59a38cd4
캐시 투구,애니멀펑크토끼탈,fe2b67647a0bc417aa751347b018cf0b56230952b93dac3b1289c82f59a38cd4
망토,용성신부'주9성,fe2b67647a0bc417aa751347b018cf0b56230952b93dac3b1289c82f59a38cd4
캐시 겉옷,은설랑의복,fe2b67647a0bc417aa751347b018cf0b56230952b93dac3b1289c82f59a38cd4
신발,사령웅의앞발,fe2b67647a0bc417aa751347b018cf0b56230952b93dac3b1289c82f59a38cd4
목/어깨장식,단조의심단,fe2b67647a0bc417aa751347b018cf0b56230952b93dac3b1289c82f59a38cd4
캐시 무기,GM궤멸,fe2b67647a0bc417aa751347b018cf0b56230952b93dac3b1289c82f59a38cd4
캐시 방패/보조무기,,fe2b67647a0bc417aa751347b018cf0b56230952b93dac3b1289c82f59a38cd4
캐시 얼굴장식,[30주년]넥슨히어로하트,fe2b67647a0bc417aa751347b018cf0b56230952b93dac3b1289c82f59a38cd4
캐시 망토,우아한눈꽃도포,fe2b67647a0bc417aa751347b018cf0b56230952b93dac3b1289c82f59a38cd4
캐시 신발,착호갑사맹호의기운,fe2b67647a0bc417aa751347b018cf0b56230952b93dac3b1289c82f59a38cd4
캐시 목/어깨장식,나그네청옥노리개,fe2b67647a0bc417aa751347b018cf0b56230952b93dac3b1289c82f59a38cd4
세트옷,[괴수의상]아그니4성,fe2b67647a0bc417aa751347b018cf0b56230952b93dac3b1289c82f59a38cd4
캐시 세트옷,[구]망또No05,fe2b67647a0bc417aa751347b018cf0b56230952b93dac3b1289c82f59a38cd4
장신구,붉은토끼풀노리개1성,fe2b67647a0bc417aa751347b018cf0b56230952b93dac3b1289c82f59a38cd4
캐시 장신구,천자봉황머리끈,fe2b67647a0bc417aa751347b018cf0b56230952b93dac3b1289c82f59a38cd4
무기,백호풍괵'3성,4a8b4c92085ce64f32035bb0bb94f9480acd57e9a4aa998dead705c9008499bc
갑옷,용주파천단8성,4a8b4c92085ce64f32035bb0bb94f9480acd57e9a4aa998dead705c9008499bc
방패/보조무기,고대마령의방패7성,4a8b4c92085ce64f32035bb0bb94f9480acd57e9a4aa998dead705c9008499bc
투구,환웅의투구'8성,4a8b4c92085ce64f32035bb0bb94f9480acd57e9a4aa998dead705c9008499bc
왼손,고대물의성물'2성,4a8b4c92085ce64f32035bb0bb94f9480acd57e9a4aa998dead705c9008499bc
오른손,환웅의깍지'9성,4a8b4c92085ce64f32035bb0bb94f9480acd57e9a4aa998dead705c9008499bc
보조1,천도의목걸이,4a8b4c92085ce64f32035bb0bb94f9480acd57e9a4aa998dead705c9008499bc
보조2,마사의귀목,4a8b4c92085ce64f32035bb0bb94f9480acd57e9a4aa998dead705c9008499bc
얼굴장식,고대마령의암막6성,4a8b4c92085ce64f32035bb0bb94f9480acd57e9a4aa998dead705c9008499bc
캐시 투구,앙큼한여우귀No02,4a8b4c92085ce64f32035bb0bb94f9480acd57e9a4aa998dead705c9008499bc
망토,고대마령의칼날10성,4a8b4c92085ce64f32035bb0bb94f9480acd57e9a4aa998dead705c9008499bc
캐시 겉옷,꽃도령도포No01,4a8b4c92085ce64f32035bb0bb94f9480acd57e9a4aa998dead705c9008499bc
신발,고대마령의군화'흑8성,4a8b4c92085ce64f32035bb0bb94f9480acd57e9a4aa998dead705c9008499bc
목/어깨장식,고대마령의목걸이8성,4a8b4c92085ce64f32035bb0bb94f9480acd57e9a4aa998dead705c9008499bc
캐시 무기,고귀한청룡여의주,4a8b4c92085ce64f32035bb0bb94f9480acd57e9a4aa998dead705c9008499bc
캐시 방패/보조무기,유리염주,4a8b4c92085ce64f32035bb0bb94f9480acd57e9a4aa998dead705c9008499bc
캐시 얼굴장식,[30주년]넥슨히어로하트,4a8b4c92085ce64f32035bb0bb94f9480acd57e9a4aa998dead705c9008499bc
캐시 망토,바람구미호꼬리No01,4a8b4c92085ce64f32035bb0bb94f9480acd57e9a4aa998dead705c9008499bc
캐시 신발,산신의장화,4a8b4c92085ce64f32035bb0bb94f9480acd57e9a4aa998dead705c9008499bc
캐시 목/어깨장식,딱콩삐쭉스카프No03,4a8b4c92085ce64f32035bb0bb94f9480acd57e9a4aa998dead705c9008499bc
세트옷,현무神,4a8b4c92085ce64f32035bb0bb94f9480acd57e9a4aa998dead705c9008499bc
캐시 세트옷,삐약삐약뼝아리,4a8b4c92085ce64f32035bb0bb94f9480acd57e9a4aa998dead705c9008499bc
장신구,붉은토끼풀노리개1성,4a8b4c92085ce64f32035bb0bb94f9480acd57e9a4aa998dead705c9008499bc
캐시 장신구,달빛노리개,4a8b4c92085ce64f32035bb0bb94f9480acd57e9a4aa998dead705c9008499bc
무기,백호풍괵'5성,fe2b67647a0bc417aa751347b018cf0b1e328b4fd7c223f274d48bb5d39bae15
갑옷,금린천추갑9성,fe2b67647a0bc417aa751347b018cf0b1e328b4fd7c223f274d48bb5d39bae15
방패/보조무기,고대마령의방패6성,fe2b67647a0bc417aa751347b018cf0b1e328b4fd7c223f274d48bb5d39bae15
투구,금린화월관8성,fe2b67647a0bc417aa751347b018cf0b1e328b4fd7c223f274d48bb5d39bae15
왼손,고대물의성물'3성,fe2b67647a0bc417aa751347b018cf0b1e328b4fd7c223f274d48bb5d39bae15
오른손,환웅의깍지'9성,fe2b67647a0bc417aa751347b018cf0b1e328b4fd7c223f274d48bb5d39bae15
보조1,천도의목걸이,fe2b67647a0bc417aa751347b018cf0b1e328b4fd7c223f274d48bb5d39bae15
보조2,빛나는마사의귀목,fe2b67647a0bc417aa751347b018cf0b1e328b4fd7c223f274d48bb5d39bae15
얼굴장식,고대마령의암막7성,fe2b67647a0bc417aa751347b018cf0b1e328b4fd7c223f274d48bb5d39bae15
캐시 투구,한가위토깽의귀(흑),fe2b67647a0bc417aa751347b018cf0b1e328b4fd7c223f274d48bb5d39bae15
망토,고대마령의칼날8성,fe2b67647a0bc417aa751347b018cf0b1e328b4fd7c223f274d48bb5d39bae15
캐시 겉옷,한가위토깽의복(흑),fe2b67647a0bc417aa751347b018cf0b1e328b4fd7c223f274d48bb5d39bae15
신발,고대마령의군화'흑7성,fe2b67647a0bc417aa751347b018cf0b1e328b4fd7c223f274d48bb5d39bae15
목/어깨장식,고대마령의목걸이8성,fe2b67647a0bc417aa751347b018cf0b1e328b4fd7c223f274d48bb5d39bae15
캐시 무기,황금가마솥,fe2b67647a0bc417aa751347b018cf0b1e328b4fd7c223f274d48bb5d39bae15
캐시 방패/보조무기,,fe2b67647a0bc417aa751347b018cf0b1e328b4fd7c223f274d48bb5d39bae15
캐시 얼굴장식,나들이선글라스,fe2b67647a0bc417aa751347b018cf0b1e328b4fd7c223f274d48bb5d39bae15
캐시 망토,백호무신의기운,fe2b67647a0bc417aa751347b018cf0b1e328b4fd7c223f274d48bb5d39bae15
캐시 신발,한가위토깽의달,fe2b67647a0bc417aa751347b018cf0b1e328b4fd7c223f274d48bb5d39bae15
캐시 목/어깨장식,겨울아이목도리No02,fe2b67647a0bc417aa751347b018cf0b1e328b4fd7c223f274d48bb5d39bae15
세트옷,[괴수의상]아이라바타1성,fe2b67647a0bc417aa751347b018cf0b1e328b4fd7c223f274d48bb5d39bae15
캐시 세트옷,[구]웨딩드레스No05,fe2b67647a0bc417aa751347b018cf0b1e328b4fd7c223f274d48bb5d39bae15
장신구,자수원앙노리개1성,fe2b67647a0bc417aa751347b018cf0b1e328b4fd7c223f274d48bb5d39bae15
캐시 장신구,멍멍귀No01,fe2b67647a0bc417aa751347b018cf0b1e328b4fd7c223f274d48bb5d39bae15
무기,용아귀,ba7c47c6821383cf348ed3f62ba7423f0773c1ab05023711e65446ce3f7d63bd
갑옷,용주파천단8성,ba7c47c6821383cf348ed3f62ba7423f0773c1ab05023711e65446ce3f7d63bd
방패/보조무기,,ba7c47c6821383cf348ed3f62ba7423f0773c1ab05023711e65446ce3f7d63bd
투구,바람청옥투구,ba7c47c6821383cf348ed3f62ba7423f0773c1ab05023711e65446ce3f7d63bd
왼손,금린반지9성,ba7c47c6821383cf348ed3f62ba7423f0773c1ab05023711e65446ce3f7d63bd
오른손,[상급]봉래산반지,ba7c47c6821383cf348ed3f62ba7423f0773c1ab05023711e65446ce3f7d63bd
보조1,마사의귀목,ba7c47c6821383cf348ed3f62ba7423f0773c1ab05023711e65446ce3f7d63bd
보조2,마사의귀목,ba7c47c6821383cf348ed3f62ba7423f0773c1ab05023711e65446ce3f7d63bd
얼굴장식,찬란한시바의시선,ba7c47c6821383cf348ed3f62ba7423f0773c1ab05023711e65446ce3f7d63bd
캐시 투구,공항헤어No06남,ba7c47c6821383cf348ed3f62ba7423f0773c1ab05023711e65446ce3f7d63bd
망토,용성신부'주8성,ba7c47c6821383cf348ed3f62ba7423f0773c1ab05023711e65446ce3f7d63bd
캐시 겉옷,썸머비치웨어No01,ba7c47c6821383cf348ed3f62ba7423f0773c1ab05023711e65446ce3f7d63bd
신발,사령웅의앞발,ba7c47c6821383cf348ed3f62ba7423f0773c1ab05023711e65446ce3f7d63bd
목/어깨장식,고대마령의목걸이9성,ba7c47c6821383cf348ed3f62ba7423f0773c1ab05023711e65446ce3f7d63bd
캐시 무기,바린족지팡이,ba7c47c6821383cf348ed3f62ba7423f0773c1ab05023711e65446ce3f7d63bd
캐시 방패/보조무기,양양이No02,ba7c47c6821383cf348ed3f62ba7423f0773c1ab05023711e65446ce3f7d63bd
캐시 얼굴장식,,ba7c47c6821383cf348ed3f62ba7423f0773c1ab05023711e65446ce3f7d63bd
캐시 망토,,ba7c47c6821383cf348ed3f62ba7423f0773c1ab05023711e65446ce3f7d63bd
캐시 신발,베베별자국,ba7c47c6821383cf348ed3f62ba7423f0773c1ab05023711e65446ce3f7d63bd
캐시 목/어깨장식,,ba7c47c6821383cf348ed3f62ba7423f0773c1ab05023711e65446ce3f7d63bd
세트옷,[괴수의상]아그니1성,ba7c47c6821383cf348ed3f62ba7423f0773c1ab05023711e65446ce3f7d63bd
캐시 세트옷,,ba7c47c6821383cf348ed3f62ba7423f0773c1ab05023711e65446ce3f7d63bd
장신구,붉은토끼풀노리개3성,ba7c47c6821383cf348ed3f62ba7423f0773c1ab05023711e65446ce3f7d63bd
캐시 장신구,바린족얼굴무늬No01,ba7c47c6821383cf348ed3f62ba7423f0773c1ab05023711e65446ce3f7d63bd
무기,환웅천궁'9각,f47e8942500dc2ec7f6399217a81243613a9787b55dba6b2d8249c803fe4a4df
갑옷,태염무신보갑8성,f47e8942500dc2ec7f6399217a81243613a9787b55dba6b2d8249c803fe4a4df
방패/보조무기,고대마령의단검6성,f47e8942500dc2ec7f6399217a81243613a9787b55dba6b2d8249c803fe4a4df
투구,태광천신금잠7성,f47e8942500dc2ec7f6399217a81243613a9787b55dba6b2d8249c803fe4a4df
왼손,금린반지7성,f47e8942500dc2ec7f6399217a81243613a9787b55dba6b2d8249c803fe4a4df
오른손,태염반지7성,f47e8942500dc2ec7f6399217a81243613a9787b55dba6b2d8249c803fe4a4df
보조1,마사의귀목,f47e8942500dc2ec7f6399217a81243613a9787b55dba6b2d8249c803fe4a4df
보조2,마사의귀목,f47e8942500dc2ec7f6399217a81243613a9787b55dba6b2d8249c803fe4a4df
얼굴장식,시바의시선,f47e8942500dc2ec7f6399217a81243613a9787b55dba6b2d8249c803fe4a4df
캐시 투구,들꽃나그네분홍댕기,f47e8942500dc2ec7f6399217a81243613a9787b55dba6b2d8249c803fe4a4df
망토,무신귀갑주7성,f47e8942500dc2ec7f6399217a81243613a9787b55dba6b2d8249c803fe4a4df
캐시 겉옷,대양의선원복(여),f47e8942500dc2ec7f6399217a81243613a9787b55dba6b2d8249c803fe4a4df
신발,빛나는사령웅의앞발,f47e8942500dc2ec7f6399217a81243613a9787b55dba6b2d8249c803fe4a4df
목/어깨장식,아이라바타의경식,f47e8942500dc2ec7f6399217a81243613a9787b55dba6b2d8249c803fe4a4df
캐시 무기,천자봉황은월도,f47e8942500dc2ec7f6399217a81243613a9787b55dba6b2d8249c803fe4a4df
캐시 방패/보조무기,애니멀펑크토끼친구,f47e8942500dc2ec7f6399217a81243613a9787b55dba6b2d8249c803fe4a4df
캐시 얼굴장식,유니콘음악대반짝이,f47e8942500dc2ec7f6399217a81243613a9787b55dba6b2d8249c803fe4a4df
캐시 망토,일등항해사망토,f47e8942500dc2ec7f6399217a81243613a9787b55dba6b2d8249c803fe4a4df
캐시 신발,베베별자국,f47e8942500dc2ec7f6399217a81243613a9787b55dba6b2d8249c803fe4a4df
캐시 목/어깨장식,여름별빛달콤카라,f47e8942500dc2ec7f6399217a81243613a9787b55dba6b2d8249c803fe4a4df
세트옷,[괴수의상]바루나1성,f47e8942500dc2ec7f6399217a81243613a9787b55dba6b2d8249c803fe4a4df
캐시 세트옷,,f47e8942500dc2ec7f6399217a81243613a9787b55dba6b2d8249c803fe4a4df
장신구,붉은토끼풀노리개2성,f47e8942500dc2ec7f6399217a81243613a9787b55dba6b2d8249c803fe4a4df
캐시 장신구,헤리티지포인트핀,f47e8942500dc2ec7f6399217a81243613a9787b55dba6b2d8249c803fe4a4df
무기,용주제십도,fe2b67647a0bc417aa751347b018cf0b536aad93cc5b79a3bfbe2176782ce0aa
갑옷,패자황금연갑,fe2b67647a0bc417aa751347b018cf0b536aad93cc5b79a3bfbe2176782ce0aa
방패/보조무기,,fe2b67647a0bc417aa751347b018cf0b536aad93cc5b79a3bfbe2176782ce0aa
투구,바람청옥투구,fe2b67647a0bc417aa751347b018cf0b536aad93cc5b79a3bfbe2176782ce0aa
왼손,용발톱흑광노리개9성,fe2b67647a0bc417aa751347b018cf0b536aad93cc5b79a3bfbe2176782ce0aa
오른손,용발톱흑광노리개9성,fe2b67647a0bc417aa751347b018cf0b536aad93cc5b79a3bfbe2176782ce0aa
보조1,마령의노리개'흑10성,fe2b67647a0bc417aa751347b018cf0b536aad93cc5b79a3bfbe2176782ce0aa
보조2,빛나는마사의귀목,fe2b67647a0bc417aa751347b018cf0b536aad93cc5b79a3bfbe2176782ce0aa
얼굴장식,빛나는조사장의가면,fe2b67647a0bc417aa751347b018cf0b536aad93cc5b79a3bfbe2176782ce0aa
캐시 투구,생명의바다왕관,fe2b67647a0bc417aa751347b018cf0b536aad93cc5b79a3bfbe2176782ce0aa
망토,무신귀갑주8성,fe2b67647a0bc417aa751347b018cf0b536aad93cc5b79a3bfbe2176782ce0aa
캐시 겉옷,생명의바다의상(여),fe2b67647a0bc417aa751347b018cf0b536aad93cc5b79a3bfbe2176782ce0aa
신발,고대마령의군화'흑8성,fe2b67647a0bc417aa751347b018cf0b536aad93cc5b79a3bfbe2176782ce0aa
목/어깨장식,고대마령의목걸이8성,fe2b67647a0bc417aa751347b018cf0b536aad93cc5b79a3bfbe2176782ce0aa
캐시 무기,생명의바다고래물결,fe2b67647a0bc417aa751347b018cf0b536aad93cc5b79a3bfbe2176782ce0aa
캐시 방패/보조무기,아기해파리,fe2b67647a0bc417aa751347b018cf0b536aad93cc5b79a3bfbe2176782ce0aa
캐시 얼굴장식,,fe2b67647a0bc417aa751347b018cf0b536aad93cc5b79a3bfbe2176782ce0aa
캐시 망토,생명의바다망원경,fe2b67647a0bc417aa751347b018cf0b536aad93cc5b79a3bfbe2176782ce0aa
캐시 신발,빗방울,fe2b67647a0bc417aa751347b018cf0b536aad93cc5b79a3bfbe2176782ce0aa
캐시 목/어깨장식,칠석붉은달빛노리개,fe2b67647a0bc417aa751347b018cf0b536aad93cc5b79a3bfbe2176782ce0aa
세트옷,[괴수의상]아이라바타4성,fe2b67647a0bc417aa751347b018cf0b536aad93cc5b79a3bfbe2176782ce0aa
캐시 세트옷,바람미니미천인,fe2b67647a0bc417aa751347b018cf0b536aad93cc5b79a3bfbe2176782ce0aa
장신구,자수원앙노리개1성,fe2b67647a0bc417aa751347b018cf0b536aad93cc5b79a3bfbe2176782ce0aa
캐시 장신구,생명의바다작은친구,fe2b67647a0bc417aa751347b018cf0b536aad93cc5b79a3bfbe2176782ce0aa
무기,고대마령의적혈포8성,91fcbfcaa8387f020e860f3e322f0a35aaf53e5693e891423d23084d931d2d97
갑옷,태광천신신복8성,91fcbfcaa8387f020e860f3e322f0a35aaf53e5693e891423d23084d931d2d97
방패/보조무기,,91fcbfcaa8387f020e860f3e322f0a35aaf53e5693e891423d23084d931d2d97
투구,태광천신금잠7성,91fcbfcaa8387f020e860f3e322f0a35aaf53e5693e891423d23084d931d2d97
왼손,용비늘흑광노리개9성,91fcbfcaa8387f020e860f3e322f0a35aaf53e5693e891423d23084d931d2d97
오른손,환웅의팔찌'9성,91fcbfcaa8387f020e860f3e322f0a35aaf53e5693e891423d23084d931d2d97
보조1,아그니의적영,91fcbfcaa8387f020e860f3e322f0a35aaf53e5693e891423d23084d931d2d97
보조2,마사의귀목,91fcbfcaa8387f020e860f3e322f0a35aaf53e5693e891423d23084d931d2d97
얼굴장식,조사장의가면,91fcbfcaa8387f020e860f3e322f0a35aaf53e5693e891423d23084d931d2d97
캐시 투구,치치의귀마개,91fcbfcaa8387f020e860f3e322f0a35aaf53e5693e891423d23084d931d2d97
망토,천마신의망토,91fcbfcaa8387f020e860f3e322f0a35aaf53e5693e891423d23084d931d2d97
캐시 겉옷,쿠킹의상No01여,91fcbfcaa8387f020e860f3e322f0a35aaf53e5693e891423d23084d931d2d97
신발,사령웅의앞발,91fcbfcaa8387f020e860f3e322f0a35aaf53e5693e891423d23084d931d2d97
목/어깨장식,아이라바타의경식,91fcbfcaa8387f020e860f3e322f0a35aaf53e5693e891423d23084d931d2d97
캐시 무기,용신제십장의허물,91fcbfcaa8387f020e860f3e322f0a35aaf53e5693e891423d23084d931d2d97
캐시 방패/보조무기,서커스펭귄풍선,91fcbfcaa8387f020e860f3e322f0a35aaf53e5693e891423d23084d931d2d97
캐시 얼굴장식,동근눈(분홍),91fcbfcaa8387f020e860f3e322f0a35aaf53e5693e891423d23084d931d2d97
캐시 망토,문방구여주딱지,91fcbfcaa8387f020e860f3e322f0a35aaf53e5693e891423d23084d931d2d97
캐시 신발,신이난초코No03,91fcbfcaa8387f020e860f3e322f0a35aaf53e5693e891423d23084d931d2d97
캐시 목/어깨장식,양털케이프No01,91fcbfcaa8387f020e860f3e322f0a35aaf53e5693e891423d23084d931d2d97
세트옷,[괴수의상]바루나2성,91fcbfcaa8387f020e860f3e322f0a35aaf53e5693e891423d23084d931d2d97
캐시 세트옷,[구]웨딩드레스No09,91fcbfcaa8387f020e860f3e322f0a35aaf53e5693e891423d23084d931d2d97
장신구,자수원앙노리개1성,91fcbfcaa8387f020e860f3e322f0a35aaf53e5693e891423d23084d931d2d97
캐시 장신구,,91fcbfcaa8387f020e860f3e322f0a35aaf53e5693e891423d23084d931d2d97
무기,용화제십단봉,7f40d0886637ce6f5376d1a3a10beed7247ef25c3f7bd6941391fe4a8554f73e
갑옷,현무불괴갑,7f40d0886637ce6f5376d1a3a10beed7247ef25c3f7bd6941391fe4a8554f73e
방패/보조무기,고대마령의단검6성,7f40d0886637ce6f5376d1a3a10beed7247ef25c3f7bd6941391fe4a8554f73e
투구,용아천관'화8성,7f40d0886637ce6f5376d1a3a10beed7247ef25c3f7bd6941391fe4a8554f73e
왼손,바람청옥마도반지,7f40d0886637ce6f5376d1a3a10beed7247ef25c3f7bd6941391fe4a8554f73e
오른손,환웅의장갑'9성,7f40d0886637ce6f5376d1a3a10beed7247ef25c3f7bd6941391fe4a8554f73e
보조1,마사의귀목,7f40d0886637ce6f5376d1a3a10beed7247ef25c3f7bd6941391fe4a8554f73e
보조2,빛나는마사의귀목,7f40d0886637ce6f5376d1a3a10beed7247ef25c3f7bd6941391fe4a8554f73e
얼굴장식,조사장의가면,7f40d0886637ce6f5376d1a3a10beed7247ef25c3f7bd6941391fe4a8554f73e
캐시 투구,바람할로윈황금해골,7f40d0886637ce6f5376d1a3a10beed7247ef25c3f7bd6941391fe4a8554f73e
망토,용성신부'화8성,7f40d0886637ce6f5376d1a3a10beed7247ef25c3f7bd6941391fe4a8554f73e
캐시 겉옷,멋진현무불괴갑,7f40d0886637ce6f5376d1a3a10beed7247ef25c3f7bd6941391fe4a8554f73e
신발,사령웅의앞발,7f40d0886637ce6f5376d1a3a10beed7247ef25c3f7bd6941391fe4a8554f73e
목/어깨장식,고대마령의목걸이8성,7f40d0886637ce6f5376d1a3a10beed7247ef25c3f7bd6941391fe4a8554f73e
캐시 무기,[심야]행운의채굴곡괭이,7f40d0886637ce6f5376d1a3a10beed7247ef25c3f7bd6941391fe4a8554f73e
캐시 방패/보조무기,,7f40d0886637ce6f5376d1a3a10beed7247ef25c3f7bd6941391fe4a8554f73e
캐시 얼굴장식,,7f40d0886637ce6f5376d1a3a10beed7247ef25c3f7bd6941391fe4a8554f73e
캐시 망토,벚꽃장식No02,7f40d0886637ce6f5376d1a3a10beed7247ef25c3f7bd6941391fe4a8554f73e
캐시 신발,토끼발자국No01,7f40d0886637ce6f5376d1a3a10beed7247ef25c3f7bd6941391fe4a8554f73e
캐시 목/어깨장식,,7f40d0886637ce6f5376d1a3a10beed7247ef25c3f7bd6941391fe4a8554f73e
세트옷,[괴수의상]아이라바타1성,7f40d0886637ce6f5376d1a3a10beed7247ef25c3f7bd6941391fe4a8554f73e
캐시 세트옷,,7f40d0886637ce6f5376d1a3a10beed7247ef25c3f7bd6941391fe4a8554f73e
장신구,붉은토끼풀노리개3성,7f40d0886637ce6f5376d1a3a10beed7247ef25c3f7bd6941391fe4a8554f73e
캐시 장신구,초코델리귀걸이,7f40d0886637ce6f5376d1a3a10beed7247ef25c3f7bd6941391fe4a8554f73e
무기,고대마령의적혈단봉9성,9c17b1efa82a4b5fddbf25242e028696435c5765c1cf17437fe76bf2ae9f146c
갑옷,환웅의쾌자'9성,9c17b1efa82a4b5fddbf25242e028696435c5765c1cf17437fe76bf2ae9f146c
방패/보조무기,고대마령의단검8성,9c17b1efa82a4b5fddbf25242e028696435c5765c1cf17437fe76bf2ae9f146c
투구,환웅의마관'9성,9c17b1efa82a4b5fddbf25242e028696435c5765c1cf17437fe76bf2ae9f146c
왼손,환웅의반지'8성,9c17b1efa82a4b5fddbf25242e028696435c5765c1cf17437fe76bf2ae9f146c
오른손,환웅의깍지'9성,9c17b1efa82a4b5fddbf25242e028696435c5765c1cf17437fe76bf2ae9f146c
보조1,마령의노리개'월8성,9c17b1efa82a4b5fddbf25242e028696435c5765c1cf17437fe76bf2ae9f146c
보조2,아그니의적영,9c17b1efa82a4b5fddbf25242e028696435c5765c1cf17437fe76bf2ae9f146c
얼굴장식,시바의시선,9c17b1efa82a4b5fddbf25242e028696435c5765c1cf17437fe76bf2ae9f146c
캐시 투구,한가위토깽의귀(흑),9c17b1efa82a4b5fddbf25242e028696435c5765c1cf17437fe76bf2ae9f146c
망토,고대마령의칼날8성,9c17b1efa82a4b5fddbf25242e028696435c5765c1cf17437fe76bf2ae9f146c
캐시 겉옷,서리화랑의복(남),9c17b1efa82a4b5fddbf25242e028696435c5765c1cf17437fe76bf2ae9f146c
신발,고대마령의군화'월6성,9c17b1efa82a4b5fddbf25242e028696435c5765c1cf17437fe76bf2ae9f146c
목/어깨장식,고대마령의목걸이8성,9c17b1efa82a4b5fddbf25242e028696435c5765c1cf17437fe76bf2ae9f146c
캐시 무기,오래된채굴곡괭이,9c17b1efa82a4b5fddbf25242e028696435c5765c1cf17437fe76bf2ae9f146c
캐시 방패/보조무기,웨딩비둘기,9c17b1efa82a4b5fddbf25242e028696435c5765c1cf17437fe76bf2ae9f146c
캐시 얼굴장식,,9c17b1efa82a4b5fddbf25242e028696435c5765c1cf17437fe76bf2ae9f146c
캐시 망토,러블리키스No08,9c17b1efa82a4b5fddbf25242e028696435c5765c1cf17437fe76bf2ae9f146c
캐시 신발,악마계약자꼬리,9c17b1efa82a4b5fddbf25242e028696435c5765c1cf17437fe76bf2ae9f146c
캐시 목/어깨장식,,9c17b1efa82a4b5fddbf25242e028696435c5765c1cf17437fe76bf2ae9f146c
세트옷,[괴수의상]바루나1성,9c17b1efa82a4b5fddbf25242e028696435c5765c1cf17437fe76bf2ae9f146c
캐시 세트옷,[구]망또No03,9c17b1efa82a4b5fddbf25242e028696435c5765c1cf17437fe76bf2ae9f146c
장신구,붉은토끼풀노리개1성,9c17b1efa82a4b5fddbf25242e028696435c5765c1cf17437fe76bf2ae9f146c
캐시 장신구,금빛화랑귀걸이,9c17b1efa82a4b5fddbf25242e028696435c5765c1cf17437fe76bf2ae9f146c
무기,고대마령의적혈단봉9성,255be835868cfffa2633eed0ce0e857fa85e4dd153f74beed0aec254022c4fc7
갑옷,태염무신보갑1성,255be835868cfffa2633eed0ce0e857fa85e4dd153f74beed0aec254022c4fc7
방패/보조무기,,255be835868cfffa2633eed0ce0e857fa85e4dd153f74beed0aec254022c4fc7
투구,태염무신금잠1성,255be835868cfffa2633eed0ce0e857fa85e4dd153f74beed0aec254022c4fc7
왼손,[상급]봉래산반지,255be835868cfffa2633eed0ce0e857fa85e4dd153f74beed0aec254022c4fc7
오른손,태염반지6성,255be835868cfffa2633eed0ce0e857fa85e4dd153f74beed0aec254022c4fc7
보조1,,255be835868cfffa2633eed0ce0e857fa85e4dd153f74beed0aec254022c4fc7
보조2,암룡의보옥,255be835868cfffa2633eed0ce0e857fa85e4dd153f74beed0aec254022c4fc7
얼굴장식,고대마령의표식8성,255be835868cfffa2633eed0ce0e857fa85e4dd153f74beed0aec254022c4fc7
캐시 투구,,255be835868cfffa2633eed0ce0e857fa85e4dd153f74beed0aec254022c4fc7
망토,무신귀갑주1성,255be835868cfffa2633eed0ce0e857fa85e4dd153f74beed0aec254022c4fc7
캐시 겉옷,서리화랑의복(여),255be835868cfffa2633eed0ce0e857fa85e4dd153f74beed0aec254022c4fc7
신발,고대마령의군화'월8성,255be835868cfffa2633eed0ce0e857fa85e4dd153f74beed0aec254022c4fc7
목/어깨장식,암흑룡의목걸이,255be835868cfffa2633eed0ce0e857fa85e4dd153f74beed0aec254022c4fc7
캐시 무기,[탐험]염화지옥구명도,255be835868cfffa2633eed0ce0e857fa85e4dd153f74beed0aec254022c4fc7
캐시 방패/보조무기,내손에지섭귀,255be835868cfffa2633eed0ce0e857fa85e4dd153f74beed0aec254022c4fc7
캐시 얼굴장식,진'야왕가면(가),255be835868cfffa2633eed0ce0e857fa85e4dd153f74beed0aec254022c4fc7
캐시 망토,등뒤에와글귀,255be835868cfffa2633eed0ce0e857fa85e4dd153f74beed0aec254022c4fc7
캐시 신발,산신의장화,255be835868cfffa2633eed0ce0e857fa85e4dd153f74beed0aec254022c4fc7
캐시 목/어깨장식,화랑털장식,255be835868cfffa2633eed0ce0e857fa85e4dd153f74beed0aec254022c4fc7
세트옷,도깨비탐,255be835868cfffa2633eed0ce0e857fa85e4dd153f74beed0aec254022c4fc7
캐시 세트옷,,255be835868cfffa2633eed0ce0e857fa85e4dd153f74beed0aec254022c4fc7
장신구,붉은토끼풀노리개3성,255be835868cfffa2633eed0ce0e857fa85e4dd153f74beed0aec254022c4fc7
캐시 장신구,금빛화랑귀걸이,255be835868cfffa2633eed0ce0e857fa85e4dd153f74beed0aec254022c4fc7
무기,용화제십단봉,fe2b67647a0bc417aa751347b018cf0b06bd6b61853a2648e4d2af825b6d9a41
갑옷,현무불괴갑,fe2b67647a0bc417aa751347b018cf0b06bd6b61853a2648e4d2af825b6d9a41
방패/보조무기,고대마령의단검8성,fe2b67647a0bc417aa751347b018cf0b06bd6b61853a2648e4d2af825b6d9a41
투구,고대마령투구10성,fe2b67647a0bc417aa751347b018cf0b06bd6b61853a2648e4d2af825b6d9a41
왼손,금린반지8성,fe2b67647a0bc417aa751347b018cf0b06bd6b61853a2648e4d2af825b6d9a41
오른손,금린반지8성,fe2b67647a0bc417aa751347b018cf0b06bd6b61853a2648e4d2af825b6d9a41
보조1,마령의노리개'월10성,fe2b67647a0bc417aa751347b018cf0b06bd6b61853a2648e4d2af825b6d9a41
보조2,찬란한아그니의적영,fe2b67647a0bc417aa751347b018cf0b06bd6b61853a2648e4d2af825b6d9a41
얼굴장식,빛나는조사장의가면,fe2b67647a0bc417aa751347b018cf0b06bd6b61853a2648e4d2af825b6d9a41
캐시 투구,토끼유모자(검정),fe2b67647a0bc417aa751347b018cf0b06bd6b61853a2648e4d2af825b6d9a41
망토,금린추월9성,fe2b67647a0bc417aa751347b018cf0b06bd6b61853a2648e4d2af825b6d9a41
캐시 겉옷,토끼유설빔(검정),fe2b67647a0bc417aa751347b018cf0b06bd6b61853a2648e4d2af825b6d9a41
신발,사령웅의앞발,fe2b67647a0bc417aa751347b018cf0b06bd6b61853a2648e4d2af825b6d9a41
목/어깨장식,고대마령의목걸이8성,fe2b67647a0bc417aa751347b018cf0b06bd6b61853a2648e4d2af825b6d9a41
캐시 무기,행운의채굴곡괭이,fe2b67647a0bc417aa751347b018cf0b06bd6b61853a2648e4d2af825b6d9a41
캐시 방패/보조무기,반짇고리도깨비노란골무,fe2b67647a0bc417aa751347b018cf0b06bd6b61853a2648e4d2af825b6d9a41
캐시 얼굴장식,,fe2b67647a0bc417aa751347b018cf0b06bd6b61853a2648e4d2af825b6d9a41
캐시 망토,성탄요정날개,fe2b67647a0bc417aa751347b018cf0b06bd6b61853a2648e4d2af825b6d9a41
캐시 신발,,fe2b67647a0bc417aa751347b018cf0b06bd6b61853a2648e4d2af825b6d9a41
캐시 목/어깨장식,곤충채집무당벌레,fe2b67647a0bc417aa751347b018cf0b06bd6b61853a2648e4d2af825b6d9a41
세트옷,[괴수의상]바루나1성,fe2b67647a0bc417aa751347b018cf0b06bd6b61853a2648e4d2af825b6d9a41
,,fe2b67647a0bc417aa751347b018cf0b06bd6b61853a2648e4d2af825b6d9a41
장신구,파란나비노리개1성,fe2b67647a0bc417aa751347b018cf0b06bd6b61853a2648e4d2af825b6d9a41
캐시 장신구,바린족얼굴무늬No01,fe2b67647a0bc417aa751347b018cf0b06bd6b61853a2648e4d2af825b6d9a41
,,3cef53f84a71845e00c7d2d3e05aa1da0d13263fbc855faa750f619c93943089
,,3cef53f84a71845e00c7d2d3e05aa1da0d13263fbc855faa750f619c93943089
,,3cef53f84a71845e00c7d2d3e05aa1da0d13263fbc855faa750f619c93943089
,,3cef53f84a71845e00c7d2d3e05aa1da0d13263fbc855faa750f619c93943089
,,3cef53f84a71845e00c7d2d3e05aa1da0d13263fbc855faa750f619c93943089
오른손,태염반지6성,3cef53f84a71845e00c7d2d3e05aa1da0d13263fbc855faa750f619c93943089
보조1,마령의노리개'흑6성,3cef53f84a71845e00c7d2d3e05aa1da0d13263fbc855faa750f619c93943089
보조2,마사의귀목,3cef53f84a71845e00c7d2d3e05aa1da0d13263fbc855faa750f619c93943089
얼굴장식,청룡의문양'3성,3cef53f84a71845e00c7d2d3e05aa1da0d13263fbc855faa750f619c93943089
캐시 투구,다이어터토끼세안띠,3cef53f84a71845e00c7d2d3e05aa1da0d13263fbc855faa750f619c93943089
망토,고대마령의칼날6성,3cef53f84a71845e00c7d2d3e05aa1da0d13263fbc855faa750f619c93943089
캐시 겉옷,러브미니트No01,3cef53f84a71845e00c7d2d3e05aa1da0d13263fbc855faa750f619c93943089
신발,고대마령의군화'월8성,3cef53f84a71845e00c7d2d3e05aa1da0d13263fbc855faa750f619c93943089
,,3cef53f84a71845e00c7d2d3e05aa1da0d13263fbc855faa750f619c93943089
캐시 무기,커플천상화,3cef53f84a71845e00c7d2d3e05aa1da0d13263fbc855faa750f619c93943089
캐시 방패/보조무기,분홍연등,3cef53f84a71845e00c7d2d3e05aa1da0d13263fbc855faa750f619c93943089
캐시 얼굴장식,,3cef53f84a71845e00c7d2d3e05aa1da0d13263fbc855faa750f619c93943089
캐시 망토,분홍꽃잎,3cef53f84a71845e00c7d2d3e05aa1da0d13263fbc855faa750f619c93943089
캐시 신발,흩뿌려진꽃잎No01,3cef53f84a71845e00c7d2d3e05aa1da0d13263fbc855faa750f619c93943089
캐시 목/어깨장식,복숭아맛사탕반지,3cef53f84a71845e00c7d2d3e05aa1da0d13263fbc855faa750f619c93943089
세트옷,[괴수의상]아그니1성,3cef53f84a71845e00c7d2d3e05aa1da0d13263fbc855faa750f619c93943089
캐시 세트옷,,3cef53f84a71845e00c7d2d3e05aa1da0d13263fbc855faa750f619c93943089
장신구,파란나비노리개1성,3cef53f84a71845e00c7d2d3e05aa1da0d13263fbc855faa750f619c93943089
캐시 장신구,,3cef53f84a71845e00c7d2d3e05aa1da0d13263fbc855faa750f619c93943089
무기,금홍단봉7성,9c17b1efa82a4b5fddbf25242e02869634958edb6e6dbfa6fd99e7894d16def4
갑옷,환웅의쾌자'7성,9c17b1efa82a4b5fddbf25242e02869634958edb6e6dbfa6fd99e7894d16def4
방패/보조무기,금린법서8성,9c17b1efa82a4b5fddbf25242e02869634958edb6e6dbfa6fd99e7894d16def4
투구,환웅의마관'7성,9c17b1efa82a4b5fddbf25242e02869634958edb6e6dbfa6fd99e7894d16def4
왼손,환웅의토시'8성,9c17b1efa82a4b5fddbf25242e02869634958edb6e6dbfa6fd99e7894d16def4
오른손,환웅의토시'7성,9c17b1efa82a4b5fddbf25242e02869634958edb6e6dbfa6fd99e7894d16def4
보조1,고구려지휘관휘장,9c17b1efa82a4b5fddbf25242e02869634958edb6e6dbfa6fd99e7894d16def4
보조2,마사의귀목,9c17b1efa82a4b5fddbf25242e02869634958edb6e6dbfa6fd99e7894d16def4
얼굴장식,고대마령의표식6성,9c17b1efa82a4b5fddbf25242e02869634958edb6e6dbfa6fd99e7894d16def4
캐시 투구,환계나무꾼두각,9c17b1efa82a4b5fddbf25242e02869634958edb6e6dbfa6fd99e7894d16def4
망토,금린추월8성,9c17b1efa82a4b5fddbf25242e02869634958edb6e6dbfa6fd99e7894d16def4
캐시 겉옷,꽃도령도포No02,9c17b1efa82a4b5fddbf25242e02869634958edb6e6dbfa6fd99e7894d16def4
신발,용왕의신발,9c17b1efa82a4b5fddbf25242e02869634958edb6e6dbfa6fd99e7894d16def4
목/어깨장식,고대마령의목걸이6성,9c17b1efa82a4b5fddbf25242e02869634958edb6e6dbfa6fd99e7894d16def4
캐시 무기,바람운동회폼폼(백군),9c17b1efa82a4b5fddbf25242e02869634958edb6e6dbfa6fd99e7894d16def4
캐시 방패/보조무기,,9c17b1efa82a4b5fddbf25242e02869634958edb6e6dbfa6fd99e7894d16def4
캐시 얼굴장식,,9c17b1efa82a4b5fddbf25242e02869634958edb6e6dbfa6fd99e7894d16def4
캐시 망토,분홍꽃잎,9c17b1efa82a4b5fddbf25242e02869634958edb6e6dbfa6fd99e7894d16def4
캐시 신발,값진반짝클로버,9c17b1efa82a4b5fddbf25242e02869634958edb6e6dbfa6fd99e7894d16def4
캐시 목/어깨장식,여름별빛달콤카라,9c17b1efa82a4b5fddbf25242e02869634958edb6e6dbfa6fd99e7894d16def4
세트옷,[괴수의상]오구타이1성,9c17b1efa82a4b5fddbf25242e02869634958edb6e6dbfa6fd99e7894d16def4
캐시 세트옷,,9c17b1efa82a4b5fddbf25242e02869634958edb6e6dbfa6fd99e7894d16def4
장신구,파란나비노리개1성,9c17b1efa82a4b5fddbf25242e02869634958edb6e6dbfa6fd99e7894d16def4
캐시 장신구,금빛화랑귀걸이,9c17b1efa82a4b5fddbf25242e02869634958edb6e6dbfa6fd99e7894d16def4
무기,고대마령의적혈단봉9성,fe2b67647a0bc417aa751347b018cf0bce13836ccc72e8e02f20a04e5a000b76
갑옷,환웅의쾌자'9성,fe2b67647a0bc417aa751347b018cf0bce13836ccc72e8e02f20a04e5a000b76
방패/보조무기,고대마령의단검6성,fe2b67647a0bc417aa751347b018cf0bce13836ccc72e8e02f20a04e5a000b76
투구,환웅의마관'9성,fe2b67647a0bc417aa751347b018cf0bce13836ccc72e8e02f20a04e5a000b76
왼손,환웅의장갑'8성,fe2b67647a0bc417aa751347b018cf0bce13836ccc72e8e02f20a04e5a000b76
오른손,환웅의깍지'8성,fe2b67647a0bc417aa751347b018cf0bce13836ccc72e8e02f20a04e5a000b76
보조1,마령의노리개'흑8성,fe2b67647a0bc417aa751347b018cf0bce13836ccc72e8e02f20a04e5a000b76
보조2,마사의귀목,fe2b67647a0bc417aa751347b018cf0bce13836ccc72e8e02f20a04e5a000b76
얼굴장식,고대마령의표식6성,fe2b67647a0bc417aa751347b018cf0bce13836ccc72e8e02f20a04e5a000b76
캐시 투구,가을홀릭소년헤어No02,fe2b67647a0bc417aa751347b018cf0bce13836ccc72e8e02f20a04e5a000b76
망토,무신귀갑주7성,fe2b67647a0bc417aa751347b018cf0bce13836ccc72e8e02f20a04e5a000b76
캐시 겉옷,키스유의상No01,fe2b67647a0bc417aa751347b018cf0bce13836ccc72e8e02f20a04e5a000b76
신발,사령웅의앞발,fe2b67647a0bc417aa751347b018cf0bce13836ccc72e8e02f20a04e5a000b76
목/어깨장식,암흑룡의목걸이,fe2b67647a0bc417aa751347b018cf0bce13836ccc72e8e02f20a04e5a000b76
캐시 무기,행운의채굴곡괭이,fe2b67647a0bc417aa751347b018cf0bce13836ccc72e8e02f20a04e5a000b76
캐시 방패/보조무기,웨딩비둘기,fe2b67647a0bc417aa751347b018cf0bce13836ccc72e8e02f20a04e5a000b76
캐시 얼굴장식,,fe2b67647a0bc417aa751347b018cf0bce13836ccc72e8e02f20a04e5a000b76
캐시 망토,벚꽃장식No02,fe2b67647a0bc417aa751347b018cf0bce13836ccc72e8e02f20a04e5a000b76
캐시 신발,유성우,fe2b67647a0bc417aa751347b018cf0bce13836ccc72e8e02f20a04e5a000b76
캐시 목/어깨장식,,fe2b67647a0bc417aa751347b018cf0bce13836ccc72e8e02f20a04e5a000b76
세트옷,[괴수의상]바루나1성,fe2b67647a0bc417aa751347b018cf0bce13836ccc72e8e02f20a04e5a000b76
캐시 세트옷,고대[신수]망또No05,fe2b67647a0bc417aa751347b018cf0bce13836ccc72e8e02f20a04e5a000b76
장신구,자수원앙노리개1성,fe2b67647a0bc417aa751347b018cf0bce13836ccc72e8e02f20a04e5a000b76
캐시 장신구,금빛화랑귀걸이,fe2b67647a0bc417aa751347b018cf0bce13836ccc72e8e02f20a04e5a000b76
무기,마옥선,cf6fb352fd1dd83943244f2213fc120a7bc3102d03847eebc6a47015c2feb16d
갑옷,환웅의천예'8성,cf6fb352fd1dd83943244f2213fc120a7bc3102d03847eebc6a47015c2feb16d
방패/보조무기,고대마령의단검6성,cf6fb352fd1dd83943244f2213fc120a7bc3102d03847eebc6a47015c2feb16d
투구,환웅의천관'8성,cf6fb352fd1dd83943244f2213fc120a7bc3102d03847eebc6a47015c2feb16d
왼손,금린노리개6성,cf6fb352fd1dd83943244f2213fc120a7bc3102d03847eebc6a47015c2feb16d
오른손,태광노리개6성,cf6fb352fd1dd83943244f2213fc120a7bc3102d03847eebc6a47015c2feb16d
보조1,마사의귀목,cf6fb352fd1dd83943244f2213fc120a7bc3102d03847eebc6a47015c2feb16d
보조2,마사의귀목,cf6fb352fd1dd83943244f2213fc120a7bc3102d03847eebc6a47015c2feb16d
얼굴장식,고대마령의암막6성,cf6fb352fd1dd83943244f2213fc120a7bc3102d03847eebc6a47015c2feb16d
캐시 투구,초코델리소녀헤어,cf6fb352fd1dd83943244f2213fc120a7bc3102d03847eebc6a47015c2feb16d
망토,,cf6fb352fd1dd83943244f2213fc120a7bc3102d03847eebc6a47015c2feb16d
캐시 겉옷,바닷바람세일러교복(여),cf6fb352fd1dd83943244f2213fc120a7bc3102d03847eebc6a47015c2feb16d
신발,사령웅의앞발,cf6fb352fd1dd83943244f2213fc120a7bc3102d03847eebc6a47015c2feb16d
목/어깨장식,고대마령의목걸이6성,cf6fb352fd1dd83943244f2213fc120a7bc3102d03847eebc6a47015c2feb16d
캐시 무기,바람살생부,cf6fb352fd1dd83943244f2213fc120a7bc3102d03847eebc6a47015c2feb16d
캐시 방패/보조무기,,cf6fb352fd1dd83943244f2213fc120a7bc3102d03847eebc6a47015c2feb16d
캐시 얼굴장식,,cf6fb352fd1dd83943244f2213fc120a7bc3102d03847eebc6a47015c2feb16d
캐시 망토,분홍꽃잎,cf6fb352fd1dd83943244f2213fc120a7bc3102d03847eebc6a47015c2feb16d
캐시 신발,토끼발자국No01,cf6fb352fd1dd83943244f2213fc120a7bc3102d03847eebc6a47015c2feb16d
캐시 목/어깨장식,[커플]하트목걸이,cf6fb352fd1dd83943244f2213fc120a7bc3102d03847eebc6a47015c2feb16d
세트옷,도깨비탐,cf6fb352fd1dd83943244f2213fc120a7bc3102d03847eebc6a47015c2feb16d
캐시 세트옷,,cf6fb352fd1dd83943244f2213fc120a7bc3102d03847eebc6a47015c2feb16d
장신구,파란나비노리개2성,cf6fb352fd1dd83943244f2213fc120a7bc3102d03847eebc6a47015c2feb16d
캐시 장신구,바린족얼굴무늬No02,cf6fb352fd1dd83943244f2213fc120a7bc3102d03847eebc6a47015c2feb16d
무기,,fe2b67647a0bc417aa751347b018cf0bc63dc0f0f8ad0fcbaf87bf14136a8dda
갑옷,,fe2b67647a0bc417aa751347b018cf0bc63dc0f0f8ad0fcbaf87bf14136a8dda
방패/보조무기,,fe2b67647a0bc417aa751347b018cf0bc63dc0f0f8ad0fcbaf87bf14136a8dda
투구,,fe2b67647a0bc417aa751347b018cf0bc63dc0f0f8ad0fcbaf87bf14136a8dda
왼손,,fe2b67647a0bc417aa751347b018cf0bc63dc0f0f8ad0fcbaf87bf14136a8dda
오른손,,fe2b67647a0bc417aa751347b018cf0bc63dc0f0f8ad0fcbaf87bf14136a8dda
보조1,낡은마사의귀목,fe2b67647a0bc417aa751347b018cf0bc63dc0f0f8ad0fcbaf87bf14136a8dda
보조2,낡은마사의귀목,fe2b67647a0bc417aa751347b018cf0bc63dc0f0f8ad0fcbaf87bf14136a8dda
얼굴장식,낡은조사장의가면,fe2b67647a0bc417aa751347b018cf0bc63dc0f0f8ad0fcbaf87bf14136a8dda
캐시 투구,,fe2b67647a0bc417aa751347b018cf0bc63dc0f0f8ad0fcbaf87bf14136a8dda
망토,,fe2b67647a0bc417aa751347b018cf0bc63dc0f0f8ad0fcbaf87bf14136a8dda
캐시 겉옷,,fe2b67647a0bc417aa751347b018cf0bc63dc0f0f8ad0fcbaf87bf14136a8dda
신발,낡은사령웅의앞발,fe2b67647a0bc417aa751347b018cf0bc63dc0f0f8ad0fcbaf87bf14136a8dda
목/어깨장식,낡은단조의심단,fe2b67647a0bc417aa751347b018cf0bc63dc0f0f8ad0fcbaf87bf14136a8dda
캐시 무기,,fe2b67647a0bc417aa751347b018cf0bc63dc0f0f8ad0fcbaf87bf14136a8dda
캐시 방패/보조무기,,fe2b67647a0bc417aa751347b018cf0bc63dc0f0f8ad0fcbaf87bf14136a8dda
캐시 얼굴장식,눈장식:매의눈,fe2b67647a0bc417aa751347b018cf0bc63dc0f0f8ad0fcbaf87bf14136a8dda
캐시 망토,,fe2b67647a0bc417aa751347b018cf0bc63dc0f0f8ad0fcbaf87bf14136a8dda
캐시 신발,,fe2b67647a0bc417aa751347b018cf0bc63dc0f0f8ad0fcbaf87bf14136a8dda
캐시 목/어깨장식,,fe2b67647a0bc417aa751347b018cf0bc63dc0f0f8ad0fcbaf87bf14136a8dda
세트옷,꺄꺄,fe2b67647a0bc417aa751347b018cf0bc63dc0f0f8ad0fcbaf87bf14136a8dda
캐시 세트옷,,fe2b67647a0bc417aa751347b018cf0bc63dc0f0f8ad0fcbaf87bf14136a8dda
장신구,붉은토끼풀노리개1성,fe2b67647a0bc417aa751347b018cf0bc63dc0f0f8ad0fcbaf87bf14136a8dda
캐시 장신구,,fe2b67647a0bc417aa751347b018cf0bc63dc0f0f8ad0fcbaf87bf14136a8dda
무기,칠지천지환단봉,2bdf62bd17db14f4a55b3bfc0d8a9d20da0ce145dd524f8d85bb56e044d0fa3c
갑옷,상급여자구미호갑옷,2bdf62bd17db14f4a55b3bfc0d8a9d20da0ce145dd524f8d85bb56e044d0fa3c
방패/보조무기,환웅의고서'7성,2bdf62bd17db14f4a55b3bfc0d8a9d20da0ce145dd524f8d85bb56e044d0fa3c
투구,환웅의천관'7성,2bdf62bd17db14f4a55b3bfc0d8a9d20da0ce145dd524f8d85bb56e044d0fa3c
왼손,서라마옥팔찌,2bdf62bd17db14f4a55b3bfc0d8a9d20da0ce145dd524f8d85bb56e044d0fa3c
오른손,황금토시,2bdf62bd17db14f4a55b3bfc0d8a9d20da0ce145dd524f8d85bb56e044d0fa3c
보조1,마사의귀목,2bdf62bd17db14f4a55b3bfc0d8a9d20da0ce145dd524f8d85bb56e044d0fa3c
보조2,마사의귀목,2bdf62bd17db14f4a55b3bfc0d8a9d20da0ce145dd524f8d85bb56e044d0fa3c
얼굴장식,고대마령의표식6성,2bdf62bd17db14f4a55b3bfc0d8a9d20da0ce145dd524f8d85bb56e044d0fa3c
캐시 투구,스포티걸헤어No03,2bdf62bd17db14f4a55b3bfc0d8a9d20da0ce145dd524f8d85bb56e044d0fa3c
망토,천마제의망토,2bdf62bd17db14f4a55b3bfc0d8a9d20da0ce145dd524f8d85bb56e044d0fa3c
캐시 겉옷,스포티걸의상No02,2bdf62bd17db14f4a55b3bfc0d8a9d20da0ce145dd524f8d85bb56e044d0fa3c
신발,사령웅의앞발,2bdf62bd17db14f4a55b3bfc0d8a9d20da0ce145dd524f8d85bb56e044d0fa3c
목/어깨장식,서라마옥귀걸이,2bdf62bd17db14f4a55b3bfc0d8a9d20da0ce145dd524f8d85bb56e044d0fa3c
캐시 무기,오래된채굴곡괭이,2bdf62bd17db14f4a55b3bfc0d8a9d20da0ce145dd524f8d85bb56e044d0fa3c
캐시 방패/보조무기,양양이No01,2bdf62bd17db14f4a55b3bfc0d8a9d20da0ce145dd524f8d85bb56e044d0fa3c
캐시 얼굴장식,,2bdf62bd17db14f4a55b3bfc0d8a9d20da0ce145dd524f8d85bb56e044d0fa3c
캐시 망토,심쿵플라워No01,2bdf62bd17db14f4a55b3bfc0d8a9d20da0ce145dd524f8d85bb56e044d0fa3c
캐시 신발,,2bdf62bd17db14f4a55b3bfc0d8a9d20da0ce145dd524f8d85bb56e044d0fa3c
캐시 목/어깨장식,가넷하트목걸이,2bdf62bd17db14f4a55b3bfc0d8a9d20da0ce145dd524f8d85bb56e044d0fa3c
세트옷,주작정령,2bdf62bd17db14f4a55b3bfc0d8a9d20da0ce145dd524f8d85bb56e044d0fa3c
캐시 세트옷,,2bdf62bd17db14f4a55b3bfc0d8a9d20da0ce145dd524f8d85bb56e044d0fa3c
장신구,파란나비노리개1성,2bdf62bd17db14f4a55b3bfc0d8a9d20da0ce145dd524f8d85bb56e044d0fa3c
캐시 장신구,물방울무늬리본No02,2bdf62bd17db14f4a55b3bfc0d8a9d20da0ce145dd524f8d85bb56e044d0fa3c
무기,용신제십장,99bc20bccbc557599c371764d17d0ba027c617df14c1dc06dcf9d7364ac25e54
갑옷,패자황금연갑,99bc20bccbc557599c371764d17d0ba027c617df14c1dc06dcf9d7364ac25e54
방패/보조무기,고대마령의단검6성,99bc20bccbc557599c371764d17d0ba027c617df14c1dc06dcf9d7364ac25e54
투구,용아천관'신8성,99bc20bccbc557599c371764d17d0ba027c617df14c1dc06dcf9d7364ac25e54
왼손,용발톱흑광노리개9성,99bc20bccbc557599c371764d17d0ba027c617df14c1dc06dcf9d7364ac25e54
오른손,패자황금염주,99bc20bccbc557599c371764d17d0ba027c617df14c1dc06dcf9d7364ac25e54
보조1,마사의귀목,99bc20bccbc557599c371764d17d0ba027c617df14c1dc06dcf9d7364ac25e54
보조2,마사의귀목,99bc20bccbc557599c371764d17d0ba027c617df14c1dc06dcf9d7364ac25e54
얼굴장식,시바의시선,99bc20bccbc557599c371764d17d0ba027c617df14c1dc06dcf9d7364ac25e54
캐시 투구,겨울한교복도령모,99bc20bccbc557599c371764d17d0ba027c617df14c1dc06dcf9d7364ac25e54
망토,용성신부'신8성,99bc20bccbc557599c371764d17d0ba027c617df14c1dc06dcf9d7364ac25e54
캐시 겉옷,얼음요정의상(여),99bc20bccbc557599c371764d17d0ba027c617df14c1dc06dcf9d7364ac25e54
신발,사령웅의앞발,99bc20bccbc557599c371764d17d0ba027c617df14c1dc06dcf9d7364ac25e54
목/어깨장식,고대마령의목걸이9성,99bc20bccbc557599c371764d17d0ba027c617df14c1dc06dcf9d7364ac25e54
캐시 무기,행운의채굴곡괭이,99bc20bccbc557599c371764d17d0ba027c617df14c1dc06dcf9d7364ac25e54
캐시 방패/보조무기,토끼꼬리가방,99bc20bccbc557599c371764d17d0ba027c617df14c1dc06dcf9d7364ac25e54
캐시 얼굴장식,눈장식:별이총총(밤하늘),99bc20bccbc557599c371764d17d0ba027c617df14c1dc06dcf9d7364ac25e54
캐시 망토,[2023]진인의심장,99bc20bccbc557599c371764d17d0ba027c617df14c1dc06dcf9d7364ac25e54
캐시 신발,겨울반딧불,99bc20bccbc557599c371764d17d0ba027c617df14c1dc06dcf9d7364ac25e54
캐시 목/어깨장식,여름별빛달콤카라,99bc20bccbc557599c371764d17d0ba027c617df14c1dc06dcf9d7364ac25e54
세트옷,[괴수의상]바루나1성,99bc20bccbc557599c371764d17d0ba027c617df14c1dc06dcf9d7364ac25e54
캐시 세트옷,[구]망또No07,99bc20bccbc557599c371764d17d0ba027c617df14c1dc06dcf9d7364ac25e54
장신구,붉은토끼풀노리개1성,99bc20bccbc557599c371764d17d0ba027c617df14c1dc06dcf9d7364ac25e54
캐시 장신구,여름별빛새콤모자,99bc20bccbc557599c371764d17d0ba027c617df14c1dc06dcf9d7364ac25e54
무기,고대마령의적혈장9성,e2cc049a9cd93f6ba8bfe8d489f5bef65124713110a19d73ac4d65337591b69d
갑옷,환웅의신복'9성,e2cc049a9cd93f6ba8bfe8d489f5bef65124713110a19d73ac4d65337591b69d
방패/보조무기,고대마령의단검6성,e2cc049a9cd93f6ba8bfe8d489f5bef65124713110a19d73ac4d65337591b69d
투구,환웅의신모'9성,e2cc049a9cd93f6ba8bfe8d489f5bef65124713110a19d73ac4d65337591b69d
왼손,환웅의염주'9성,e2cc049a9cd93f6ba8bfe8d489f5bef65124713110a19d73ac4d65337591b69d
오른손,[상급]봉래산반지,e2cc049a9cd93f6ba8bfe8d489f5bef65124713110a19d73ac4d65337591b69d
보조1,마령의노리개'월8성,e2cc049a9cd93f6ba8bfe8d489f5bef65124713110a19d73ac4d65337591b69d
보조2,아그니의적영,e2cc049a9cd93f6ba8bfe8d489f5bef65124713110a19d73ac4d65337591b69d
얼굴장식,시바의시선,e2cc049a9cd93f6ba8bfe8d489f5bef65124713110a19d73ac4d65337591b69d
캐시 투구,바람할로윈황금해골,e2cc049a9cd93f6ba8bfe8d489f5bef65124713110a19d73ac4d65337591b69d
망토,고대마령의칼날8성,e2cc049a9cd93f6ba8bfe8d489f5bef65124713110a19d73ac4d65337591b69d
캐시 겉옷,바람정장'백,e2cc049a9cd93f6ba8bfe8d489f5bef65124713110a19d73ac4d65337591b69d
신발,고대마령의군화'월6성,e2cc049a9cd93f6ba8bfe8d489f5bef65124713110a19d73ac4d65337591b69d
목/어깨장식,고대마령의목걸이8성,e2cc049a9cd93f6ba8bfe8d489f5bef65124713110a19d73ac4d65337591b69d
캐시 무기,,e2cc049a9cd93f6ba8bfe8d489f5bef65124713110a19d73ac4d65337591b69d
캐시 방패/보조무기,순정만화책,e2cc049a9cd93f6ba8bfe8d489f5bef65124713110a19d73ac4d65337591b69d
캐시 얼굴장식,,e2cc049a9cd93f6ba8bfe8d489f5bef65124713110a19d73ac4d65337591b69d
캐시 망토,나비날개장식No01,e2cc049a9cd93f6ba8bfe8d489f5bef65124713110a19d73ac4d65337591b69d
캐시 신발,,e2cc049a9cd93f6ba8bfe8d489f5bef65124713110a19d73ac4d65337591b69d
캐시 목/어깨장식,초코델리미니백No01,e2cc049a9cd93f6ba8bfe8d489f5bef65124713110a19d73ac4d65337591b69d
세트옷,[괴수의상]아그니1성,e2cc049a9cd93f6ba8bfe8d489f5bef65124713110a19d73ac4d65337591b69d
캐시 세트옷,[구]웨딩드레스No05,e2cc049a9cd93f6ba8bfe8d489f5bef65124713110a19d73ac4d65337591b69d
장신구,붉은토끼풀노리개1성,e2cc049a9cd93f6ba8bfe8d489f5bef65124713110a19d73ac4d65337591b69d
캐시 장신구,나비노랑더듬이,e2cc049a9cd93f6ba8bfe8d489f5bef65124713110a19d73ac4d65337591b69d
무기,고대마령의적혈장8성,fe2b67647a0bc417aa751347b018cf0b1477649e2d746e0bd9ce3784028fd73f
갑옷,환웅의신복'9성,fe2b67647a0bc417aa751347b018cf0b1477649e2d746e0bd9ce3784028fd73f
방패/보조무기,고대마령의단검6성,fe2b67647a0bc417aa751347b018cf0b1477649e2d746e0bd9ce3784028fd73f
투구,환웅의신모'9성,fe2b67647a0bc417aa751347b018cf0b1477649e2d746e0bd9ce3784028fd73f
왼손,태염반지6성,fe2b67647a0bc417aa751347b018cf0b1477649e2d746e0bd9ce3784028fd73f
오른손,용비늘흑광노리개9성,fe2b67647a0bc417aa751347b018cf0b1477649e2d746e0bd9ce3784028fd73f
보조1,마령의노리개'흑6성,fe2b67647a0bc417aa751347b018cf0b1477649e2d746e0bd9ce3784028fd73f
보조2,마사의귀목,fe2b67647a0bc417aa751347b018cf0b1477649e2d746e0bd9ce3784028fd73f
얼굴장식,시바의시선,fe2b67647a0bc417aa751347b018cf0b1477649e2d746e0bd9ce3784028fd73f
캐시 투구,꽃도령갓,fe2b67647a0bc417aa751347b018cf0b1477649e2d746e0bd9ce3784028fd73f
망토,용성신부'신8성,fe2b67647a0bc417aa751347b018cf0b1477649e2d746e0bd9ce3784028fd73f
캐시 겉옷,고귀한청룡한복(남),fe2b67647a0bc417aa751347b018cf0b1477649e2d746e0bd9ce3784028fd73f
신발,바루나의천수,fe2b67647a0bc417aa751347b018cf0b1477649e2d746e0bd9ce3784028fd73f
목/어깨장식,고대마령의목걸이6성,fe2b67647a0bc417aa751347b018cf0b1477649e2d746e0bd9ce3784028fd73f
캐시 무기,백악산군신칼,fe2b67647a0bc417aa751347b018cf0b1477649e2d746e0bd9ce3784028fd73f
캐시 방패/보조무기,,fe2b67647a0bc417aa751347b018cf0b1477649e2d746e0bd9ce3784028fd73f
캐시 얼굴장식,,fe2b67647a0bc417aa751347b018cf0b1477649e2d746e0bd9ce3784028fd73f
캐시 망토,칠석견우비단도포,fe2b67647a0bc417aa751347b018cf0b1477649e2d746e0bd9ce3784028fd73f
캐시 신발,겨울반딧불,fe2b67647a0bc417aa751347b018cf0b1477649e2d746e0bd9ce3784028fd73f
캐시 목/어깨장식,바닷바람시원한하트,fe2b67647a0bc417aa751347b018cf0b1477649e2d746e0bd9ce3784028fd73f
세트옷,[괴수의상]아그니1성,fe2b67647a0bc417aa751347b018cf0b1477649e2d746e0bd9ce3784028fd73f
캐시 세트옷,,fe2b67647a0bc417aa751347b018cf0b1477649e2d746e0bd9ce3784028fd73f
장신구,붉은토끼풀노리개2성,fe2b67647a0bc417aa751347b018cf0b1477649e2d746e0bd9ce3784028fd73f
캐시 장신구,바린족얼굴무늬No01,fe2b67647a0bc417aa751347b018cf0b1477649e2d746e0bd9ce3784028fd73f
무기,용신제십장,fe2b67647a0bc417aa751347b018cf0b2da406b7f2bcce70fdfa2e7307c65a90
갑옷,환웅의갑주'9성,fe2b67647a0bc417aa751347b018cf0b2da406b7f2bcce70fdfa2e7307c65a90
방패/보조무기,고대마령의단검8성,fe2b67647a0bc417aa751347b018cf0b2da406b7f2bcce70fdfa2e7307c65a90
투구,환웅의천관'9성,fe2b67647a0bc417aa751347b018cf0b2da406b7f2bcce70fdfa2e7307c65a90
왼손,환웅의장갑'9성,fe2b67647a0bc417aa751347b018cf0b2da406b7f2bcce70fdfa2e7307c65a90
오른손,환웅의천수'9성,fe2b67647a0bc417aa751347b018cf0b2da406b7f2bcce70fdfa2e7307c65a90
보조1,마령의노리개'월8성,fe2b67647a0bc417aa751347b018cf0b2da406b7f2bcce70fdfa2e7307c65a90
보조2,마사의귀목,fe2b67647a0bc417aa751347b018cf0b2da406b7f2bcce70fdfa2e7307c65a90
얼굴장식,시바의시선,fe2b67647a0bc417aa751347b018cf0b2da406b7f2bcce70fdfa2e7307c65a90
캐시 투구,,fe2b67647a0bc417aa751347b018cf0b2da406b7f2bcce70fdfa2e7307c65a90
망토,무신귀갑주7성,fe2b67647a0bc417aa751347b018cf0b2da406b7f2bcce70fdfa2e7307c65a90
캐시 겉옷,바람정장,fe2b67647a0bc417aa751347b018cf0b2da406b7f2bcce70fdfa2e7307c65a90
신발,사령웅의앞발,fe2b67647a0bc417aa751347b018cf0b2da406b7f2bcce70fdfa2e7307c65a90
목/어깨장식,고대마령의목걸이8성,fe2b67647a0bc417aa751347b018cf0b2da406b7f2bcce70fdfa2e7307c65a90
캐시 무기,오래된채굴곡괭이,fe2b67647a0bc417aa751347b018cf0b2da406b7f2bcce70fdfa2e7307c65a90
캐시 방패/보조무기,유리염주,fe2b67647a0bc417aa751347b018cf0b2da406b7f2bcce70fdfa2e7307c65a90
캐시 얼굴장식,눈장식:칼라렌즈(흑진주),fe2b67647a0bc417aa751347b018cf0b2da406b7f2bcce70fdfa2e7307c65a90
캐시 망토,노란꽃잎,fe2b67647a0bc417aa751347b018cf0b2da406b7f2bcce70fdfa2e7307c65a90
캐시 신발,성탄빛이총총,fe2b67647a0bc417aa751347b018cf0b2da406b7f2bcce70fdfa2e7307c65a90
캐시 목/어깨장식,양털케이프No02,fe2b67647a0bc417aa751347b018cf0b2da406b7f2bcce70fdfa2e7307c65a90
세트옷,[괴수의상]아그니1성,fe2b67647a0bc417aa751347b018cf0b2da406b7f2bcce70fdfa2e7307c65a90
캐시 세트옷,[구]웨딩드레스No02,fe2b67647a0bc417aa751347b018cf0b2da406b7f2bcce70fdfa2e7307c65a90
장신구,파란나비노리개1성,fe2b67647a0bc417aa751347b018cf0b2da406b7f2bcce70fdfa2e7307c65a90
캐시 장신구,바람유니콘목장식(남),fe2b67647a0bc417aa751347b018cf0b2da406b7f2bcce70fdfa2e7307c65a90
무기,고대마령의적혈장8성,01be8c2aba22a37fa1fc55d3e397f808c732b5de3d5866718bfdef0130098598
갑옷,태광천신신복8성,01be8c2aba22a37fa1fc55d3e397f808c732b5de3d5866718bfdef0130098598
방패/보조무기,고대마령의단검6성,01be8c2aba22a37fa1fc55d3e397f808c732b5de3d5866718bfdef0130098598
투구,태광천신금잠8성,01be8c2aba22a37fa1fc55d3e397f808c732b5de3d5866718bfdef0130098598
왼손,태광노리개6성,01be8c2aba22a37fa1fc55d3e397f808c732b5de3d5866718bfdef0130098598
오른손,태광노리개6성,01be8c2aba22a37fa1fc55d3e397f808c732b5de3d5866718bfdef0130098598
보조1,아그니의적영,01be8c2aba22a37fa1fc55d3e397f808c732b5de3d5866718bfdef0130098598
보조2,마사의귀목,01be8c2aba22a37fa1fc55d3e397f808c732b5de3d5866718bfdef0130098598
얼굴장식,조사장의가면,01be8c2aba22a37fa1fc55d3e397f808c732b5de3d5866718bfdef0130098598
캐시 투구,커플리본밴드,01be8c2aba22a37fa1fc55d3e397f808c732b5de3d5866718bfdef0130098598
망토,무신귀갑주6성,01be8c2aba22a37fa1fc55d3e397f808c732b5de3d5866718bfdef0130098598
캐시 겉옷,바람레이스원피스'백,01be8c2aba22a37fa1fc55d3e397f808c732b5de3d5866718bfdef0130098598
신발,사령웅의앞발,01be8c2aba22a37fa1fc55d3e397f808c732b5de3d5866718bfdef0130098598
목/어깨장식,아이라바타의경식,01be8c2aba22a37fa1fc55d3e397f808c732b5de3d5866718bfdef0130098598
캐시 무기,츄러스No01,01be8c2aba22a37fa1fc55d3e397f808c732b5de3d5866718bfdef0130098598
캐시 방패/보조무기,멍멍이No02,01be8c2aba22a37fa1fc55d3e397f808c732b5de3d5866718bfdef0130098598
캐시 얼굴장식,,01be8c2aba22a37fa1fc55d3e397f808c732b5de3d5866718bfdef0130098598
캐시 망토,,01be8c2aba22a37fa1fc55d3e397f808c732b5de3d5866718bfdef0130098598
캐시 신발,버블샌들No02여,01be8c2aba22a37fa1fc55d3e397f808c732b5de3d5866718bfdef0130098598
캐시 목/어깨장식,아기턱받이No01,01be8c2aba22a37fa1fc55d3e397f808c732b5de3d5866718bfdef0130098598
세트옷,[괴수의상]바루나1성,01be8c2aba22a37fa1fc55d3e397f808c732b5de3d5866718bfdef0130098598
캐시 세트옷,,01be8c2aba22a37fa1fc55d3e397f808c732b5de3d5866718bfdef0130098598
장신구,자수원앙노리개1성,01be8c2aba22a37fa1fc55d3e397f808c732b5de3d5866718bfdef0130098598
캐시 장신구,가을홀릭이어링No01,01be8c2aba22a37fa1fc55d3e397f808c732b5de3d5866718bfdef0130098598
무기,용신제십장,fe2b67647a0bc417aa751347b018cf0b62850cf4b66676bfe114dadb6d637107
갑옷,패자황금갑주,fe2b67647a0bc417aa751347b018cf0b62850cf4b66676bfe114dadb6d637107
방패/보조무기,고대마령의단검8성,fe2b67647a0bc417aa751347b018cf0b62850cf4b66676bfe114dadb6d637107
투구,패자황금투구,fe2b67647a0bc417aa751347b018cf0b62850cf4b66676bfe114dadb6d637107
왼손,환웅의팔찌'9성,fe2b67647a0bc417aa751347b018cf0b62850cf4b66676bfe114dadb6d637107
오른손,고대마령의장갑'흑10성,fe2b67647a0bc417aa751347b018cf0b62850cf4b66676bfe114dadb6d637107
보조1,찬란한아그니의적영,fe2b67647a0bc417aa751347b018cf0b62850cf4b66676bfe114dadb6d637107
보조2,마령의노리개'흑10성,fe2b67647a0bc417aa751347b018cf0b62850cf4b66676bfe114dadb6d637107
얼굴장식,고대마령의암막8성,fe2b67647a0bc417aa751347b018cf0b62850cf4b66676bfe114dadb6d637107
캐시 투구,오방지신현무가호,fe2b67647a0bc417aa751347b018cf0b62850cf4b66676bfe114dadb6d637107
망토,금린추월8성,fe2b67647a0bc417aa751347b018cf0b62850cf4b66676bfe114dadb6d637107
캐시 겉옷,오방지신의상(남),fe2b67647a0bc417aa751347b018cf0b62850cf4b66676bfe114dadb6d637107
신발,고대마령의군화'흑8성,fe2b67647a0bc417aa751347b018cf0b62850cf4b66676bfe114dadb6d637107
목/어깨장식,고대마령의목걸이8성,fe2b67647a0bc417aa751347b018cf0b62850cf4b66676bfe114dadb6d637107
캐시 무기,오방지신백호첨익,fe2b67647a0bc417aa751347b018cf0b62850cf4b66676bfe114dadb6d637107
캐시 방패/보조무기,레이닝투명우산No01남,fe2b67647a0bc417aa751347b018cf0b62850cf4b66676bfe114dadb6d637107
캐시 얼굴장식,,fe2b67647a0bc417aa751347b018cf0b62850cf4b66676bfe114dadb6d637107
캐시 망토,오방지신주작비상,fe2b67647a0bc417aa751347b018cf0b62850cf4b66676bfe114dadb6d637107
캐시 신발,오방지신청룡강림,fe2b67647a0bc417aa751347b018cf0b62850cf4b66676bfe114dadb6d637107
캐시 목/어깨장식,요정검은목도리,fe2b67647a0bc417aa751347b018cf0b62850cf4b66676bfe114dadb6d637107
세트옷,[괴수의상]아그니1성,fe2b67647a0bc417aa751347b018cf0b62850cf4b66676bfe114dadb6d637107
캐시 세트옷,고대[신수]황룡神,fe2b67647a0bc417aa751347b018cf0b62850cf4b66676bfe114dadb6d637107
장신구,파란나비노리개1성,fe2b67647a0bc417aa751347b018cf0b62850cf4b66676bfe114dadb6d637107
캐시 장신구,오방지신오행봉잠,fe2b67647a0bc417aa751347b018cf0b62850cf4b66676bfe114dadb6d637107
보조1,투명구두,d01017e95fbab784a4157cec2c0140db7235c9ece6fdc4edd4d801f543cfef6a
무기,,d01017e95fbab784a4157cec2c0140db7235c9ece6fdc4edd4d801f543cfef6a
갑옷,,d01017e95fbab784a4157cec2c0140db7235c9ece6fdc4edd4d801f543cfef6a
방패/보조무기,,d01017e95fbab784a4157cec2c0140db7235c9ece6fdc4edd4d801f543cfef6a
투구,,d01017e95fbab784a4157cec2c0140db7235c9ece6fdc4edd4d801f543cfef6a
왼손,,d01017e95fbab784a4157cec2c0140db7235c9ece6fdc4edd4d801f543cfef6a
오른손,,d01017e95fbab784a4157cec2c0140db7235c9ece6fdc4edd4d801f543cfef6a
보조2,,d01017e95fbab784a4157cec2c0140db7235c9ece6fdc4edd4d801f543cfef6a
얼굴장식,,d01017e95fbab784a4157cec2c0140db7235c9ece6fdc4edd4d801f543cfef6a
캐시 투구,가을홀릭소년헤어No01,d01017e95fbab784a4157cec2c0140db7235c9ece6fdc4edd4d801f543cfef6a
망토,,d01017e95fbab784a4157cec2c0140db7235c9ece6fdc4edd4d801f543cfef6a
캐시 겉옷,꽃을든남친의상No02,d01017e95fbab784a4157cec2c0140db7235c9ece6fdc4edd4d801f543cfef6a
신발,,d01017e95fbab784a4157cec2c0140db7235c9ece6fdc4edd4d801f543cfef6a
목/어깨장식,,d01017e95fbab784a4157cec2c0140db7235c9ece6fdc4edd4d801f543cfef6a
캐시 무기,,d01017e95fbab784a4157cec2c0140db7235c9ece6fdc4edd4d801f543cfef6a
캐시 방패/보조무기,서커스펭귄풍선,d01017e95fbab784a4157cec2c0140db7235c9ece6fdc4edd4d801f543cfef6a
캐시 얼굴장식,,d01017e95fbab784a4157cec2c0140db7235c9ece6fdc4edd4d801f543cfef6a
캐시 망토,서커스바람개비,d01017e95fbab784a4157cec2c0140db7235c9ece6fdc4edd4d801f543cfef6a
캐시 신발,빗방울,d01017e95fbab784a4157cec2c0140db7235c9ece6fdc4edd4d801f543cfef6a
캐시 목/어깨장식,,d01017e95fbab784a4157cec2c0140db7235c9ece6fdc4edd4d801f543cfef6a
세트옷,강철의탐,d01017e95fbab784a4157cec2c0140db7235c9ece6fdc4edd4d801f543cfef6a
캐시 세트옷,고대호랑신수의상,d01017e95fbab784a4157cec2c0140db7235c9ece6fdc4edd4d801f543cfef6a
장신구,,d01017e95fbab784a4157cec2c0140db7235c9ece6fdc4edd4d801f543cfef6a
캐시 장신구,꼬마집요정모자No01,d01017e95fbab784a4157cec2c0140db7235c9ece6fdc4edd4d801f543cfef6a
무기,고대마령의적혈장9성,95648289b713b93b0a5c9646ab861dc59a47fd8edd96451044f8289ef139b56a
갑옷,환웅의신복'9성,95648289b713b93b0a5c9646ab861dc59a47fd8edd96451044f8289ef139b56a
방패/보조무기,고대마령의단검6성,95648289b713b93b0a5c9646ab861dc59a47fd8edd96451044f8289ef139b56a
투구,환웅의신모'8성,95648289b713b93b0a5c9646ab861dc59a47fd8edd96451044f8289ef139b56a
왼손,환웅의장갑'8성,95648289b713b93b0a5c9646ab861dc59a47fd8edd96451044f8289ef139b56a
오른손,환웅의염주'8성,95648289b713b93b0a5c9646ab861dc59a47fd8edd96451044f8289ef139b56a
보조1,마사의귀목,95648289b713b93b0a5c9646ab861dc59a47fd8edd96451044f8289ef139b56a
보조2,마사의귀목,95648289b713b93b0a5c9646ab861dc59a47fd8edd96451044f8289ef139b56a
얼굴장식,조사장의가면,95648289b713b93b0a5c9646ab861dc59a47fd8edd96451044f8289ef139b56a
캐시 투구,,95648289b713b93b0a5c9646ab861dc59a47fd8edd96451044f8289ef139b56a
망토,무신귀갑주7성,95648289b713b93b0a5c9646ab861dc59a47fd8edd96451044f8289ef139b56a
캐시 겉옷,얼음요정의상(남),95648289b713b93b0a5c9646ab861dc59a47fd8edd96451044f8289ef139b56a
신발,사령웅의앞발,95648289b713b93b0a5c9646ab861dc59a47fd8edd96451044f8289ef139b56a
목/어깨장식,고대마령의목걸이8성,95648289b713b93b0a5c9646ab861dc59a47fd8edd96451044f8289ef139b56a
캐시 무기,,95648289b713b93b0a5c9646ab861dc59a47fd8edd96451044f8289ef139b56a
캐시 방패/보조무기,왕초보장식,95648289b713b93b0a5c9646ab861dc59a47fd8edd96451044f8289ef139b56a
캐시 얼굴장식,왕초보대두(남),95648289b713b93b0a5c9646ab861dc59a47fd8edd96451044f8289ef139b56a
캐시 망토,살랑살랑열대어No01,95648289b713b93b0a5c9646ab861dc59a47fd8edd96451044f8289ef139b56a
캐시 신발,버블샌들No02남,95648289b713b93b0a5c9646ab861dc59a47fd8edd96451044f8289ef139b56a
캐시 목/어깨장식,반짝하트목걸이,95648289b713b93b0a5c9646ab861dc59a47fd8edd96451044f8289ef139b56a
세트옷,[괴수의상]아그니1성,95648289b713b93b0a5c9646ab861dc59a47fd8edd96451044f8289ef139b56a
캐시 세트옷,,95648289b713b93b0a5c9646ab861dc59a47fd8edd96451044f8289ef139b56a
장신구,붉은토끼풀노리개2성,95648289b713b93b0a5c9646ab861dc59a47fd8edd96451044f8289ef139b56a
캐시 장신구,핫엣지물안경No01,95648289b713b93b0a5c9646ab861dc59a47fd8edd96451044f8289ef139b56a
무기,고대마령의적혈장9성,d01017e95fbab784a4157cec2c0140dbf472d22138899768806ea2892031ff92
갑옷,환웅의신복'9성,d01017e95fbab784a4157cec2c0140dbf472d22138899768806ea2892031ff92
방패/보조무기,고대마령의단검7성,d01017e95fbab784a4157cec2c0140dbf472d22138899768806ea2892031ff92
투구,환웅의신모'9성,d01017e95fbab784a4157cec2c0140dbf472d22138899768806ea2892031ff92
왼손,태광노리개8성,d01017e95fbab784a4157cec2c0140dbf472d22138899768806ea2892031ff92
오른손,환웅의천수'8성,d01017e95fbab784a4157cec2c0140dbf472d22138899768806ea2892031ff92
보조1,투명구두,d01017e95fbab784a4157cec2c0140dbf472d22138899768806ea2892031ff92
보조2,마사의귀목,d01017e95fbab784a4157cec2c0140dbf472d22138899768806ea2892031ff92
얼굴장식,고대마령의표식6성,d01017e95fbab784a4157cec2c0140dbf472d22138899768806ea2892031ff92
캐시 투구,일등항해사정모,d01017e95fbab784a4157cec2c0140dbf472d22138899768806ea2892031ff92
망토,용성신부'신10성,d01017e95fbab784a4157cec2c0140dbf472d22138899768806ea2892031ff92
캐시 겉옷,눈냥이니트세트(남),d01017e95fbab784a4157cec2c0140dbf472d22138899768806ea2892031ff92
신발,고대마령의군화'월7성,d01017e95fbab784a4157cec2c0140dbf472d22138899768806ea2892031ff92
목/어깨장식,진'흉수의인장,d01017e95fbab784a4157cec2c0140dbf472d22138899768806ea2892031ff92
캐시 무기,[심야]행운의채굴곡괭이,d01017e95fbab784a4157cec2c0140dbf472d22138899768806ea2892031ff92
캐시 방패/보조무기,한여름골든리트리버,d01017e95fbab784a4157cec2c0140dbf472d22138899768806ea2892031ff92
캐시 얼굴장식,,d01017e95fbab784a4157cec2c0140dbf472d22138899768806ea2892031ff92
캐시 망토,VR다람쥐,d01017e95fbab784a4157cec2c0140dbf472d22138899768806ea2892031ff92
캐시 신발,고귀한청룡운요,d01017e95fbab784a4157cec2c0140dbf472d22138899768806ea2892031ff92
캐시 목/어깨장식,,d01017e95fbab784a4157cec2c0140dbf472d22138899768806ea2892031ff92
세트옷,강철의탐,d01017e95fbab784a4157cec2c0140dbf472d22138899768806ea2892031ff92
캐시 세트옷,바람미니미주술사,d01017e95fbab784a4157cec2c0140dbf472d22138899768806ea2892031ff92
장신구,붉은토끼풀노리개3성,d01017e95fbab784a4157cec2c0140dbf472d22138899768806ea2892031ff92
캐시 장신구,VIP뱃지,d01017e95fbab784a4157cec2c0140dbf472d22138899768806ea2892031ff92
무기,고대마령의적혈장8성,fe2b67647a0bc417aa751347b018cf0b92f5e00f79e4643bf8aa9bb2d02b0196
갑옷,태광천신신복8성,fe2b67647a0bc417aa751347b018cf0b92f5e00f79e4643bf8aa9bb2d02b0196
방패/보조무기,고대마령의단검6성,fe2b67647a0bc417aa751347b018cf0b92f5e00f79e4643bf8aa9bb2d02b0196
투구,환웅의신모'8성,fe2b67647a0bc417aa751347b018cf0b92f5e00f79e4643bf8aa9bb2d02b0196
왼손,환웅의반지'8성,fe2b67647a0bc417aa751347b018cf0b92f5e00f79e4643bf8aa9bb2d02b0196
오른손,태광노리개7성,fe2b67647a0bc417aa751347b018cf0b92f5e00f79e4643bf8aa9bb2d02b0196
보조1,마사의귀목,fe2b67647a0bc417aa751347b018cf0b92f5e00f79e4643bf8aa9bb2d02b0196
보조2,마사의귀목,fe2b67647a0bc417aa751347b018cf0b92f5e00f79e4643bf8aa9bb2d02b0196
얼굴장식,고대마령의표식6성,fe2b67647a0bc417aa751347b018cf0b92f5e00f79e4643bf8aa9bb2d02b0196
캐시 투구,러브유헤어No03,fe2b67647a0bc417aa751347b018cf0b92f5e00f79e4643bf8aa9bb2d02b0196
망토,무신귀갑주7성,fe2b67647a0bc417aa751347b018cf0b92f5e00f79e4643bf8aa9bb2d02b0196
캐시 겉옷,동물농장큐티의상(여)No02,fe2b67647a0bc417aa751347b018cf0b92f5e00f79e4643bf8aa9bb2d02b0196
신발,사령웅의앞발,fe2b67647a0bc417aa751347b018cf0b92f5e00f79e4643bf8aa9bb2d02b0196
목/어깨장식,고대마령의목걸이6성,fe2b67647a0bc417aa751347b018cf0b92f5e00f79e4643bf8aa9bb2d02b0196
캐시 무기,바람명탐정지팡이,fe2b67647a0bc417aa751347b018cf0b92f5e00f79e4643bf8aa9bb2d02b0196
캐시 방패/보조무기,레서판다든든한맹수,fe2b67647a0bc417aa751347b018cf0b92f5e00f79e4643bf8aa9bb2d02b0196
캐시 얼굴장식,,fe2b67647a0bc417aa751347b018cf0b92f5e00f79e4643bf8aa9bb2d02b0196
캐시 망토,러블리키스No01,fe2b67647a0bc417aa751347b018cf0b92f5e00f79e4643bf8aa9bb2d02b0196
캐시 신발,흩날리는깃털,fe2b67647a0bc417aa751347b018cf0b92f5e00f79e4643bf8aa9bb2d02b0196
캐시 목/어깨장식,만월토끼목걸이,fe2b67647a0bc417aa751347b018cf0b92f5e00f79e4643bf8aa9bb2d02b0196
세트옷,청룡정령,fe2b67647a0bc417aa751347b018cf0b92f5e00f79e4643bf8aa9bb2d02b0196
캐시 세트옷,,fe2b67647a0bc417aa751347b018cf0b92f5e00f79e4643bf8aa9bb2d02b0196
장신구,붉은토끼풀노리개1성,fe2b67647a0bc417aa751347b018cf0b92f5e00f79e4643bf8aa9bb2d02b0196
캐시 장신구,반원안경,fe2b67647a0bc417aa751347b018cf0b92f5e00f79e4643bf8aa9bb2d02b0196
무기,용라제십명도,3cef53f84a71845e00c7d2d3e05aa1dab06ec6a94b3a2775c82d785f85d1f7fc
갑옷,용라파천갑8성,3cef53f84a71845e00c7d2d3e05aa1dab06ec6a94b3a2775c82d785f85d1f7fc
방패/보조무기,,3cef53f84a71845e00c7d2d3e05aa1dab06ec6a94b3a2775c82d785f85d1f7fc
투구,태광천신금잠8성,3cef53f84a71845e00c7d2d3e05aa1dab06ec6a94b3a2775c82d785f85d1f7fc
왼손,패자황금보호대,3cef53f84a71845e00c7d2d3e05aa1dab06ec6a94b3a2775c82d785f85d1f7fc
오른손,패자황금보호대,3cef53f84a71845e00c7d2d3e05aa1dab06ec6a94b3a2775c82d785f85d1f7fc
보조1,마령의노리개'흑6성,3cef53f84a71845e00c7d2d3e05aa1dab06ec6a94b3a2775c82d785f85d1f7fc
보조2,마사의귀목,3cef53f84a71845e00c7d2d3e05aa1dab06ec6a94b3a2775c82d785f85d1f7fc
얼굴장식,조사장의가면,3cef53f84a71845e00c7d2d3e05aa1dab06ec6a94b3a2775c82d785f85d1f7fc
캐시 투구,딱콩별프로머리,3cef53f84a71845e00c7d2d3e05aa1dab06ec6a94b3a2775c82d785f85d1f7fc
망토,용성장견'라8성,3cef53f84a71845e00c7d2d3e05aa1dab06ec6a94b3a2775c82d785f85d1f7fc
캐시 겉옷,동물농장큐티의상(남)No03,3cef53f84a71845e00c7d2d3e05aa1dab06ec6a94b3a2775c82d785f85d1f7fc
신발,사령웅의앞발,3cef53f84a71845e00c7d2d3e05aa1dab06ec6a94b3a2775c82d785f85d1f7fc
목/어깨장식,단조의심단,3cef53f84a71845e00c7d2d3e05aa1dab06ec6a94b3a2775c82d785f85d1f7fc
캐시 무기,백톤망치,3cef53f84a71845e00c7d2d3e05aa1dab06ec6a94b3a2775c82d785f85d1f7fc
캐시 방패/보조무기,매드사이버베리어,3cef53f84a71845e00c7d2d3e05aa1dab06ec6a94b3a2775c82d785f85d1f7fc
캐시 얼굴장식,눈장식:목표포착,3cef53f84a71845e00c7d2d3e05aa1dab06ec6a94b3a2775c82d785f85d1f7fc
캐시 망토,롤링팝와우코믹,3cef53f84a71845e00c7d2d3e05aa1dab06ec6a94b3a2775c82d785f85d1f7fc
캐시 신발,칠석견우은하수까치,3cef53f84a71845e00c7d2d3e05aa1dab06ec6a94b3a2775c82d785f85d1f7fc
캐시 목/어깨장식,나사펫상어뱃지,3cef53f84a71845e00c7d2d3e05aa1dab06ec6a94b3a2775c82d785f85d1f7fc
세트옷,[괴수의상]아이라바타1성,3cef53f84a71845e00c7d2d3e05aa1dab06ec6a94b3a2775c82d785f85d1f7fc
캐시 세트옷,,3cef53f84a71845e00c7d2d3e05aa1dab06ec6a94b3a2775c82d785f85d1f7fc
장신구,붉은토끼풀노리개2성,3cef53f84a71845e00c7d2d3e05aa1dab06ec6a94b3a2775c82d785f85d1f7fc
캐시 장신구,신변보호,3cef53f84a71845e00c7d2d3e05aa1dab06ec6a94b3a2775c82d785f85d1f7fc
무기,고대마령의적혈명도9성,ae6b1d07f043f19eaa1a004a361dce3a426e24a254e749e905ff809b7abc317c
갑옷,환웅의흑의'9성,ae6b1d07f043f19eaa1a004a361dce3a426e24a254e749e905ff809b7abc317c
방패/보조무기,,ae6b1d07f043f19eaa1a004a361dce3a426e24a254e749e905ff809b7abc317c
투구,용아투구'라8성,ae6b1d07f043f19eaa1a004a361dce3a426e24a254e749e905ff809b7abc317c
왼손,환웅의보호대'8성,ae6b1d07f043f19eaa1a004a361dce3a426e24a254e749e905ff809b7abc317c
오른손,환웅의보호대'8성,ae6b1d07f043f19eaa1a004a361dce3a426e24a254e749e905ff809b7abc317c
보조1,마령의노리개'흑8성,ae6b1d07f043f19eaa1a004a361dce3a426e24a254e749e905ff809b7abc317c
보조2,마사의귀목,ae6b1d07f043f19eaa1a004a361dce3a426e24a254e749e905ff809b7abc317c
얼굴장식,시바의시선,ae6b1d07f043f19eaa1a004a361dce3a426e24a254e749e905ff809b7abc317c
캐시 투구,가을홀릭소년헤어No02,ae6b1d07f043f19eaa1a004a361dce3a426e24a254e749e905ff809b7abc317c
망토,용성장견'라8성,ae6b1d07f043f19eaa1a004a361dce3a426e24a254e749e905ff809b7abc317c
캐시 겉옷,깜찍펭귄의상,ae6b1d07f043f19eaa1a004a361dce3a426e24a254e749e905ff809b7abc317c
신발,바루나의천수,ae6b1d07f043f19eaa1a004a361dce3a426e24a254e749e905ff809b7abc317c
목/어깨장식,고대마령의목걸이8성,ae6b1d07f043f19eaa1a004a361dce3a426e24a254e749e905ff809b7abc317c
캐시 무기,꼬물이막대,ae6b1d07f043f19eaa1a004a361dce3a426e24a254e749e905ff809b7abc317c
캐시 방패/보조무기,발아래까치,ae6b1d07f043f19eaa1a004a361dce3a426e24a254e749e905ff809b7abc317c
캐시 얼굴장식,눈장식:멍눈(딥다크),ae6b1d07f043f19eaa1a004a361dce3a426e24a254e749e905ff809b7abc317c
캐시 망토,오버핏보이크로스백,ae6b1d07f043f19eaa1a004a361dce3a426e24a254e749e905ff809b7abc317c
캐시 신발,바람정장구두,ae6b1d07f043f19eaa1a004a361dce3a426e24a254e749e905ff809b7abc317c
캐시 목/어깨장식,스트릿캐주얼곰목걸이,ae6b1d07f043f19eaa1a004a361dce3a426e24a254e749e905ff809b7abc317c
세트옷,[괴수의상]바루나1성,ae6b1d07f043f19eaa1a004a361dce3a426e24a254e749e905ff809b7abc317c
캐시 세트옷,,ae6b1d07f043f19eaa1a004a361dce3a426e24a254e749e905ff809b7abc317c
장신구,붉은토끼풀노리개1성,ae6b1d07f043f19eaa1a004a361dce3a426e24a254e749e905ff809b7abc317c
캐시 장신구,깜찍펭귄얼굴,ae6b1d07f043f19eaa1a004a361dce3a426e24a254e749e905ff809b7abc317c
무기,용라제십명도,a43f42a3379efec13f5f778f6411e768a08b825a1c9823a87ec8362a0606985b
갑옷,용라파천갑8성,a43f42a3379efec13f5f778f6411e768a08b825a1c9823a87ec8362a0606985b
방패/보조무기,,a43f42a3379efec13f5f778f6411e768a08b825a1c9823a87ec8362a0606985b
투구,용아투구'라8성,a43f42a3379efec13f5f778f6411e768a08b825a1c9823a87ec8362a0606985b
왼손,태염반지6성,a43f42a3379efec13f5f778f6411e768a08b825a1c9823a87ec8362a0606985b
오른손,태염반지6성,a43f42a3379efec13f5f778f6411e768a08b825a1c9823a87ec8362a0606985b
보조1,아그니의적영,a43f42a3379efec13f5f778f6411e768a08b825a1c9823a87ec8362a0606985b
보조2,마사의귀목,a43f42a3379efec13f5f778f6411e768a08b825a1c9823a87ec8362a0606985b
얼굴장식,조사장의가면,a43f42a3379efec13f5f778f6411e768a08b825a1c9823a87ec8362a0606985b
캐시 투구,나비요정헤어(남),a43f42a3379efec13f5f778f6411e768a08b825a1c9823a87ec8362a0606985b
망토,용성장견'라8성,a43f42a3379efec13f5f778f6411e768a08b825a1c9823a87ec8362a0606985b
캐시 겉옷,GM차사의의복,a43f42a3379efec13f5f778f6411e768a08b825a1c9823a87ec8362a0606985b
신발,사령웅의앞발,a43f42a3379efec13f5f778f6411e768a08b825a1c9823a87ec8362a0606985b
목/어깨장식,아이라바타의경식,a43f42a3379efec13f5f778f6411e768a08b825a1c9823a87ec8362a0606985b
캐시 무기,오래된채굴곡괭이,a43f42a3379efec13f5f778f6411e768a08b825a1c9823a87ec8362a0606985b
캐시 방패/보조무기,추억의라디오,a43f42a3379efec13f5f778f6411e768a08b825a1c9823a87ec8362a0606985b
캐시 얼굴장식,,a43f42a3379efec13f5f778f6411e768a08b825a1c9823a87ec8362a0606985b
캐시 망토,벚꽃장식No01,a43f42a3379efec13f5f778f6411e768a08b825a1c9823a87ec8362a0606985b
캐시 신발,티라노사우르스,a43f42a3379efec13f5f778f6411e768a08b825a1c9823a87ec8362a0606985b
캐시 목/어깨장식,,a43f42a3379efec13f5f778f6411e768a08b825a1c9823a87ec8362a0606985b
세트옷,[괴수의상]아이라바타1성,a43f42a3379efec13f5f778f6411e768a08b825a1c9823a87ec8362a0606985b
캐시 세트옷,로두마니의분신,a43f42a3379efec13f5f778f6411e768a08b825a1c9823a87ec8362a0606985b
장신구,,a43f42a3379efec13f5f778f6411e768a08b825a1c9823a87ec8362a0606985b
캐시 장신구,나비노랑더듬이,a43f42a3379efec13f5f778f6411e768a08b825a1c9823a87ec8362a0606985b
무기,고대마령의적혈명도9성,90b9580318c35c0ef00390af12d36c41e117429012fdd9c391d993383543da8f
갑옷,용라멸아갑8성,90b9580318c35c0ef00390af12d36c41e117429012fdd9c391d993383543da8f
방패/보조무기,,90b9580318c35c0ef00390af12d36c41e117429012fdd9c391d993383543da8f
투구,환웅의갓'9성,90b9580318c35c0ef00390af12d36c41e117429012fdd9c391d993383543da8f
왼손,금린노리개7성,90b9580318c35c0ef00390af12d36c41e117429012fdd9c391d993383543da8f
오른손,금린노리개6성,90b9580318c35c0ef00390af12d36c41e117429012fdd9c391d993383543da8f
보조1,아그니의적영,90b9580318c35c0ef00390af12d36c41e117429012fdd9c391d993383543da8f
보조2,아그니의적영,90b9580318c35c0ef00390af12d36c41e117429012fdd9c391d993383543da8f
얼굴장식,고대마령의암막6성,90b9580318c35c0ef00390af12d36c41e117429012fdd9c391d993383543da8f
캐시 투구,양치기소녀머리No01,90b9580318c35c0ef00390af12d36c41e117429012fdd9c391d993383543da8f
망토,용성장견'라8성,90b9580318c35c0ef00390af12d36c41e117429012fdd9c391d993383543da8f
캐시 겉옷,값진설날교복(여),90b9580318c35c0ef00390af12d36c41e117429012fdd9c391d993383543da8f
신발,사령웅의앞발,90b9580318c35c0ef00390af12d36c41e117429012fdd9c391d993383543da8f
목/어깨장식,고대마령의목걸이7성,90b9580318c35c0ef00390af12d36c41e117429012fdd9c391d993383543da8f
캐시 무기,오래된채굴곡괭이,90b9580318c35c0ef00390af12d36c41e117429012fdd9c391d993383543da8f
캐시 방패/보조무기,앤틱바람고대종,90b9580318c35c0ef00390af12d36c41e117429012fdd9c391d993383543da8f
캐시 얼굴장식,동화나라라운드안경No01,90b9580318c35c0ef00390af12d36c41e117429012fdd9c391d993383543da8f
캐시 망토,요정날개No02,90b9580318c35c0ef00390af12d36c41e117429012fdd9c391d993383543da8f
캐시 신발,빗방울,90b9580318c35c0ef00390af12d36c41e117429012fdd9c391d993383543da8f
캐시 목/어깨장식,NEXON사원증,90b9580318c35c0ef00390af12d36c41e117429012fdd9c391d993383543da8f
세트옷,[괴수의상]바루나1성,90b9580318c35c0ef00390af12d36c41e117429012fdd9c391d993383543da8f
캐시 세트옷,,90b9580318c35c0ef00390af12d36c41e117429012fdd9c391d993383543da8f
장신구,붉은토끼풀노리개1성,90b9580318c35c0ef00390af12d36c41e117429012fdd9c391d993383543da8f
캐시 장신구,네잎클로버,90b9580318c35c0ef00390af12d36c41e117429012fdd9c391d993383543da8f
무기,도깨비방망이,fe2b67647a0bc417aa751347b018cf0bb2b279d6c2bc5e3cabc183b38dbda0a9
갑옷,귀문진산갑(남),fe2b67647a0bc417aa751347b018cf0bb2b279d6c2bc5e3cabc183b38dbda0a9
방패/보조무기,,fe2b67647a0bc417aa751347b018cf0bb2b279d6c2bc5e3cabc183b38dbda0a9
투구,환웅의모자'7성,fe2b67647a0bc417aa751347b018cf0bb2b279d6c2bc5e3cabc183b38dbda0a9
왼손,별주부반지,fe2b67647a0bc417aa751347b018cf0bb2b279d6c2bc5e3cabc183b38dbda0a9
오른손,,fe2b67647a0bc417aa751347b018cf0bb2b279d6c2bc5e3cabc183b38dbda0a9
보조1,마사의귀목,fe2b67647a0bc417aa751347b018cf0bb2b279d6c2bc5e3cabc183b38dbda0a9
보조2,,fe2b67647a0bc417aa751347b018cf0bb2b279d6c2bc5e3cabc183b38dbda0a9
얼굴장식,조사장의가면,fe2b67647a0bc417aa751347b018cf0bb2b279d6c2bc5e3cabc183b38dbda0a9
캐시 투구,여름데이트헤어No01남,fe2b67647a0bc417aa751347b018cf0bb2b279d6c2bc5e3cabc183b38dbda0a9
망토,강림의망토,fe2b67647a0bc417aa751347b018cf0bb2b279d6c2bc5e3cabc183b38dbda0a9
캐시 겉옷,블러썸웨딩수트No02,fe2b67647a0bc417aa751347b018cf0bb2b279d6c2bc5e3cabc183b38dbda0a9
신발,사령웅의앞발,fe2b67647a0bc417aa751347b018cf0bb2b279d6c2bc5e3cabc183b38dbda0a9
목/어깨장식,진'흉수의인장,fe2b67647a0bc417aa751347b018cf0bb2b279d6c2bc5e3cabc183b38dbda0a9
캐시 무기,,fe2b67647a0bc417aa751347b018cf0bb2b279d6c2bc5e3cabc183b38dbda0a9
캐시 방패/보조무기,,fe2b67647a0bc417aa751347b018cf0bb2b279d6c2bc5e3cabc183b38dbda0a9
캐시 얼굴장식,,fe2b67647a0bc417aa751347b018cf0bb2b279d6c2bc5e3cabc183b38dbda0a9
캐시 망토,,fe2b67647a0bc417aa751347b018cf0bb2b279d6c2bc5e3cabc183b38dbda0a9
캐시 신발,버블샌들No03남,fe2b67647a0bc417aa751347b018cf0bb2b279d6c2bc5e3cabc183b38dbda0a9
캐시 목/어깨장식,,fe2b67647a0bc417aa751347b018cf0bb2b279d6c2bc5e3cabc183b38dbda0a9
세트옷,전우치분신,fe2b67647a0bc417aa751347b018cf0bb2b279d6c2bc5e3cabc183b38dbda0a9
캐시 세트옷,,fe2b67647a0bc417aa751347b018cf0bb2b279d6c2bc5e3cabc183b38dbda0a9
장신구,붉은토끼풀노리개2성,fe2b67647a0bc417aa751347b018cf0bb2b279d6c2bc5e3cabc183b38dbda0a9
캐시 장신구,릴렉스선글라스,fe2b67647a0bc417aa751347b018cf0bb2b279d6c2bc5e3cabc183b38dbda0a9
무기,용라제십명도,64d14d069b3b3767a1ed8ee03910ef7212d3df406912581a454aef250cb00124
갑옷,용라파천갑8성,64d14d069b3b3767a1ed8ee03910ef7212d3df406912581a454aef250cb00124
방패/보조무기,,64d14d069b3b3767a1ed8ee03910ef7212d3df406912581a454aef250cb00124
투구,용아투구'라8성,64d14d069b3b3767a1ed8ee03910ef7212d3df406912581a454aef250cb00124
왼손,금린반지6성,64d14d069b3b3767a1ed8ee03910ef7212d3df406912581a454aef250cb00124
오른손,패자황금보호대,64d14d069b3b3767a1ed8ee03910ef7212d3df406912581a454aef250cb00124
보조1,마사의귀목,64d14d069b3b3767a1ed8ee03910ef7212d3df406912581a454aef250cb00124
보조2,빛나는마사의귀목,64d14d069b3b3767a1ed8ee03910ef7212d3df406912581a454aef250cb00124
얼굴장식,고대마령의암막8성,64d14d069b3b3767a1ed8ee03910ef7212d3df406912581a454aef250cb00124
캐시 투구,가을홀릭소년헤어No02,64d14d069b3b3767a1ed8ee03910ef7212d3df406912581a454aef250cb00124
망토,용성장견'라8성,64d14d069b3b3767a1ed8ee03910ef7212d3df406912581a454aef250cb00124
캐시 겉옷,바람정장,64d14d069b3b3767a1ed8ee03910ef7212d3df406912581a454aef250cb00124
신발,고대마령의군화'흑8성,64d14d069b3b3767a1ed8ee03910ef7212d3df406912581a454aef250cb00124
목/어깨장식,고대마령의목걸이8성,64d14d069b3b3767a1ed8ee03910ef7212d3df406912581a454aef250cb00124
캐시 무기,,64d14d069b3b3767a1ed8ee03910ef7212d3df406912581a454aef250cb00124
캐시 방패/보조무기,,64d14d069b3b3767a1ed8ee03910ef7212d3df406912581a454aef250cb00124
캐시 얼굴장식,스타마스크,64d14d069b3b3767a1ed8ee03910ef7212d3df406912581a454aef250cb00124
캐시 망토,흑룡의기운,64d14d069b3b3767a1ed8ee03910ef7212d3df406912581a454aef250cb00124
캐시 신발,유성우,64d14d069b3b3767a1ed8ee03910ef7212d3df406912581a454aef250cb00124
캐시 목/어깨장식,양털케이프No01,64d14d069b3b3767a1ed8ee03910ef7212d3df406912581a454aef250cb00124
세트옷,[괴수의상]아그니1성,64d14d069b3b3767a1ed8ee03910ef7212d3df406912581a454aef250cb00124
캐시 세트옷,,64d14d069b3b3767a1ed8ee03910ef7212d3df406912581a454aef250cb00124
장신구,자수원앙노리개2성,64d14d069b3b3767a1ed8ee03910ef7212d3df406912581a454aef250cb00124
캐시 장신구,나비노랑더듬이,64d14d069b3b3767a1ed8ee03910ef7212d3df406912581a454aef250cb00124
무기,고대마령의적혈명도8성,ddc41e6eb95942105372afe9b0e57f1dbcdc8a6fd85d8a8d7d6f5f1c54f599d5
갑옷,용라파천갑8성,ddc41e6eb95942105372afe9b0e57f1dbcdc8a6fd85d8a8d7d6f5f1c54f599d5
방패/보조무기,,ddc41e6eb95942105372afe9b0e57f1dbcdc8a6fd85d8a8d7d6f5f1c54f599d5
투구,용아투구'라8성,ddc41e6eb95942105372afe9b0e57f1dbcdc8a6fd85d8a8d7d6f5f1c54f599d5
왼손,[상급]봉래산반지,ddc41e6eb95942105372afe9b0e57f1dbcdc8a6fd85d8a8d7d6f5f1c54f599d5
오른손,바람제영식보호대,ddc41e6eb95942105372afe9b0e57f1dbcdc8a6fd85d8a8d7d6f5f1c54f599d5
보조1,마사의귀목,ddc41e6eb95942105372afe9b0e57f1dbcdc8a6fd85d8a8d7d6f5f1c54f599d5
보조2,마사의귀목,ddc41e6eb95942105372afe9b0e57f1dbcdc8a6fd85d8a8d7d6f5f1c54f599d5
얼굴장식,고대마령의암막6성,ddc41e6eb95942105372afe9b0e57f1dbcdc8a6fd85d8a8d7d6f5f1c54f599d5
캐시 투구,,ddc41e6eb95942105372afe9b0e57f1dbcdc8a6fd85d8a8d7d6f5f1c54f599d5
망토,고대마령의칼날8성,ddc41e6eb95942105372afe9b0e57f1dbcdc8a6fd85d8a8d7d6f5f1c54f599d5
캐시 겉옷,이매망량의상(남),ddc41e6eb95942105372afe9b0e57f1dbcdc8a6fd85d8a8d7d6f5f1c54f599d5
신발,고대마령의군화'흑6성,ddc41e6eb95942105372afe9b0e57f1dbcdc8a6fd85d8a8d7d6f5f1c54f599d5
목/어깨장식,고대마령의목걸이6성,ddc41e6eb95942105372afe9b0e57f1dbcdc8a6fd85d8a8d7d6f5f1c54f599d5
캐시 무기,,ddc41e6eb95942105372afe9b0e57f1dbcdc8a6fd85d8a8d7d6f5f1c54f599d5
캐시 방패/보조무기,나락의사신염주,ddc41e6eb95942105372afe9b0e57f1dbcdc8a6fd85d8a8d7d6f5f1c54f599d5
캐시 얼굴장식,,ddc41e6eb95942105372afe9b0e57f1dbcdc8a6fd85d8a8d7d6f5f1c54f599d5
캐시 망토,시고르인절미,ddc41e6eb95942105372afe9b0e57f1dbcdc8a6fd85d8a8d7d6f5f1c54f599d5
캐시 신발,배경:에어로빅,ddc41e6eb95942105372afe9b0e57f1dbcdc8a6fd85d8a8d7d6f5f1c54f599d5
캐시 목/어깨장식,웨딩부토니에,ddc41e6eb95942105372afe9b0e57f1dbcdc8a6fd85d8a8d7d6f5f1c54f599d5
세트옷,[괴수의상]아그니1성,ddc41e6eb95942105372afe9b0e57f1dbcdc8a6fd85d8a8d7d6f5f1c54f599d5
캐시 세트옷,,ddc41e6eb95942105372afe9b0e57f1dbcdc8a6fd85d8a8d7d6f5f1c54f599d5
장신구,붉은토끼풀노리개1성,ddc41e6eb95942105372afe9b0e57f1dbcdc8a6fd85d8a8d7d6f5f1c54f599d5
캐시 장신구,멍멍귀No01,ddc41e6eb95942105372afe9b0e57f1dbcdc8a6fd85d8a8d7d6f5f1c54f599d5
무기,고대마령의적혈명도9성,ff790c39b90ff68b908331c7c61dd66b333e45fb93995c41889ea2756f1a3962
갑옷,환웅의궁의'9성,ff790c39b90ff68b908331c7c61dd66b333e45fb93995c41889ea2756f1a3962
방패/보조무기,,ff790c39b90ff68b908331c7c61dd66b333e45fb93995c41889ea2756f1a3962
투구,환웅의갓'9성,ff790c39b90ff68b908331c7c61dd66b333e45fb93995c41889ea2756f1a3962
왼손,금린노리개9성,ff790c39b90ff68b908331c7c61dd66b333e45fb93995c41889ea2756f1a3962
오른손,금린노리개7성,ff790c39b90ff68b908331c7c61dd66b333e45fb93995c41889ea2756f1a3962
보조1,마령의노리개'흑6성,ff790c39b90ff68b908331c7c61dd66b333e45fb93995c41889ea2756f1a3962
보조2,마사의귀목,ff790c39b90ff68b908331c7c61dd66b333e45fb93995c41889ea2756f1a3962
얼굴장식,시바의시선,ff790c39b90ff68b908331c7c61dd66b333e45fb93995c41889ea2756f1a3962
캐시 투구,한가위토깽의귀(홍),ff790c39b90ff68b908331c7c61dd66b333e45fb93995c41889ea2756f1a3962
망토,용성장견'라8성,ff790c39b90ff68b908331c7c61dd66b333e45fb93995c41889ea2756f1a3962
캐시 겉옷,눈꽃전통의상(여),ff790c39b90ff68b908331c7c61dd66b333e45fb93995c41889ea2756f1a3962
신발,고대마령의군화'흑7성,ff790c39b90ff68b908331c7c61dd66b333e45fb93995c41889ea2756f1a3962
목/어깨장식,고대마령의목걸이6성,ff790c39b90ff68b908331c7c61dd66b333e45fb93995c41889ea2756f1a3962
캐시 무기,행운의채굴곡괭이,ff790c39b90ff68b908331c7c61dd66b333e45fb93995c41889ea2756f1a3962
캐시 방패/보조무기,,ff790c39b90ff68b908331c7c61dd66b333e45fb93995c41889ea2756f1a3962
캐시 얼굴장식,눈장식:칼라렌즈(루비),ff790c39b90ff68b908331c7c61dd66b333e45fb93995c41889ea2756f1a3962
캐시 망토,노랑요정날개,ff790c39b90ff68b908331c7c61dd66b333e45fb93995c41889ea2756f1a3962
캐시 신발,한가위토깽의달,ff790c39b90ff68b908331c7c61dd66b333e45fb93995c41889ea2756f1a3962
캐시 목/어깨장식,아기턱받이No01,ff790c39b90ff68b908331c7c61dd66b333e45fb93995c41889ea2756f1a3962
세트옷,[괴수의상]바루나1성,ff790c39b90ff68b908331c7c61dd66b333e45fb93995c41889ea2756f1a3962
캐시 세트옷,,ff790c39b90ff68b908331c7c61dd66b333e45fb93995c41889ea2756f1a3962
장신구,붉은토끼풀노리개1성,ff790c39b90ff68b908331c7c61dd66b333e45fb93995c41889ea2756f1a3962
캐시 장신구,검은마스크,ff790c39b90ff68b908331c7c61dd66b333e45fb93995c41889ea2756f1a3962
무기,고대마령의적혈명도8성,1697c9bc366e5324b46ce5a4f8849dbf2874d02fe60db04cef8f682ca01d09e0
갑옷,태광천신의복8성,1697c9bc366e5324b46ce5a4f8849dbf2874d02fe60db04cef8f682ca01d09e0
방패/보조무기,,1697c9bc366e5324b46ce5a4f8849dbf2874d02fe60db04cef8f682ca01d09e0
투구,태광천신금잠7성,1697c9bc366e5324b46ce5a4f8849dbf2874d02fe60db04cef8f682ca01d09e0
왼손,금린반지6성,1697c9bc366e5324b46ce5a4f8849dbf2874d02fe60db04cef8f682ca01d09e0
오른손,금린반지6성,1697c9bc366e5324b46ce5a4f8849dbf2874d02fe60db04cef8f682ca01d09e0
보조1,마사의귀목,1697c9bc366e5324b46ce5a4f8849dbf2874d02fe60db04cef8f682ca01d09e0
보조2,마사의귀목,1697c9bc366e5324b46ce5a4f8849dbf2874d02fe60db04cef8f682ca01d09e0
얼굴장식,조사장의가면,1697c9bc366e5324b46ce5a4f8849dbf2874d02fe60db04cef8f682ca01d09e0
캐시 투구,동화나라늑대머리No03,1697c9bc366e5324b46ce5a4f8849dbf2874d02fe60db04cef8f682ca01d09e0
망토,무신귀갑주7성,1697c9bc366e5324b46ce5a4f8849dbf2874d02fe60db04cef8f682ca01d09e0
캐시 겉옷,바람정장'백,1697c9bc366e5324b46ce5a4f8849dbf2874d02fe60db04cef8f682ca01d09e0
신발,사령웅의앞발,1697c9bc366e5324b46ce5a4f8849dbf2874d02fe60db04cef8f682ca01d09e0
목/어깨장식,고대마령의목걸이6성,1697c9bc366e5324b46ce5a4f8849dbf2874d02fe60db04cef8f682ca01d09e0
캐시 무기,반짇고리도깨비방망이,1697c9bc366e5324b46ce5a4f8849dbf2874d02fe60db04cef8f682ca01d09e0
캐시 방패/보조무기,반짇고리도깨비노란골무,1697c9bc366e5324b46ce5a4f8849dbf2874d02fe60db04cef8f682ca01d09e0
캐시 얼굴장식,눈장식:칼라렌즈(밤하늘),1697c9bc366e5324b46ce5a4f8849dbf2874d02fe60db04cef8f682ca01d09e0
캐시 망토,러블리키스No08,1697c9bc366e5324b46ce5a4f8849dbf2874d02fe60db04cef8f682ca01d09e0
캐시 신발,,1697c9bc366e5324b46ce5a4f8849dbf2874d02fe60db04cef8f682ca01d09e0
캐시 목/어깨장식,선물리본장식(검정),1697c9bc366e5324b46ce5a4f8849dbf2874d02fe60db04cef8f682ca01d09e0
세트옷,도깨비탐,1697c9bc366e5324b46ce5a4f8849dbf2874d02fe60db04cef8f682ca01d09e0
캐시 세트옷,,1697c9bc366e5324b46ce5a4f8849dbf2874d02fe60db04cef8f682ca01d09e0
장신구,파란나비노리개1성,1697c9bc366e5324b46ce5a4f8849dbf2874d02fe60db04cef8f682ca01d09e0
캐시 장신구,알파봇K,1697c9bc366e5324b46ce5a4f8849dbf2874d02fe60db04cef8f682ca01d09e0
무기,용라제십명도,3acd76ce4c8fe4505a585e3e045aa21ac73803be4f250591e1a8c33f2cf191f2
갑옷,패자황금갑주,3acd76ce4c8fe4505a585e3e045aa21ac73803be4f250591e1a8c33f2cf191f2
방패/보조무기,,3acd76ce4c8fe4505a585e3e045aa21ac73803be4f250591e1a8c33f2cf191f2
투구,용아투구'라8성,3acd76ce4c8fe4505a585e3e045aa21ac73803be4f250591e1a8c33f2cf191f2
왼손,패자황금보호대,3acd76ce4c8fe4505a585e3e045aa21ac73803be4f250591e1a8c33f2cf191f2
오른손,패자황금보호대,3acd76ce4c8fe4505a585e3e045aa21ac73803be4f250591e1a8c33f2cf191f2
보조1,마사의귀목,3acd76ce4c8fe4505a585e3e045aa21ac73803be4f250591e1a8c33f2cf191f2
보조2,마사의귀목,3acd76ce4c8fe4505a585e3e045aa21ac73803be4f250591e1a8c33f2cf191f2
얼굴장식,조사장의가면,3acd76ce4c8fe4505a585e3e045aa21ac73803be4f250591e1a8c33f2cf191f2
캐시 투구,,3acd76ce4c8fe4505a585e3e045aa21ac73803be4f250591e1a8c33f2cf191f2
망토,용성장견'라8성,3acd76ce4c8fe4505a585e3e045aa21ac73803be4f250591e1a8c33f2cf191f2
캐시 겉옷,[20주년]정장No02,3acd76ce4c8fe4505a585e3e045aa21ac73803be4f250591e1a8c33f2cf191f2
신발,사령웅의앞발,3acd76ce4c8fe4505a585e3e045aa21ac73803be4f250591e1a8c33f2cf191f2
목/어깨장식,고대마령의목걸이8성,3acd76ce4c8fe4505a585e3e045aa21ac73803be4f250591e1a8c33f2cf191f2
캐시 무기,보존된야월도,3acd76ce4c8fe4505a585e3e045aa21ac73803be4f250591e1a8c33f2cf191f2
캐시 방패/보조무기,웨딩비둘기,3acd76ce4c8fe4505a585e3e045aa21ac73803be4f250591e1a8c33f2cf191f2
캐시 얼굴장식,눈장식:댕댕(밤하늘),3acd76ce4c8fe4505a585e3e045aa21ac73803be4f250591e1a8c33f2cf191f2
캐시 망토,분홍꽃잎,3acd76ce4c8fe4505a585e3e045aa21ac73803be4f250591e1a8c33f2cf191f2
캐시 신발,우아한눈꽃발걸음,3acd76ce4c8fe4505a585e3e045aa21ac73803be4f250591e1a8c33f2cf191f2
캐시 목/어깨장식,딱콩삐쭉스카프No03,3acd76ce4c8fe4505a585e3e045aa21ac73803be4f250591e1a8c33f2cf191f2
세트옷,[괴수의상]가루다1성,3acd76ce4c8fe4505a585e3e045aa21ac73803be4f250591e1a8c33f2cf191f2
캐시 세트옷,,3acd76ce4c8fe4505a585e3e045aa21ac73803be4f250591e1a8c33f2cf191f2
장신구,,3acd76ce4c8fe4505a585e3e045aa21ac73803be4f250591e1a8c33f2cf191f2
캐시 장신구,바린족얼굴무늬No01,3acd76ce4c8fe4505a585e3e045aa21ac73803be4f250591e1a8c33f2cf191f2
무기,용비제십겸,fe2b67647a0bc417aa751347b018cf0b2c7a0c28995f3da94c5b5975fbadf091
갑옷,용비파천갑8성,fe2b67647a0bc417aa751347b018cf0b2c7a0c28995f3da94c5b5975fbadf091
방패/보조무기,,fe2b67647a0bc417aa751347b018cf0b2c7a0c28995f3da94c5b5975fbadf091
투구,용아투구'비8성,fe2b67647a0bc417aa751347b018cf0b2c7a0c28995f3da94c5b5975fbadf091
왼손,패자황금투수,fe2b67647a0bc417aa751347b018cf0b2c7a0c28995f3da94c5b5975fbadf091
오른손,[상급]봉래산반지,fe2b67647a0bc417aa751347b018cf0b2c7a0c28995f3da94c5b5975fbadf091
보조1,천도의목걸이,fe2b67647a0bc417aa751347b018cf0b2c7a0c28995f3da94c5b5975fbadf091
보조2,마사의귀목,fe2b67647a0bc417aa751347b018cf0b2c7a0c28995f3da94c5b5975fbadf091
얼굴장식,시바의시선,fe2b67647a0bc417aa751347b018cf0b2c7a0c28995f3da94c5b5975fbadf091
캐시 투구,매혹악마헤어(남),fe2b67647a0bc417aa751347b018cf0b2c7a0c28995f3da94c5b5975fbadf091
망토,용성장견'비8성,fe2b67647a0bc417aa751347b018cf0b2c7a0c28995f3da94c5b5975fbadf091
캐시 겉옷,값진설날교복(남),fe2b67647a0bc417aa751347b018cf0b2c7a0c28995f3da94c5b5975fbadf091
신발,낡은사령웅의앞발,fe2b67647a0bc417aa751347b018cf0b2c7a0c28995f3da94c5b5975fbadf091
목/어깨장식,고대마령의목걸이6성,fe2b67647a0bc417aa751347b018cf0b2c7a0c28995f3da94c5b5975fbadf091
캐시 무기,,fe2b67647a0bc417aa751347b018cf0b2c7a0c28995f3da94c5b5975fbadf091
캐시 방패/보조무기,내가꽃이슬잎,fe2b67647a0bc417aa751347b018cf0b2c7a0c28995f3da94c5b5975fbadf091
캐시 얼굴장식,,fe2b67647a0bc417aa751347b018cf0b2c7a0c28995f3da94c5b5975fbadf091
캐시 망토,악마계약자날개(남),fe2b67647a0bc417aa751347b018cf0b2c7a0c28995f3da94c5b5975fbadf091
캐시 신발,꽃받침,fe2b67647a0bc417aa751347b018cf0b2c7a0c28995f3da94c5b5975fbadf091
캐시 목/어깨장식,[패스]따뜻머플러,fe2b67647a0bc417aa751347b018cf0b2c7a0c28995f3da94c5b5975fbadf091
세트옷,[괴수의상]아그니1성,fe2b67647a0bc417aa751347b018cf0b2c7a0c28995f3da94c5b5975fbadf091
캐시 세트옷,[구]망또No03,fe2b67647a0bc417aa751347b018cf0b2c7a0c28995f3da94c5b5975fbadf091
장신구,붉은토끼풀노리개1성,fe2b67647a0bc417aa751347b018cf0b2c7a0c28995f3da94c5b5975fbadf091
캐시 장신구,성탄요정리스왕관,fe2b67647a0bc417aa751347b018cf0b2c7a0c28995f3da94c5b5975fbadf091
무기,진'서라마옥도,fe2b67647a0bc417aa751347b018cf0be0294cb21b440e42000b61f04fe59044
갑옷,태광천신의복8성,fe2b67647a0bc417aa751347b018cf0be0294cb21b440e42000b61f04fe59044
방패/보조무기,고대마령의단검7성,fe2b67647a0bc417aa751347b018cf0be0294cb21b440e42000b61f04fe59044
투구,바람제영식투구,fe2b67647a0bc417aa751347b018cf0be0294cb21b440e42000b61f04fe59044
왼손,금린반지6성,fe2b67647a0bc417aa751347b018cf0be0294cb21b440e42000b61f04fe59044
오른손,금린반지6성,fe2b67647a0bc417aa751347b018cf0be0294cb21b440e42000b61f04fe59044
보조1,마사의귀목,fe2b67647a0bc417aa751347b018cf0be0294cb21b440e42000b61f04fe59044
보조2,마사의귀목,fe2b67647a0bc417aa751347b018cf0be0294cb21b440e42000b61f04fe59044
얼굴장식,찬란한시바의시선,fe2b67647a0bc417aa751347b018cf0be0294cb21b440e42000b61f04fe59044
캐시 투구,충무공투구(남)No01,fe2b67647a0bc417aa751347b018cf0be0294cb21b440e42000b61f04fe59044
망토,무신귀갑주7성,fe2b67647a0bc417aa751347b018cf0be0294cb21b440e42000b61f04fe59044
캐시 겉옷,상큼장마의상(남),fe2b67647a0bc417aa751347b018cf0be0294cb21b440e42000b61f04fe59044
신발,찬란한바루나의천수,fe2b67647a0bc417aa751347b018cf0be0294cb21b440e42000b61f04fe59044
목/어깨장식,진'흉수의인장,fe2b67647a0bc417aa751347b018cf0be0294cb21b440e42000b61f04fe59044
캐시 무기,행운의채굴곡괭이,fe2b67647a0bc417aa751347b018cf0be0294cb21b440e42000b61f04fe59044
캐시 방패/보조무기,서커스펭귄풍선,fe2b67647a0bc417aa751347b018cf0be0294cb21b440e42000b61f04fe59044
캐시 얼굴장식,[30주년]넥슨히어로하트,fe2b67647a0bc417aa751347b018cf0be0294cb21b440e42000b61f04fe59044
캐시 망토,러블리키스No08,fe2b67647a0bc417aa751347b018cf0be0294cb21b440e42000b61f04fe59044
캐시 신발,뽀짝피그황금동전,fe2b67647a0bc417aa751347b018cf0be0294cb21b440e42000b61f04fe59044
캐시 목/어깨장식,말랑오리튜브,fe2b67647a0bc417aa751347b018cf0be0294cb21b440e42000b61f04fe59044
세트옷,[괴수의상]바루나3성,fe2b67647a0bc417aa751347b018cf0be0294cb21b440e42000b61f04fe59044
캐시 세트옷,,fe2b67647a0bc417aa751347b018cf0be0294cb21b440e42000b61f04fe59044
장신구,파란나비노리개2성,fe2b67647a0bc417aa751347b018cf0be0294cb21b440e42000b61f04fe59044
캐시 장신구,물방울무늬리본No02,fe2b67647a0bc417aa751347b018cf0be0294cb21b440e42000b61f04fe59044
무기,고대마령의적혈겸8성,e57c2880bdfceb545478ce67c4511aeaf8fbc63037746c84b17efc9959769065
갑옷,환웅의활복'9성,e57c2880bdfceb545478ce67c4511aeaf8fbc63037746c84b17efc9959769065
방패/보조무기,,e57c2880bdfceb545478ce67c4511aeaf8fbc63037746c84b17efc9959769065
투구,환웅의머리띠'9성,e57c2880bdfceb545478ce67c4511aeaf8fbc63037746c84b17efc9959769065
왼손,환웅의투수'9성,e57c2880bdfceb545478ce67c4511aeaf8fbc63037746c84b17efc9959769065
오른손,환웅의투수'9성,e57c2880bdfceb545478ce67c4511aeaf8fbc63037746c84b17efc9959769065
보조1,마사의귀목,e57c2880bdfceb545478ce67c4511aeaf8fbc63037746c84b17efc9959769065
보조2,빛나는마사의귀목,e57c2880bdfceb545478ce67c4511aeaf8fbc63037746c84b17efc9959769065
얼굴장식,찬란한시바의시선,e57c2880bdfceb545478ce67c4511aeaf8fbc63037746c84b17efc9959769065
캐시 투구,히피썸머헤어No01남,e57c2880bdfceb545478ce67c4511aeaf8fbc63037746c84b17efc9959769065
망토,고대마령의칼날10성,e57c2880bdfceb545478ce67c4511aeaf8fbc63037746c84b17efc9959769065
캐시 겉옷,얼음요정의상(남),e57c2880bdfceb545478ce67c4511aeaf8fbc63037746c84b17efc9959769065
신발,고대마령의군화'흑8성,e57c2880bdfceb545478ce67c4511aeaf8fbc63037746c84b17efc9959769065
목/어깨장식,고대마령의목걸이8성,e57c2880bdfceb545478ce67c4511aeaf8fbc63037746c84b17efc9959769065
캐시 무기,상어아이스바,e57c2880bdfceb545478ce67c4511aeaf8fbc63037746c84b17efc9959769065
캐시 방패/보조무기,우쿨렐레No01,e57c2880bdfceb545478ce67c4511aeaf8fbc63037746c84b17efc9959769065
캐시 얼굴장식,정열의한입플라워,e57c2880bdfceb545478ce67c4511aeaf8fbc63037746c84b17efc9959769065
캐시 망토,거북이등받이,e57c2880bdfceb545478ce67c4511aeaf8fbc63037746c84b17efc9959769065
캐시 신발,샤인뿜뿜별,e57c2880bdfceb545478ce67c4511aeaf8fbc63037746c84b17efc9959769065
캐시 목/어깨장식,초코델리힙색No01,e57c2880bdfceb545478ce67c4511aeaf8fbc63037746c84b17efc9959769065
세트옷,[괴수의상]바루나2성,e57c2880bdfceb545478ce67c4511aeaf8fbc63037746c84b17efc9959769065
캐시 세트옷,,e57c2880bdfceb545478ce67c4511aeaf8fbc63037746c84b17efc9959769065
장신구,자수원앙노리개1성,e57c2880bdfceb545478ce67c4511aeaf8fbc63037746c84b17efc9959769065
캐시 장신구,나사펫상어후드,e57c2880bdfceb545478ce67c4511aeaf8fbc63037746c84b17efc9959769065
무기,용비제십겸,fe2b67647a0bc417aa751347b018cf0b9768c5f13b5dff8f5eef53ece35dc7f8
갑옷,용비파천갑8성,fe2b67647a0bc417aa751347b018cf0b9768c5f13b5dff8f5eef53ece35dc7f8
방패/보조무기,,fe2b67647a0bc417aa751347b018cf0b9768c5f13b5dff8f5eef53ece35dc7f8
투구,용아투구'비8성,fe2b67647a0bc417aa751347b018cf0b9768c5f13b5dff8f5eef53ece35dc7f8
왼손,용비늘흑광노리개9성,fe2b67647a0bc417aa751347b018cf0b9768c5f13b5dff8f5eef53ece35dc7f8
오른손,용비늘흑광노리개9성,fe2b67647a0bc417aa751347b018cf0b9768c5f13b5dff8f5eef53ece35dc7f8
보조1,투명구두,fe2b67647a0bc417aa751347b018cf0b9768c5f13b5dff8f5eef53ece35dc7f8
보조2,마사의귀목,fe2b67647a0bc417aa751347b018cf0b9768c5f13b5dff8f5eef53ece35dc7f8
얼굴장식,시바의시선,fe2b67647a0bc417aa751347b018cf0b9768c5f13b5dff8f5eef53ece35dc7f8
캐시 투구,가을홀릭소년헤어No02,fe2b67647a0bc417aa751347b018cf0b9768c5f13b5dff8f5eef53ece35dc7f8
망토,용성장견'비8성,fe2b67647a0bc417aa751347b018cf0b9768c5f13b5dff8f5eef53ece35dc7f8
캐시 겉옷,여름별빛의상(남),fe2b67647a0bc417aa751347b018cf0b9768c5f13b5dff8f5eef53ece35dc7f8
신발,사령웅의앞발,fe2b67647a0bc417aa751347b018cf0b9768c5f13b5dff8f5eef53ece35dc7f8
목/어깨장식,고대마령의목걸이8성,fe2b67647a0bc417aa751347b018cf0b9768c5f13b5dff8f5eef53ece35dc7f8
캐시 무기,[심야]행운의채굴곡괭이,fe2b67647a0bc417aa751347b018cf0b9768c5f13b5dff8f5eef53ece35dc7f8
캐시 방패/보조무기,웨딩비둘기,fe2b67647a0bc417aa751347b018cf0b9768c5f13b5dff8f5eef53ece35dc7f8
캐시 얼굴장식,,fe2b67647a0bc417aa751347b018cf0b9768c5f13b5dff8f5eef53ece35dc7f8
캐시 망토,,fe2b67647a0bc417aa751347b018cf0b9768c5f13b5dff8f5eef53ece35dc7f8
캐시 신발,바람정장구두,fe2b67647a0bc417aa751347b018cf0b9768c5f13b5dff8f5eef53ece35dc7f8
캐시 목/어깨장식,아기턱받이No01,fe2b67647a0bc417aa751347b018cf0b9768c5f13b5dff8f5eef53ece35dc7f8
세트옷,도깨비탐,fe2b67647a0bc417aa751347b018cf0b9768c5f13b5dff8f5eef53ece35dc7f8
캐시 세트옷,깜찍펭귄,fe2b67647a0bc417aa751347b018cf0b9768c5f13b5dff8f5eef53ece35dc7f8
장신구,파란나비노리개2성,fe2b67647a0bc417aa751347b018cf0b9768c5f13b5dff8f5eef53ece35dc7f8
캐시 장신구,공룡우비,fe2b67647a0bc417aa751347b018cf0b9768c5f13b5dff8f5eef53ece35dc7f8
무기,후암구겸7성,fe2b67647a0bc417aa751347b018cf0b2338fd52465a49c0d356123abb8ff944
갑옷,태염무신보갑8성,fe2b67647a0bc417aa751347b018cf0b2338fd52465a49c0d356123abb8ff944
방패/보조무기,,fe2b67647a0bc417aa751347b018cf0b2338fd52465a49c0d356123abb8ff944
투구,환웅의머릿깃'8성,fe2b67647a0bc417aa751347b018cf0b2338fd52465a49c0d356123abb8ff944
왼손,금린반지6성,fe2b67647a0bc417aa751347b018cf0b2338fd52465a49c0d356123abb8ff944
오른손,금린반지6성,fe2b67647a0bc417aa751347b018cf0b2338fd52465a49c0d356123abb8ff944
보조1,마사의귀목,fe2b67647a0bc417aa751347b018cf0b2338fd52465a49c0d356123abb8ff944
보조2,마사의귀목,fe2b67647a0bc417aa751347b018cf0b2338fd52465a49c0d356123abb8ff944
얼굴장식,빛나는조사장의가면,fe2b67647a0bc417aa751347b018cf0b2338fd52465a49c0d356123abb8ff944
캐시 투구,반짇고리도깨비바늘쌈지No04,fe2b67647a0bc417aa751347b018cf0b2338fd52465a49c0d356123abb8ff944
망토,무신귀갑주7성,fe2b67647a0bc417aa751347b018cf0b2338fd52465a49c0d356123abb8ff944
캐시 겉옷,반짇고리도깨비의상No03,fe2b67647a0bc417aa751347b018cf0b2338fd52465a49c0d356123abb8ff944
신발,사령웅의앞발,fe2b67647a0bc417aa751347b018cf0b2338fd52465a49c0d356123abb8ff944
목/어깨장식,진'흉수의인장,fe2b67647a0bc417aa751347b018cf0b2338fd52465a49c0d356123abb8ff944
캐시 무기,오래된채굴곡괭이,fe2b67647a0bc417aa751347b018cf0b2338fd52465a49c0d356123abb8ff944
캐시 방패/보조무기,,fe2b67647a0bc417aa751347b018cf0b2338fd52465a49c0d356123abb8ff944
캐시 얼굴장식,,fe2b67647a0bc417aa751347b018cf0b2338fd52465a49c0d356123abb8ff944
캐시 망토,값진별의날개,fe2b67647a0bc417aa751347b018cf0b2338fd52465a49c0d356123abb8ff944
캐시 신발,값진반짝클로버,fe2b67647a0bc417aa751347b018cf0b2338fd52465a49c0d356123abb8ff944
캐시 목/어깨장식,스트릿캐주얼곰목걸이,fe2b67647a0bc417aa751347b018cf0b2338fd52465a49c0d356123abb8ff944
세트옷,[괴수의상]가루다4성,fe2b67647a0bc417aa751347b018cf0b2338fd52465a49c0d356123abb8ff944
캐시 세트옷,,fe2b67647a0bc417aa751347b018cf0b2338fd52465a49c0d356123abb8ff944
장신구,자수원앙노리개1성,fe2b67647a0bc417aa751347b018cf0b2338fd52465a49c0d356123abb8ff944
캐시 장신구,찍찍이No01,fe2b67647a0bc417aa751347b018cf0b2338fd52465a49c0d356123abb8ff944
무기,후암구겸9성,fe2b67647a0bc417aa751347b018cf0b227ae3ca722cd6d48acc0877f3201f4a
갑옷,환웅의갑주'9성,fe2b67647a0bc417aa751347b018cf0b227ae3ca722cd6d48acc0877f3201f4a
방패/보조무기,,fe2b67647a0bc417aa751347b018cf0b227ae3ca722cd6d48acc0877f3201f4a
투구,태광천신금잠8성,fe2b67647a0bc417aa751347b018cf0b227ae3ca722cd6d48acc0877f3201f4a
왼손,[상급]봉래산반지,fe2b67647a0bc417aa751347b018cf0b227ae3ca722cd6d48acc0877f3201f4a
오른손,검은불꽃일격반지6성,fe2b67647a0bc417aa751347b018cf0b227ae3ca722cd6d48acc0877f3201f4a
보조1,마사의귀목,fe2b67647a0bc417aa751347b018cf0b227ae3ca722cd6d48acc0877f3201f4a
보조2,마사의귀목,fe2b67647a0bc417aa751347b018cf0b227ae3ca722cd6d48acc0877f3201f4a
얼굴장식,조사장의가면,fe2b67647a0bc417aa751347b018cf0b227ae3ca722cd6d48acc0877f3201f4a
캐시 투구,그런지레이어컷No03,fe2b67647a0bc417aa751347b018cf0b227ae3ca722cd6d48acc0877f3201f4a
망토,무신귀갑주7성,fe2b67647a0bc417aa751347b018cf0b227ae3ca722cd6d48acc0877f3201f4a
캐시 겉옷,기모노(남),fe2b67647a0bc417aa751347b018cf0b227ae3ca722cd6d48acc0877f3201f4a
신발,사령웅의앞발,fe2b67647a0bc417aa751347b018cf0b227ae3ca722cd6d48acc0877f3201f4a
목/어깨장식,고대마령의목걸이8성,fe2b67647a0bc417aa751347b018cf0b227ae3ca722cd6d48acc0877f3201f4a
캐시 무기,품격있는적화접선,fe2b67647a0bc417aa751347b018cf0b227ae3ca722cd6d48acc0877f3201f4a
캐시 방패/보조무기,서커스펭귄풍선,fe2b67647a0bc417aa751347b018cf0b227ae3ca722cd6d48acc0877f3201f4a
캐시 얼굴장식,,fe2b67647a0bc417aa751347b018cf0b227ae3ca722cd6d48acc0877f3201f4a
캐시 망토,러블리키스No01,fe2b67647a0bc417aa751347b018cf0b227ae3ca722cd6d48acc0877f3201f4a
캐시 신발,게이밍감성컴퓨터,fe2b67647a0bc417aa751347b018cf0b227ae3ca722cd6d48acc0877f3201f4a
캐시 목/어깨장식,히피목걸이No01,fe2b67647a0bc417aa751347b018cf0b227ae3ca722cd6d48acc0877f3201f4a
세트옷,[괴수의상]가루다4성,fe2b67647a0bc417aa751347b018cf0b227ae3ca722cd6d48acc0877f3201f4a
캐시 세트옷,,fe2b67647a0bc417aa751347b018cf0b227ae3ca722cd6d48acc0877f3201f4a
장신구,파란나비노리개2성,fe2b67647a0bc417aa751347b018cf0b227ae3ca722cd6d48acc0877f3201f4a
캐시 장신구,좋아요하트No01,fe2b67647a0bc417aa751347b018cf0b227ae3ca722cd6d48acc0877f3201f4a
무기,고대마령의적혈겸8성,fe2b67647a0bc417aa751347b018cf0b1c862c7d3975607be9b5322cbb601df5
갑옷,환웅의활복'8성,fe2b67647a0bc417aa751347b018cf0b1c862c7d3975607be9b5322cbb601df5
방패/보조무기,,fe2b67647a0bc417aa751347b018cf0b1c862c7d3975607be9b5322cbb601df5
투구,환웅의두건'7성,fe2b67647a0bc417aa751347b018cf0b1c862c7d3975607be9b5322cbb601df5
왼손,금린반지6성,fe2b67647a0bc417aa751347b018cf0b1c862c7d3975607be9b5322cbb601df5
오른손,금린반지6성,fe2b67647a0bc417aa751347b018cf0b1c862c7d3975607be9b5322cbb601df5
보조1,마령의노리개'월10성,fe2b67647a0bc417aa751347b018cf0b1c862c7d3975607be9b5322cbb601df5
보조2,마사의귀목,fe2b67647a0bc417aa751347b018cf0b1c862c7d3975607be9b5322cbb601df5
얼굴장식,조사장의가면,fe2b67647a0bc417aa751347b018cf0b1c862c7d3975607be9b5322cbb601df5
캐시 투구,겨울한교복도령모,fe2b67647a0bc417aa751347b018cf0b1c862c7d3975607be9b5322cbb601df5
망토,고대마령의칼날7성,fe2b67647a0bc417aa751347b018cf0b1c862c7d3975607be9b5322cbb601df5
캐시 겉옷,겨울한교복(남),fe2b67647a0bc417aa751347b018cf0b1c862c7d3975607be9b5322cbb601df5
신발,사령웅의앞발,fe2b67647a0bc417aa751347b018cf0b1c862c7d3975607be9b5322cbb601df5
목/어깨장식,고대마령의목걸이7성,fe2b67647a0bc417aa751347b018cf0b1c862c7d3975607be9b5322cbb601df5
캐시 무기,행운의채굴곡괭이,fe2b67647a0bc417aa751347b018cf0b1c862c7d3975607be9b5322cbb601df5
캐시 방패/보조무기,어쿠스틱슬링백,fe2b67647a0bc417aa751347b018cf0b1c862c7d3975607be9b5322cbb601df5
캐시 얼굴장식,,fe2b67647a0bc417aa751347b018cf0b1c862c7d3975607be9b5322cbb601df5
캐시 망토,겨울한교복털망토,fe2b67647a0bc417aa751347b018cf0b1c862c7d3975607be9b5322cbb601df5
캐시 신발,겨울반딧불,fe2b67647a0bc417aa751347b018cf0b1c862c7d3975607be9b5322cbb601df5
캐시 목/어깨장식,,fe2b67647a0bc417aa751347b018cf0b1c862c7d3975607be9b5322cbb601df5
세트옷,[괴수의상]가루다1성,fe2b67647a0bc417aa751347b018cf0b1c862c7d3975607be9b5322cbb601df5
캐시 세트옷,,fe2b67647a0bc417aa751347b018cf0b1c862c7d3975607be9b5322cbb601df5
장신구,파란나비노리개2성,fe2b67647a0bc417aa751347b018cf0b1c862c7d3975607be9b5322cbb601df5
캐시 장신구,,fe2b67647a0bc417aa751347b018cf0b1c862c7d3975607be9b5322cbb601df5
무기,고대마령의적혈겸8성,fe2b67647a0bc417aa751347b018cf0b5f4042683b54c2715f7bb48277a61681
갑옷,환웅의연갑'7성,fe2b67647a0bc417aa751347b018cf0b5f4042683b54c2715f7bb48277a61681
방패/보조무기,,fe2b67647a0bc417aa751347b018cf0b5f4042683b54c2715f7bb48277a61681
투구,환웅의투구'7성,fe2b67647a0bc417aa751347b018cf0b5f4042683b54c2715f7bb48277a61681
왼손,환웅의깍지'7성,fe2b67647a0bc417aa751347b018cf0b5f4042683b54c2715f7bb48277a61681
오른손,환웅의깍지'7성,fe2b67647a0bc417aa751347b018cf0b5f4042683b54c2715f7bb48277a61681
보조1,마사의귀목,fe2b67647a0bc417aa751347b018cf0b5f4042683b54c2715f7bb48277a61681
보조2,마사의귀목,fe2b67647a0bc417aa751347b018cf0b5f4042683b54c2715f7bb48277a61681
얼굴장식,고대마령의암막6성,fe2b67647a0bc417aa751347b018cf0b5f4042683b54c2715f7bb48277a61681
캐시 투구,충무공투구(여)No02,fe2b67647a0bc417aa751347b018cf0b5f4042683b54c2715f7bb48277a61681
망토,고대마령의칼날6성,fe2b67647a0bc417aa751347b018cf0b5f4042683b54c2715f7bb48277a61681
캐시 겉옷,값진설날교복(여),fe2b67647a0bc417aa751347b018cf0b5f4042683b54c2715f7bb48277a61681
신발,사령웅의앞발,fe2b67647a0bc417aa751347b018cf0b5f4042683b54c2715f7bb48277a61681
목/어깨장식,진'흉수의인장,fe2b67647a0bc417aa751347b018cf0b5f4042683b54c2715f7bb48277a61681
캐시 무기,오래된채굴곡괭이,fe2b67647a0bc417aa751347b018cf0b5f4042683b54c2715f7bb48277a61681
캐시 방패/보조무기,,fe2b67647a0bc417aa751347b018cf0b5f4042683b54c2715f7bb48277a61681
캐시 얼굴장식,,fe2b67647a0bc417aa751347b018cf0b5f4042683b54c2715f7bb48277a61681
캐시 망토,환계날개옷,fe2b67647a0bc417aa751347b018cf0b5f4042683b54c2715f7bb48277a61681
캐시 신발,게이밍감성컴퓨터,fe2b67647a0bc417aa751347b018cf0b5f4042683b54c2715f7bb48277a61681
캐시 목/어깨장식,청사목도리,fe2b67647a0bc417aa751347b018cf0b5f4042683b54c2715f7bb48277a61681
세트옷,[괴수의상]가루다2성,fe2b67647a0bc417aa751347b018cf0b5f4042683b54c2715f7bb48277a61681
캐시 세트옷,,fe2b67647a0bc417aa751347b018cf0b5f4042683b54c2715f7bb48277a61681
장신구,붉은토끼풀노리개1성,fe2b67647a0bc417aa751347b018cf0b5f4042683b54c2715f7bb48277a61681
캐시 장신구,값진행운브로치,fe2b67647a0bc417aa751347b018cf0b5f4042683b54c2715f7bb48277a61681
무기,용비제구겸,fe2b67647a0bc417aa751347b018cf0b461ba7c6edfc0089e474ab411978a8e2
갑옷,태광천신의복8성,fe2b67647a0bc417aa751347b018cf0b461ba7c6edfc0089e474ab411978a8e2
방패/보조무기,,fe2b67647a0bc417aa751347b018cf0b461ba7c6edfc0089e474ab411978a8e2
투구,환웅의머릿깃'8성,fe2b67647a0bc417aa751347b018cf0b461ba7c6edfc0089e474ab411978a8e2
왼손,환웅의천수'8성,fe2b67647a0bc417aa751347b018cf0b461ba7c6edfc0089e474ab411978a8e2
오른손,환웅의천수'7성,fe2b67647a0bc417aa751347b018cf0b461ba7c6edfc0089e474ab411978a8e2
보조1,빛나는마사의귀목,fe2b67647a0bc417aa751347b018cf0b461ba7c6edfc0089e474ab411978a8e2
보조2,마사의귀목,fe2b67647a0bc417aa751347b018cf0b461ba7c6edfc0089e474ab411978a8e2
얼굴장식,조사장의가면,fe2b67647a0bc417aa751347b018cf0b461ba7c6edfc0089e474ab411978a8e2
캐시 투구,얼음요정헤어(남),fe2b67647a0bc417aa751347b018cf0b461ba7c6edfc0089e474ab411978a8e2
망토,천신부금장7성,fe2b67647a0bc417aa751347b018cf0b461ba7c6edfc0089e474ab411978a8e2
캐시 겉옷,겨울선물의상(남),fe2b67647a0bc417aa751347b018cf0b461ba7c6edfc0089e474ab411978a8e2
신발,사령웅의앞발,fe2b67647a0bc417aa751347b018cf0b461ba7c6edfc0089e474ab411978a8e2
목/어깨장식,진'흉수의인장,fe2b67647a0bc417aa751347b018cf0b461ba7c6edfc0089e474ab411978a8e2
캐시 무기,,fe2b67647a0bc417aa751347b018cf0b461ba7c6edfc0089e474ab411978a8e2
캐시 방패/보조무기,멍멍이No01,fe2b67647a0bc417aa751347b018cf0b461ba7c6edfc0089e474ab411978a8e2
캐시 얼굴장식,,fe2b67647a0bc417aa751347b018cf0b461ba7c6edfc0089e474ab411978a8e2
캐시 망토,멍멍이꼬리No03,fe2b67647a0bc417aa751347b018cf0b461ba7c6edfc0089e474ab411978a8e2
캐시 신발,한가위토깽의달,fe2b67647a0bc417aa751347b018cf0b461ba7c6edfc0089e474ab411978a8e2
캐시 목/어깨장식,,fe2b67647a0bc417aa751347b018cf0b461ba7c6edfc0089e474ab411978a8e2
세트옷,강철의탐,fe2b67647a0bc417aa751347b018cf0b461ba7c6edfc0089e474ab411978a8e2
캐시 세트옷,,fe2b67647a0bc417aa751347b018cf0b461ba7c6edfc0089e474ab411978a8e2
장신구,파란나비노리개1성,fe2b67647a0bc417aa751347b018cf0b461ba7c6edfc0089e474ab411978a8e2
캐시 장신구,물방울무늬리본No03,fe2b67647a0bc417aa751347b018cf0b461ba7c6edfc0089e474ab411978a8e2
무기,연옥구겸,fe2b67647a0bc417aa751347b018cf0b938ada80feace250e8cfff10ac381018
갑옷,환웅의창의'9성,fe2b67647a0bc417aa751347b018cf0b938ada80feace250e8cfff10ac381018
방패/보조무기,,fe2b67647a0bc417aa751347b018cf0b938ada80feace250e8cfff10ac381018
투구,태광천신금잠7성,fe2b67647a0bc417aa751347b018cf0b938ada80feace250e8cfff10ac381018
왼손,금린반지8성,fe2b67647a0bc417aa751347b018cf0b938ada80feace250e8cfff10ac381018
오른손,바람청옥투수,fe2b67647a0bc417aa751347b018cf0b938ada80feace250e8cfff10ac381018
보조1,투명구두,fe2b67647a0bc417aa751347b018cf0b938ada80feace250e8cfff10ac381018
보조2,빛나는마사의귀목,fe2b67647a0bc417aa751347b018cf0b938ada80feace250e8cfff10ac381018
얼굴장식,빛나는조사장의가면,fe2b67647a0bc417aa751347b018cf0b938ada80feace250e8cfff10ac381018
캐시 투구,신월협객방립'귀,fe2b67647a0bc417aa751347b018cf0b938ada80feace250e8cfff10ac381018
망토,용성장견'비8성,fe2b67647a0bc417aa751347b018cf0b938ada80feace250e8cfff10ac381018
캐시 겉옷,롤링팝의상(남),fe2b67647a0bc417aa751347b018cf0b938ada80feace250e8cfff10ac381018
신발,사령웅의앞발,fe2b67647a0bc417aa751347b018cf0b938ada80feace250e8cfff10ac381018
목/어깨장식,고대마령의목걸이6성,fe2b67647a0bc417aa751347b018cf0b938ada80feace250e8cfff10ac381018
캐시 무기,무지개물풍선,fe2b67647a0bc417aa751347b018cf0b938ada80feace250e8cfff10ac381018
캐시 방패/보조무기,캠퍼스커플노트,fe2b67647a0bc417aa751347b018cf0b938ada80feace250e8cfff10ac381018
캐시 얼굴장식,눈장식:칼라렌즈(루비),fe2b67647a0bc417aa751347b018cf0b938ada80feace250e8cfff10ac381018
캐시 망토,[2023]진인의심장,fe2b67647a0bc417aa751347b018cf0b938ada80feace250e8cfff10ac381018
캐시 신발,깜찍한악마반짝이,fe2b67647a0bc417aa751347b018cf0b938ada80feace250e8cfff10ac381018
캐시 목/어깨장식,가넷하트목걸이,fe2b67647a0bc417aa751347b018cf0b938ada80feace250e8cfff10ac381018
세트옷,강철의탐,fe2b67647a0bc417aa751347b018cf0b938ada80feace250e8cfff10ac381018
캐시 세트옷,[구]웨딩드레스No04,fe2b67647a0bc417aa751347b018cf0b938ada80feace250e8cfff10ac381018
장신구,파란나비노리개1성,fe2b67647a0bc417aa751347b018cf0b938ada80feace250e8cfff10ac381018
캐시 장신구,헤리티지포인트핀,fe2b67647a0bc417aa751347b018cf0b938ada80feace250e8cfff10ac381018
무기,불멸용마검'3강,05eb2a5a6229ee267e93ab8388364cbf
갑옷,패자황금갑주,05eb2a5a6229ee267e93ab8388364cbf
방패/보조무기,고대마령의단검8성,05eb2a5a6229ee267e93ab8388364cbf
투구,환웅의머릿깃'9성,05eb2a5a6229ee267e93ab8388364cbf
왼손,패자황금장갑,05eb2a5a6229ee267e93ab8388364cbf
오른손,패자황금장갑,05eb2a5a6229ee267e93ab8388364cbf
보조1,마령의노리개'흑6성,05eb2a5a6229ee267e93ab8388364cbf
보조2,빛나는마사의귀목,05eb2a5a6229ee267e93ab8388364cbf
얼굴장식,찬란한시바의시선,05eb2a5a6229ee267e93ab8388364cbf
캐시 투구,은빛미호의귀,05eb2a5a6229ee267e93ab8388364cbf
망토,용성장견'마8성,05eb2a5a6229ee267e93ab8388364cbf
캐시 겉옷,은빛미호의상(남),05eb2a5a6229ee267e93ab8388364cbf
신발,고대마령의군화'흑8성,05eb2a5a6229ee267e93ab8388364cbf
목/어깨장식,고대마령의목걸이8성,05eb2a5a6229ee267e93ab8388364cbf
캐시 무기,은빛미호의영혼,05eb2a5a6229ee267e93ab8388364cbf
캐시 방패/보조무기,은빛미호,05eb2a5a6229ee267e93ab8388364cbf
캐시 얼굴장식,동화나라라운드안경No01,05eb2a5a6229ee267e93ab8388364cbf
캐시 망토,은빛미호의짧은꼬리,05eb2a5a6229ee267e93ab8388364cbf
캐시 신발,은빛미호의기운,05eb2a5a6229ee267e93ab8388364cbf
캐시 목/어깨장식,,05eb2a5a6229ee267e93ab8388364cbf
세트옷,[괴수의상]아이라바타3성,05eb2a5a6229ee267e93ab8388364cbf
캐시 세트옷,고대구망또신수의상No05,05eb2a5a6229ee267e93ab8388364cbf
장신구,붉은토끼풀노리개2성,05eb2a5a6229ee267e93ab8388364cbf
캐시 장신구,,05eb2a5a6229ee267e93ab8388364cbf
,,97e3ef842d789a7950ec1f34c9909cdf
갑옷,용마파천갑6성,97e3ef842d789a7950ec1f34c9909cdf
방패/보조무기,,97e3ef842d789a7950ec1f34c9909cdf
투구,,97e3ef842d789a7950ec1f34c9909cdf
왼손,[상급]고대은제팔찌,97e3ef842d789a7950ec1f34c9909cdf
오른손,,97e3ef842d789a7950ec1f34c9909cdf
보조1,[상급]고대금관제식,97e3ef842d789a7950ec1f34c9909cdf
보조2,마사의귀목,97e3ef842d789a7950ec1f34c9909cdf
얼굴장식,,97e3ef842d789a7950ec1f34c9909cdf
캐시 투구,해변의연인헤어(남),97e3ef842d789a7950ec1f34c9909cdf
망토,검마천의망토,97e3ef842d789a7950ec1f34c9909cdf
캐시 겉옷,가을홀릭소년의상No01,97e3ef842d789a7950ec1f34c9909cdf
신발,용왕의신발,97e3ef842d789a7950ec1f34c9909cdf
목/어깨장식,,97e3ef842d789a7950ec1f34c9909cdf
캐시 무기,,97e3ef842d789a7950ec1f34c9909cdf
캐시 방패/보조무기,,97e3ef842d789a7950ec1f34c9909cdf
캐시 얼굴장식,,97e3ef842d789a7950ec1f34c9909cdf
캐시 망토,나이트워커코트,97e3ef842d789a7950ec1f34c9909cdf
캐시 신발,토끼발자국No01,97e3ef842d789a7950ec1f34c9909cdf
캐시 목/어깨장식,포근목도리No01,97e3ef842d789a7950ec1f34c9909cdf
세트옷,구미호분신,97e3ef842d789a7950ec1f34c9909cdf
캐시 세트옷,,97e3ef842d789a7950ec1f34c9909cdf
장신구,자수원앙노리개2성,97e3ef842d789a7950ec1f34c9909cdf
캐시 장신구,그림술사목장식(남),97e3ef842d789a7950ec1f34c9909cdf
무기,고대마령의적혈검8성,33e0f8c57e0f7b0c0ac8f8b7cbceb47c
갑옷,환웅의궁포'7성,33e0f8c57e0f7b0c0ac8f8b7cbceb47c
방패/보조무기,전사백제청동방패10성,33e0f8c57e0f7b0c0ac8f8b7cbceb47c
투구,환웅의모자'7성,33e0f8c57e0f7b0c0ac8f8b7cbceb47c
왼손,진'서라마옥팔찌,33e0f8c57e0f7b0c0ac8f8b7cbceb47c
오른손,백기린팔찌,33e0f8c57e0f7b0c0ac8f8b7cbceb47c
보조1,[상급]고대금관제식,33e0f8c57e0f7b0c0ac8f8b7cbceb47c
보조2,마사의귀목,33e0f8c57e0f7b0c0ac8f8b7cbceb47c
얼굴장식,조사장의가면,33e0f8c57e0f7b0c0ac8f8b7cbceb47c
캐시 투구,나들이헤어No01남,33e0f8c57e0f7b0c0ac8f8b7cbceb47c
망토,암흑망토,33e0f8c57e0f7b0c0ac8f8b7cbceb47c
캐시 겉옷,오버핏보이코트No02,33e0f8c57e0f7b0c0ac8f8b7cbceb47c
신발,사령웅의앞발,33e0f8c57e0f7b0c0ac8f8b7cbceb47c
목/어깨장식,암흑목걸이[괴],33e0f8c57e0f7b0c0ac8f8b7cbceb47c
캐시 무기,,33e0f8c57e0f7b0c0ac8f8b7cbceb47c
캐시 방패/보조무기,어쿠스틱슬링백,33e0f8c57e0f7b0c0ac8f8b7cbceb47c
캐시 얼굴장식,,33e0f8c57e0f7b0c0ac8f8b7cbceb47c
캐시 망토,스포티백팩No02,33e0f8c57e0f7b0c0ac8f8b7cbceb47c
캐시 신발,신이난초코No01,33e0f8c57e0f7b0c0ac8f8b7cbceb47c
캐시 목/어깨장식,,33e0f8c57e0f7b0c0ac8f8b7cbceb47c
세트옷,도깨비탐,33e0f8c57e0f7b0c0ac8f8b7cbceb47c
캐시 세트옷,귀엽덕,33e0f8c57e0f7b0c0ac8f8b7cbceb47c
장신구,붉은토끼풀노리개1성,33e0f8c57e0f7b0c0ac8f8b7cbceb47c
캐시 장신구,달러와펜장식,33e0f8c57e0f7b0c0ac8f8b7cbceb47c
무기,진'서라마옥도,1bed48a885df642e7bc9e227b18dc7d2
갑옷,환웅의갑주'8성,1bed48a885df642e7bc9e227b18dc7d2
방패/보조무기,고대마령의단검6성,1bed48a885df642e7bc9e227b18dc7d2
투구,고대마령투구8성,1bed48a885df642e7bc9e227b18dc7d2
왼손,태염반지6성,1bed48a885df642e7bc9e227b18dc7d2
오른손,태염반지6성,1bed48a885df642e7bc9e227b18dc7d2
보조1,마사의귀목,1bed48a885df642e7bc9e227b18dc7d2
보조2,마사의귀목,1bed48a885df642e7bc9e227b18dc7d2
얼굴장식,고대마령의암막6성,1bed48a885df642e7bc9e227b18dc7d2
캐시 투구,겨울한교복도령모,1bed48a885df642e7bc9e227b18dc7d2
망토,무신귀갑주6성,1bed48a885df642e7bc9e227b18dc7d2
캐시 겉옷,겨울한교복(남),1bed48a885df642e7bc9e227b18dc7d2
신발,사령웅의앞발,1bed48a885df642e7bc9e227b18dc7d2
목/어깨장식,고대마령의목걸이7성,1bed48a885df642e7bc9e227b18dc7d2
캐시 무기,겨울복주머니,1bed48a885df642e7bc9e227b18dc7d2
캐시 방패/보조무기,,1bed48a885df642e7bc9e227b18dc7d2
캐시 얼굴장식,,1bed48a885df642e7bc9e227b18dc7d2
캐시 망토,겨울한교복털망토,1bed48a885df642e7bc9e227b18dc7d2
캐시 신발,겨울반딧불,1bed48a885df642e7bc9e227b18dc7d2
캐시 목/어깨장식,청사목도리,1bed48a885df642e7bc9e227b18dc7d2
세트옷,[괴수의상]가루다2성,1bed48a885df642e7bc9e227b18dc7d2
캐시 세트옷,,1bed48a885df642e7bc9e227b18dc7d2
장신구,파란나비노리개1성,1bed48a885df642e7bc9e227b18dc7d2
캐시 장신구,핑크디저트마스크,1bed48a885df642e7bc9e227b18dc7d2
무기,진일신검8성,22591e9ef365b89d8202065390b5b2a6
갑옷,태염무신보갑7성,22591e9ef365b89d8202065390b5b2a6
방패/보조무기,고대마령의단검6성,22591e9ef365b89d8202065390b5b2a6
투구,태염무신금잠6성,22591e9ef365b89d8202065390b5b2a6
왼손,태염반지6성,22591e9ef365b89d8202065390b5b2a6
오른손,태염반지6성,22591e9ef365b89d8202065390b5b2a6
보조1,마사의귀목,22591e9ef365b89d8202065390b5b2a6
보조2,마사의귀목,22591e9ef365b89d8202065390b5b2a6
얼굴장식,조사장의가면,22591e9ef365b89d8202065390b5b2a6
캐시 투구,무스키탈,22591e9ef365b89d8202065390b5b2a6
망토,무신귀갑주6성,22591e9ef365b89d8202065390b5b2a6
캐시 겉옷,무스키의상,22591e9ef365b89d8202065390b5b2a6
신발,낡은사령웅의앞발,22591e9ef365b89d8202065390b5b2a6
목/어깨장식,진'흉수의인장,22591e9ef365b89d8202065390b5b2a6
캐시 무기,오래된채굴곡괭이,22591e9ef365b89d8202065390b5b2a6
캐시 방패/보조무기,무스키가방,22591e9ef365b89d8202065390b5b2a6
캐시 얼굴장식,,22591e9ef365b89d8202065390b5b2a6
캐시 망토,무스키발바닥,22591e9ef365b89d8202065390b5b2a6
캐시 신발,무스키바숑바숑,22591e9ef365b89d8202065390b5b2a6
캐시 목/어깨장식,,22591e9ef365b89d8202065390b5b2a6
세트옷,[괴수의상]가네샤1성,22591e9ef365b89d8202065390b5b2a6
캐시 세트옷,,22591e9ef365b89d8202065390b5b2a6
장신구,파란나비노리개1성,22591e9ef365b89d8202065390b5b2a6
캐시 장신구,무스키스카프,22591e9ef365b89d8202065390b5b2a6
무기,청룡신검,6334741fff5fa0d140a10bd554c30d38
갑옷,용마멸아갑8성,6334741fff5fa0d140a10bd554c30d38
방패/보조무기,고대마령의방패4성,6334741fff5fa0d140a10bd554c30d38
투구,패자의왕관,6334741fff5fa0d140a10bd554c30d38
왼손,태광노리개6성,6334741fff5fa0d140a10bd554c30d38
오른손,태염반지6성,6334741fff5fa0d140a10bd554c30d38
보조1,마사의귀목,6334741fff5fa0d140a10bd554c30d38
보조2,마사의귀목,6334741fff5fa0d140a10bd554c30d38
얼굴장식,조사장의가면,6334741fff5fa0d140a10bd554c30d38
캐시 투구,풍월요괴고야차의뿔,6334741fff5fa0d140a10bd554c30d38
망토,무신귀갑주7성,6334741fff5fa0d140a10bd554c30d38
캐시 겉옷,멋진현무불괴갑,6334741fff5fa0d140a10bd554c30d38
신발,사령웅의앞발,6334741fff5fa0d140a10bd554c30d38
목/어깨장식,고대마령의목걸이6성,6334741fff5fa0d140a10bd554c30d38
캐시 무기,천자봉황은월도,6334741fff5fa0d140a10bd554c30d38
캐시 방패/보조무기,분홍연등,6334741fff5fa0d140a10bd554c30d38
캐시 얼굴장식,,6334741fff5fa0d140a10bd554c30d38
캐시 망토,,6334741fff5fa0d140a10bd554c30d38
캐시 신발,흩뿌려진꽃잎No02,6334741fff5fa0d140a10bd554c30d38
캐시 목/어깨장식,초코델리미니백No02,6334741fff5fa0d140a10bd554c30d38
세트옷,도깨비탐,6334741fff5fa0d140a10bd554c30d38
캐시 세트옷,[구]망또No04,6334741fff5fa0d140a10bd554c30d38
장신구,파란나비노리개2성,6334741fff5fa0d140a10bd554c30d38
캐시 장신구,보부상머리위참새,6334741fff5fa0d140a10bd554c30d38
무기,구곡검7성,9d4632e21fe4c8128633201ba9627c82
갑옷,환웅의천예'7성,9d4632e21fe4c8128633201ba9627c82
방패/보조무기,고대마령의단검6성,9d4632e21fe4c8128633201ba9627c82
투구,환웅의머리띠'8성,9d4632e21fe4c8128633201ba9627c82
왼손,금린반지6성,9d4632e21fe4c8128633201ba9627c82
오른손,태염반지6성,9d4632e21fe4c8128633201ba9627c82
보조1,마사의귀목,9d4632e21fe4c8128633201ba9627c82
보조2,마사의귀목,9d4632e21fe4c8128633201ba9627c82
얼굴장식,조사장의가면,9d4632e21fe4c8128633201ba9627c82
캐시 투구,인어공주헤어,9d4632e21fe4c8128633201ba9627c82
망토,무신귀갑주7성,9d4632e21fe4c8128633201ba9627c82
캐시 겉옷,레이닝걸의상No01,9d4632e21fe4c8128633201ba9627c82
신발,사령웅의앞발,9d4632e21fe4c8128633201ba9627c82
목/어깨장식,진'흉수의인장,9d4632e21fe4c8128633201ba9627c82
캐시 무기,오래된현철중검,9d4632e21fe4c8128633201ba9627c82
캐시 방패/보조무기,,9d4632e21fe4c8128633201ba9627c82
캐시 얼굴장식,눈장식:칼라렌즈(사파이어),9d4632e21fe4c8128633201ba9627c82
캐시 망토,석양빛야자수,9d4632e21fe4c8128633201ba9627c82
캐시 신발,뽀짝피그황금동전,9d4632e21fe4c8128633201ba9627c82
캐시 목/어깨장식,레이스스카프No03,9d4632e21fe4c8128633201ba9627c82
세트옷,도깨비탐,9d4632e21fe4c8128633201ba9627c82
캐시 세트옷,,9d4632e21fe4c8128633201ba9627c82
장신구,파란나비노리개1성,9d4632e21fe4c8128633201ba9627c82
캐시 장신구,할로윈악마뿔No02여,9d4632e21fe4c8128633201ba9627c82
무기,진'서라마옥도,aaba93aa4f11b7e93dafd4b85068ab7f
갑옷,고대마령연갑8성,aaba93aa4f11b7e93dafd4b85068ab7f
방패/보조무기,고대마령의단검6성,aaba93aa4f11b7e93dafd4b85068ab7f
투구,태염무신금잠6성,aaba93aa4f11b7e93dafd4b85068ab7f
왼손,쇄자황금장갑,aaba93aa4f11b7e93dafd4b85068ab7f
오른손,쇄자황금장갑,aaba93aa4f11b7e93dafd4b85068ab7f
보조1,마사의귀목,aaba93aa4f11b7e93dafd4b85068ab7f
보조2,찬란한금두꺼비,aaba93aa4f11b7e93dafd4b85068ab7f
얼굴장식,조사장의가면,aaba93aa4f11b7e93dafd4b85068ab7f
캐시 투구,꽃을든여친헤어No01,aaba93aa4f11b7e93dafd4b85068ab7f
망토,용성장견'마5성,aaba93aa4f11b7e93dafd4b85068ab7f
캐시 겉옷,오버핏걸코트No02,aaba93aa4f11b7e93dafd4b85068ab7f
신발,사령웅의앞발,aaba93aa4f11b7e93dafd4b85068ab7f
목/어깨장식,암흑목걸이[괴],aaba93aa4f11b7e93dafd4b85068ab7f
캐시 무기,수갑구,aaba93aa4f11b7e93dafd4b85068ab7f
캐시 방패/보조무기,나이트워커슈퍼카No01,aaba93aa4f11b7e93dafd4b85068ab7f
캐시 얼굴장식,,aaba93aa4f11b7e93dafd4b85068ab7f
캐시 망토,오버핏걸크로스백,aaba93aa4f11b7e93dafd4b85068ab7f
캐시 신발,뽀짝피그황금동전,aaba93aa4f11b7e93dafd4b85068ab7f
캐시 목/어깨장식,,aaba93aa4f11b7e93dafd4b85068ab7f
세트옷,구미호분신,aaba93aa4f11b7e93dafd4b85068ab7f
캐시 세트옷,,aaba93aa4f11b7e93dafd4b85068ab7f
장신구,파란나비노리개1성,aaba93aa4f11b7e93dafd4b85068ab7f
캐시 장신구,새내기사각뿔테,aaba93aa4f11b7e93dafd4b85068ab7f
무기,칠지천지환검,97504bb971bc3fee81753326e0f0cb78
갑옷,환웅의치마'7성,97504bb971bc3fee81753326e0f0cb78
방패/보조무기,전사백제청동방패10성,97504bb971bc3fee81753326e0f0cb78
투구,전사금관장식10성,97504bb971bc3fee81753326e0f0cb78
왼손,쇄자황금장갑,97504bb971bc3fee81753326e0f0cb78
오른손,황금장갑,97504bb971bc3fee81753326e0f0cb78
보조1,마사의귀목,97504bb971bc3fee81753326e0f0cb78
보조2,마사의귀목,97504bb971bc3fee81753326e0f0cb78
얼굴장식,조사장의가면,97504bb971bc3fee81753326e0f0cb78
캐시 투구,,97504bb971bc3fee81753326e0f0cb78
망토,검마천의망토,97504bb971bc3fee81753326e0f0cb78
캐시 겉옷,나들이의상No01여,97504bb971bc3fee81753326e0f0cb78
신발,사령웅의앞발,97504bb971bc3fee81753326e0f0cb78
목/어깨장식,흉수의인장,97504bb971bc3fee81753326e0f0cb78
캐시 무기,오래된야월도,97504bb971bc3fee81753326e0f0cb78
캐시 방패/보조무기,,97504bb971bc3fee81753326e0f0cb78
캐시 얼굴장식,,97504bb971bc3fee81753326e0f0cb78
캐시 망토,요정날개No01,97504bb971bc3fee81753326e0f0cb78
캐시 신발,버블샌들No01여,97504bb971bc3fee81753326e0f0cb78
캐시 목/어깨장식,선물리본장식(검정),97504bb971bc3fee81753326e0f0cb78
세트옷,구미호분신,97504bb971bc3fee81753326e0f0cb78
캐시 세트옷,,97504bb971bc3fee81753326e0f0cb78
장신구,자수원앙노리개1성,97504bb971bc3fee81753326e0f0cb78
캐시 장신구,냥이방울No04,97504bb971bc3fee81753326e0f0cb78
무기,구곡검6성,7b77077745474485a8c306a4deb9de87
갑옷,환웅의천예'7성,7b77077745474485a8c306a4deb9de87
방패/보조무기,,7b77077745474485a8c306a4deb9de87
투구,환웅의투구'7성,7b77077745474485a8c306a4deb9de87
왼손,검천의반지,7b77077745474485a8c306a4deb9de87
오른손,금린노리개6성,7b77077745474485a8c306a4deb9de87
보조1,마사의귀목,7b77077745474485a8c306a4deb9de87
보조2,마사의귀목,7b77077745474485a8c306a4deb9de87
얼굴장식,고대마령의암막6성,7b77077745474485a8c306a4deb9de87
캐시 투구,나들이헤어No01여,7b77077745474485a8c306a4deb9de87
망토,검마천의망토,7b77077745474485a8c306a4deb9de87
캐시 겉옷,,7b77077745474485a8c306a4deb9de87
신발,사령웅의앞발,7b77077745474485a8c306a4deb9de87
목/어깨장식,진'흉수의인장,7b77077745474485a8c306a4deb9de87
캐시 무기,민트아이스바,7b77077745474485a8c306a4deb9de87
캐시 방패/보조무기,뽀짝피그복주머니,7b77077745474485a8c306a4deb9de87
캐시 얼굴장식,,7b77077745474485a8c306a4deb9de87
캐시 망토,살랑살랑열대어No01,7b77077745474485a8c306a4deb9de87
캐시 신발,신이난초코No02,7b77077745474485a8c306a4deb9de87
캐시 목/어깨장식,,7b77077745474485a8c306a4deb9de87
세트옷,구미호분신,7b77077745474485a8c306a4deb9de87
캐시 세트옷,,7b77077745474485a8c306a4deb9de87
장신구,파란나비노리개2성,7b77077745474485a8c306a4deb9de87
캐시 장신구,찍찍이No02,7b77077745474485a8c306a4deb9de87
무기,용천제십검,1ce9be6d5698ff9b10458a715d9a0a28
갑옷,현무불괴갑,1ce9be6d5698ff9b10458a715d9a0a28
방패/보조무기,고대마령의방패8성,1ce9be6d5698ff9b10458a715d9a0a28
투구,고대마령투구10성,1ce9be6d5698ff9b10458a715d9a0a28
왼손,패자황금팔찌,1ce9be6d5698ff9b10458a715d9a0a28
오른손,패자황금팔찌,1ce9be6d5698ff9b10458a715d9a0a28
보조1,빛나는마사의귀목,1ce9be6d5698ff9b10458a715d9a0a28
보조2,빛나는마사의귀목,1ce9be6d5698ff9b10458a715d9a0a28
얼굴장식,빛나는조사장의가면,1ce9be6d5698ff9b10458a715d9a0a28
캐시 투구,핑크코사지,1ce9be6d5698ff9b10458a715d9a0a28
망토,무신귀갑주7성,1ce9be6d5698ff9b10458a715d9a0a28
캐시 겉옷,[20주년]정장No02,1ce9be6d5698ff9b10458a715d9a0a28
신발,고대마령의군화'흑8성,1ce9be6d5698ff9b10458a715d9a0a28
목/어깨장식,고대마령의목걸이8성,1ce9be6d5698ff9b10458a715d9a0a28
캐시 무기,오래된야월도,1ce9be6d5698ff9b10458a715d9a0a28
캐시 방패/보조무기,,1ce9be6d5698ff9b10458a715d9a0a28
캐시 얼굴장식,,1ce9be6d5698ff9b10458a715d9a0a28
,,1ce9be6d5698ff9b10458a715d9a0a28
캐시 신발,토끼발자국No01,1ce9be6d5698ff9b10458a715d9a0a28
캐시 목/어깨장식,대재앙하트목걸이,1ce9be6d5698ff9b10458a715d9a0a28
세트옷,[괴수의상]아이라바타1성,1ce9be6d5698ff9b10458a715d9a0a28
캐시 세트옷,,1ce9be6d5698ff9b10458a715d9a0a28
장신구,봉황삼작금노리개2성,1ce9be6d5698ff9b10458a715d9a0a28
캐시 장신구,바린족얼굴무늬No01,1ce9be6d5698ff9b10458a715d9a0a28
무기,용천제십검,256c651dadc5382ad4e125a8bddf9ac4
갑옷,용천파천갑8성,256c651dadc5382ad4e125a8bddf9ac4
방패/보조무기,고대마령의단검6성,256c651dadc5382ad4e125a8bddf9ac4
투구,용아투구'천8성,256c651dadc5382ad4e125a8bddf9ac4
왼손,환웅의팔찌'9성,256c651dadc5382ad4e125a8bddf9ac4
오른손,환웅의천수'8성,256c651dadc5382ad4e125a8bddf9ac4
보조1,마사의귀목,256c651dadc5382ad4e125a8bddf9ac4
보조2,마사의귀목,256c651dadc5382ad4e125a8bddf9ac4
얼굴장식,시바의시선,256c651dadc5382ad4e125a8bddf9ac4
캐시 투구,,256c651dadc5382ad4e125a8bddf9ac4
망토,용성장견'천8성,256c651dadc5382ad4e125a8bddf9ac4
캐시 겉옷,탐굴왕의상No02,256c651dadc5382ad4e125a8bddf9ac4
신발,사령웅의앞발,256c651dadc5382ad4e125a8bddf9ac4
목/어깨장식,고대마령의목걸이8성,256c651dadc5382ad4e125a8bddf9ac4
캐시 무기,벼락물풍선,256c651dadc5382ad4e125a8bddf9ac4
캐시 방패/보조무기,뽀짝피그복주머니,256c651dadc5382ad4e125a8bddf9ac4
캐시 얼굴장식,동화나라라운드안경No02,256c651dadc5382ad4e125a8bddf9ac4
캐시 망토,분홍꽃잎,256c651dadc5382ad4e125a8bddf9ac4
캐시 신발,이매망량큰운무,256c651dadc5382ad4e125a8bddf9ac4
캐시 목/어깨장식,고무장갑,256c651dadc5382ad4e125a8bddf9ac4
세트옷,[괴수의상]아그니1성,256c651dadc5382ad4e125a8bddf9ac4
캐시 세트옷,,256c651dadc5382ad4e125a8bddf9ac4
장신구,붉은토끼풀노리개1성,256c651dadc5382ad4e125a8bddf9ac4
캐시 장신구,바린족얼굴무늬No01,256c651dadc5382ad4e125a8bddf9ac4
무기,고대마령의적혈도9성,19621aecd16ec8f647ab9f870007577d
갑옷,환웅의활복'9성,19621aecd16ec8f647ab9f870007577d
방패/보조무기,고대마령의단검6성,19621aecd16ec8f647ab9f870007577d
투구,환웅의머리띠'7성,19621aecd16ec8f647ab9f870007577d
왼손,환웅의장갑'8성,19621aecd16ec8f647ab9f870007577d
오른손,금린반지6성,19621aecd16ec8f647ab9f870007577d
보조1,마사의귀목,19621aecd16ec8f647ab9f870007577d
보조2,마사의귀목,19621aecd16ec8f647ab9f870007577d
얼굴장식,조사장의가면,19621aecd16ec8f647ab9f870007577d
캐시 투구,초코델리소녀헤어,19621aecd16ec8f647ab9f870007577d
망토,고대마령의칼날9성,19621aecd16ec8f647ab9f870007577d
캐시 겉옷,복슬카피바라의상,19621aecd16ec8f647ab9f870007577d
신발,사령웅의앞발,19621aecd16ec8f647ab9f870007577d
목/어깨장식,고대마령의목걸이6성,19621aecd16ec8f647ab9f870007577d
캐시 무기,반짇고리도깨비방망이,19621aecd16ec8f647ab9f870007577d
캐시 방패/보조무기,5월동화냥젤리백,19621aecd16ec8f647ab9f870007577d
캐시 얼굴장식,,19621aecd16ec8f647ab9f870007577d
,,19621aecd16ec8f647ab9f870007577d
캐시 신발,말랑발바닥,19621aecd16ec8f647ab9f870007577d
캐시 목/어깨장식,양털케이프No01,19621aecd16ec8f647ab9f870007577d
세트옷,[괴수의상]아이라바타1성,19621aecd16ec8f647ab9f870007577d
캐시 세트옷,,19621aecd16ec8f647ab9f870007577d
장신구,파란나비노리개1성,19621aecd16ec8f647ab9f870007577d
캐시 장신구,머리위삐약,19621aecd16ec8f647ab9f870007577d
무기,고대마령의적혈도8성,95f3c8831ec4422b2e630d2b4cb1295a
갑옷,패자황금연갑,95f3c8831ec4422b2e630d2b4cb1295a
방패/보조무기,고대마령의방패6성,95f3c8831ec4422b2e630d2b4cb1295a
투구,환웅의머릿깃'9성,95f3c8831ec4422b2e630d2b4cb1295a
왼손,환웅의천수'8성,95f3c8831ec4422b2e630d2b4cb1295a
오른손,패자황금팔찌,95f3c8831ec4422b2e630d2b4cb1295a
보조1,마사의귀목,95f3c8831ec4422b2e630d2b4cb1295a
보조2,빛나는마사의귀목,95f3c8831ec4422b2e630d2b4cb1295a
얼굴장식,시바의시선,95f3c8831ec4422b2e630d2b4cb1295a
캐시 투구,레이닝걸헤어No01,95f3c8831ec4422b2e630d2b4cb1295a
망토,무신귀갑주7성,95f3c8831ec4422b2e630d2b4cb1295a
캐시 겉옷,바린족의상(여),95f3c8831ec4422b2e630d2b4cb1295a
신발,사령웅의앞발,95f3c8831ec4422b2e630d2b4cb1295a
목/어깨장식,고대마령의목걸이7성,95f3c8831ec4422b2e630d2b4cb1295a
캐시 무기,오래된채굴곡괭이,95f3c8831ec4422b2e630d2b4cb1295a
캐시 방패/보조무기,,95f3c8831ec4422b2e630d2b4cb1295a
캐시 얼굴장식,,95f3c8831ec4422b2e630d2b4cb1295a
캐시 망토,멍멍이꼬리No01,95f3c8831ec4422b2e630d2b4cb1295a
캐시 신발,유성우,95f3c8831ec4422b2e630d2b4cb1295a
캐시 목/어깨장식,웨딩목걸이,95f3c8831ec4422b2e630d2b4cb1295a
세트옷,[괴수의상]아그니1성,95f3c8831ec4422b2e630d2b4cb1295a
캐시 세트옷,고대구망또신수의상No01,95f3c8831ec4422b2e630d2b4cb1295a
장신구,붉은토끼풀노리개2성,95f3c8831ec4422b2e630d2b4cb1295a
캐시 장신구,검은마스크,95f3c8831ec4422b2e630d2b4cb1295a
무기,협가검7성,4f2ecfab9e20ef3a5cb5066728d3e587
갑옷,금린신월갑8성,4f2ecfab9e20ef3a5cb5066728d3e587
방패/보조무기,고대마령의단검6성,4f2ecfab9e20ef3a5cb5066728d3e587
투구,환웅의천관'7성,4f2ecfab9e20ef3a5cb5066728d3e587
왼손,태염반지6성,4f2ecfab9e20ef3a5cb5066728d3e587
오른손,태염반지7성,4f2ecfab9e20ef3a5cb5066728d3e587
보조1,마사의귀목,4f2ecfab9e20ef3a5cb5066728d3e587
보조2,마사의귀목,4f2ecfab9e20ef3a5cb5066728d3e587
얼굴장식,조사장의가면,4f2ecfab9e20ef3a5cb5066728d3e587
캐시 투구,겨울한교복도령모,4f2ecfab9e20ef3a5cb5066728d3e587
망토,무신귀갑주6성,4f2ecfab9e20ef3a5cb5066728d3e587
캐시 겉옷,겨울한교복(여),4f2ecfab9e20ef3a5cb5066728d3e587
신발,사령웅의앞발,4f2ecfab9e20ef3a5cb5066728d3e587
목/어깨장식,진'흉수의인장,4f2ecfab9e20ef3a5cb5066728d3e587
캐시 무기,겨울복주머니,4f2ecfab9e20ef3a5cb5066728d3e587
캐시 방패/보조무기,양양이No02,4f2ecfab9e20ef3a5cb5066728d3e587
캐시 얼굴장식,,4f2ecfab9e20ef3a5cb5066728d3e587
캐시 망토,겨울한교복털망토,4f2ecfab9e20ef3a5cb5066728d3e587
캐시 신발,겨울반딧불,4f2ecfab9e20ef3a5cb5066728d3e587
캐시 목/어깨장식,,4f2ecfab9e20ef3a5cb5066728d3e587
세트옷,[괴수의상]오구타이1성,4f2ecfab9e20ef3a5cb5066728d3e587
캐시 세트옷,[구]웨딩드레스No04,4f2ecfab9e20ef3a5cb5066728d3e587
장신구,파란나비노리개1성,4f2ecfab9e20ef3a5cb5066728d3e587
캐시 장신구,나비빨강더듬이,4f2ecfab9e20ef3a5cb5066728d3e587
무기,청일기창8성,5cc5d2d2d08b13f13265597bfeb2427b
갑옷,태광천신신복6성,5cc5d2d2d08b13f13265597bfeb2427b
방패/보조무기,고대마령의단검6성,5cc5d2d2d08b13f13265597bfeb2427b
투구,태광천신금잠7성,5cc5d2d2d08b13f13265597bfeb2427b
왼손,태염반지6성,5cc5d2d2d08b13f13265597bfeb2427b
오른손,태염반지6성,5cc5d2d2d08b13f13265597bfeb2427b
보조1,마사의귀목,5cc5d2d2d08b13f13265597bfeb2427b
보조2,마사의귀목,5cc5d2d2d08b13f13265597bfeb2427b
얼굴장식,고대마령의암막8성,5cc5d2d2d08b13f13265597bfeb2427b
캐시 투구,겨울한교복도령모,5cc5d2d2d08b13f13265597bfeb2427b
망토,무신귀갑주8성,5cc5d2d2d08b13f13265597bfeb2427b
캐시 겉옷,오버핏걸코트No02,5cc5d2d2d08b13f13265597bfeb2427b
신발,고대마령의군화'흑6성,5cc5d2d2d08b13f13265597bfeb2427b
목/어깨장식,빛나는단조의심단,5cc5d2d2d08b13f13265597bfeb2427b
캐시 무기,반짇고리도깨비방망이,5cc5d2d2d08b13f13265597bfeb2427b
캐시 방패/보조무기,문방구옥구슬,5cc5d2d2d08b13f13265597bfeb2427b
캐시 얼굴장식,,5cc5d2d2d08b13f13265597bfeb2427b
캐시 망토,겨울한교복털망토,5cc5d2d2d08b13f13265597bfeb2427b
캐시 신발,겨울반딧불,5cc5d2d2d08b13f13265597bfeb2427b
캐시 목/어깨장식,,5cc5d2d2d08b13f13265597bfeb2427b
세트옷,[괴수의상]흑화랑1성,5cc5d2d2d08b13f13265597bfeb2427b
캐시 세트옷,,5cc5d2d2d08b13f13265597bfeb2427b
장신구,자수원앙노리개1성,5cc5d2d2d08b13f13265597bfeb2427b
캐시 장신구,찍찍이No01,5cc5d2d2d08b13f13265597bfeb2427b
무기,,3a4a7a19e56dedb3b72f6f99fb754f66
갑옷,,3a4a7a19e56dedb3b72f6f99fb754f66
방패/보조무기,,3a4a7a19e56dedb3b72f6f99fb754f66
투구,,3a4a7a19e56dedb3b72f6f99fb754f66
왼손,[상급]고대은제팔찌,3a4a7a19e56dedb3b72f6f99fb754f66
오른손,,3a4a7a19e56dedb3b72f6f99fb754f66
보조1,마사의귀목,3a4a7a19e56dedb3b72f6f99fb754f66
보조2,마사의귀목,3a4a7a19e56dedb3b72f6f99fb754f66
얼굴장식,고대마령의암막6성,3a4a7a19e56dedb3b72f6f99fb754f66
캐시 투구,,3a4a7a19e56dedb3b72f6f99fb754f66
망토,진'암흑망토,3a4a7a19e56dedb3b72f6f99fb754f66
캐시 겉옷,,3a4a7a19e56dedb3b72f6f99fb754f66
신발,,3a4a7a19e56dedb3b72f6f99fb754f66
목/어깨장식,진'흉수의인장,3a4a7a19e56dedb3b72f6f99fb754f66
캐시 무기,대양의선원예도,3a4a7a19e56dedb3b72f6f99fb754f66
캐시 방패/보조무기,,3a4a7a19e56dedb3b72f6f99fb754f66
캐시 얼굴장식,,3a4a7a19e56dedb3b72f6f99fb754f66
캐시 망토,,3a4a7a19e56dedb3b72f6f99fb754f66
캐시 신발,,3a4a7a19e56dedb3b72f6f99fb754f66
캐시 목/어깨장식,,3a4a7a19e56dedb3b72f6f99fb754f66
세트옷,꺄꺄,3a4a7a19e56dedb3b72f6f99fb754f66
캐시 세트옷,,3a4a7a19e56dedb3b72f6f99fb754f66
장신구,붉은토끼풀노리개1성,3a4a7a19e56dedb3b72f6f99fb754f66
캐시 장신구,,3a4a7a19e56dedb3b72f6f99fb754f66
무기,협가검7성,a55e719f3900113d826472112dc8273f
갑옷,환웅의활복'9성,a55e719f3900113d826472112dc8273f
방패/보조무기,고대마령의단검7성,a55e719f3900113d826472112dc8273f
투구,환웅의두건'7성,a55e719f3900113d826472112dc8273f
왼손,환웅의장갑'6성,a55e719f3900113d826472112dc8273f
오른손,태염반지7성,a55e719f3900113d826472112dc8273f
보조1,마사의귀목,a55e719f3900113d826472112dc8273f
보조2,마사의귀목,a55e719f3900113d826472112dc8273f
얼굴장식,조사장의가면,a55e719f3900113d826472112dc8273f
캐시 투구,꽃을든남친헤어No01,a55e719f3900113d826472112dc8273f
망토,고대마령의칼날6성,a55e719f3900113d826472112dc8273f
캐시 겉옷,오버핏보이코트No02,a55e719f3900113d826472112dc8273f
신발,사령웅의앞발,a55e719f3900113d826472112dc8273f
목/어깨장식,진'흉수의인장,a55e719f3900113d826472112dc8273f
캐시 무기,,a55e719f3900113d826472112dc8273f
캐시 방패/보조무기,나이트워커슈퍼카No02,a55e719f3900113d826472112dc8273f
캐시 얼굴장식,,a55e719f3900113d826472112dc8273f
캐시 망토,오버핏보이크로스백,a55e719f3900113d826472112dc8273f
캐시 신발,할로윈악마빛,a55e719f3900113d826472112dc8273f
캐시 목/어깨장식,,a55e719f3900113d826472112dc8273f
세트옷,[괴수의상]비형랑3성,a55e719f3900113d826472112dc8273f
캐시 세트옷,,a55e719f3900113d826472112dc8273f
장신구,파란나비노리개1성,a55e719f3900113d826472112dc8273f
캐시 장신구,새내기사각뿔테,a55e719f3900113d826472112dc8273f
무기,협가검6성,8719f58bb71f9dd182d67979edde0a0f
갑옷,태염무신보갑6성,8719f58bb71f9dd182d67979edde0a0f
방패/보조무기,바람홍옥방패,8719f58bb71f9dd182d67979edde0a0f
투구,태염무신금잠6성,8719f58bb71f9dd182d67979edde0a0f
왼손,금린반지6성,8719f58bb71f9dd182d67979edde0a0f
오른손,금린반지7성,8719f58bb71f9dd182d67979edde0a0f
보조1,마사의귀목,8719f58bb71f9dd182d67979edde0a0f
보조2,마사의귀목,8719f58bb71f9dd182d67979edde0a0f
얼굴장식,조사장의가면,8719f58bb71f9dd182d67979edde0a0f
캐시 투구,,8719f58bb71f9dd182d67979edde0a0f
망토,패마황의망토,8719f58bb71f9dd182d67979edde0a0f
캐시 겉옷,,8719f58bb71f9dd182d67979edde0a0f
신발,사령웅의앞발,8719f58bb71f9dd182d67979edde0a0f
목/어깨장식,암흑목걸이[괴],8719f58bb71f9dd182d67979edde0a0f
캐시 무기,오래된채굴곡괭이,8719f58bb71f9dd182d67979edde0a0f
캐시 방패/보조무기,,8719f58bb71f9dd182d67979edde0a0f
캐시 얼굴장식,,8719f58bb71f9dd182d67979edde0a0f
캐시 망토,용몽이망토,8719f58bb71f9dd182d67979edde0a0f
캐시 신발,,8719f58bb71f9dd182d67979edde0a0f
캐시 목/어깨장식,청사목도리,8719f58bb71f9dd182d67979edde0a0f
세트옷,[괴수의상]가루다1성,8719f58bb71f9dd182d67979edde0a0f
캐시 세트옷,,8719f58bb71f9dd182d67979edde0a0f
장신구,,8719f58bb71f9dd182d67979edde0a0f
캐시 장신구,,8719f58bb71f9dd182d67979edde0a0f
무기,고대마령의적혈도7성,645e4ce38b08e71556c4c1b90de26983
갑옷,환웅의활복'8성,645e4ce38b08e71556c4c1b90de26983
방패/보조무기,고대마령의단검6성,645e4ce38b08e71556c4c1b90de26983
투구,환웅의두건'8성,645e4ce38b08e71556c4c1b90de26983
왼손,태염반지6성,645e4ce38b08e71556c4c1b90de26983
오른손,태염반지6성,645e4ce38b08e71556c4c1b90de26983
보조1,마사의귀목,645e4ce38b08e71556c4c1b90de26983
보조2,마사의귀목,645e4ce38b08e71556c4c1b90de26983
얼굴장식,조사장의가면,645e4ce38b08e71556c4c1b90de26983
캐시 투구,무스키탈,645e4ce38b08e71556c4c1b90de26983
망토,금린화월6성,645e4ce38b08e71556c4c1b90de26983
캐시 겉옷,무스키의상,645e4ce38b08e71556c4c1b90de26983
신발,사령웅의앞발,645e4ce38b08e71556c4c1b90de26983
목/어깨장식,진'흉수의인장,645e4ce38b08e71556c4c1b90de26983
캐시 무기,,645e4ce38b08e71556c4c1b90de26983
캐시 방패/보조무기,무스키가방,645e4ce38b08e71556c4c1b90de26983
캐시 얼굴장식,,645e4ce38b08e71556c4c1b90de26983
캐시 망토,무스키발바닥,645e4ce38b08e71556c4c1b90de26983
캐시 신발,무스키바숑바숑,645e4ce38b08e71556c4c1b90de26983
캐시 목/어깨장식,,645e4ce38b08e71556c4c1b90de26983
세트옷,[괴수의상]가루다1성,645e4ce38b08e71556c4c1b90de26983
캐시 세트옷,,645e4ce38b08e71556c4c1b90de26983
장신구,파란나비노리개1성,645e4ce38b08e71556c4c1b90de26983
캐시 장신구,무스키스카프,645e4ce38b08e71556c4c1b90de26983
무기,고대마령의적혈봉9성,3cc05359fa7e3448ecadce3818261c6a
갑옷,패자황금연갑,3cc05359fa7e3448ecadce3818261c6a
방패/보조무기,고대마령의단검6성,3cc05359fa7e3448ecadce3818261c6a
투구,패자의왕관,3cc05359fa7e3448ecadce3818261c6a
왼손,패자황금반지,3cc05359fa7e3448ecadce3818261c6a
오른손,용뿔흑광노리개9성,3cc05359fa7e3448ecadce3818261c6a
보조1,마사의귀목,3cc05359fa7e3448ecadce3818261c6a
보조2,마사의귀목,3cc05359fa7e3448ecadce3818261c6a
얼굴장식,찬란한시바의시선,3cc05359fa7e3448ecadce3818261c6a
캐시 투구,가을홀릭소녀헤어No01,3cc05359fa7e3448ecadce3818261c6a
망토,무신귀갑주7성,3cc05359fa7e3448ecadce3818261c6a
캐시 겉옷,값진설날교복(여),3cc05359fa7e3448ecadce3818261c6a
신발,사령웅의앞발,3cc05359fa7e3448ecadce3818261c6a
목/어깨장식,단조의심단,3cc05359fa7e3448ecadce3818261c6a
캐시 무기,행운의채굴곡괭이,3cc05359fa7e3448ecadce3818261c6a
캐시 방패/보조무기,,3cc05359fa7e3448ecadce3818261c6a
캐시 얼굴장식,,3cc05359fa7e3448ecadce3818261c6a
캐시 망토,값진별의날개,3cc05359fa7e3448ecadce3818261c6a
캐시 신발,,3cc05359fa7e3448ecadce3818261c6a
캐시 목/어깨장식,방탄담요,3cc05359fa7e3448ecadce3818261c6a
세트옷,[괴수의상]아그니1성,3cc05359fa7e3448ecadce3818261c6a
캐시 세트옷,,3cc05359fa7e3448ecadce3818261c6a
장신구,자수원앙노리개2성,3cc05359fa7e3448ecadce3818261c6a
캐시 장신구,냥이방울No02,3cc05359fa7e3448ecadce3818261c6a
무기,불멸용랑봉'2강,a4729f3619021bb6351b464b8e9dfe98
갑옷,패자황금갑주,a4729f3619021bb6351b464b8e9dfe98
방패/보조무기,,a4729f3619021bb6351b464b8e9dfe98
투구,태염무신금잠9성,a4729f3619021bb6351b464b8e9dfe98
왼손,패자황금반지,a4729f3619021bb6351b464b8e9dfe98
오른손,패자황금반지,a4729f3619021bb6351b464b8e9dfe98
보조1,빛나는마사의귀목,a4729f3619021bb6351b464b8e9dfe98
보조2,빛나는마사의귀목,a4729f3619021bb6351b464b8e9dfe98
얼굴장식,고대마령의암막8성,a4729f3619021bb6351b464b8e9dfe98
캐시 투구,꽃도령갓,a4729f3619021bb6351b464b8e9dfe98
망토,무신귀갑주9성,a4729f3619021bb6351b464b8e9dfe98
캐시 겉옷,저승사자옷,a4729f3619021bb6351b464b8e9dfe98
신발,고대마령의군화'흑7성,a4729f3619021bb6351b464b8e9dfe98
목/어깨장식,고대마령의목걸이8성,a4729f3619021bb6351b464b8e9dfe98
캐시 무기,루나빗이슬방울,a4729f3619021bb6351b464b8e9dfe98
캐시 방패/보조무기,다이어터커틀벨,a4729f3619021bb6351b464b8e9dfe98
캐시 얼굴장식,,a4729f3619021bb6351b464b8e9dfe98
캐시 망토,묵룡의기운,a4729f3619021bb6351b464b8e9dfe98
캐시 신발,유성우,a4729f3619021bb6351b464b8e9dfe98
캐시 목/어깨장식,고고한선비중치막,a4729f3619021bb6351b464b8e9dfe98
세트옷,도깨비탐,a4729f3619021bb6351b464b8e9dfe98
캐시 세트옷,바람미니미도적,a4729f3619021bb6351b464b8e9dfe98
장신구,자수원앙노리개1성,a4729f3619021bb6351b464b8e9dfe98
캐시 장신구,헤리티지포인트핀,a4729f3619021bb6351b464b8e9dfe98
무기,용랑제십봉,308b97e864b4677696a70685bad18343
갑옷,환웅의갑주'9성,308b97e864b4677696a70685bad18343
방패/보조무기,,308b97e864b4677696a70685bad18343
투구,환웅의천관'9성,308b97e864b4677696a70685bad18343
왼손,용뿔흑광노리개9성,308b97e864b4677696a70685bad18343
오른손,용발톱흑광노리개9성,308b97e864b4677696a70685bad18343
보조1,투명구두,308b97e864b4677696a70685bad18343
보조2,빛나는마사의귀목,308b97e864b4677696a70685bad18343
얼굴장식,고대마령의표식10성,308b97e864b4677696a70685bad18343
캐시 투구,인성초화관,308b97e864b4677696a70685bad18343
망토,고대마령의칼날10성,308b97e864b4677696a70685bad18343
캐시 겉옷,레인보우의상(남),308b97e864b4677696a70685bad18343
신발,고대마령의군화'흑8성,308b97e864b4677696a70685bad18343
목/어깨장식,고대마령의목걸이8성,308b97e864b4677696a70685bad18343
캐시 무기,오래된채굴곡괭이,308b97e864b4677696a70685bad18343
캐시 방패/보조무기,양양이No01,308b97e864b4677696a70685bad18343
캐시 얼굴장식,,308b97e864b4677696a70685bad18343
캐시 망토,멍멍이꼬리No03,308b97e864b4677696a70685bad18343
캐시 신발,버블샌들No01남,308b97e864b4677696a70685bad18343
캐시 목/어깨장식,오버핏보이목도리,308b97e864b4677696a70685bad18343
세트옷,[괴수의상]바루나1성,308b97e864b4677696a70685bad18343
캐시 세트옷,고대구망또신수의상No01,308b97e864b4677696a70685bad18343
장신구,붉은토끼풀노리개1성,308b97e864b4677696a70685bad18343
캐시 장신구,대양의선원모자(남),308b97e864b4677696a70685bad18343
무기,주작선장,2133685c4cedda3aafa1a372e5637583
갑옷,패자황금연갑,2133685c4cedda3aafa1a372e5637583
방패/보조무기,,2133685c4cedda3aafa1a372e5637583
투구,패자의왕관,2133685c4cedda3aafa1a372e5637583
왼손,태염반지8성,2133685c4cedda3aafa1a372e5637583
오른손,용비늘흑광노리개9성,2133685c4cedda3aafa1a372e5637583
보조1,마령의노리개'흑6성,2133685c4cedda3aafa1a372e5637583
보조2,마사의귀목,2133685c4cedda3aafa1a372e5637583
얼굴장식,빛나는조사장의가면,2133685c4cedda3aafa1a372e5637583
캐시 투구,사이버펑크헤어(여),2133685c4cedda3aafa1a372e5637583
망토,무신귀갑주7성,2133685c4cedda3aafa1a372e5637583
캐시 겉옷,정열의플라워원피스,2133685c4cedda3aafa1a372e5637583
신발,사령웅의앞발,2133685c4cedda3aafa1a372e5637583
목/어깨장식,고대마령의목걸이9성,2133685c4cedda3aafa1a372e5637583
캐시 무기,행운의채굴곡괭이,2133685c4cedda3aafa1a372e5637583
캐시 방패/보조무기,레서판다든든한맹수,2133685c4cedda3aafa1a372e5637583
캐시 얼굴장식,눈장식:순수천사(자수정),2133685c4cedda3aafa1a372e5637583
캐시 망토,환계날개옷,2133685c4cedda3aafa1a372e5637583
캐시 신발,헤리티지빛나는쥬얼,2133685c4cedda3aafa1a372e5637583
캐시 목/어깨장식,요정하양목도리,2133685c4cedda3aafa1a372e5637583
세트옷,도깨비탐,2133685c4cedda3aafa1a372e5637583
캐시 세트옷,,2133685c4cedda3aafa1a372e5637583
장신구,자수원앙노리개1성,2133685c4cedda3aafa1a372e5637583
캐시 장신구,환계선녀삐죽귀,2133685c4cedda3aafa1a372e5637583
무기,고대마령의적혈봉9성,1f337763291fc0d048c8b56990ec1ac9
갑옷,패자황금연갑,1f337763291fc0d048c8b56990ec1ac9
방패/보조무기,고대마령의단검6성,1f337763291fc0d048c8b56990ec1ac9
투구,환웅의두건'9성,1f337763291fc0d048c8b56990ec1ac9
왼손,환웅의깍지'9성,1f337763291fc0d048c8b56990ec1ac9
오른손,패자황금반지,1f337763291fc0d048c8b56990ec1ac9
보조1,마령의노리개'흑6성,1f337763291fc0d048c8b56990ec1ac9
보조2,마사의귀목,1f337763291fc0d048c8b56990ec1ac9
얼굴장식,조사장의가면,1f337763291fc0d048c8b56990ec1ac9
캐시 투구,히피썸머헤어No02여,1f337763291fc0d048c8b56990ec1ac9
망토,무신귀갑주8성,1f337763291fc0d048c8b56990ec1ac9
캐시 겉옷,히피썸머의상No03여,1f337763291fc0d048c8b56990ec1ac9
신발,용왕의신발,1f337763291fc0d048c8b56990ec1ac9
목/어깨장식,단조의심단,1f337763291fc0d048c8b56990ec1ac9
캐시 무기,,1f337763291fc0d048c8b56990ec1ac9
캐시 방패/보조무기,우쿨렐레No02,1f337763291fc0d048c8b56990ec1ac9
캐시 얼굴장식,,1f337763291fc0d048c8b56990ec1ac9
캐시 망토,,1f337763291fc0d048c8b56990ec1ac9
캐시 신발,신이난초코No02,1f337763291fc0d048c8b56990ec1ac9
캐시 목/어깨장식,히피목걸이No02,1f337763291fc0d048c8b56990ec1ac9
세트옷,도깨비탐,1f337763291fc0d048c8b56990ec1ac9
캐시 세트옷,,1f337763291fc0d048c8b56990ec1ac9
장신구,붉은토끼풀노리개2성,1f337763291fc0d048c8b56990ec1ac9
캐시 장신구,냥이방울No02,1f337763291fc0d048c8b56990ec1ac9
무기,백선마봉,abbbab2c4cb0e9630ccb153162429982
갑옷,태염무신보갑8성,abbbab2c4cb0e9630ccb153162429982
방패/보조무기,,abbbab2c4cb0e9630ccb153162429982
투구,태광천신금잠7성,abbbab2c4cb0e9630ccb153162429982
왼손,금린노리개8성,abbbab2c4cb0e9630ccb153162429982
오른손,검은불꽃일격반지8성,abbbab2c4cb0e9630ccb153162429982
보조1,마사의귀목,abbbab2c4cb0e9630ccb153162429982
보조2,마사의귀목,abbbab2c4cb0e9630ccb153162429982
얼굴장식,조사장의가면,abbbab2c4cb0e9630ccb153162429982
캐시 투구,동화나라토끼귀No01,abbbab2c4cb0e9630ccb153162429982
망토,무신귀갑주8성,abbbab2c4cb0e9630ccb153162429982
캐시 겉옷,긱시크여자교복,abbbab2c4cb0e9630ccb153162429982
신발,사령웅의앞발,abbbab2c4cb0e9630ccb153162429982
목/어깨장식,단조의심단,abbbab2c4cb0e9630ccb153162429982
캐시 무기,SG-870.v2,abbbab2c4cb0e9630ccb153162429982
캐시 방패/보조무기,레서판다든든한맹수,abbbab2c4cb0e9630ccb153162429982
캐시 얼굴장식,풍선껌,abbbab2c4cb0e9630ccb153162429982
캐시 망토,캐주얼블랙백팩,abbbab2c4cb0e9630ccb153162429982
캐시 신발,보온기능장화No04여,abbbab2c4cb0e9630ccb153162429982
캐시 목/어깨장식,웨딩목걸이,abbbab2c4cb0e9630ccb153162429982
세트옷,[괴수의상]바루나1성,abbbab2c4cb0e9630ccb153162429982
캐시 세트옷,,abbbab2c4cb0e9630ccb153162429982
장신구,파란나비노리개2성,abbbab2c4cb0e9630ccb153162429982
캐시 장신구,달콤반짝이No02,abbbab2c4cb0e9630ccb153162429982
무기,고대마령의적혈봉9성,e8485875e6767852bf01da9eaae87404
갑옷,환웅의치마'7성,e8485875e6767852bf01da9eaae87404
방패/보조무기,무신귀면방7성,e8485875e6767852bf01da9eaae87404
투구,환웅의모자'7성,e8485875e6767852bf01da9eaae87404
왼손,태광노리개7성,e8485875e6767852bf01da9eaae87404
오른손,태광노리개7성,e8485875e6767852bf01da9eaae87404
보조1,마령의노리개'흑6성,e8485875e6767852bf01da9eaae87404
보조2,마사의귀목,e8485875e6767852bf01da9eaae87404
얼굴장식,시바의시선,e8485875e6767852bf01da9eaae87404
캐시 투구,레이닝걸헤어No01,e8485875e6767852bf01da9eaae87404
망토,고대마령의칼날6성,e8485875e6767852bf01da9eaae87404
캐시 겉옷,댕댕의상(여),e8485875e6767852bf01da9eaae87404
신발,사령웅의앞발,e8485875e6767852bf01da9eaae87404
목/어깨장식,고대마령의목걸이6성,e8485875e6767852bf01da9eaae87404
,,e8485875e6767852bf01da9eaae87404
캐시 방패/보조무기,대양의깃발,e8485875e6767852bf01da9eaae87404
캐시 얼굴장식,,e8485875e6767852bf01da9eaae87404
캐시 망토,,e8485875e6767852bf01da9eaae87404
캐시 신발,한가위토깽의달,e8485875e6767852bf01da9eaae87404
캐시 목/어깨장식,웨딩목걸이,e8485875e6767852bf01da9eaae87404
세트옷,도깨비탐,e8485875e6767852bf01da9eaae87404
캐시 세트옷,[구]웨딩드레스No03,e8485875e6767852bf01da9eaae87404
장신구,자수원앙노리개1성,e8485875e6767852bf01da9eaae87404
캐시 장신구,검은마스크,e8485875e6767852bf01da9eaae87404
무기,영후단봉8성,9b18368a21d64ff838c8251db72bc142
갑옷,환웅의활복'8성,9b18368a21d64ff838c8251db72bc142
방패/보조무기,,9b18368a21d64ff838c8251db72bc142
투구,환웅의천관'8성,9b18368a21d64ff838c8251db72bc142
왼손,환웅의반지'7성,9b18368a21d64ff838c8251db72bc142
오른손,환웅의팔찌'7성,9b18368a21d64ff838c8251db72bc142
보조1,마령의노리개'흑6성,9b18368a21d64ff838c8251db72bc142
보조2,마사의귀목,9b18368a21d64ff838c8251db72bc142
얼굴장식,시바의시선,9b18368a21d64ff838c8251db72bc142
캐시 투구,환계나무꾼두각,9b18368a21d64ff838c8251db72bc142
망토,무신귀갑주7성,9b18368a21d64ff838c8251db72bc142
캐시 겉옷,러브미니트No02,9b18368a21d64ff838c8251db72bc142
신발,사령웅의앞발,9b18368a21d64ff838c8251db72bc142
목/어깨장식,암흑목걸이[괴],9b18368a21d64ff838c8251db72bc142
캐시 무기,,9b18368a21d64ff838c8251db72bc142
캐시 방패/보조무기,멍멍이No01,9b18368a21d64ff838c8251db72bc142
캐시 얼굴장식,,9b18368a21d64ff838c8251db72bc142
캐시 망토,달콤토끼가방No01,9b18368a21d64ff838c8251db72bc142
캐시 신발,,9b18368a21d64ff838c8251db72bc142
캐시 목/어깨장식,히피목걸이No03,9b18368a21d64ff838c8251db72bc142
세트옷,강철의탐,9b18368a21d64ff838c8251db72bc142
캐시 세트옷,,9b18368a21d64ff838c8251db72bc142
장신구,붉은토끼풀노리개1성,9b18368a21d64ff838c8251db72bc142
캐시 장신구,핫엣지물안경No03,9b18368a21d64ff838c8251db72bc142
무기,고대마령의적혈봉8성,a513eec0ded71fc4129255bf8e70ab12
갑옷,환웅의치마'8성,a513eec0ded71fc4129255bf8e70ab12
방패/보조무기,고대마령의단검6성,a513eec0ded71fc4129255bf8e70ab12
투구,환웅의모자'8성,a513eec0ded71fc4129255bf8e70ab12
왼손,태광노리개6성,a513eec0ded71fc4129255bf8e70ab12
오른손,태광노리개6성,a513eec0ded71fc4129255bf8e70ab12
보조1,마사의귀목,a513eec0ded71fc4129255bf8e70ab12
보조2,마사의귀목,a513eec0ded71fc4129255bf8e70ab12
얼굴장식,조사장의가면,a513eec0ded71fc4129255bf8e70ab12
캐시 투구,겨울한교복도령모,a513eec0ded71fc4129255bf8e70ab12
망토,무신귀갑주6성,a513eec0ded71fc4129255bf8e70ab12
캐시 겉옷,겨울한교복(여),a513eec0ded71fc4129255bf8e70ab12
신발,사령웅의앞발,a513eec0ded71fc4129255bf8e70ab12
목/어깨장식,고대마령의목걸이7성,a513eec0ded71fc4129255bf8e70ab12
캐시 무기,행운의채굴곡괭이,a513eec0ded71fc4129255bf8e70ab12
캐시 방패/보조무기,,a513eec0ded71fc4129255bf8e70ab12
캐시 얼굴장식,,a513eec0ded71fc4129255bf8e70ab12
캐시 망토,겨울한교복털망토,a513eec0ded71fc4129255bf8e70ab12
캐시 신발,겨울반딧불,a513eec0ded71fc4129255bf8e70ab12
캐시 목/어깨장식,청사목도리,a513eec0ded71fc4129255bf8e70ab12
세트옷,[괴수의상]가루다1성,a513eec0ded71fc4129255bf8e70ab12
캐시 세트옷,,a513eec0ded71fc4129255bf8e70ab12
장신구,파란나비노리개1성,a513eec0ded71fc4129255bf8e70ab12
캐시 장신구,사이버펑크티아라,a513eec0ded71fc4129255bf8e70ab12
무기,고대마령의적혈봉7성,0aee947aa86e03e9c36dc715b9f6b983
갑옷,환웅의치마'8성,0aee947aa86e03e9c36dc715b9f6b983
방패/보조무기,고대마령의단검6성,0aee947aa86e03e9c36dc715b9f6b983
투구,태광천신금잠6성,0aee947aa86e03e9c36dc715b9f6b983
왼손,태광노리개7성,0aee947aa86e03e9c36dc715b9f6b983
오른손,금린노리개8성,0aee947aa86e03e9c36dc715b9f6b983
보조1,마사의귀목,0aee947aa86e03e9c36dc715b9f6b983
보조2,마사의귀목,0aee947aa86e03e9c36dc715b9f6b983
얼굴장식,조사장의가면,0aee947aa86e03e9c36dc715b9f6b983
캐시 투구,꽃을든여친헤어No01,0aee947aa86e03e9c36dc715b9f6b983
망토,무신귀갑주8성,0aee947aa86e03e9c36dc715b9f6b983
캐시 겉옷,오버핏걸코트No02,0aee947aa86e03e9c36dc715b9f6b983
신발,사령웅의앞발,0aee947aa86e03e9c36dc715b9f6b983
목/어깨장식,고대마령의목걸이7성,0aee947aa86e03e9c36dc715b9f6b983
캐시 무기,오래된채굴곡괭이,0aee947aa86e03e9c36dc715b9f6b983
캐시 방패/보조무기,나이트워커슈퍼카No01,0aee947aa86e03e9c36dc715b9f6b983
캐시 얼굴장식,,0aee947aa86e03e9c36dc715b9f6b983
캐시 망토,오버핏걸크로스백,0aee947aa86e03e9c36dc715b9f6b983
캐시 신발,뽀짝피그황금동전,0aee947aa86e03e9c36dc715b9f6b983
캐시 목/어깨장식,청사목도리,0aee947aa86e03e9c36dc715b9f6b983
세트옷,[괴수의상]가루다1성,0aee947aa86e03e9c36dc715b9f6b983
캐시 세트옷,,0aee947aa86e03e9c36dc715b9f6b983
장신구,파란나비노리개1성,0aee947aa86e03e9c36dc715b9f6b983
캐시 장신구,새내기사각뿔테,0aee947aa86e03e9c36dc715b9f6b983
무기,고대마령의적혈선8성,df52760a0e24be6ff7300ed419c4e8b9
갑옷,환웅의궁의'9성,df52760a0e24be6ff7300ed419c4e8b9
방패/보조무기,고대마령의방패6성,df52760a0e24be6ff7300ed419c4e8b9
투구,환웅의천관'8성,df52760a0e24be6ff7300ed419c4e8b9
왼손,환웅의선류'8성,df52760a0e24be6ff7300ed419c4e8b9
오른손,금린반지6성,df52760a0e24be6ff7300ed419c4e8b9
보조1,투명구두,df52760a0e24be6ff7300ed419c4e8b9
보조2,아그니의적영,df52760a0e24be6ff7300ed419c4e8b9
얼굴장식,빛나는조사장의가면,df52760a0e24be6ff7300ed419c4e8b9
캐시 투구,여우비쫑긋모자,df52760a0e24be6ff7300ed419c4e8b9
망토,무신귀갑주7성,df52760a0e24be6ff7300ed419c4e8b9
캐시 겉옷,토끼소녀의상No02,df52760a0e24be6ff7300ed419c4e8b9
신발,사령웅의앞발,df52760a0e24be6ff7300ed419c4e8b9
목/어깨장식,고대마령의목걸이8성,df52760a0e24be6ff7300ed419c4e8b9
캐시 무기,행운의채굴곡괭이,df52760a0e24be6ff7300ed419c4e8b9
캐시 방패/보조무기,,df52760a0e24be6ff7300ed419c4e8b9
캐시 얼굴장식,,df52760a0e24be6ff7300ed419c4e8b9
캐시 망토,,df52760a0e24be6ff7300ed419c4e8b9
캐시 신발,빗방울,df52760a0e24be6ff7300ed419c4e8b9
캐시 목/어깨장식,레이스스카프No03,df52760a0e24be6ff7300ed419c4e8b9
세트옷,[괴수의상]아이라바타1성,df52760a0e24be6ff7300ed419c4e8b9
캐시 세트옷,바람미니미주술사,df52760a0e24be6ff7300ed419c4e8b9
장신구,파란나비노리개1성,df52760a0e24be6ff7300ed419c4e8b9
캐시 장신구,깜찍펭귄얼굴,df52760a0e24be6ff7300ed419c4e8b9
무기,진혼제,c68576f47a60c170cefd65ff0e192d9a
갑옷,패자황금갑주,c68576f47a60c170cefd65ff0e192d9a
방패/보조무기,고대마령의방패8성,c68576f47a60c170cefd65ff0e192d9a
투구,패자황금투구,c68576f47a60c170cefd65ff0e192d9a
왼손,패자황금선류,c68576f47a60c170cefd65ff0e192d9a
오른손,고대마령의장갑'월10성,c68576f47a60c170cefd65ff0e192d9a
보조1,아그니의적영,c68576f47a60c170cefd65ff0e192d9a
보조2,마사의귀목,c68576f47a60c170cefd65ff0e192d9a
얼굴장식,조사장의가면,c68576f47a60c170cefd65ff0e192d9a
캐시 투구,겨울한교복도령모,c68576f47a60c170cefd65ff0e192d9a
망토,무신귀갑주7성,c68576f47a60c170cefd65ff0e192d9a
캐시 겉옷,[20주년]정장No02,c68576f47a60c170cefd65ff0e192d9a
신발,고대마령의군화'흑8성,c68576f47a60c170cefd65ff0e192d9a
목/어깨장식,고대마령의목걸이8성,c68576f47a60c170cefd65ff0e192d9a
캐시 무기,행운의채굴곡괭이,c68576f47a60c170cefd65ff0e192d9a
캐시 방패/보조무기,,c68576f47a60c170cefd65ff0e192d9a
캐시 얼굴장식,,c68576f47a60c170cefd65ff0e192d9a
캐시 망토,,c68576f47a60c170cefd65ff0e192d9a
캐시 신발,토끼발자국No01,c68576f47a60c170cefd65ff0e192d9a
캐시 목/어깨장식,대재앙하트목걸이,c68576f47a60c170cefd65ff0e192d9a
세트옷,[괴수의상]바루나1성,c68576f47a60c170cefd65ff0e192d9a
캐시 세트옷,,c68576f47a60c170cefd65ff0e192d9a
장신구,붉은토끼풀노리개3성,c68576f47a60c170cefd65ff0e192d9a
캐시 장신구,주말오후빨간실핀,c68576f47a60c170cefd65ff0e192d9a
무기,용겸제십봉,db32e0f7377274d3292fc0769605c362
갑옷,용겸멸아의8성,db32e0f7377274d3292fc0769605c362
방패/보조무기,,db32e0f7377274d3292fc0769605c362
투구,고대마령신모10성,db32e0f7377274d3292fc0769605c362
왼손,용송곳니흑광노리개9성,db32e0f7377274d3292fc0769605c362
오른손,용안의회복반지5성,db32e0f7377274d3292fc0769605c362
보조1,마사의귀목,db32e0f7377274d3292fc0769605c362
보조2,마령의노리개'흑10성,db32e0f7377274d3292fc0769605c362
얼굴장식,고대마령의표식8성,db32e0f7377274d3292fc0769605c362
캐시 투구,생크림머핀,db32e0f7377274d3292fc0769605c362
망토,용성신부'겸8성,db32e0f7377274d3292fc0769605c362
캐시 겉옷,딱콩점프슈트No02,db32e0f7377274d3292fc0769605c362
신발,고대마령의군화'흑8성,db32e0f7377274d3292fc0769605c362
목/어깨장식,고대마령의목걸이8성,db32e0f7377274d3292fc0769605c362
캐시 무기,커다란해바라기,db32e0f7377274d3292fc0769605c362
캐시 방패/보조무기,,db32e0f7377274d3292fc0769605c362
캐시 얼굴장식,코밑수염,db32e0f7377274d3292fc0769605c362
캐시 망토,환계나비정령,db32e0f7377274d3292fc0769605c362
캐시 신발,토끼발자국No01,db32e0f7377274d3292fc0769605c362
캐시 목/어깨장식,레이스칼라No01,db32e0f7377274d3292fc0769605c362
세트옷,뀨뀨,db32e0f7377274d3292fc0769605c362
캐시 세트옷,,db32e0f7377274d3292fc0769605c362
장신구,붉은토끼풀노리개2성,db32e0f7377274d3292fc0769605c362
캐시 장신구,프릴넥카라,db32e0f7377274d3292fc0769605c362
무기,진혼제,67c101fe32d3ce4376ba26da4b162e3c
갑옷,용겸멸아의8성,67c101fe32d3ce4376ba26da4b162e3c
방패/보조무기,고대마령의방패6성,67c101fe32d3ce4376ba26da4b162e3c
투구,용아천관'겸9성,67c101fe32d3ce4376ba26da4b162e3c
왼손,환웅의팔찌'8성,67c101fe32d3ce4376ba26da4b162e3c
오른손,패자황금선류,67c101fe32d3ce4376ba26da4b162e3c
보조1,마사의귀목,67c101fe32d3ce4376ba26da4b162e3c
보조2,마사의귀목,67c101fe32d3ce4376ba26da4b162e3c
얼굴장식,빛나는조사장의가면,67c101fe32d3ce4376ba26da4b162e3c
캐시 투구,꽃요정왕꽃헤어,67c101fe32d3ce4376ba26da4b162e3c
망토,무신귀갑주7성,67c101fe32d3ce4376ba26da4b162e3c
캐시 겉옷,[백두]토끼소녀의상,67c101fe32d3ce4376ba26da4b162e3c
신발,사령웅의앞발,67c101fe32d3ce4376ba26da4b162e3c
목/어깨장식,고대마령의목걸이8성,67c101fe32d3ce4376ba26da4b162e3c
캐시 무기,무지개물풍선,67c101fe32d3ce4376ba26da4b162e3c
캐시 방패/보조무기,,67c101fe32d3ce4376ba26da4b162e3c
캐시 얼굴장식,,67c101fe32d3ce4376ba26da4b162e3c
캐시 망토,분홍꽃잎,67c101fe32d3ce4376ba26da4b162e3c
캐시 신발,나비노랑반짝,67c101fe32d3ce4376ba26da4b162e3c
캐시 목/어깨장식,웨딩목걸이,67c101fe32d3ce4376ba26da4b162e3c
세트옷,[괴수의상]쿠라칸2성,67c101fe32d3ce4376ba26da4b162e3c
캐시 세트옷,고대미라정령신수의상,67c101fe32d3ce4376ba26da4b162e3c
장신구,봉황삼작금노리개1성,67c101fe32d3ce4376ba26da4b162e3c
캐시 장신구,금빛화랑귀걸이,67c101fe32d3ce4376ba26da4b162e3c
무기,고대마령의적혈선6성,9f7c5c514246273681e4d0cd3b244558
갑옷,용겸파천의8성,9f7c5c514246273681e4d0cd3b244558
방패/보조무기,고대마령의방패6성,9f7c5c514246273681e4d0cd3b244558
투구,환웅의머리띠'9성,9f7c5c514246273681e4d0cd3b244558
왼손,용안의마안반지5성,9f7c5c514246273681e4d0cd3b244558
오른손,용송곳니흑광노리개9성,9f7c5c514246273681e4d0cd3b244558
보조1,마사의귀목,9f7c5c514246273681e4d0cd3b244558
보조2,마사의귀목,9f7c5c514246273681e4d0cd3b244558
얼굴장식,고대마령의암막6성,9f7c5c514246273681e4d0cd3b244558
캐시 투구,포립No03,9f7c5c514246273681e4d0cd3b244558
망토,금린화월5성,9f7c5c514246273681e4d0cd3b244558
캐시 겉옷,꼬마집요정의상(남),9f7c5c514246273681e4d0cd3b244558
신발,사령웅의앞발,9f7c5c514246273681e4d0cd3b244558
목/어깨장식,진'흉수의인장,9f7c5c514246273681e4d0cd3b244558
캐시 무기,행운의채굴곡괭이,9f7c5c514246273681e4d0cd3b244558
캐시 방패/보조무기,,9f7c5c514246273681e4d0cd3b244558
캐시 얼굴장식,,9f7c5c514246273681e4d0cd3b244558
캐시 망토,깐깐한유체가방,9f7c5c514246273681e4d0cd3b244558
캐시 신발,유성우,9f7c5c514246273681e4d0cd3b244558
캐시 목/어깨장식,,9f7c5c514246273681e4d0cd3b244558
세트옷,도깨비탐,9f7c5c514246273681e4d0cd3b244558
캐시 세트옷,,9f7c5c514246273681e4d0cd3b244558
장신구,붉은토끼풀노리개1성,9f7c5c514246273681e4d0cd3b244558
캐시 장신구,검은마스크,9f7c5c514246273681e4d0cd3b244558
무기,대모홍접선6성,4ebcbea13044c71fe7bbc96311b05c75
갑옷,용겸멸아의6성,4ebcbea13044c71fe7bbc96311b05c75
방패/보조무기,고대마령의단검4성,4ebcbea13044c71fe7bbc96311b05c75
투구,태광천신금잠7성,4ebcbea13044c71fe7bbc96311b05c75
,,4ebcbea13044c71fe7bbc96311b05c75
오른손,금린노리개6성,4ebcbea13044c71fe7bbc96311b05c75
보조1,마사의귀목,4ebcbea13044c71fe7bbc96311b05c75
보조2,마사의귀목,4ebcbea13044c71fe7bbc96311b05c75
얼굴장식,조사장의가면,4ebcbea13044c71fe7bbc96311b05c75
,,4ebcbea13044c71fe7bbc96311b05c75
망토,암흑망토(손상),4ebcbea13044c71fe7bbc96311b05c75
캐시 겉옷,[백두]토끼소녀의상,4ebcbea13044c71fe7bbc96311b05c75
신발,사령웅의앞발,4ebcbea13044c71fe7bbc96311b05c75
,,4ebcbea13044c71fe7bbc96311b05c75
,,4ebcbea13044c71fe7bbc96311b05c75
,,4ebcbea13044c71fe7bbc96311b05c75
캐시 얼굴장식,,4ebcbea13044c71fe7bbc96311b05c75
캐시 망토,한밤꿈요정날개,4ebcbea13044c71fe7bbc96311b05c75
캐시 신발,한밤꿈의달빛걸음,4ebcbea13044c71fe7bbc96311b05c75
캐시 목/어깨장식,레이스칼라No01,4ebcbea13044c71fe7bbc96311b05c75
,,4ebcbea13044c71fe7bbc96311b05c75
캐시 세트옷,,4ebcbea13044c71fe7bbc96311b05c75
장신구,붉은토끼풀노리개3성,4ebcbea13044c71fe7bbc96311b05c75
캐시 장신구,한밤꿈요정목걸이,4ebcbea13044c71fe7bbc96311b05c75
무기,고대마령의적혈선6성,4a8dc6094d5ed2f577366dd26c70f943
갑옷,,4a8dc6094d5ed2f577366dd26c70f943
방패/보조무기,,4a8dc6094d5ed2f577366dd26c70f943
투구,전설구미호모자,4a8dc6094d5ed2f577366dd26c70f943
왼손,용안의회복반지5성,4a8dc6094d5ed2f577366dd26c70f943
오른손,용안의회복반지5성,4a8dc6094d5ed2f577366dd26c70f943
보조1,마사의귀목,4a8dc6094d5ed2f577366dd26c70f943
보조2,마사의귀목,4a8dc6094d5ed2f577366dd26c70f943
얼굴장식,,4a8dc6094d5ed2f577366dd26c70f943
캐시 투구,,4a8dc6094d5ed2f577366dd26c70f943
망토,용성신부'겸5성,4a8dc6094d5ed2f577366dd26c70f943
캐시 겉옷,반짇고리도깨비의상No01,4a8dc6094d5ed2f577366dd26c70f943
신발,사령웅의앞발,4a8dc6094d5ed2f577366dd26c70f943
목/어깨장식,고대마령의목걸이6성,4a8dc6094d5ed2f577366dd26c70f943
캐시 무기,행운의채굴곡괭이,4a8dc6094d5ed2f577366dd26c70f943
캐시 방패/보조무기,,4a8dc6094d5ed2f577366dd26c70f943
캐시 얼굴장식,,4a8dc6094d5ed2f577366dd26c70f943
캐시 망토,,4a8dc6094d5ed2f577366dd26c70f943
캐시 신발,,4a8dc6094d5ed2f577366dd26c70f943
캐시 목/어깨장식,,4a8dc6094d5ed2f577366dd26c70f943
세트옷,도깨비탐,4a8dc6094d5ed2f577366dd26c70f943
캐시 세트옷,,4a8dc6094d5ed2f577366dd26c70f943
장신구,,4a8dc6094d5ed2f577366dd26c70f943
캐시 장신구,양양귀No01,4a8dc6094d5ed2f577366dd26c70f943
무기,,cb0b246e5b54733726355577d296cd88
갑옷,꽃장식여자갑옷,cb0b246e5b54733726355577d296cd88
방패/보조무기,,cb0b246e5b54733726355577d296cd88
투구,,cb0b246e5b54733726355577d296cd88
왼손,도사금반지10성,cb0b246e5b54733726355577d296cd88
오른손,도사금반지10성,cb0b246e5b54733726355577d296cd88
보조1,마사의귀목,cb0b246e5b54733726355577d296cd88
보조2,마사의귀목,cb0b246e5b54733726355577d296cd88
얼굴장식,고대마령의표식6성,cb0b246e5b54733726355577d296cd88
캐시 투구,레이닝걸헤어No01,cb0b246e5b54733726355577d296cd88
망토,,cb0b246e5b54733726355577d296cd88
캐시 겉옷,양치기소녀의상No02,cb0b246e5b54733726355577d296cd88
신발,용왕의신발,cb0b246e5b54733726355577d296cd88
목/어깨장식,진'흉수의인장,cb0b246e5b54733726355577d296cd88
캐시 무기,,cb0b246e5b54733726355577d296cd88
캐시 방패/보조무기,우쿨렐레No02,cb0b246e5b54733726355577d296cd88
캐시 얼굴장식,,cb0b246e5b54733726355577d296cd88
캐시 망토,,cb0b246e5b54733726355577d296cd88
캐시 신발,유성우,cb0b246e5b54733726355577d296cd88
캐시 목/어깨장식,히피목걸이No02,cb0b246e5b54733726355577d296cd88
세트옷,도깨비탐,cb0b246e5b54733726355577d296cd88
캐시 세트옷,,cb0b246e5b54733726355577d296cd88
장신구,붉은토끼풀노리개2성,cb0b246e5b54733726355577d296cd88
캐시 장신구,핫엣지물안경No03,cb0b246e5b54733726355577d296cd88
무기,환웅천신장'9각,aa32c78a20d6f1200a362464ef25a0df
갑옷,환웅의치마'8성,aa32c78a20d6f1200a362464ef25a0df
방패/보조무기,고대마령의단검6성,aa32c78a20d6f1200a362464ef25a0df
투구,금린추월관6성,aa32c78a20d6f1200a362464ef25a0df
왼손,금린노리개7성,aa32c78a20d6f1200a362464ef25a0df
오른손,환웅의반지'8성,aa32c78a20d6f1200a362464ef25a0df
보조1,마사의귀목,aa32c78a20d6f1200a362464ef25a0df
보조2,마사의귀목,aa32c78a20d6f1200a362464ef25a0df
얼굴장식,고대마령의표식6성,aa32c78a20d6f1200a362464ef25a0df
캐시 투구,나비요정헤어(여),aa32c78a20d6f1200a362464ef25a0df
망토,금린추월6성,aa32c78a20d6f1200a362464ef25a0df
캐시 겉옷,한밤꿈요정의복,aa32c78a20d6f1200a362464ef25a0df
신발,고대마령의군화'월7성,aa32c78a20d6f1200a362464ef25a0df
목/어깨장식,고대마령의목걸이6성,aa32c78a20d6f1200a362464ef25a0df
캐시 무기,,aa32c78a20d6f1200a362464ef25a0df
캐시 방패/보조무기,할로윈악마곰돌이,aa32c78a20d6f1200a362464ef25a0df
캐시 얼굴장식,,aa32c78a20d6f1200a362464ef25a0df
캐시 망토,왕실왕자등장식No01,aa32c78a20d6f1200a362464ef25a0df
캐시 신발,겨울반딧불,aa32c78a20d6f1200a362464ef25a0df
캐시 목/어깨장식,스트릿캐주얼곰목걸이,aa32c78a20d6f1200a362464ef25a0df
세트옷,[괴수의상]오구타이1성,aa32c78a20d6f1200a362464ef25a0df
캐시 세트옷,,aa32c78a20d6f1200a362464ef25a0df
장신구,파란나비노리개1성,aa32c78a20d6f1200a362464ef25a0df
캐시 장신구,요정헤어핀No02,aa32c78a20d6f1200a362464ef25a0df
무기,고대마령의적혈선9성,03846f7e5c3aae9b0c9a45a8d0bfd787
갑옷,용겸파천의8성,03846f7e5c3aae9b0c9a45a8d0bfd787
방패/보조무기,고대마령의단검6성,03846f7e5c3aae9b0c9a45a8d0bfd787
투구,고대마령신모10성,03846f7e5c3aae9b0c9a45a8d0bfd787
왼손,금린반지6성,03846f7e5c3aae9b0c9a45a8d0bfd787
오른손,태광노리개6성,03846f7e5c3aae9b0c9a45a8d0bfd787
보조1,마사의귀목,03846f7e5c3aae9b0c9a45a8d0bfd787
보조2,마사의귀목,03846f7e5c3aae9b0c9a45a8d0bfd787
얼굴장식,빛나는조사장의가면,03846f7e5c3aae9b0c9a45a8d0bfd787
캐시 투구,초코델리소녀헤어,03846f7e5c3aae9b0c9a45a8d0bfd787
망토,금린화월6성,03846f7e5c3aae9b0c9a45a8d0bfd787
캐시 겉옷,은하수샛별한복(여),03846f7e5c3aae9b0c9a45a8d0bfd787
신발,용왕의신발,03846f7e5c3aae9b0c9a45a8d0bfd787
목/어깨장식,진'흉수의인장,03846f7e5c3aae9b0c9a45a8d0bfd787
캐시 무기,,03846f7e5c3aae9b0c9a45a8d0bfd787
캐시 방패/보조무기,반짇고리도깨비노란골무,03846f7e5c3aae9b0c9a45a8d0bfd787
캐시 얼굴장식,,03846f7e5c3aae9b0c9a45a8d0bfd787
캐시 망토,야옹집사고양이꼬리,03846f7e5c3aae9b0c9a45a8d0bfd787
캐시 신발,흩뿌려진꽃잎No02,03846f7e5c3aae9b0c9a45a8d0bfd787
캐시 목/어깨장식,포근목후드(빨강),03846f7e5c3aae9b0c9a45a8d0bfd787
세트옷,[괴수의상]가루다1성,03846f7e5c3aae9b0c9a45a8d0bfd787
캐시 세트옷,,03846f7e5c3aae9b0c9a45a8d0bfd787
장신구,파란나비노리개1성,03846f7e5c3aae9b0c9a45a8d0bfd787
캐시 장신구,바람유니콘목장식(여),03846f7e5c3aae9b0c9a45a8d0bfd787
무기,불멸용섬궁'2강,e70943738fcd5a552d23d75360fb11c8
갑옷,용섬멸아복9성,e70943738fcd5a552d23d75360fb11c8
방패/보조무기,흑룡화살통,e70943738fcd5a552d23d75360fb11c8
투구,환웅의머릿깃'8성,e70943738fcd5a552d23d75360fb11c8
왼손,패자황금깍지,e70943738fcd5a552d23d75360fb11c8
오른손,패자황금깍지,e70943738fcd5a552d23d75360fb11c8
보조1,마령의노리개'월10성,e70943738fcd5a552d23d75360fb11c8
보조2,빛나는마사의귀목,e70943738fcd5a552d23d75360fb11c8
얼굴장식,고대마령의암막8성,e70943738fcd5a552d23d75360fb11c8
캐시 투구,성탄요정헤어(여),e70943738fcd5a552d23d75360fb11c8
망토,무신귀갑주10성,e70943738fcd5a552d23d75360fb11c8
캐시 겉옷,대양의선원복(여),e70943738fcd5a552d23d75360fb11c8
신발,고대마령의군화'흑8성,e70943738fcd5a552d23d75360fb11c8
목/어깨장식,고대마령의목걸이8성,e70943738fcd5a552d23d75360fb11c8
캐시 무기,[심야]행운의채굴곡괭이,e70943738fcd5a552d23d75360fb11c8
캐시 방패/보조무기,웨딩비둘기,e70943738fcd5a552d23d75360fb11c8
캐시 얼굴장식,,e70943738fcd5a552d23d75360fb11c8
캐시 망토,분홍꽃잎,e70943738fcd5a552d23d75360fb11c8
캐시 신발,토끼발자국No01,e70943738fcd5a552d23d75360fb11c8
캐시 목/어깨장식,웨딩목걸이,e70943738fcd5a552d23d75360fb11c8
세트옷,[괴수의상]아그니1성,e70943738fcd5a552d23d75360fb11c8
캐시 세트옷,령'이화선인분신'매,e70943738fcd5a552d23d75360fb11c8
장신구,자수원앙노리개4성,e70943738fcd5a552d23d75360fb11c8
캐시 장신구,숲속친구꽃장식,e70943738fcd5a552d23d75360fb11c8
무기,용섬제십궁,e8f14b9b4f17dcc618bf915020410b04
갑옷,환웅의활복'9성,e8f14b9b4f17dcc618bf915020410b04
방패/보조무기,고대마령의화살통6성,e8f14b9b4f17dcc618bf915020410b04
투구,패자의왕관,e8f14b9b4f17dcc618bf915020410b04
왼손,금린반지8성,e8f14b9b4f17dcc618bf915020410b04
오른손,용발톱흑광노리개8성,e8f14b9b4f17dcc618bf915020410b04
보조1,천도의목걸이,e8f14b9b4f17dcc618bf915020410b04
보조2,마사의귀목,e8f14b9b4f17dcc618bf915020410b04
얼굴장식,조사장의가면,e8f14b9b4f17dcc618bf915020410b04
캐시 투구,얼음요정헤어(남),e8f14b9b4f17dcc618bf915020410b04
망토,용성장견'섬7성,e8f14b9b4f17dcc618bf915020410b04
캐시 겉옷,봄의청사두루마기,e8f14b9b4f17dcc618bf915020410b04
신발,사령웅의앞발,e8f14b9b4f17dcc618bf915020410b04
목/어깨장식,진'흉수의인장,e8f14b9b4f17dcc618bf915020410b04
캐시 무기,[출석]매화가지,e8f14b9b4f17dcc618bf915020410b04
캐시 방패/보조무기,,e8f14b9b4f17dcc618bf915020410b04
캐시 얼굴장식,[30주년]넥슨히어로하트,e8f14b9b4f17dcc618bf915020410b04
캐시 망토,봄의청사꽃송이,e8f14b9b4f17dcc618bf915020410b04
캐시 신발,봄의청사기운,e8f14b9b4f17dcc618bf915020410b04
캐시 목/어깨장식,우아한눈꽃설빛목도리,e8f14b9b4f17dcc618bf915020410b04
세트옷,[괴수의상]가네샤1성,e8f14b9b4f17dcc618bf915020410b04
캐시 세트옷,바람미니미도적,e8f14b9b4f17dcc618bf915020410b04
장신구,파란나비노리개2성,e8f14b9b4f17dcc618bf915020410b04
캐시 장신구,베베머리위뱁새,e8f14b9b4f17dcc618bf915020410b04
무기,명성강노7성,847432190cdd77472292d9c5a802e49f
갑옷,태광천신신복8성,847432190cdd77472292d9c5a802e49f
방패/보조무기,흑룡화살통,847432190cdd77472292d9c5a802e49f
투구,환웅의두건'8성,847432190cdd77472292d9c5a802e49f
왼손,태염반지6성,847432190cdd77472292d9c5a802e49f
오른손,금린반지6성,847432190cdd77472292d9c5a802e49f
보조1,마령의노리개'흑6성,847432190cdd77472292d9c5a802e49f
보조2,마사의귀목,847432190cdd77472292d9c5a802e49f
얼굴장식,고대마령의암막6성,847432190cdd77472292d9c5a802e49f
캐시 투구,성탄요정헤어(여),847432190cdd77472292d9c5a802e49f
망토,금린화월6성,847432190cdd77472292d9c5a802e49f
캐시 겉옷,허니베어의상(여),847432190cdd77472292d9c5a802e49f
신발,고대마령의군화'흑6성,847432190cdd77472292d9c5a802e49f
목/어깨장식,고대마령의목걸이6성,847432190cdd77472292d9c5a802e49f
캐시 무기,,847432190cdd77472292d9c5a802e49f
캐시 방패/보조무기,,847432190cdd77472292d9c5a802e49f
캐시 얼굴장식,,847432190cdd77472292d9c5a802e49f
캐시 망토,멍멍이꼬리No02,847432190cdd77472292d9c5a802e49f
캐시 신발,유성우,847432190cdd77472292d9c5a802e49f
캐시 목/어깨장식,레이스스카프No01,847432190cdd77472292d9c5a802e49f
세트옷,강철의탐,847432190cdd77472292d9c5a802e49f
캐시 세트옷,[구]망또No01,847432190cdd77472292d9c5a802e49f
장신구,붉은토끼풀노리개1성,847432190cdd77472292d9c5a802e49f
캐시 장신구,허니베어머리띠,847432190cdd77472292d9c5a802e49f
무기,명성강노8성,74298dcc019daa435461ccc4e85ce30b
갑옷,용섬멸아복8성,74298dcc019daa435461ccc4e85ce30b
방패/보조무기,고대마령의화살통5성,74298dcc019daa435461ccc4e85ce30b
투구,고대마령투구6성,74298dcc019daa435461ccc4e85ce30b
왼손,환웅의깍지'7성,74298dcc019daa435461ccc4e85ce30b
오른손,검은불꽃일격반지8성,74298dcc019daa435461ccc4e85ce30b
보조1,마사의귀목,74298dcc019daa435461ccc4e85ce30b
보조2,마사의귀목,74298dcc019daa435461ccc4e85ce30b
얼굴장식,조사장의가면,74298dcc019daa435461ccc4e85ce30b
캐시 투구,순수천사헤어(남),74298dcc019daa435461ccc4e85ce30b
망토,용성장견'섬8성,74298dcc019daa435461ccc4e85ce30b
캐시 겉옷,가을홀릭소년의상No01,74298dcc019daa435461ccc4e85ce30b
신발,사령웅의앞발,74298dcc019daa435461ccc4e85ce30b
목/어깨장식,고대마령의목걸이6성,74298dcc019daa435461ccc4e85ce30b
캐시 무기,노릇떡꼬치,74298dcc019daa435461ccc4e85ce30b
캐시 방패/보조무기,눈꽃연등,74298dcc019daa435461ccc4e85ce30b
캐시 얼굴장식,[30주년]넥슨히어로하트,74298dcc019daa435461ccc4e85ce30b
캐시 망토,뱀파이어박쥐,74298dcc019daa435461ccc4e85ce30b
캐시 신발,나비하양반짝,74298dcc019daa435461ccc4e85ce30b
캐시 목/어깨장식,포근목후드(빨강),74298dcc019daa435461ccc4e85ce30b
세트옷,[괴수의상]가루다1성,74298dcc019daa435461ccc4e85ce30b
캐시 세트옷,,74298dcc019daa435461ccc4e85ce30b
장신구,파란나비노리개2성,74298dcc019daa435461ccc4e85ce30b
캐시 장신구,아롱이No01,74298dcc019daa435461ccc4e85ce30b
무기,진'서라마옥노,ed0a02107b8b8d263a3386933480050e
갑옷,진'서라마옥포(여),ed0a02107b8b8d263a3386933480050e
방패/보조무기,고대마령의화살통6성,ed0a02107b8b8d263a3386933480050e
투구,진'서라마옥천관,ed0a02107b8b8d263a3386933480050e
왼손,흑룡반지,ed0a02107b8b8d263a3386933480050e
오른손,환웅의천수'7성,ed0a02107b8b8d263a3386933480050e
보조1,마사의귀목,ed0a02107b8b8d263a3386933480050e
보조2,마사의귀목,ed0a02107b8b8d263a3386933480050e
얼굴장식,고대마령의암막6성,ed0a02107b8b8d263a3386933480050e
캐시 투구,,ed0a02107b8b8d263a3386933480050e
망토,암흑망토,ed0a02107b8b8d263a3386933480050e
캐시 겉옷,한밤꿈요정의복,ed0a02107b8b8d263a3386933480050e
신발,용왕의신발,ed0a02107b8b8d263a3386933480050e
목/어깨장식,흉수의인장,ed0a02107b8b8d263a3386933480050e
캐시 무기,,ed0a02107b8b8d263a3386933480050e
캐시 방패/보조무기,꿈요정러블리향수,ed0a02107b8b8d263a3386933480050e
캐시 얼굴장식,겨울선물흰수염,ed0a02107b8b8d263a3386933480050e
캐시 망토,,ed0a02107b8b8d263a3386933480050e
캐시 신발,,ed0a02107b8b8d263a3386933480050e
캐시 목/어깨장식,니트목도리No03,ed0a02107b8b8d263a3386933480050e
세트옷,전우치분신,ed0a02107b8b8d263a3386933480050e
캐시 세트옷,,ed0a02107b8b8d263a3386933480050e
장신구,붉은토끼풀노리개3성,ed0a02107b8b8d263a3386933480050e
캐시 장신구,한밤꿈요정목걸이,ed0a02107b8b8d263a3386933480050e
무기,고대마령의적혈궁6성,f2753f09bea6dedb79fa2e7d2f00a365
갑옷,태광천신의복8성,f2753f09bea6dedb79fa2e7d2f00a365
방패/보조무기,고대마령의화살통6성,f2753f09bea6dedb79fa2e7d2f00a365
투구,,f2753f09bea6dedb79fa2e7d2f00a365
왼손,[상급]봉래산반지,f2753f09bea6dedb79fa2e7d2f00a365
오른손,[상급]봉래산반지,f2753f09bea6dedb79fa2e7d2f00a365
보조1,마령의노리개'흑6성,f2753f09bea6dedb79fa2e7d2f00a365
보조2,마사의귀목,f2753f09bea6dedb79fa2e7d2f00a365
얼굴장식,조사장의가면,f2753f09bea6dedb79fa2e7d2f00a365
캐시 투구,,f2753f09bea6dedb79fa2e7d2f00a365
망토,천마궁의망토,f2753f09bea6dedb79fa2e7d2f00a365
캐시 겉옷,딱콩점프슈트No01,f2753f09bea6dedb79fa2e7d2f00a365
신발,사령웅의앞발,f2753f09bea6dedb79fa2e7d2f00a365
목/어깨장식,고대마령의목걸이6성,f2753f09bea6dedb79fa2e7d2f00a365
캐시 무기,[바람X크아]BNB물풍선,f2753f09bea6dedb79fa2e7d2f00a365
캐시 방패/보조무기,반짇고리도깨비노란골무,f2753f09bea6dedb79fa2e7d2f00a365
캐시 얼굴장식,,f2753f09bea6dedb79fa2e7d2f00a365
캐시 망토,환계나비정령,f2753f09bea6dedb79fa2e7d2f00a365
캐시 신발,유성우,f2753f09bea6dedb79fa2e7d2f00a365
캐시 목/어깨장식,,f2753f09bea6dedb79fa2e7d2f00a365
세트옷,꺄꺄,f2753f09bea6dedb79fa2e7d2f00a365
캐시 세트옷,고대구웨딩신수의상No05,f2753f09bea6dedb79fa2e7d2f00a365
장신구,봉황삼작금노리개1성,f2753f09bea6dedb79fa2e7d2f00a365
캐시 장신구,바린족얼굴무늬No01,f2753f09bea6dedb79fa2e7d2f00a365
무기,용섬제십궁,854d68f914d6203bfaf7b0f78d7127dd
갑옷,패자황금갑주,854d68f914d6203bfaf7b0f78d7127dd
방패/보조무기,흑룡화살통,854d68f914d6203bfaf7b0f78d7127dd
투구,환웅의천관'7성,854d68f914d6203bfaf7b0f78d7127dd
왼손,패자황금깍지,854d68f914d6203bfaf7b0f78d7127dd
오른손,패자황금깍지,854d68f914d6203bfaf7b0f78d7127dd
보조1,마사의귀목,854d68f914d6203bfaf7b0f78d7127dd
보조2,마사의귀목,854d68f914d6203bfaf7b0f78d7127dd
얼굴장식,조사장의가면,854d68f914d6203bfaf7b0f78d7127dd
캐시 투구,상큼장마헤어(남),854d68f914d6203bfaf7b0f78d7127dd
망토,천마궁의망토,854d68f914d6203bfaf7b0f78d7127dd
캐시 겉옷,꾸러기의상No02남,854d68f914d6203bfaf7b0f78d7127dd
신발,사령웅의앞발,854d68f914d6203bfaf7b0f78d7127dd
목/어깨장식,고대마령의목걸이8성,854d68f914d6203bfaf7b0f78d7127dd
캐시 무기,오래된채굴곡괭이,854d68f914d6203bfaf7b0f78d7127dd
캐시 방패/보조무기,눈꽃연등,854d68f914d6203bfaf7b0f78d7127dd
캐시 얼굴장식,,854d68f914d6203bfaf7b0f78d7127dd
캐시 망토,,854d68f914d6203bfaf7b0f78d7127dd
캐시 신발,유성우,854d68f914d6203bfaf7b0f78d7127dd
캐시 목/어깨장식,말랑오리튜브,854d68f914d6203bfaf7b0f78d7127dd
세트옷,강철의탐,854d68f914d6203bfaf7b0f78d7127dd
캐시 세트옷,,854d68f914d6203bfaf7b0f78d7127dd
장신구,파란나비노리개1성,854d68f914d6203bfaf7b0f78d7127dd
캐시 장신구,냥이방울No02,854d68f914d6203bfaf7b0f78d7127dd
무기,고대마령의적혈궁6성,d850c1dd14e07aa6a8e3f4e12e12b5de
갑옷,환웅의궁의'7성,d850c1dd14e07aa6a8e3f4e12e12b5de
방패/보조무기,천궁화살통,d850c1dd14e07aa6a8e3f4e12e12b5de
투구,환웅의머릿깃'7성,d850c1dd14e07aa6a8e3f4e12e12b5de
왼손,금린반지6성,d850c1dd14e07aa6a8e3f4e12e12b5de
오른손,금린노리개6성,d850c1dd14e07aa6a8e3f4e12e12b5de
보조1,마사의귀목,d850c1dd14e07aa6a8e3f4e12e12b5de
보조2,마사의귀목,d850c1dd14e07aa6a8e3f4e12e12b5de
얼굴장식,조사장의가면,d850c1dd14e07aa6a8e3f4e12e12b5de
캐시 투구,,d850c1dd14e07aa6a8e3f4e12e12b5de
망토,무신귀갑주6성,d850c1dd14e07aa6a8e3f4e12e12b5de
캐시 겉옷,,d850c1dd14e07aa6a8e3f4e12e12b5de
신발,사령웅의앞발,d850c1dd14e07aa6a8e3f4e12e12b5de
목/어깨장식,고대마령의목걸이7성,d850c1dd14e07aa6a8e3f4e12e12b5de
캐시 무기,,d850c1dd14e07aa6a8e3f4e12e12b5de
캐시 방패/보조무기,,d850c1dd14e07aa6a8e3f4e12e12b5de
캐시 얼굴장식,,d850c1dd14e07aa6a8e3f4e12e12b5de
캐시 망토,,d850c1dd14e07aa6a8e3f4e12e12b5de
캐시 신발,나비하양반짝,d850c1dd14e07aa6a8e3f4e12e12b5de
캐시 목/어깨장식,,d850c1dd14e07aa6a8e3f4e12e12b5de
세트옷,싸울아비분신,d850c1dd14e07aa6a8e3f4e12e12b5de
캐시 세트옷,,d850c1dd14e07aa6a8e3f4e12e12b5de
장신구,,d850c1dd14e07aa6a8e3f4e12e12b5de
캐시 장신구,,d850c1dd14e07aa6a8e3f4e12e12b5de
무기,명성강노7성,83df748f04622be310a592dec1c0cd7f
갑옷,환웅의갑주'7성,83df748f04622be310a592dec1c0cd7f
방패/보조무기,흑룡화살통,83df748f04622be310a592dec1c0cd7f
투구,환웅의두건'7성,83df748f04622be310a592dec1c0cd7f
왼손,백기린팔찌,83df748f04622be310a592dec1c0cd7f
오른손,백기린팔찌,83df748f04622be310a592dec1c0cd7f
보조1,마사의귀목,83df748f04622be310a592dec1c0cd7f
보조2,마사의귀목,83df748f04622be310a592dec1c0cd7f
얼굴장식,조사장의가면,83df748f04622be310a592dec1c0cd7f
캐시 투구,[패스]볼캡소년헤어,83df748f04622be310a592dec1c0cd7f
망토,천마궁의망토,83df748f04622be310a592dec1c0cd7f
캐시 겉옷,값진설날교복(남),83df748f04622be310a592dec1c0cd7f
신발,사령웅의앞발,83df748f04622be310a592dec1c0cd7f
목/어깨장식,단조의심단,83df748f04622be310a592dec1c0cd7f
캐시 무기,롤링팝레드머니건,83df748f04622be310a592dec1c0cd7f
캐시 방패/보조무기,멍멍이No01,83df748f04622be310a592dec1c0cd7f
캐시 얼굴장식,,83df748f04622be310a592dec1c0cd7f
캐시 망토,값진별의날개,83df748f04622be310a592dec1c0cd7f
캐시 신발,값진반짝클로버,83df748f04622be310a592dec1c0cd7f
캐시 목/어깨장식,[패스]따뜻머플러,83df748f04622be310a592dec1c0cd7f
세트옷,강철의탐,83df748f04622be310a592dec1c0cd7f
캐시 세트옷,,83df748f04622be310a592dec1c0cd7f
장신구,파란나비노리개1성,83df748f04622be310a592dec1c0cd7f
캐시 장신구,값진행운브로치,83df748f04622be310a592dec1c0cd7f
무기,명성강궁6성,76c7ff54fc9eec79c7f556ae1e975c90
갑옷,환웅의갑주'8성,76c7ff54fc9eec79c7f556ae1e975c90
방패/보조무기,고대마령의화살통6성,76c7ff54fc9eec79c7f556ae1e975c90
투구,환웅의투구'8성,76c7ff54fc9eec79c7f556ae1e975c90
왼손,금린반지6성,76c7ff54fc9eec79c7f556ae1e975c90
오른손,금린반지5성,76c7ff54fc9eec79c7f556ae1e975c90
보조1,마사의귀목,76c7ff54fc9eec79c7f556ae1e975c90
보조2,마사의귀목,76c7ff54fc9eec79c7f556ae1e975c90
얼굴장식,조사장의가면,76c7ff54fc9eec79c7f556ae1e975c90
캐시 투구,은설랑머리장식,76c7ff54fc9eec79c7f556ae1e975c90
망토,천마궁의망토,76c7ff54fc9eec79c7f556ae1e975c90
캐시 겉옷,은설랑의복,76c7ff54fc9eec79c7f556ae1e975c90
신발,사령웅의앞발,76c7ff54fc9eec79c7f556ae1e975c90
목/어깨장식,진'흉수의인장,76c7ff54fc9eec79c7f556ae1e975c90
캐시 무기,오래된채굴곡괭이,76c7ff54fc9eec79c7f556ae1e975c90
캐시 방패/보조무기,,76c7ff54fc9eec79c7f556ae1e975c90
캐시 얼굴장식,,76c7ff54fc9eec79c7f556ae1e975c90
캐시 망토,러블리토끼No01,76c7ff54fc9eec79c7f556ae1e975c90
캐시 신발,몽실몽실구름,76c7ff54fc9eec79c7f556ae1e975c90
캐시 목/어깨장식,복주머니,76c7ff54fc9eec79c7f556ae1e975c90
세트옷,강철의탐,76c7ff54fc9eec79c7f556ae1e975c90
캐시 세트옷,,76c7ff54fc9eec79c7f556ae1e975c90
장신구,파란나비노리개1성,76c7ff54fc9eec79c7f556ae1e975c90
캐시 장신구,새내기사각뿔테,76c7ff54fc9eec79c7f556ae1e975c90
무기,용주제십도,df92f5f3d187e8d7aea7dc9124d5e17f
갑옷,용주파천단8성,df92f5f3d187e8d7aea7dc9124d5e17f
방패/보조무기,,df92f5f3d187e8d7aea7dc9124d5e17f
투구,용아천관'주8성,df92f5f3d187e8d7aea7dc9124d5e17f
왼손,패자황금손목띠,df92f5f3d187e8d7aea7dc9124d5e17f
오른손,환인장갑'1성,df92f5f3d187e8d7aea7dc9124d5e17f
보조1,마령의노리개'흑6성,df92f5f3d187e8d7aea7dc9124d5e17f
보조2,빛나는마사의귀목,df92f5f3d187e8d7aea7dc9124d5e17f
얼굴장식,시바의시선,df92f5f3d187e8d7aea7dc9124d5e17f
캐시 투구,,df92f5f3d187e8d7aea7dc9124d5e17f
망토,용성신부'주8성,df92f5f3d187e8d7aea7dc9124d5e17f
캐시 겉옷,나그네여름도포(남),df92f5f3d187e8d7aea7dc9124d5e17f
신발,사령웅의앞발,df92f5f3d187e8d7aea7dc9124d5e17f
목/어깨장식,고대마령의목걸이6성,df92f5f3d187e8d7aea7dc9124d5e17f
캐시 무기,행운의채굴곡괭이,df92f5f3d187e8d7aea7dc9124d5e17f
캐시 방패/보조무기,웨딩비둘기,df92f5f3d187e8d7aea7dc9124d5e17f
캐시 얼굴장식,,df92f5f3d187e8d7aea7dc9124d5e17f
캐시 망토,노란꽃잎,df92f5f3d187e8d7aea7dc9124d5e17f
캐시 신발,토끼발자국No01,df92f5f3d187e8d7aea7dc9124d5e17f
캐시 목/어깨장식,곤충채집무당벌레,df92f5f3d187e8d7aea7dc9124d5e17f
세트옷,[괴수의상]바루나2성,df92f5f3d187e8d7aea7dc9124d5e17f
캐시 세트옷,,df92f5f3d187e8d7aea7dc9124d5e17f
장신구,붉은토끼풀노리개2성,df92f5f3d187e8d7aea7dc9124d5e17f
캐시 장신구,새내기핑크볼터치,df92f5f3d187e8d7aea7dc9124d5e17f
무기,용주제십도,9fe1c1a7b1b15230b19be945b2e15fb7
갑옷,패자황금갑주,9fe1c1a7b1b15230b19be945b2e15fb7
방패/보조무기,,9fe1c1a7b1b15230b19be945b2e15fb7
투구,태광천신금잠9성,9fe1c1a7b1b15230b19be945b2e15fb7
왼손,검은불꽃일격반지9성,9fe1c1a7b1b15230b19be945b2e15fb7
오른손,환웅의천수'7성,9fe1c1a7b1b15230b19be945b2e15fb7
보조1,마사의귀목,9fe1c1a7b1b15230b19be945b2e15fb7
보조2,마사의귀목,9fe1c1a7b1b15230b19be945b2e15fb7
얼굴장식,고대마령의암막8성,9fe1c1a7b1b15230b19be945b2e15fb7
캐시 투구,일등항해사정모,9fe1c1a7b1b15230b19be945b2e15fb7
망토,무신귀갑주7성,9fe1c1a7b1b15230b19be945b2e15fb7
캐시 겉옷,바람운동회의상(백군),9fe1c1a7b1b15230b19be945b2e15fb7
신발,사령웅의앞발,9fe1c1a7b1b15230b19be945b2e15fb7
목/어깨장식,고대마령의목걸이7성,9fe1c1a7b1b15230b19be945b2e15fb7
캐시 무기,바린족지팡이,9fe1c1a7b1b15230b19be945b2e15fb7
캐시 방패/보조무기,바린이가방,9fe1c1a7b1b15230b19be945b2e15fb7
캐시 얼굴장식,,9fe1c1a7b1b15230b19be945b2e15fb7
캐시 망토,,9fe1c1a7b1b15230b19be945b2e15fb7
캐시 신발,나비노랑반짝,9fe1c1a7b1b15230b19be945b2e15fb7
캐시 목/어깨장식,딱콩삐쭉스카프No03,9fe1c1a7b1b15230b19be945b2e15fb7
세트옷,[괴수의상]아그니1성,9fe1c1a7b1b15230b19be945b2e15fb7
캐시 세트옷,바람미니미천인,9fe1c1a7b1b15230b19be945b2e15fb7
장신구,붉은토끼풀노리개2성,9fe1c1a7b1b15230b19be945b2e15fb7
캐시 장신구,바린족얼굴무늬No01,9fe1c1a7b1b15230b19be945b2e15fb7
무기,환웅천검'9각,9f42a19178dc8f1d2794b205d5c0b836
갑옷,환웅의장삼'8성,9f42a19178dc8f1d2794b205d5c0b836
방패/보조무기,고대마령의단검6성,9f42a19178dc8f1d2794b205d5c0b836
투구,환웅의모자'9성,9f42a19178dc8f1d2794b205d5c0b836
왼손,환웅의장갑'7성,9f42a19178dc8f1d2794b205d5c0b836
오른손,금린노리개7성,9f42a19178dc8f1d2794b205d5c0b836
보조1,마사의귀목,9f42a19178dc8f1d2794b205d5c0b836
보조2,마사의귀목,9f42a19178dc8f1d2794b205d5c0b836
얼굴장식,조사장의가면,9f42a19178dc8f1d2794b205d5c0b836
캐시 투구,순수천사헤어(남),9f42a19178dc8f1d2794b205d5c0b836
망토,고대마령의칼날6성,9f42a19178dc8f1d2794b205d5c0b836
캐시 겉옷,GM차사의의복,9f42a19178dc8f1d2794b205d5c0b836
신발,사령웅의앞발,9f42a19178dc8f1d2794b205d5c0b836
목/어깨장식,고대마령의목걸이6성,9f42a19178dc8f1d2794b205d5c0b836
캐시 무기,인왕산금장환도,9f42a19178dc8f1d2794b205d5c0b836
캐시 방패/보조무기,웨딩비둘기,9f42a19178dc8f1d2794b205d5c0b836
캐시 얼굴장식,,9f42a19178dc8f1d2794b205d5c0b836
캐시 망토,[2023]진인의심장,9f42a19178dc8f1d2794b205d5c0b836
캐시 신발,발밑에출렁귀,9f42a19178dc8f1d2794b205d5c0b836
캐시 목/어깨장식,웨딩목걸이,9f42a19178dc8f1d2794b205d5c0b836
세트옷,[괴수의상]오구타이1성,9f42a19178dc8f1d2794b205d5c0b836
캐시 세트옷,,9f42a19178dc8f1d2794b205d5c0b836
장신구,파란나비노리개2성,9f42a19178dc8f1d2794b205d5c0b836
캐시 장신구,꽃도령곰곰귀,9f42a19178dc8f1d2794b205d5c0b836
무기,환웅천검'9각,56f1cc8e7ec7602d25746dbcf8747e58
갑옷,환웅의활복'9성,56f1cc8e7ec7602d25746dbcf8747e58
방패/보조무기,고대마령의단검6성,56f1cc8e7ec7602d25746dbcf8747e58
투구,태광천신금잠7성,56f1cc8e7ec7602d25746dbcf8747e58
왼손,금린노리개6성,56f1cc8e7ec7602d25746dbcf8747e58
오른손,환웅의장갑'9성,56f1cc8e7ec7602d25746dbcf8747e58
,,56f1cc8e7ec7602d25746dbcf8747e58
보조2,마사의귀목,56f1cc8e7ec7602d25746dbcf8747e58
얼굴장식,고대마령의암막8성,56f1cc8e7ec7602d25746dbcf8747e58
캐시 투구,오리엔탈샤인헤어(남),56f1cc8e7ec7602d25746dbcf8747e58
망토,무신귀갑주7성,56f1cc8e7ec7602d25746dbcf8747e58
캐시 겉옷,오리엔탈샤인의상(남),56f1cc8e7ec7602d25746dbcf8747e58
신발,고대마령의군화'흑6성,56f1cc8e7ec7602d25746dbcf8747e58
목/어깨장식,고대마령의목걸이6성,56f1cc8e7ec7602d25746dbcf8747e58
캐시 무기,,56f1cc8e7ec7602d25746dbcf8747e58
캐시 방패/보조무기,,56f1cc8e7ec7602d25746dbcf8747e58
캐시 얼굴장식,,56f1cc8e7ec7602d25746dbcf8747e58
캐시 망토,노란꽃잎,56f1cc8e7ec7602d25746dbcf8747e58
캐시 신발,유성우,56f1cc8e7ec7602d25746dbcf8747e58
캐시 목/어깨장식,웨딩부토니에,56f1cc8e7ec7602d25746dbcf8747e58
세트옷,[괴수의상]쿠라칸1성,56f1cc8e7ec7602d25746dbcf8747e58
캐시 세트옷,[구]망또No08,56f1cc8e7ec7602d25746dbcf8747e58
장신구,파란나비노리개1성,56f1cc8e7ec7602d25746dbcf8747e58
캐시 장신구,달콤반짝이No02,56f1cc8e7ec7602d25746dbcf8747e58
무기,환웅천궁'9각,634dbcec37d3e3d18c462fd478159521
갑옷,환웅의궁의'8성,634dbcec37d3e3d18c462fd478159521
방패/보조무기,고대마령의단검6성,634dbcec37d3e3d18c462fd478159521
투구,환웅의투구'8성,634dbcec37d3e3d18c462fd478159521
왼손,환웅의깍지'8성,634dbcec37d3e3d18c462fd478159521
오른손,환웅의깍지'8성,634dbcec37d3e3d18c462fd478159521
보조1,마사의귀목,634dbcec37d3e3d18c462fd478159521
보조2,마사의귀목,634dbcec37d3e3d18c462fd478159521
얼굴장식,고대마령의암막6성,634dbcec37d3e3d18c462fd478159521
캐시 투구,다이어터토끼세안띠,634dbcec37d3e3d18c462fd478159521
망토,고대마령의칼날6성,634dbcec37d3e3d18c462fd478159521
캐시 겉옷,잠옷파티의상(여),634dbcec37d3e3d18c462fd478159521
신발,고대마령의군화'흑7성,634dbcec37d3e3d18c462fd478159521
목/어깨장식,고대마령의목걸이6성,634dbcec37d3e3d18c462fd478159521
캐시 무기,핑크디저트우산,634dbcec37d3e3d18c462fd478159521
캐시 방패/보조무기,럭셔리왼손쇼핑백No03,634dbcec37d3e3d18c462fd478159521
캐시 얼굴장식,,634dbcec37d3e3d18c462fd478159521
캐시 망토,값진별의날개,634dbcec37d3e3d18c462fd478159521
캐시 신발,겨울반딧불,634dbcec37d3e3d18c462fd478159521
캐시 목/어깨장식,헤리티지숄더니트No02,634dbcec37d3e3d18c462fd478159521
세트옷,[괴수의상]가루다2성,634dbcec37d3e3d18c462fd478159521
캐시 세트옷,,634dbcec37d3e3d18c462fd478159521
장신구,파란나비노리개1성,634dbcec37d3e3d18c462fd478159521
캐시 장신구,찍찍이No01,634dbcec37d3e3d18c462fd478159521
무기,환웅천륜'9각,db9ba16d053276f6f742b45bcdcf72c5
갑옷,환웅의천의'8성,db9ba16d053276f6f742b45bcdcf72c5
방패/보조무기,고대마령의단검6성,db9ba16d053276f6f742b45bcdcf72c5
투구,환웅의천관'7성,db9ba16d053276f6f742b45bcdcf72c5
왼손,환웅의천수'7성,db9ba16d053276f6f742b45bcdcf72c5
오른손,금린반지6성,db9ba16d053276f6f742b45bcdcf72c5
보조1,마사의귀목,db9ba16d053276f6f742b45bcdcf72c5
보조2,마사의귀목,db9ba16d053276f6f742b45bcdcf72c5
얼굴장식,조사장의가면,db9ba16d053276f6f742b45bcdcf72c5
캐시 투구,겨울한교복도령모,db9ba16d053276f6f742b45bcdcf72c5
망토,고대마령의칼날6성,db9ba16d053276f6f742b45bcdcf72c5
캐시 겉옷,겨울한교복(남),db9ba16d053276f6f742b45bcdcf72c5
신발,사령웅의앞발,db9ba16d053276f6f742b45bcdcf72c5
목/어깨장식,고대마령의목걸이8성,db9ba16d053276f6f742b45bcdcf72c5
캐시 무기,,db9ba16d053276f6f742b45bcdcf72c5
캐시 방패/보조무기,다이어터커틀벨,db9ba16d053276f6f742b45bcdcf72c5
캐시 얼굴장식,,db9ba16d053276f6f742b45bcdcf72c5
캐시 망토,겨울한교복털망토,db9ba16d053276f6f742b45bcdcf72c5
캐시 신발,겨울반딧불,db9ba16d053276f6f742b45bcdcf72c5
캐시 목/어깨장식,양털케이프No03,db9ba16d053276f6f742b45bcdcf72c5
세트옷,[괴수의상]가루다1성,db9ba16d053276f6f742b45bcdcf72c5
캐시 세트옷,,db9ba16d053276f6f742b45bcdcf72c5
장신구,파란나비노리개1성,db9ba16d053276f6f742b45bcdcf72c5
캐시 장신구,루나빗귀걸이,db9ba16d053276f6f742b45bcdcf72c5
무기,환웅천검'9각,f1136b77a1347ac7f8fc74a17b87b2e1
갑옷,금린신월갑8성,f1136b77a1347ac7f8fc74a17b87b2e1
방패/보조무기,고대마령의단검6성,f1136b77a1347ac7f8fc74a17b87b2e1
투구,금린추월관8성,f1136b77a1347ac7f8fc74a17b87b2e1
왼손,금린반지6성,f1136b77a1347ac7f8fc74a17b87b2e1
오른손,태염반지6성,f1136b77a1347ac7f8fc74a17b87b2e1
보조1,마사의귀목,f1136b77a1347ac7f8fc74a17b87b2e1
보조2,마사의귀목,f1136b77a1347ac7f8fc74a17b87b2e1
얼굴장식,조사장의가면,f1136b77a1347ac7f8fc74a17b87b2e1
캐시 투구,얼음요정헤어(여),f1136b77a1347ac7f8fc74a17b87b2e1
망토,무신귀갑주7성,f1136b77a1347ac7f8fc74a17b87b2e1
캐시 겉옷,명문사립교복No02여,f1136b77a1347ac7f8fc74a17b87b2e1
신발,사령웅의앞발,f1136b77a1347ac7f8fc74a17b87b2e1
목/어깨장식,고대마령의목걸이6성,f1136b77a1347ac7f8fc74a17b87b2e1
캐시 무기,[탐험]그림자의칼,f1136b77a1347ac7f8fc74a17b87b2e1
캐시 방패/보조무기,떡하나호랑이,f1136b77a1347ac7f8fc74a17b87b2e1
캐시 얼굴장식,,f1136b77a1347ac7f8fc74a17b87b2e1
캐시 망토,겨울한교복털망토,f1136b77a1347ac7f8fc74a17b87b2e1
캐시 신발,겨울반딧불,f1136b77a1347ac7f8fc74a17b87b2e1
캐시 목/어깨장식,루나빗머플러,f1136b77a1347ac7f8fc74a17b87b2e1
세트옷,[괴수의상]가루다1성,f1136b77a1347ac7f8fc74a17b87b2e1
캐시 세트옷,,f1136b77a1347ac7f8fc74a17b87b2e1
장신구,파란나비노리개1성,f1136b77a1347ac7f8fc74a17b87b2e1
캐시 장신구,꼬마집요정모자No01,f1136b77a1347ac7f8fc74a17b87b2e1
캐시 무기,체리봉봉소프트콘,d21a5798ad56dac7779f7ebed2da8202
무기,진'서라마옥도,d21a5798ad56dac7779f7ebed2da8202
갑옷,환웅의통옷'7성,d21a5798ad56dac7779f7ebed2da8202
방패/보조무기,고대마령의단검6성,d21a5798ad56dac7779f7ebed2da8202
투구,환웅의머리띠'7성,d21a5798ad56dac7779f7ebed2da8202
왼손,금린반지6성,d21a5798ad56dac7779f7ebed2da8202
오른손,태염반지6성,d21a5798ad56dac7779f7ebed2da8202
보조1,마사의귀목,d21a5798ad56dac7779f7ebed2da8202
보조2,마사의귀목,d21a5798ad56dac7779f7ebed2da8202
얼굴장식,조사장의가면,d21a5798ad56dac7779f7ebed2da8202
캐시 투구,무스키탈,d21a5798ad56dac7779f7ebed2da8202
망토,천마신의망토,d21a5798ad56dac7779f7ebed2da8202
캐시 겉옷,무스키의상,d21a5798ad56dac7779f7ebed2da8202
신발,사령웅의앞발,d21a5798ad56dac7779f7ebed2da8202
목/어깨장식,암흑목걸이[괴],d21a5798ad56dac7779f7ebed2da8202
캐시 방패/보조무기,무스키가방,d21a5798ad56dac7779f7ebed2da8202
캐시 얼굴장식,,d21a5798ad56dac7779f7ebed2da8202
캐시 망토,무스키발바닥,d21a5798ad56dac7779f7ebed2da8202
캐시 신발,무스키바숑바숑,d21a5798ad56dac7779f7ebed2da8202
캐시 목/어깨장식,,d21a5798ad56dac7779f7ebed2da8202
세트옷,구미호분신,d21a5798ad56dac7779f7ebed2da8202
캐시 세트옷,,d21a5798ad56dac7779f7ebed2da8202
장신구,파란나비노리개1성,d21a5798ad56dac7779f7ebed2da8202
캐시 장신구,무스키스카프,d21a5798ad56dac7779f7ebed2da8202
무기,진'서라마옥도,44589e149c28a22e98e3e4434dd5e726
갑옷,태광천신의복8성,44589e149c28a22e98e3e4434dd5e726
방패/보조무기,고대마령의단검6성,44589e149c28a22e98e3e4434dd5e726
투구,환웅의천관'7성,44589e149c28a22e98e3e4434dd5e726
왼손,금린반지8성,44589e149c28a22e98e3e4434dd5e726
오른손,고대마령의장갑'흑8성,44589e149c28a22e98e3e4434dd5e726
보조1,마사의귀목,44589e149c28a22e98e3e4434dd5e726
보조2,마사의귀목,44589e149c28a22e98e3e4434dd5e726
얼굴장식,고대마령의암막6성,44589e149c28a22e98e3e4434dd5e726
캐시 투구,겨울한교복도령모,44589e149c28a22e98e3e4434dd5e726
망토,고대마령의칼날6성,44589e149c28a22e98e3e4434dd5e726
캐시 겉옷,겨울한교복(남),44589e149c28a22e98e3e4434dd5e726
신발,사령웅의앞발,44589e149c28a22e98e3e4434dd5e726
목/어깨장식,고대마령의목걸이6성,44589e149c28a22e98e3e4434dd5e726
캐시 무기,오래된채굴곡괭이,44589e149c28a22e98e3e4434dd5e726
캐시 방패/보조무기,추억의라디오,44589e149c28a22e98e3e4434dd5e726
캐시 얼굴장식,[30주년]넥슨히어로하트,44589e149c28a22e98e3e4434dd5e726
캐시 망토,깜찍댕댕이백팩,44589e149c28a22e98e3e4434dd5e726
캐시 신발,겨울반딧불,44589e149c28a22e98e3e4434dd5e726
캐시 목/어깨장식,초코델리힙색No01,44589e149c28a22e98e3e4434dd5e726
세트옷,[괴수의상]가루다1성,44589e149c28a22e98e3e4434dd5e726
캐시 세트옷,,44589e149c28a22e98e3e4434dd5e726
장신구,파란나비노리개1성,44589e149c28a22e98e3e4434dd5e726
캐시 장신구,새내기사각뿔테,44589e149c28a22e98e3e4434dd5e726
무기,흑옥방천극6성,a118f56d1a930ce89f93f3fb1677111d
갑옷,금린천추갑6성,a118f56d1a930ce89f93f3fb1677111d
방패/보조무기,,a118f56d1a930ce89f93f3fb1677111d
투구,태광천신금잠7성,a118f56d1a930ce89f93f3fb1677111d
왼손,태염반지6성,a118f56d1a930ce89f93f3fb1677111d
오른손,태염반지6성,a118f56d1a930ce89f93f3fb1677111d
보조1,마사의귀목,a118f56d1a930ce89f93f3fb1677111d
보조2,마사의귀목,a118f56d1a930ce89f93f3fb1677111d
얼굴장식,조사장의가면,a118f56d1a930ce89f93f3fb1677111d
캐시 투구,단진머리,a118f56d1a930ce89f93f3fb1677111d
망토,천마신의망토,a118f56d1a930ce89f93f3fb1677111d
캐시 겉옷,오버핏보이코트No02,a118f56d1a930ce89f93f3fb1677111d
신발,사령웅의앞발,a118f56d1a930ce89f93f3fb1677111d
목/어깨장식,흉수의인장,a118f56d1a930ce89f93f3fb1677111d
캐시 무기,오래된채굴곡괭이,a118f56d1a930ce89f93f3fb1677111d
캐시 방패/보조무기,,a118f56d1a930ce89f93f3fb1677111d
캐시 얼굴장식,,a118f56d1a930ce89f93f3fb1677111d
캐시 망토,분홍꽃잎,a118f56d1a930ce89f93f3fb1677111d
캐시 신발,젤리삐약,a118f56d1a930ce89f93f3fb1677111d
캐시 목/어깨장식,NEXON사원증,a118f56d1a930ce89f93f3fb1677111d
세트옷,[괴수의상]가네샤1성,a118f56d1a930ce89f93f3fb1677111d
캐시 세트옷,,a118f56d1a930ce89f93f3fb1677111d
장신구,파란나비노리개1성,a118f56d1a930ce89f93f3fb1677111d
캐시 장신구,새내기사각뿔테,a118f56d1a930ce89f93f3fb1677111d
무기,고대마령의적혈단봉9성,9952d0b3a5ac2c5b9696b15faea79cde
갑옷,환웅의답호'9성,9952d0b3a5ac2c5b9696b15faea79cde
방패/보조무기,무신귀면방8성,9952d0b3a5ac2c5b9696b15faea79cde
투구,환웅의화관'9성,9952d0b3a5ac2c5b9696b15faea79cde
왼손,금린반지7성,9952d0b3a5ac2c5b9696b15faea79cde
오른손,금린반지6성,9952d0b3a5ac2c5b9696b15faea79cde
보조1,마사의귀목,9952d0b3a5ac2c5b9696b15faea79cde
보조2,마사의귀목,9952d0b3a5ac2c5b9696b15faea79cde
얼굴장식,고대마령의표식8성,9952d0b3a5ac2c5b9696b15faea79cde
캐시 투구,[패스]인어공주헤어,9952d0b3a5ac2c5b9696b15faea79cde
망토,무신귀갑주7성,9952d0b3a5ac2c5b9696b15faea79cde
캐시 겉옷,[패스]인어공주의상,9952d0b3a5ac2c5b9696b15faea79cde
신발,사령웅의앞발,9952d0b3a5ac2c5b9696b15faea79cde
목/어깨장식,진'흉수의인장,9952d0b3a5ac2c5b9696b15faea79cde
캐시 무기,[패스]인어삼지창,9952d0b3a5ac2c5b9696b15faea79cde
캐시 방패/보조무기,,9952d0b3a5ac2c5b9696b15faea79cde
캐시 얼굴장식,,9952d0b3a5ac2c5b9696b15faea79cde
캐시 망토,[패스]살랑살랑열대어No01,9952d0b3a5ac2c5b9696b15faea79cde
캐시 신발,[패스]인어파도,9952d0b3a5ac2c5b9696b15faea79cde
캐시 목/어깨장식,,9952d0b3a5ac2c5b9696b15faea79cde
세트옷,[괴수의상]가네샤1성,9952d0b3a5ac2c5b9696b15faea79cde
캐시 세트옷,[구]망또No05,9952d0b3a5ac2c5b9696b15faea79cde
장신구,자수원앙노리개2성,9952d0b3a5ac2c5b9696b15faea79cde
캐시 장신구,[패스]인어왕관,9952d0b3a5ac2c5b9696b15faea79cde
무기,고대마령의적혈단봉8성,3c94fcbc24f08aa2dbf175ae35d8d9fe
갑옷,용화파천의6성,3c94fcbc24f08aa2dbf175ae35d8d9fe
방패/보조무기,고대마령의단검6성,3c94fcbc24f08aa2dbf175ae35d8d9fe
투구,연홍투구,3c94fcbc24f08aa2dbf175ae35d8d9fe
왼손,마도사금반지10성,3c94fcbc24f08aa2dbf175ae35d8d9fe
오른손,마도사금반지10성,3c94fcbc24f08aa2dbf175ae35d8d9fe
보조1,마사의귀목,3c94fcbc24f08aa2dbf175ae35d8d9fe
보조2,마사의귀목,3c94fcbc24f08aa2dbf175ae35d8d9fe
얼굴장식,고대마령의표식6성,3c94fcbc24f08aa2dbf175ae35d8d9fe
캐시 투구,,3c94fcbc24f08aa2dbf175ae35d8d9fe
망토,용성신부'화1성,3c94fcbc24f08aa2dbf175ae35d8d9fe
캐시 겉옷,바람추석한복(남),3c94fcbc24f08aa2dbf175ae35d8d9fe
신발,용왕의신발,3c94fcbc24f08aa2dbf175ae35d8d9fe
목/어깨장식,고대마령의목걸이6성,3c94fcbc24f08aa2dbf175ae35d8d9fe
캐시 무기,,3c94fcbc24f08aa2dbf175ae35d8d9fe
캐시 방패/보조무기,,3c94fcbc24f08aa2dbf175ae35d8d9fe
캐시 얼굴장식,눈장식:칼라렌즈(금색),3c94fcbc24f08aa2dbf175ae35d8d9fe
캐시 망토,,3c94fcbc24f08aa2dbf175ae35d8d9fe
캐시 신발,,3c94fcbc24f08aa2dbf175ae35d8d9fe
캐시 목/어깨장식,,3c94fcbc24f08aa2dbf175ae35d8d9fe
세트옷,꺄꺄,3c94fcbc24f08aa2dbf175ae35d8d9fe
캐시 세트옷,귀엽덕,3c94fcbc24f08aa2dbf175ae35d8d9fe
장신구,붉은토끼풀노리개2성,3c94fcbc24f08aa2dbf175ae35d8d9fe
캐시 장신구,꼬마집요정모자No01,3c94fcbc24f08aa2dbf175ae35d8d9fe
무기,고대마령의적혈단봉9성,b91af9c6fe61e3ab4813638818909311
갑옷,환웅의치마'7성,b91af9c6fe61e3ab4813638818909311
방패/보조무기,고대마령의단검6성,b91af9c6fe61e3ab4813638818909311
투구,환웅의투구'8성,b91af9c6fe61e3ab4813638818909311
왼손,태염반지6성,b91af9c6fe61e3ab4813638818909311
오른손,금린노리개6성,b91af9c6fe61e3ab4813638818909311
보조1,마사의귀목,b91af9c6fe61e3ab4813638818909311
보조2,마사의귀목,b91af9c6fe61e3ab4813638818909311
얼굴장식,고대마령의표식6성,b91af9c6fe61e3ab4813638818909311
캐시 투구,딱콩별프로머리,b91af9c6fe61e3ab4813638818909311
망토,금린추월6성,b91af9c6fe61e3ab4813638818909311
캐시 겉옷,한가위토깽의복(홍),b91af9c6fe61e3ab4813638818909311
신발,사령웅의앞발,b91af9c6fe61e3ab4813638818909311
목/어깨장식,진'흉수의인장,b91af9c6fe61e3ab4813638818909311
캐시 무기,,b91af9c6fe61e3ab4813638818909311
캐시 방패/보조무기,,b91af9c6fe61e3ab4813638818909311
캐시 얼굴장식,눈장식:댕댕(밤하늘),b91af9c6fe61e3ab4813638818909311
캐시 망토,멍멍이꼬리No02,b91af9c6fe61e3ab4813638818909311
캐시 신발,샤인뿜뿜별,b91af9c6fe61e3ab4813638818909311
캐시 목/어깨장식,딱콩삐쭉스카프No01,b91af9c6fe61e3ab4813638818909311
세트옷,꺄꺄,b91af9c6fe61e3ab4813638818909311
캐시 세트옷,,b91af9c6fe61e3ab4813638818909311
장신구,붉은토끼풀노리개1성,b91af9c6fe61e3ab4813638818909311
캐시 장신구,공룡우비,b91af9c6fe61e3ab4813638818909311
무기,금홍단봉7성,fa71f29f8adbf363491dfbf0e71e6f03
갑옷,환웅의쾌자'7성,fa71f29f8adbf363491dfbf0e71e6f03
방패/보조무기,고대마령의단검6성,fa71f29f8adbf363491dfbf0e71e6f03
투구,환웅의마관'7성,fa71f29f8adbf363491dfbf0e71e6f03
왼손,태염반지6성,fa71f29f8adbf363491dfbf0e71e6f03
오른손,태염반지6성,fa71f29f8adbf363491dfbf0e71e6f03
보조1,마사의귀목,fa71f29f8adbf363491dfbf0e71e6f03
보조2,마사의귀목,fa71f29f8adbf363491dfbf0e71e6f03
얼굴장식,조사장의가면,fa71f29f8adbf363491dfbf0e71e6f03
캐시 투구,무스키탈,fa71f29f8adbf363491dfbf0e71e6f03
망토,천신부금장6성,fa71f29f8adbf363491dfbf0e71e6f03
캐시 겉옷,무스키의상,fa71f29f8adbf363491dfbf0e71e6f03
신발,사령웅의앞발,fa71f29f8adbf363491dfbf0e71e6f03
목/어깨장식,진'흉수의인장,fa71f29f8adbf363491dfbf0e71e6f03
캐시 무기,요구르트No01,fa71f29f8adbf363491dfbf0e71e6f03
캐시 방패/보조무기,무스키가방,fa71f29f8adbf363491dfbf0e71e6f03
캐시 얼굴장식,,fa71f29f8adbf363491dfbf0e71e6f03
캐시 망토,무스키발바닥,fa71f29f8adbf363491dfbf0e71e6f03
캐시 신발,무스키바숑바숑,fa71f29f8adbf363491dfbf0e71e6f03
캐시 목/어깨장식,청사목도리,fa71f29f8adbf363491dfbf0e71e6f03
세트옷,[괴수의상]가네샤1성,fa71f29f8adbf363491dfbf0e71e6f03
캐시 세트옷,,fa71f29f8adbf363491dfbf0e71e6f03
장신구,,fa71f29f8adbf363491dfbf0e71e6f03
캐시 장신구,무스키스카프,fa71f29f8adbf363491dfbf0e71e6f03
무기,고대마령의적혈단봉8성,3646bdec6f422f36b95bbe168e88e262
갑옷,환웅의답호'7성,3646bdec6f422f36b95bbe168e88e262
방패/보조무기,고대마령의단검6성,3646bdec6f422f36b95bbe168e88e262
투구,환웅의화관'7성,3646bdec6f422f36b95bbe168e88e262
왼손,금린반지6성,3646bdec6f422f36b95bbe168e88e262
오른손,태염반지6성,3646bdec6f422f36b95bbe168e88e262
보조1,마사의귀목,3646bdec6f422f36b95bbe168e88e262
보조2,마사의귀목,3646bdec6f422f36b95bbe168e88e262
얼굴장식,조사장의가면,3646bdec6f422f36b95bbe168e88e262
캐시 투구,레이닝걸헤어No01,3646bdec6f422f36b95bbe168e88e262
망토,금린추월6성,3646bdec6f422f36b95bbe168e88e262
캐시 겉옷,대양의선원복(여),3646bdec6f422f36b95bbe168e88e262
신발,사령웅의앞발,3646bdec6f422f36b95bbe168e88e262
목/어깨장식,진'흉수의인장,3646bdec6f422f36b95bbe168e88e262
캐시 무기,,3646bdec6f422f36b95bbe168e88e262
캐시 방패/보조무기,,3646bdec6f422f36b95bbe168e88e262
캐시 얼굴장식,눈장식:칼라렌즈(흑진주),3646bdec6f422f36b95bbe168e88e262
캐시 망토,멍멍이꼬리No03,3646bdec6f422f36b95bbe168e88e262
캐시 신발,나비하양반짝,3646bdec6f422f36b95bbe168e88e262
캐시 목/어깨장식,레이스스카프No01,3646bdec6f422f36b95bbe168e88e262
세트옷,[괴수의상]쿠라칸1성,3646bdec6f422f36b95bbe168e88e262
캐시 세트옷,,3646bdec6f422f36b95bbe168e88e262
장신구,붉은토끼풀노리개1성,3646bdec6f422f36b95bbe168e88e262
캐시 장신구,물방울무늬리본No01,3646bdec6f422f36b95bbe168e88e262
무기,고대마령의적혈단봉6성,2d2913a84c28d89735526f5e778d6e46
갑옷,용화파천의6성,2d2913a84c28d89735526f5e778d6e46
방패/보조무기,고대마령의단검5성,2d2913a84c28d89735526f5e778d6e46
투구,용아천관'화5성,2d2913a84c28d89735526f5e778d6e46
왼손,태광노리개6성,2d2913a84c28d89735526f5e778d6e46
오른손,태광노리개6성,2d2913a84c28d89735526f5e778d6e46
보조1,마사의귀목,2d2913a84c28d89735526f5e778d6e46
보조2,마사의귀목,2d2913a84c28d89735526f5e778d6e46
얼굴장식,조사장의가면,2d2913a84c28d89735526f5e778d6e46
캐시 투구,겨울한교복도령모,2d2913a84c28d89735526f5e778d6e46
망토,용성신부'화5성,2d2913a84c28d89735526f5e778d6e46
캐시 겉옷,양치기소년의상No01,2d2913a84c28d89735526f5e778d6e46
신발,사령웅의앞발,2d2913a84c28d89735526f5e778d6e46
목/어깨장식,진'흉수의인장,2d2913a84c28d89735526f5e778d6e46
캐시 무기,,2d2913a84c28d89735526f5e778d6e46
캐시 방패/보조무기,그림술사의방패,2d2913a84c28d89735526f5e778d6e46
캐시 얼굴장식,,2d2913a84c28d89735526f5e778d6e46
캐시 망토,멍멍이꼬리No03,2d2913a84c28d89735526f5e778d6e46
캐시 신발,,2d2913a84c28d89735526f5e778d6e46
캐시 목/어깨장식,요정하양목도리,2d2913a84c28d89735526f5e778d6e46
세트옷,도깨비탐,2d2913a84c28d89735526f5e778d6e46
캐시 세트옷,귀엽덕,2d2913a84c28d89735526f5e778d6e46
장신구,파란나비노리개1성,2d2913a84c28d89735526f5e778d6e46
캐시 장신구,냥이방울No02,2d2913a84c28d89735526f5e778d6e46
무기,금홍단봉6성,5e9752686e7a204a6c839edb938cbe5b
갑옷,,5e9752686e7a204a6c839edb938cbe5b
방패/보조무기,고대마령의단검4성,5e9752686e7a204a6c839edb938cbe5b
투구,태광천신금잠6성,5e9752686e7a204a6c839edb938cbe5b
왼손,태염반지6성,5e9752686e7a204a6c839edb938cbe5b
오른손,태광노리개6성,5e9752686e7a204a6c839edb938cbe5b
보조1,마사의귀목,5e9752686e7a204a6c839edb938cbe5b
보조2,마사의귀목,5e9752686e7a204a6c839edb938cbe5b
얼굴장식,조사장의가면,5e9752686e7a204a6c839edb938cbe5b
캐시 투구,꽃을든남친헤어No01,5e9752686e7a204a6c839edb938cbe5b
망토,천신부금장6성,5e9752686e7a204a6c839edb938cbe5b
캐시 겉옷,오버핏보이코트No02,5e9752686e7a204a6c839edb938cbe5b
신발,사령웅의앞발,5e9752686e7a204a6c839edb938cbe5b
목/어깨장식,진'흉수의인장,5e9752686e7a204a6c839edb938cbe5b
캐시 무기,,5e9752686e7a204a6c839edb938cbe5b
캐시 방패/보조무기,나이트워커슈퍼카No01,5e9752686e7a204a6c839edb938cbe5b
캐시 얼굴장식,,5e9752686e7a204a6c839edb938cbe5b
캐시 망토,오버핏보이크로스백,5e9752686e7a204a6c839edb938cbe5b
캐시 신발,뽀짝피그황금동전,5e9752686e7a204a6c839edb938cbe5b
캐시 목/어깨장식,,5e9752686e7a204a6c839edb938cbe5b
세트옷,[괴수의상]흑화랑1성,5e9752686e7a204a6c839edb938cbe5b
캐시 세트옷,,5e9752686e7a204a6c839edb938cbe5b
장신구,파란나비노리개1성,5e9752686e7a204a6c839edb938cbe5b
캐시 장신구,새내기사각뿔테,5e9752686e7a204a6c839edb938cbe5b
무기,금홍단봉7성,5f4713a7c24bff5b21d02b1da42dd6df
갑옷,환웅의답호'7성,5f4713a7c24bff5b21d02b1da42dd6df
방패/보조무기,고대마령의주술서6성,5f4713a7c24bff5b21d02b1da42dd6df
투구,환웅의화관'7성,5f4713a7c24bff5b21d02b1da42dd6df
왼손,금린노리개6성,5f4713a7c24bff5b21d02b1da42dd6df
오른손,태염반지6성,5f4713a7c24bff5b21d02b1da42dd6df
보조1,마사의귀목,5f4713a7c24bff5b21d02b1da42dd6df
보조2,마사의귀목,5f4713a7c24bff5b21d02b1da42dd6df
얼굴장식,조사장의가면,5f4713a7c24bff5b21d02b1da42dd6df
캐시 투구,꽃을든여친헤어No01,5f4713a7c24bff5b21d02b1da42dd6df
망토,무신귀갑주6성,5f4713a7c24bff5b21d02b1da42dd6df
캐시 겉옷,오버핏걸코트No02,5f4713a7c24bff5b21d02b1da42dd6df
신발,사령웅의앞발,5f4713a7c24bff5b21d02b1da42dd6df
목/어깨장식,마천선의징표,5f4713a7c24bff5b21d02b1da42dd6df
캐시 무기,오래된채굴곡괭이,5f4713a7c24bff5b21d02b1da42dd6df
캐시 방패/보조무기,나이트워커슈퍼카No01,5f4713a7c24bff5b21d02b1da42dd6df
캐시 얼굴장식,,5f4713a7c24bff5b21d02b1da42dd6df
캐시 망토,오버핏걸크로스백,5f4713a7c24bff5b21d02b1da42dd6df
캐시 신발,뽀짝피그황금동전,5f4713a7c24bff5b21d02b1da42dd6df
캐시 목/어깨장식,,5f4713a7c24bff5b21d02b1da42dd6df
세트옷,[괴수의상]흑화랑1성,5f4713a7c24bff5b21d02b1da42dd6df
캐시 세트옷,,5f4713a7c24bff5b21d02b1da42dd6df
장신구,파란나비노리개1성,5f4713a7c24bff5b21d02b1da42dd6df
캐시 장신구,새내기사각뿔테,5f4713a7c24bff5b21d02b1da42dd6df
무기,고대마령의적혈단봉6성,d8c2be6b2ba8635b3aad747e5137b2e5
갑옷,진'서라마옥갑(남),d8c2be6b2ba8635b3aad747e5137b2e5
방패/보조무기,천마제법서,d8c2be6b2ba8635b3aad747e5137b2e5
투구,패자의왕관,d8c2be6b2ba8635b3aad747e5137b2e5
왼손,용안의회복반지5성,d8c2be6b2ba8635b3aad747e5137b2e5
오른손,검은불꽃일격반지5성,d8c2be6b2ba8635b3aad747e5137b2e5
보조1,마사의귀목,d8c2be6b2ba8635b3aad747e5137b2e5
보조2,마사의귀목,d8c2be6b2ba8635b3aad747e5137b2e5
얼굴장식,조사장의가면,d8c2be6b2ba8635b3aad747e5137b2e5
캐시 투구,,d8c2be6b2ba8635b3aad747e5137b2e5
망토,천마제의망토,d8c2be6b2ba8635b3aad747e5137b2e5
캐시 겉옷,심해왕자정장,d8c2be6b2ba8635b3aad747e5137b2e5
신발,사령웅의앞발,d8c2be6b2ba8635b3aad747e5137b2e5
목/어깨장식,고대마령의목걸이6성,d8c2be6b2ba8635b3aad747e5137b2e5
캐시 무기,,d8c2be6b2ba8635b3aad747e5137b2e5
캐시 방패/보조무기,,d8c2be6b2ba8635b3aad747e5137b2e5
캐시 얼굴장식,,d8c2be6b2ba8635b3aad747e5137b2e5
캐시 망토,,d8c2be6b2ba8635b3aad747e5137b2e5
캐시 신발,,d8c2be6b2ba8635b3aad747e5137b2e5
캐시 목/어깨장식,,d8c2be6b2ba8635b3aad747e5137b2e5
세트옷,강철의탐,d8c2be6b2ba8635b3aad747e5137b2e5
캐시 세트옷,귀엽덕,d8c2be6b2ba8635b3aad747e5137b2e5
장신구,붉은토끼풀노리개1성,d8c2be6b2ba8635b3aad747e5137b2e5
캐시 장신구,,d8c2be6b2ba8635b3aad747e5137b2e5
무기,고대마령의적혈단봉6성,02a7d795e30be2a716cd6fd94711ff17
갑옷,태광천신의복6성,02a7d795e30be2a716cd6fd94711ff17
방패/보조무기,고대마령의단검6성,02a7d795e30be2a716cd6fd94711ff17
투구,태광천신금잠6성,02a7d795e30be2a716cd6fd94711ff17
왼손,금린반지6성,02a7d795e30be2a716cd6fd94711ff17
오른손,태광노리개6성,02a7d795e30be2a716cd6fd94711ff17
보조1,마사의귀목,02a7d795e30be2a716cd6fd94711ff17
보조2,마사의귀목,02a7d795e30be2a716cd6fd94711ff17
얼굴장식,고대마령의표식6성,02a7d795e30be2a716cd6fd94711ff17
캐시 투구,따숩겨울헤어(남),02a7d795e30be2a716cd6fd94711ff17
망토,용성신부'화5성,02a7d795e30be2a716cd6fd94711ff17
캐시 겉옷,헬로캠퍼스의상(남),02a7d795e30be2a716cd6fd94711ff17
신발,고대마령의군화'월6성,02a7d795e30be2a716cd6fd94711ff17
목/어깨장식,청의비녀,02a7d795e30be2a716cd6fd94711ff17
캐시 무기,해님달님금줄,02a7d795e30be2a716cd6fd94711ff17
캐시 방패/보조무기,,02a7d795e30be2a716cd6fd94711ff17
캐시 얼굴장식,눈장식:울먹(뿌애앵),02a7d795e30be2a716cd6fd94711ff17
캐시 망토,커플캐릭터가방No01,02a7d795e30be2a716cd6fd94711ff17
캐시 신발,눈꽃신발No01,02a7d795e30be2a716cd6fd94711ff17
캐시 목/어깨장식,,02a7d795e30be2a716cd6fd94711ff17
세트옷,[괴수의상]흑화랑1성,02a7d795e30be2a716cd6fd94711ff17
캐시 세트옷,,02a7d795e30be2a716cd6fd94711ff17
장신구,,02a7d795e30be2a716cd6fd94711ff17
캐시 장신구,주말오후빨간실핀,02a7d795e30be2a716cd6fd94711ff17
무기,용신제십장,2c44676a8530f375366dfd2c4c7b982c
갑옷,현무불괴갑,2c44676a8530f375366dfd2c4c7b982c
방패/보조무기,고대마령의방패6성,2c44676a8530f375366dfd2c4c7b982c
투구,환웅의신모'9성,2c44676a8530f375366dfd2c4c7b982c
왼손,패자황금염주,2c44676a8530f375366dfd2c4c7b982c
오른손,패자황금염주,2c44676a8530f375366dfd2c4c7b982c
보조1,빛나는마사의귀목,2c44676a8530f375366dfd2c4c7b982c
보조2,빛나는마사의귀목,2c44676a8530f375366dfd2c4c7b982c
얼굴장식,고대마령의암막8성,2c44676a8530f375366dfd2c4c7b982c
캐시 투구,악마계약자머리(여),2c44676a8530f375366dfd2c4c7b982c
망토,무신귀갑주7성,2c44676a8530f375366dfd2c4c7b982c
캐시 겉옷,대양의선원복(여),2c44676a8530f375366dfd2c4c7b982c
신발,고대마령의군화'흑8성,2c44676a8530f375366dfd2c4c7b982c
목/어깨장식,고대마령의목걸이8성,2c44676a8530f375366dfd2c4c7b982c
캐시 무기,[심야]행운의채굴곡괭이,2c44676a8530f375366dfd2c4c7b982c
캐시 방패/보조무기,아기해파리,2c44676a8530f375366dfd2c4c7b982c
캐시 얼굴장식,눈장식:쁘띠(흑진주),2c44676a8530f375366dfd2c4c7b982c
캐시 망토,[2023]진인의심장,2c44676a8530f375366dfd2c4c7b982c
캐시 신발,흩날리는깃털,2c44676a8530f375366dfd2c4c7b982c
캐시 목/어깨장식,웨딩목걸이,2c44676a8530f375366dfd2c4c7b982c
세트옷,[괴수의상]아그니1성,2c44676a8530f375366dfd2c4c7b982c
캐시 세트옷,[구]망또No05,2c44676a8530f375366dfd2c4c7b982c
장신구,붉은토끼풀노리개3성,2c44676a8530f375366dfd2c4c7b982c
캐시 장신구,악마계약자왕관(여),2c44676a8530f375366dfd2c4c7b982c
무기,고대마령의적혈장9성,28692b0ad2b842a17522aac3cffdc9e1
갑옷,환웅의신복'8성,28692b0ad2b842a17522aac3cffdc9e1
방패/보조무기,고대마령의단검6성,28692b0ad2b842a17522aac3cffdc9e1
투구,환웅의신모'8성,28692b0ad2b842a17522aac3cffdc9e1
왼손,금린노리개6성,28692b0ad2b842a17522aac3cffdc9e1
오른손,용발톱흑광노리개7성,28692b0ad2b842a17522aac3cffdc9e1
보조1,마사의귀목,28692b0ad2b842a17522aac3cffdc9e1
보조2,마사의귀목,28692b0ad2b842a17522aac3cffdc9e1
얼굴장식,시바의시선,28692b0ad2b842a17522aac3cffdc9e1
캐시 투구,레이닝보이헤어No01,28692b0ad2b842a17522aac3cffdc9e1
망토,무신귀갑주7성,28692b0ad2b842a17522aac3cffdc9e1
캐시 겉옷,값진설날교복(남),28692b0ad2b842a17522aac3cffdc9e1
신발,사령웅의앞발,28692b0ad2b842a17522aac3cffdc9e1
목/어깨장식,고대마령의목걸이6성,28692b0ad2b842a17522aac3cffdc9e1
캐시 무기,,28692b0ad2b842a17522aac3cffdc9e1
캐시 방패/보조무기,순정만화책,28692b0ad2b842a17522aac3cffdc9e1
캐시 얼굴장식,,28692b0ad2b842a17522aac3cffdc9e1
캐시 망토,값진별의날개,28692b0ad2b842a17522aac3cffdc9e1
캐시 신발,빗방울,28692b0ad2b842a17522aac3cffdc9e1
캐시 목/어깨장식,,28692b0ad2b842a17522aac3cffdc9e1
세트옷,[괴수의상]아이라바타1성,28692b0ad2b842a17522aac3cffdc9e1
캐시 세트옷,,28692b0ad2b842a17522aac3cffdc9e1
장신구,붉은토끼풀노리개1성,28692b0ad2b842a17522aac3cffdc9e1
캐시 장신구,나비빨강더듬이,28692b0ad2b842a17522aac3cffdc9e1
무기,용신제십장,3ba9921e20fe6846c35fab961bdad0c4
갑옷,환웅의신복'9성,3ba9921e20fe6846c35fab961bdad0c4
방패/보조무기,고대마령의단검8성,3ba9921e20fe6846c35fab961bdad0c4
투구,환웅의신모'9성,3ba9921e20fe6846c35fab961bdad0c4
왼손,환웅의천수'9성,3ba9921e20fe6846c35fab961bdad0c4
오른손,환웅의깍지'8성,3ba9921e20fe6846c35fab961bdad0c4
보조1,마령의노리개'흑6성,3ba9921e20fe6846c35fab961bdad0c4
보조2,마사의귀목,3ba9921e20fe6846c35fab961bdad0c4
얼굴장식,조사장의가면,3ba9921e20fe6846c35fab961bdad0c4
캐시 투구,탐굴왕헤어No02,3ba9921e20fe6846c35fab961bdad0c4
망토,무신귀갑주7성,3ba9921e20fe6846c35fab961bdad0c4
캐시 겉옷,탐굴왕의상No02,3ba9921e20fe6846c35fab961bdad0c4
신발,사령웅의앞발,3ba9921e20fe6846c35fab961bdad0c4
목/어깨장식,진'흉수의인장,3ba9921e20fe6846c35fab961bdad0c4
캐시 무기,,3ba9921e20fe6846c35fab961bdad0c4
캐시 방패/보조무기,럭셔리왼손쇼핑백No01,3ba9921e20fe6846c35fab961bdad0c4
캐시 얼굴장식,,3ba9921e20fe6846c35fab961bdad0c4
캐시 망토,,3ba9921e20fe6846c35fab961bdad0c4
캐시 신발,유성우,3ba9921e20fe6846c35fab961bdad0c4
캐시 목/어깨장식,요정검은목도리,3ba9921e20fe6846c35fab961bdad0c4
세트옷,[괴수의상]가루다1성,3ba9921e20fe6846c35fab961bdad0c4
캐시 세트옷,고대미라정령신수의상,3ba9921e20fe6846c35fab961bdad0c4
장신구,붉은토끼풀노리개1성,3ba9921e20fe6846c35fab961bdad0c4
캐시 장신구,베베반짝별,3ba9921e20fe6846c35fab961bdad0c4
무기,천룡신장7성,639d613aa0c2a9ed6052839cd59d2889
갑옷,환웅의천예'8성,639d613aa0c2a9ed6052839cd59d2889
방패/보조무기,무신귀면방7성,639d613aa0c2a9ed6052839cd59d2889
투구,환웅의천관'7성,639d613aa0c2a9ed6052839cd59d2889
왼손,태염반지6성,639d613aa0c2a9ed6052839cd59d2889
오른손,금린반지6성,639d613aa0c2a9ed6052839cd59d2889
보조1,마사의귀목,639d613aa0c2a9ed6052839cd59d2889
보조2,마사의귀목,639d613aa0c2a9ed6052839cd59d2889
얼굴장식,고대마령의암막6성,639d613aa0c2a9ed6052839cd59d2889
캐시 투구,샤인여자헤어,639d613aa0c2a9ed6052839cd59d2889
망토,무신귀갑주7성,639d613aa0c2a9ed6052839cd59d2889
캐시 겉옷,새내기룩(여),639d613aa0c2a9ed6052839cd59d2889
신발,사령웅의앞발,639d613aa0c2a9ed6052839cd59d2889
목/어깨장식,진'서라마옥귀걸이,639d613aa0c2a9ed6052839cd59d2889
캐시 무기,,639d613aa0c2a9ed6052839cd59d2889
캐시 방패/보조무기,꿈요정러블리향수,639d613aa0c2a9ed6052839cd59d2889
캐시 얼굴장식,,639d613aa0c2a9ed6052839cd59d2889
캐시 망토,비눗방울,639d613aa0c2a9ed6052839cd59d2889
캐시 신발,몽실몽실구름,639d613aa0c2a9ed6052839cd59d2889
캐시 목/어깨장식,니트목도리No02,639d613aa0c2a9ed6052839cd59d2889
세트옷,강철의탐,639d613aa0c2a9ed6052839cd59d2889
캐시 세트옷,귀엽덕,639d613aa0c2a9ed6052839cd59d2889
장신구,자수원앙노리개1성,639d613aa0c2a9ed6052839cd59d2889
캐시 장신구,머리위선글라스,639d613aa0c2a9ed6052839cd59d2889
무기,,535d7c0787f485099945597b93139974
갑옷,죄수복,535d7c0787f485099945597b93139974
방패/보조무기,,535d7c0787f485099945597b93139974
투구,,535d7c0787f485099945597b93139974
왼손,,535d7c0787f485099945597b93139974
오른손,,535d7c0787f485099945597b93139974
보조1,마사의귀목,535d7c0787f485099945597b93139974
보조2,마사의귀목,535d7c0787f485099945597b93139974
얼굴장식,,535d7c0787f485099945597b93139974
캐시 투구,,535d7c0787f485099945597b93139974
망토,암흑망토,535d7c0787f485099945597b93139974
캐시 겉옷,,535d7c0787f485099945597b93139974
신발,,535d7c0787f485099945597b93139974
목/어깨장식,,535d7c0787f485099945597b93139974
캐시 무기,[25주년]흑룡선,535d7c0787f485099945597b93139974
캐시 방패/보조무기,발아래까치,535d7c0787f485099945597b93139974
캐시 얼굴장식,,535d7c0787f485099945597b93139974
캐시 망토,,535d7c0787f485099945597b93139974
캐시 신발,,535d7c0787f485099945597b93139974
캐시 목/어깨장식,,535d7c0787f485099945597b93139974
세트옷,전우치분신,535d7c0787f485099945597b93139974
캐시 세트옷,,535d7c0787f485099945597b93139974
장신구,붉은토끼풀노리개2성,535d7c0787f485099945597b93139974
캐시 장신구,,535d7c0787f485099945597b93139974
무기,진'서라마옥도,ca3ec6da0f04823eebee837e1547bd8e
갑옷,환웅의연갑'8성,ca3ec6da0f04823eebee837e1547bd8e
방패/보조무기,무신귀면방7성,ca3ec6da0f04823eebee837e1547bd8e
투구,환웅의머릿깃'8성,ca3ec6da0f04823eebee837e1547bd8e
왼손,[패스]백기린팔찌,ca3ec6da0f04823eebee837e1547bd8e
오른손,백기린팔찌,ca3ec6da0f04823eebee837e1547bd8e
보조1,마사의귀목,ca3ec6da0f04823eebee837e1547bd8e
보조2,마사의귀목,ca3ec6da0f04823eebee837e1547bd8e
얼굴장식,조사장의가면,ca3ec6da0f04823eebee837e1547bd8e
캐시 투구,인어공주헤어,ca3ec6da0f04823eebee837e1547bd8e
망토,암흑망토(손상),ca3ec6da0f04823eebee837e1547bd8e
캐시 겉옷,쿠킹의상No01여,ca3ec6da0f04823eebee837e1547bd8e
신발,사령웅의앞발,ca3ec6da0f04823eebee837e1547bd8e
목/어깨장식,진'흉수의인장,ca3ec6da0f04823eebee837e1547bd8e
캐시 무기,,ca3ec6da0f04823eebee837e1547bd8e
캐시 방패/보조무기,우유사탕낚시대,ca3ec6da0f04823eebee837e1547bd8e
캐시 얼굴장식,,ca3ec6da0f04823eebee837e1547bd8e
캐시 망토,겨울함박눈,ca3ec6da0f04823eebee837e1547bd8e
캐시 신발,빗방울,ca3ec6da0f04823eebee837e1547bd8e
캐시 목/어깨장식,아기턱받이No02,ca3ec6da0f04823eebee837e1547bd8e
세트옷,전우치분신,ca3ec6da0f04823eebee837e1547bd8e
캐시 세트옷,고대어쿠스틱소녀신수의상No01,ca3ec6da0f04823eebee837e1547bd8e
장신구,붉은토끼풀노리개1성,ca3ec6da0f04823eebee837e1547bd8e
캐시 장신구,점눈안대,ca3ec6da0f04823eebee837e1547bd8e
무기,천룡신장7성,d2b734a1535a8627c02f63b9b91f9ced
갑옷,환웅의신복'8성,d2b734a1535a8627c02f63b9b91f9ced
방패/보조무기,,d2b734a1535a8627c02f63b9b91f9ced
투구,용아천관'신1성,d2b734a1535a8627c02f63b9b91f9ced
왼손,바람제영식염주,d2b734a1535a8627c02f63b9b91f9ced
오른손,바람제영식염주,d2b734a1535a8627c02f63b9b91f9ced
보조1,마사의귀목,d2b734a1535a8627c02f63b9b91f9ced
보조2,마사의귀목,d2b734a1535a8627c02f63b9b91f9ced
얼굴장식,고대마령의암막6성,d2b734a1535a8627c02f63b9b91f9ced
캐시 투구,은설랑머리장식,d2b734a1535a8627c02f63b9b91f9ced
망토,천마령의망토,d2b734a1535a8627c02f63b9b91f9ced
캐시 겉옷,은설랑의복,d2b734a1535a8627c02f63b9b91f9ced
신발,사령웅의앞발,d2b734a1535a8627c02f63b9b91f9ced
목/어깨장식,진'흉수의인장,d2b734a1535a8627c02f63b9b91f9ced
캐시 무기,[패스]인어삼지창,d2b734a1535a8627c02f63b9b91f9ced
캐시 방패/보조무기,,d2b734a1535a8627c02f63b9b91f9ced
캐시 얼굴장식,,d2b734a1535a8627c02f63b9b91f9ced
캐시 망토,러블리토끼No01,d2b734a1535a8627c02f63b9b91f9ced
캐시 신발,몽실몽실구름,d2b734a1535a8627c02f63b9b91f9ced
캐시 목/어깨장식,복주머니,d2b734a1535a8627c02f63b9b91f9ced
세트옷,도깨비탐,d2b734a1535a8627c02f63b9b91f9ced
캐시 세트옷,,d2b734a1535a8627c02f63b9b91f9ced
장신구,붉은토끼풀노리개1성,d2b734a1535a8627c02f63b9b91f9ced
캐시 장신구,[패스]인어왕관,d2b734a1535a8627c02f63b9b91f9ced
무기,고대마령의적혈장9성,55e2a75a7c6aacd60e2bd854251d200c
갑옷,환웅의치마'8성,55e2a75a7c6aacd60e2bd854251d200c
방패/보조무기,무신귀면방7성,55e2a75a7c6aacd60e2bd854251d200c
투구,환웅의신모'9성,55e2a75a7c6aacd60e2bd854251d200c
왼손,용비늘흑광노리개9성,55e2a75a7c6aacd60e2bd854251d200c
오른손,용비늘흑광노리개9성,55e2a75a7c6aacd60e2bd854251d200c
보조1,마사의귀목,55e2a75a7c6aacd60e2bd854251d200c
보조2,마사의귀목,55e2a75a7c6aacd60e2bd854251d200c
얼굴장식,조사장의가면,55e2a75a7c6aacd60e2bd854251d200c
캐시 투구,모던커플헤어(여),55e2a75a7c6aacd60e2bd854251d200c
망토,암흑망토(손상),55e2a75a7c6aacd60e2bd854251d200c
캐시 겉옷,모던커플의상(여),55e2a75a7c6aacd60e2bd854251d200c
신발,사령웅의앞발,55e2a75a7c6aacd60e2bd854251d200c
목/어깨장식,진'흉수의인장,55e2a75a7c6aacd60e2bd854251d200c
캐시 무기,분홍손풍기,55e2a75a7c6aacd60e2bd854251d200c
캐시 방패/보조무기,,55e2a75a7c6aacd60e2bd854251d200c
캐시 얼굴장식,,55e2a75a7c6aacd60e2bd854251d200c
캐시 망토,노란꽃잎,55e2a75a7c6aacd60e2bd854251d200c
캐시 신발,곰돌이분홍풍선,55e2a75a7c6aacd60e2bd854251d200c
캐시 목/어깨장식,,55e2a75a7c6aacd60e2bd854251d200c
세트옷,미라정령,55e2a75a7c6aacd60e2bd854251d200c
캐시 세트옷,,55e2a75a7c6aacd60e2bd854251d200c
장신구,,55e2a75a7c6aacd60e2bd854251d200c
캐시 장신구,검은마스크,55e2a75a7c6aacd60e2bd854251d200c
무기,고대마령의적혈장10성,2946805632261d0adc8d171c5620cada
갑옷,환웅의신복'7성,2946805632261d0adc8d171c5620cada
방패/보조무기,고대마령의단검6성,2946805632261d0adc8d171c5620cada
투구,환웅의두건'9성,2946805632261d0adc8d171c5620cada
왼손,환웅의염주'7성,2946805632261d0adc8d171c5620cada
오른손,환웅의염주'8성,2946805632261d0adc8d171c5620cada
보조1,마사의귀목,2946805632261d0adc8d171c5620cada
보조2,마사의귀목,2946805632261d0adc8d171c5620cada
얼굴장식,조사장의가면,2946805632261d0adc8d171c5620cada
캐시 투구,악마계약자머리(남),2946805632261d0adc8d171c5620cada
망토,무신귀갑주7성,2946805632261d0adc8d171c5620cada
캐시 겉옷,따숩겨울니트(남),2946805632261d0adc8d171c5620cada
신발,용왕의신발,2946805632261d0adc8d171c5620cada
목/어깨장식,고대마령의목걸이6성,2946805632261d0adc8d171c5620cada
캐시 무기,,2946805632261d0adc8d171c5620cada
캐시 방패/보조무기,복숭아사탕낚시대,2946805632261d0adc8d171c5620cada
캐시 얼굴장식,,2946805632261d0adc8d171c5620cada
캐시 망토,검은갈기늑대,2946805632261d0adc8d171c5620cada
캐시 신발,,2946805632261d0adc8d171c5620cada
캐시 목/어깨장식,레이스스카프No01,2946805632261d0adc8d171c5620cada
세트옷,구미호분신,2946805632261d0adc8d171c5620cada
캐시 세트옷,고대미라정령신수의상,2946805632261d0adc8d171c5620cada
장신구,붉은토끼풀노리개1성,2946805632261d0adc8d171c5620cada
캐시 장신구,멍멍귀No01,2946805632261d0adc8d171c5620cada
무기,용라제십명도,1d3950898e25288f528ec4817d543cc6
갑옷,용라파천갑8성,1d3950898e25288f528ec4817d543cc6
방패/보조무기,,1d3950898e25288f528ec4817d543cc6
투구,환웅의갓'9성,1d3950898e25288f528ec4817d543cc6
왼손,패자황금보호대,1d3950898e25288f528ec4817d543cc6
오른손,패자황금보호대,1d3950898e25288f528ec4817d543cc6
보조1,마령의노리개'흑8성,1d3950898e25288f528ec4817d543cc6
보조2,빛나는마사의귀목,1d3950898e25288f528ec4817d543cc6
얼굴장식,시바의시선,1d3950898e25288f528ec4817d543cc6
캐시 투구,,1d3950898e25288f528ec4817d543cc6
망토,용성장견'라8성,1d3950898e25288f528ec4817d543cc6
캐시 겉옷,탐굴왕의상No01,1d3950898e25288f528ec4817d543cc6
신발,사령웅의앞발,1d3950898e25288f528ec4817d543cc6
목/어깨장식,고대마령의목걸이8성,1d3950898e25288f528ec4817d543cc6
캐시 무기,행운의채굴곡괭이,1d3950898e25288f528ec4817d543cc6
캐시 방패/보조무기,뽀짝피그복주머니,1d3950898e25288f528ec4817d543cc6
캐시 얼굴장식,,1d3950898e25288f528ec4817d543cc6
캐시 망토,멍멍이꼬리No03,1d3950898e25288f528ec4817d543cc6
캐시 신발,신이난초코No03,1d3950898e25288f528ec4817d543cc6
캐시 목/어깨장식,,1d3950898e25288f528ec4817d543cc6
세트옷,[괴수의상]아그니1성,1d3950898e25288f528ec4817d543cc6
캐시 세트옷,고대구망또신수의상No01,1d3950898e25288f528ec4817d543cc6
장신구,붉은토끼풀노리개2성,1d3950898e25288f528ec4817d543cc6
캐시 장신구,나사펫상어후드,1d3950898e25288f528ec4817d543cc6
무기,바람태사명도,25f00aac1c8b380cc92ddaf56b2cd386
갑옷,[바린이]환웅의연갑'7성,25f00aac1c8b380cc92ddaf56b2cd386
방패/보조무기,,25f00aac1c8b380cc92ddaf56b2cd386
투구,환웅의갓'7성,25f00aac1c8b380cc92ddaf56b2cd386
왼손,서라마옥팔찌,25f00aac1c8b380cc92ddaf56b2cd386
오른손,[상급]고대은제팔찌,25f00aac1c8b380cc92ddaf56b2cd386
보조1,마사의귀목,25f00aac1c8b380cc92ddaf56b2cd386
보조2,마사의귀목,25f00aac1c8b380cc92ddaf56b2cd386
얼굴장식,고대마령의암막6성,25f00aac1c8b380cc92ddaf56b2cd386
캐시 투구,히피썸머헤어No02여,25f00aac1c8b380cc92ddaf56b2cd386
망토,진'암흑망토,25f00aac1c8b380cc92ddaf56b2cd386
캐시 겉옷,히피썸머의상No01여,25f00aac1c8b380cc92ddaf56b2cd386
신발,사령웅의앞발,25f00aac1c8b380cc92ddaf56b2cd386
목/어깨장식,진'흉수의인장,25f00aac1c8b380cc92ddaf56b2cd386
캐시 무기,,25f00aac1c8b380cc92ddaf56b2cd386
캐시 방패/보조무기,,25f00aac1c8b380cc92ddaf56b2cd386
캐시 얼굴장식,,25f00aac1c8b380cc92ddaf56b2cd386
캐시 망토,프리티코랄로즈향수,25f00aac1c8b380cc92ddaf56b2cd386
캐시 신발,,25f00aac1c8b380cc92ddaf56b2cd386
캐시 목/어깨장식,아기턱받이No02,25f00aac1c8b380cc92ddaf56b2cd386
세트옷,도깨비탐,25f00aac1c8b380cc92ddaf56b2cd386
캐시 세트옷,,25f00aac1c8b380cc92ddaf56b2cd386
장신구,붉은토끼풀노리개2성,25f00aac1c8b380cc92ddaf56b2cd386
캐시 장신구,아이스크림고깔No03,25f00aac1c8b380cc92ddaf56b2cd386
,,0ce6706ff052005faaef5774e2ac4408
갑옷,환웅의흑예'9성,0ce6706ff052005faaef5774e2ac4408
방패/보조무기,,0ce6706ff052005faaef5774e2ac4408
투구,환웅의갓'9성,0ce6706ff052005faaef5774e2ac4408
왼손,환웅의보호대'7성,0ce6706ff052005faaef5774e2ac4408
오른손,환웅의보호대'8성,0ce6706ff052005faaef5774e2ac4408
보조1,마사의귀목,0ce6706ff052005faaef5774e2ac4408
보조2,마사의귀목,0ce6706ff052005faaef5774e2ac4408
얼굴장식,조사장의가면,0ce6706ff052005faaef5774e2ac4408
캐시 투구,,0ce6706ff052005faaef5774e2ac4408
망토,무신귀갑주7성,0ce6706ff052005faaef5774e2ac4408
캐시 겉옷,뱀파이어드레스(여),0ce6706ff052005faaef5774e2ac4408
신발,사령웅의앞발,0ce6706ff052005faaef5774e2ac4408
목/어깨장식,진'흉수의인장,0ce6706ff052005faaef5774e2ac4408
캐시 무기,쫀득떡꼬치,0ce6706ff052005faaef5774e2ac4408
캐시 방패/보조무기,베이직미니가죽가방,0ce6706ff052005faaef5774e2ac4408
캐시 얼굴장식,[30주년]넥슨히어로하트,0ce6706ff052005faaef5774e2ac4408
캐시 망토,,0ce6706ff052005faaef5774e2ac4408
캐시 신발,배경:도시야경,0ce6706ff052005faaef5774e2ac4408
캐시 목/어깨장식,,0ce6706ff052005faaef5774e2ac4408
세트옷,[괴수의상]비형랑3성,0ce6706ff052005faaef5774e2ac4408
캐시 세트옷,,0ce6706ff052005faaef5774e2ac4408
장신구,파란나비노리개1성,0ce6706ff052005faaef5774e2ac4408
캐시 장신구,초롱초롱별머리핀,0ce6706ff052005faaef5774e2ac4408
무기,고대마령의적혈명도6성,e695f16ae5163d977a444fbab31447e5
갑옷,환웅의갑주'7성,e695f16ae5163d977a444fbab31447e5
방패/보조무기,,e695f16ae5163d977a444fbab31447e5
투구,환웅의갓'7성,e695f16ae5163d977a444fbab31447e5
왼손,금린반지5성,e695f16ae5163d977a444fbab31447e5
오른손,태광노리개5성,e695f16ae5163d977a444fbab31447e5
보조1,낡은마사의귀목,e695f16ae5163d977a444fbab31447e5
보조2,마사의귀목,e695f16ae5163d977a444fbab31447e5
얼굴장식,낡은조사장의가면,e695f16ae5163d977a444fbab31447e5
캐시 투구,,e695f16ae5163d977a444fbab31447e5
망토,강림의망토,e695f16ae5163d977a444fbab31447e5
캐시 겉옷,한가위감사제의상(남),e695f16ae5163d977a444fbab31447e5
신발,낡은사령웅의앞발,e695f16ae5163d977a444fbab31447e5
목/어깨장식,진'흉수의인장,e695f16ae5163d977a444fbab31447e5
캐시 무기,,e695f16ae5163d977a444fbab31447e5
캐시 방패/보조무기,[25주년]밤하늘연등,e695f16ae5163d977a444fbab31447e5
캐시 얼굴장식,삼촌수염,e695f16ae5163d977a444fbab31447e5
캐시 망토,,e695f16ae5163d977a444fbab31447e5
캐시 신발,,e695f16ae5163d977a444fbab31447e5
캐시 목/어깨장식,,e695f16ae5163d977a444fbab31447e5
세트옷,전우치분신,e695f16ae5163d977a444fbab31447e5
캐시 세트옷,,e695f16ae5163d977a444fbab31447e5
장신구,붉은토끼풀노리개2성,e695f16ae5163d977a444fbab31447e5
캐시 장신구,,e695f16ae5163d977a444fbab31447e5
무기,고대마령의적혈명도8성,4a1de9a03477b3ee3d6a35914329b38a
갑옷,환웅의흑예'8성,4a1de9a03477b3ee3d6a35914329b38a
방패/보조무기,,4a1de9a03477b3ee3d6a35914329b38a
투구,환웅의갓'7성,4a1de9a03477b3ee3d6a35914329b38a
왼손,쇄자황금보호대,4a1de9a03477b3ee3d6a35914329b38a
오른손,환웅의보호대'7성,4a1de9a03477b3ee3d6a35914329b38a
보조1,마사의귀목,4a1de9a03477b3ee3d6a35914329b38a
보조2,마사의귀목,4a1de9a03477b3ee3d6a35914329b38a
얼굴장식,고대마령의암막6성,4a1de9a03477b3ee3d6a35914329b38a
캐시 투구,단진머리,4a1de9a03477b3ee3d6a35914329b38a
망토,무신귀갑주7성,4a1de9a03477b3ee3d6a35914329b38a
캐시 겉옷,값진설날교복(여),4a1de9a03477b3ee3d6a35914329b38a
신발,사령웅의앞발,4a1de9a03477b3ee3d6a35914329b38a
목/어깨장식,고대마령의목걸이6성,4a1de9a03477b3ee3d6a35914329b38a
캐시 무기,퍼거스의망치,4a1de9a03477b3ee3d6a35914329b38a
캐시 방패/보조무기,서커스펭귄풍선,4a1de9a03477b3ee3d6a35914329b38a
캐시 얼굴장식,,4a1de9a03477b3ee3d6a35914329b38a
캐시 망토,확장산소통,4a1de9a03477b3ee3d6a35914329b38a
캐시 신발,젤리삐약,4a1de9a03477b3ee3d6a35914329b38a
캐시 목/어깨장식,NEXON사원증,4a1de9a03477b3ee3d6a35914329b38a
세트옷,뀨뀨,4a1de9a03477b3ee3d6a35914329b38a
캐시 세트옷,,4a1de9a03477b3ee3d6a35914329b38a
장신구,자수원앙노리개1성,4a1de9a03477b3ee3d6a35914329b38a
캐시 장신구,,4a1de9a03477b3ee3d6a35914329b38a
무기,칠지천지환명도,618caa21c8068737740dbb59d69962ad
갑옷,환웅의흑의'7성,618caa21c8068737740dbb59d69962ad
방패/보조무기,,618caa21c8068737740dbb59d69962ad
투구,환웅의갓'8성,618caa21c8068737740dbb59d69962ad
왼손,환웅의보호대'7성,618caa21c8068737740dbb59d69962ad
오른손,환웅의보호대'8성,618caa21c8068737740dbb59d69962ad
보조1,마사의귀목,618caa21c8068737740dbb59d69962ad
보조2,마사의귀목,618caa21c8068737740dbb59d69962ad
얼굴장식,조사장의가면,618caa21c8068737740dbb59d69962ad
캐시 투구,다람쥐탈,618caa21c8068737740dbb59d69962ad
망토,무신귀갑주6성,618caa21c8068737740dbb59d69962ad
캐시 겉옷,캐주얼명문교복(남),618caa21c8068737740dbb59d69962ad
신발,사령웅의앞발,618caa21c8068737740dbb59d69962ad
목/어깨장식,진'흉수의인장,618caa21c8068737740dbb59d69962ad
캐시 무기,[출석]매화가지,618caa21c8068737740dbb59d69962ad
캐시 방패/보조무기,,618caa21c8068737740dbb59d69962ad
캐시 얼굴장식,,618caa21c8068737740dbb59d69962ad
캐시 망토,향긋한정원앞치마(남),618caa21c8068737740dbb59d69962ad
캐시 신발,빗방울,618caa21c8068737740dbb59d69962ad
캐시 목/어깨장식,,618caa21c8068737740dbb59d69962ad
세트옷,[괴수의상]쿠라칸1성,618caa21c8068737740dbb59d69962ad
캐시 세트옷,,618caa21c8068737740dbb59d69962ad
장신구,,618caa21c8068737740dbb59d69962ad
캐시 장신구,머리위체리데코,618caa21c8068737740dbb59d69962ad
무기,[바린이]칠지천지환명도,3820678496bd6fa170acc1e233b98dc2
갑옷,[바린이]환웅의흑의'7성,3820678496bd6fa170acc1e233b98dc2
방패/보조무기,,3820678496bd6fa170acc1e233b98dc2
투구,[바린이]환웅의갓'7성,3820678496bd6fa170acc1e233b98dc2
왼손,[상급]고대은제팔찌,3820678496bd6fa170acc1e233b98dc2
오른손,[상급]고대은제팔찌,3820678496bd6fa170acc1e233b98dc2
보조1,마사의귀목,3820678496bd6fa170acc1e233b98dc2
보조2,마사의귀목,3820678496bd6fa170acc1e233b98dc2
얼굴장식,조사장의가면,3820678496bd6fa170acc1e233b98dc2
캐시 투구,모던커플헤어(남),3820678496bd6fa170acc1e233b98dc2
망토,암흑망토,3820678496bd6fa170acc1e233b98dc2
캐시 겉옷,모던커플의상(남),3820678496bd6fa170acc1e233b98dc2
신발,용왕의신발,3820678496bd6fa170acc1e233b98dc2
목/어깨장식,암흑목걸이[괴],3820678496bd6fa170acc1e233b98dc2
캐시 무기,오래된채굴곡괭이,3820678496bd6fa170acc1e233b98dc2
캐시 방패/보조무기,서커스펭귄풍선,3820678496bd6fa170acc1e233b98dc2
캐시 얼굴장식,,3820678496bd6fa170acc1e233b98dc2
캐시 망토,[패스]함박눈망토,3820678496bd6fa170acc1e233b98dc2
캐시 신발,산신의장화,3820678496bd6fa170acc1e233b98dc2
캐시 목/어깨장식,[패스]따뜻머플러,3820678496bd6fa170acc1e233b98dc2
세트옷,구미호분신,3820678496bd6fa170acc1e233b98dc2
캐시 세트옷,,3820678496bd6fa170acc1e233b98dc2
장신구,파란나비노리개1성,3820678496bd6fa170acc1e233b98dc2
캐시 장신구,검은마스크,3820678496bd6fa170acc1e233b98dc2
캐시 무기,오래된채굴곡괭이,4fd9d670000ddb3bd740d921fa201d63
무기,고대마령의적혈명도4성,4fd9d670000ddb3bd740d921fa201d63
갑옷,상급여자구미호갑옷,4fd9d670000ddb3bd740d921fa201d63
방패/보조무기,,4fd9d670000ddb3bd740d921fa201d63
투구,상급구미호모자,4fd9d670000ddb3bd740d921fa201d63
왼손,고대마령의장갑'흑6성,4fd9d670000ddb3bd740d921fa201d63
오른손,황금보호대,4fd9d670000ddb3bd740d921fa201d63
보조1,찬란한금두꺼비,4fd9d670000ddb3bd740d921fa201d63
보조2,마사의귀목,4fd9d670000ddb3bd740d921fa201d63
얼굴장식,조사장의가면,4fd9d670000ddb3bd740d921fa201d63
캐시 투구,토끼소녀헤어No01,4fd9d670000ddb3bd740d921fa201d63
망토,강림의망토,4fd9d670000ddb3bd740d921fa201d63
캐시 겉옷,이매망량의상(여),4fd9d670000ddb3bd740d921fa201d63
신발,사령웅의앞발,4fd9d670000ddb3bd740d921fa201d63
목/어깨장식,진'흉수의인장,4fd9d670000ddb3bd740d921fa201d63
캐시 방패/보조무기,양양이No01,4fd9d670000ddb3bd740d921fa201d63
캐시 얼굴장식,,4fd9d670000ddb3bd740d921fa201d63
캐시 망토,[2023]진인의심장,4fd9d670000ddb3bd740d921fa201d63
캐시 신발,산신의장화,4fd9d670000ddb3bd740d921fa201d63
캐시 목/어깨장식,우아한눈꽃순백목도리,4fd9d670000ddb3bd740d921fa201d63
세트옷,,4fd9d670000ddb3bd740d921fa201d63
캐시 세트옷,,4fd9d670000ddb3bd740d921fa201d63
장신구,,4fd9d670000ddb3bd740d921fa201d63
캐시 장신구,헤리티지포인트핀,4fd9d670000ddb3bd740d921fa201d63
무기,,16c20443664f9968b35557afe2833448
갑옷,,16c20443664f9968b35557afe2833448
방패/보조무기,,16c20443664f9968b35557afe2833448
투구,,16c20443664f9968b35557afe2833448
왼손,,16c20443664f9968b35557afe2833448
오른손,,16c20443664f9968b35557afe2833448
보조1,,16c20443664f9968b35557afe2833448
보조2,,16c20443664f9968b35557afe2833448
얼굴장식,,16c20443664f9968b35557afe2833448
캐시 투구,,16c20443664f9968b35557afe2833448
망토,,16c20443664f9968b35557afe2833448
캐시 겉옷,,16c20443664f9968b35557afe2833448
신발,,16c20443664f9968b35557afe2833448
목/어깨장식,,16c20443664f9968b35557afe2833448
캐시 무기,[출석]매화가지,16c20443664f9968b35557afe2833448
캐시 방패/보조무기,멋진신속정확,16c20443664f9968b35557afe2833448
캐시 얼굴장식,뱅뱅안경,16c20443664f9968b35557afe2833448
캐시 망토,,16c20443664f9968b35557afe2833448
캐시 신발,흩뿌려진꽃잎No02,16c20443664f9968b35557afe2833448
캐시 목/어깨장식,,16c20443664f9968b35557afe2833448
세트옷,,16c20443664f9968b35557afe2833448
캐시 세트옷,,16c20443664f9968b35557afe2833448
장신구,,16c20443664f9968b35557afe2833448
캐시 장신구,검은마스크,16c20443664f9968b35557afe2833448
무기,고대마령의적혈겸8성,330ccfca97b485c586520813c4f75b65
갑옷,환웅의갑주'9성,330ccfca97b485c586520813c4f75b65
방패/보조무기,,330ccfca97b485c586520813c4f75b65
투구,환웅의투구'9성,330ccfca97b485c586520813c4f75b65
왼손,환웅의투수'8성,330ccfca97b485c586520813c4f75b65
오른손,환웅의깍지'8성,330ccfca97b485c586520813c4f75b65
보조1,마령의노리개'흑7성,330ccfca97b485c586520813c4f75b65
보조2,마사의귀목,330ccfca97b485c586520813c4f75b65
얼굴장식,시바의시선,330ccfca97b485c586520813c4f75b65
캐시 투구,어쿠스틱소년헤어,330ccfca97b485c586520813c4f75b65
망토,고대마령의칼날8성,330ccfca97b485c586520813c4f75b65
캐시 겉옷,한가위토깽의복(흑),330ccfca97b485c586520813c4f75b65
신발,사령웅의앞발,330ccfca97b485c586520813c4f75b65
목/어깨장식,고대마령의목걸이8성,330ccfca97b485c586520813c4f75b65
캐시 무기,타락여우구슬,330ccfca97b485c586520813c4f75b65
캐시 방패/보조무기,우쿨렐레No02,330ccfca97b485c586520813c4f75b65
캐시 얼굴장식,눈장식:목표포착,330ccfca97b485c586520813c4f75b65
캐시 망토,메달릴고냥,330ccfca97b485c586520813c4f75b65
캐시 신발,빗방울,330ccfca97b485c586520813c4f75b65
캐시 목/어깨장식,딱콩삐쭉스카프No05,330ccfca97b485c586520813c4f75b65
세트옷,[괴수의상]아이라바타1성,330ccfca97b485c586520813c4f75b65
캐시 세트옷,,330ccfca97b485c586520813c4f75b65
장신구,파란나비노리개2성,330ccfca97b485c586520813c4f75b65
캐시 장신구,블랙앤화이트방울,330ccfca97b485c586520813c4f75b65
무기,진'서라마옥도,58f9e584509ba4a0c58c0c9a6aceff4c
갑옷,환웅의치마'7성,58f9e584509ba4a0c58c0c9a6aceff4c
방패/보조무기,고대마령의단검6성,58f9e584509ba4a0c58c0c9a6aceff4c
투구,환웅의투구'7성,58f9e584509ba4a0c58c0c9a6aceff4c
왼손,환웅의천수'7성,58f9e584509ba4a0c58c0c9a6aceff4c
오른손,백기린팔찌,58f9e584509ba4a0c58c0c9a6aceff4c
보조1,마사의귀목,58f9e584509ba4a0c58c0c9a6aceff4c
보조2,마사의귀목,58f9e584509ba4a0c58c0c9a6aceff4c
얼굴장식,조사장의가면,58f9e584509ba4a0c58c0c9a6aceff4c
캐시 투구,,58f9e584509ba4a0c58c0c9a6aceff4c
망토,마겸의망토,58f9e584509ba4a0c58c0c9a6aceff4c
캐시 겉옷,환계선녀의복,58f9e584509ba4a0c58c0c9a6aceff4c
신발,사령웅의앞발,58f9e584509ba4a0c58c0c9a6aceff4c
목/어깨장식,진'흉수의인장,58f9e584509ba4a0c58c0c9a6aceff4c
캐시 무기,,58f9e584509ba4a0c58c0c9a6aceff4c
캐시 방패/보조무기,순정만화책,58f9e584509ba4a0c58c0c9a6aceff4c
캐시 얼굴장식,,58f9e584509ba4a0c58c0c9a6aceff4c
캐시 망토,환계날개옷,58f9e584509ba4a0c58c0c9a6aceff4c
캐시 신발,환계연꽃궁정,58f9e584509ba4a0c58c0c9a6aceff4c
캐시 목/어깨장식,아기턱받이No01,58f9e584509ba4a0c58c0c9a6aceff4c
세트옷,뀨뀨,58f9e584509ba4a0c58c0c9a6aceff4c
캐시 세트옷,,58f9e584509ba4a0c58c0c9a6aceff4c
장신구,붉은토끼풀노리개1성,58f9e584509ba4a0c58c0c9a6aceff4c
캐시 장신구,환계선녀삐죽귀,58f9e584509ba4a0c58c0c9a6aceff4c
무기,진'서라마옥도,f4f11f7efdee1a3b28778f9a3abf7171
갑옷,태염무신장갑8성,f4f11f7efdee1a3b28778f9a3abf7171
방패/보조무기,고대마령의단검6성,f4f11f7efdee1a3b28778f9a3abf7171
투구,환웅의모자'7성,f4f11f7efdee1a3b28778f9a3abf7171
왼손,금린노리개6성,f4f11f7efdee1a3b28778f9a3abf7171
오른손,환웅의깍지'7성,f4f11f7efdee1a3b28778f9a3abf7171
보조1,마사의귀목,f4f11f7efdee1a3b28778f9a3abf7171
보조2,마사의귀목,f4f11f7efdee1a3b28778f9a3abf7171
얼굴장식,조사장의가면,f4f11f7efdee1a3b28778f9a3abf7171
캐시 투구,가을홀릭소년헤어No01,f4f11f7efdee1a3b28778f9a3abf7171
망토,무신귀갑주6성,f4f11f7efdee1a3b28778f9a3abf7171
캐시 겉옷,한가위토깽의복(흑),f4f11f7efdee1a3b28778f9a3abf7171
신발,사령웅의앞발,f4f11f7efdee1a3b28778f9a3abf7171
목/어깨장식,고대마령의목걸이8성,f4f11f7efdee1a3b28778f9a3abf7171
캐시 무기,오래된채굴곡괭이,f4f11f7efdee1a3b28778f9a3abf7171
캐시 방패/보조무기,유리염주,f4f11f7efdee1a3b28778f9a3abf7171
캐시 얼굴장식,,f4f11f7efdee1a3b28778f9a3abf7171
캐시 망토,함박눈망토,f4f11f7efdee1a3b28778f9a3abf7171
캐시 신발,빗방울,f4f11f7efdee1a3b28778f9a3abf7171
캐시 목/어깨장식,,f4f11f7efdee1a3b28778f9a3abf7171
세트옷,주작정령,f4f11f7efdee1a3b28778f9a3abf7171
캐시 세트옷,,f4f11f7efdee1a3b28778f9a3abf7171
장신구,붉은토끼풀노리개2성,f4f11f7efdee1a3b28778f9a3abf7171
캐시 장신구,그림술사목장식(여),f4f11f7efdee1a3b28778f9a3abf7171
무기,고대마령의적혈겸8성,22e952387f6673f015254e7e4a0706fa
갑옷,환웅의창의'9성,22e952387f6673f015254e7e4a0706fa
방패/보조무기,,22e952387f6673f015254e7e4a0706fa
투구,환웅의복면'9성,22e952387f6673f015254e7e4a0706fa
왼손,금린반지6성,22e952387f6673f015254e7e4a0706fa
오른손,환웅의천수'8성,22e952387f6673f015254e7e4a0706fa
보조1,마사의귀목,22e952387f6673f015254e7e4a0706fa
보조2,마사의귀목,22e952387f6673f015254e7e4a0706fa
얼굴장식,빛나는조사장의가면,22e952387f6673f015254e7e4a0706fa
캐시 투구,[바람X크아]배찌모자,22e952387f6673f015254e7e4a0706fa
망토,고대마령의칼날6성,22e952387f6673f015254e7e4a0706fa
캐시 겉옷,정열의플라워슈트,22e952387f6673f015254e7e4a0706fa
신발,사령웅의앞발,22e952387f6673f015254e7e4a0706fa
목/어깨장식,진'흉수의인장,22e952387f6673f015254e7e4a0706fa
캐시 무기,루나빗물조리개,22e952387f6673f015254e7e4a0706fa
캐시 방패/보조무기,루나빗장미넝쿨,22e952387f6673f015254e7e4a0706fa
캐시 얼굴장식,,22e952387f6673f015254e7e4a0706fa
캐시 망토,천자봉황적운비익,22e952387f6673f015254e7e4a0706fa
캐시 신발,흩뿌려진꽃잎No01,22e952387f6673f015254e7e4a0706fa
캐시 목/어깨장식,들꽃나그네노리개,22e952387f6673f015254e7e4a0706fa
세트옷,백호정령,22e952387f6673f015254e7e4a0706fa
캐시 세트옷,,22e952387f6673f015254e7e4a0706fa
장신구,파란나비노리개2성,22e952387f6673f015254e7e4a0706fa
캐시 장신구,좋아요하트No01,22e952387f6673f015254e7e4a0706fa
무기,환웅천륜'7각,1ad77d8888f494dbdc13ed72a2f65c7d
갑옷,환웅의궁포'7성,1ad77d8888f494dbdc13ed72a2f65c7d
방패/보조무기,,1ad77d8888f494dbdc13ed72a2f65c7d
투구,진'서라마옥투구,1ad77d8888f494dbdc13ed72a2f65c7d
왼손,살수금반지10성,1ad77d8888f494dbdc13ed72a2f65c7d
오른손,신겸의반지,1ad77d8888f494dbdc13ed72a2f65c7d
보조1,마사의귀목,1ad77d8888f494dbdc13ed72a2f65c7d
보조2,마사의귀목,1ad77d8888f494dbdc13ed72a2f65c7d
얼굴장식,조사장의가면,1ad77d8888f494dbdc13ed72a2f65c7d
캐시 투구,레이닝보이헤어No02,1ad77d8888f494dbdc13ed72a2f65c7d
망토,암흑망토,1ad77d8888f494dbdc13ed72a2f65c7d
캐시 겉옷,상큼장마의상(남),1ad77d8888f494dbdc13ed72a2f65c7d
신발,낡은사령웅의앞발,1ad77d8888f494dbdc13ed72a2f65c7d
목/어깨장식,신겸의징표,1ad77d8888f494dbdc13ed72a2f65c7d
캐시 무기,,1ad77d8888f494dbdc13ed72a2f65c7d
캐시 방패/보조무기,양양이No02,1ad77d8888f494dbdc13ed72a2f65c7d
캐시 얼굴장식,,1ad77d8888f494dbdc13ed72a2f65c7d
캐시 망토,달콤토끼가방No01,1ad77d8888f494dbdc13ed72a2f65c7d
캐시 신발,빗방울,1ad77d8888f494dbdc13ed72a2f65c7d
캐시 목/어깨장식,레이스스카프No02,1ad77d8888f494dbdc13ed72a2f65c7d
세트옷,싸울아비분신,1ad77d8888f494dbdc13ed72a2f65c7d
캐시 세트옷,,1ad77d8888f494dbdc13ed72a2f65c7d
장신구,,1ad77d8888f494dbdc13ed72a2f65c7d
캐시 장신구,,1ad77d8888f494dbdc13ed72a2f65c7d
무기,고대마령의적혈겸8성,4ddb4992155bf1f714c82e521118452b
갑옷,환웅의창예'8성,4ddb4992155bf1f714c82e521118452b
방패/보조무기,,4ddb4992155bf1f714c82e521118452b
투구,환웅의복면'8성,4ddb4992155bf1f714c82e521118452b
왼손,금린반지6성,4ddb4992155bf1f714c82e521118452b
오른손,환웅의투수'7성,4ddb4992155bf1f714c82e521118452b
보조1,마사의귀목,4ddb4992155bf1f714c82e521118452b
보조2,마사의귀목,4ddb4992155bf1f714c82e521118452b
얼굴장식,조사장의가면,4ddb4992155bf1f714c82e521118452b
캐시 투구,,4ddb4992155bf1f714c82e521118452b
망토,용성장견'비6성,4ddb4992155bf1f714c82e521118452b
캐시 겉옷,레이닝걸의상No01,4ddb4992155bf1f714c82e521118452b
신발,사령웅의앞발,4ddb4992155bf1f714c82e521118452b
목/어깨장식,진'흉수의인장,4ddb4992155bf1f714c82e521118452b
캐시 무기,츄러스No02,4ddb4992155bf1f714c82e521118452b
캐시 방패/보조무기,보존된거울방패,4ddb4992155bf1f714c82e521118452b
캐시 얼굴장식,,4ddb4992155bf1f714c82e521118452b
캐시 망토,값진별의날개,4ddb4992155bf1f714c82e521118452b
캐시 신발,겨울반딧불,4ddb4992155bf1f714c82e521118452b
캐시 목/어깨장식,베베넥케이프,4ddb4992155bf1f714c82e521118452b
세트옷,도깨비탐,4ddb4992155bf1f714c82e521118452b
캐시 세트옷,,4ddb4992155bf1f714c82e521118452b
장신구,파란나비노리개1성,4ddb4992155bf1f714c82e521118452b
캐시 장신구,,4ddb4992155bf1f714c82e521118452b
무기,고대마령의적혈겸6성,affadd68e4702940330fc4a12066c984
갑옷,진'서라마옥갑(여),affadd68e4702940330fc4a12066c984
방패/보조무기,,affadd68e4702940330fc4a12066c984
투구,진'서라마옥투구,affadd68e4702940330fc4a12066c984
왼손,금린반지5성,affadd68e4702940330fc4a12066c984
오른손,금린반지5성,affadd68e4702940330fc4a12066c984
보조1,마사의귀목,affadd68e4702940330fc4a12066c984
보조2,마사의귀목,affadd68e4702940330fc4a12066c984
얼굴장식,조사장의가면,affadd68e4702940330fc4a12066c984
캐시 투구,,affadd68e4702940330fc4a12066c984
망토,마겸의망토,affadd68e4702940330fc4a12066c984
캐시 겉옷,,affadd68e4702940330fc4a12066c984
신발,사령웅의앞발,affadd68e4702940330fc4a12066c984
목/어깨장식,암흑목걸이[괴],affadd68e4702940330fc4a12066c984
캐시 무기,오래된채굴곡괭이,affadd68e4702940330fc4a12066c984
캐시 방패/보조무기,,affadd68e4702940330fc4a12066c984
캐시 얼굴장식,,affadd68e4702940330fc4a12066c984
캐시 망토,,affadd68e4702940330fc4a12066c984
캐시 신발,,affadd68e4702940330fc4a12066c984
캐시 목/어깨장식,,affadd68e4702940330fc4a12066c984
세트옷,구미호분신,affadd68e4702940330fc4a12066c984
캐시 세트옷,,affadd68e4702940330fc4a12066c984
장신구,파란나비노리개1성,affadd68e4702940330fc4a12066c984
캐시 장신구,,affadd68e4702940330fc4a12066c984
무기,후암구겸6성,6150114134a3128cddbc2e04376707ec
갑옷,금린효월갑6성,6150114134a3128cddbc2e04376707ec
방패/보조무기,,6150114134a3128cddbc2e04376707ec
투구,금린화월관6성,6150114134a3128cddbc2e04376707ec
왼손,태염반지6성,6150114134a3128cddbc2e04376707ec
오른손,금린노리개6성,6150114134a3128cddbc2e04376707ec
보조1,마사의귀목,6150114134a3128cddbc2e04376707ec
보조2,마사의귀목,6150114134a3128cddbc2e04376707ec
얼굴장식,조사장의가면,6150114134a3128cddbc2e04376707ec
캐시 투구,루비왕관,6150114134a3128cddbc2e04376707ec
망토,마겸의망토,6150114134a3128cddbc2e04376707ec
캐시 겉옷,,6150114134a3128cddbc2e04376707ec
신발,낡은사령웅의앞발,6150114134a3128cddbc2e04376707ec
목/어깨장식,청의비녀,6150114134a3128cddbc2e04376707ec
캐시 무기,튼튼한채굴곡괭이,6150114134a3128cddbc2e04376707ec
캐시 방패/보조무기,,6150114134a3128cddbc2e04376707ec
캐시 얼굴장식,,6150114134a3128cddbc2e04376707ec
캐시 망토,,6150114134a3128cddbc2e04376707ec
캐시 신발,,6150114134a3128cddbc2e04376707ec
캐시 목/어깨장식,,6150114134a3128cddbc2e04376707ec
세트옷,구미호분신,6150114134a3128cddbc2e04376707ec
캐시 세트옷,,6150114134a3128cddbc2e04376707ec
장신구,,6150114134a3128cddbc2e04376707ec
캐시 장신구,,6150114134a3128cddbc2e04376707ec
무기,진환영은성구겸,ce792f03c01cb314c634a3320376b384
갑옷,마겸의심장,ce792f03c01cb314c634a3320376b384
방패/보조무기,,ce792f03c01cb314c634a3320376b384
투구,금린화월관5성,ce792f03c01cb314c634a3320376b384
왼손,별주부반지'개,ce792f03c01cb314c634a3320376b384
오른손,마겸의반지,ce792f03c01cb314c634a3320376b384
보조1,낡은마사의귀목,ce792f03c01cb314c634a3320376b384
보조2,낡은마사의귀목,ce792f03c01cb314c634a3320376b384
얼굴장식,낡은조사장의가면,ce792f03c01cb314c634a3320376b384
캐시 투구,,ce792f03c01cb314c634a3320376b384
망토,마겸의망토,ce792f03c01cb314c634a3320376b384
캐시 겉옷,,ce792f03c01cb314c634a3320376b384
신발,낡은사령웅의앞발,ce792f03c01cb314c634a3320376b384
목/어깨장식,낡은단조의심단,ce792f03c01cb314c634a3320376b384
캐시 무기,,ce792f03c01cb314c634a3320376b384
캐시 방패/보조무기,,ce792f03c01cb314c634a3320376b384
캐시 얼굴장식,,ce792f03c01cb314c634a3320376b384
캐시 망토,,ce792f03c01cb314c634a3320376b384
캐시 신발,,ce792f03c01cb314c634a3320376b384
캐시 목/어깨장식,,ce792f03c01cb314c634a3320376b384
세트옷,싸울아비분신,ce792f03c01cb314c634a3320376b384
캐시 세트옷,,ce792f03c01cb314c634a3320376b384
장신구,쑥비취노리개1성,ce792f03c01cb314c634a3320376b384
캐시 장신구,,ce792f03c01cb314c634a3320376b384
