mean_fit_time,std_fit_time,mean_score_time,std_score_time,param_colsample_bytree,param_learning_rate,param_max_depth,param_n_estimators,param_subsample,params,split0_test_score,split1_test_score,split2_test_score,split3_test_score,split4_test_score,mean_test_score,std_test_score,rank_test_score,split0_train_score,split1_train_score,split2_train_score,split3_train_score,split4_train_score,mean_train_score,std_train_score
0.8690073013305664,0.06874817000731706,0.004606771469116211,0.0005800188547858403,0.8,0.01,3,100,0.8,"{'colsample_bytree': 0.8, 'learning_rate': 0.01, 'max_depth': 3, 'n_estimators': 100, 'subsample': 0.8}",0.7865168539325843,0.7446808510638298,0.7956989247311828,0.7956989247311828,0.7916666666666666,0.7828524442250893,0.01938170819618118,4,0.842391304347826,0.8523676880222841,0.8484848484848485,0.8378378378378378,0.8301886792452831,0.842254071587616,0.007825643281778908
0.7934720516204834,0.057524893926305706,0.005217170715332032,0.0005184780822821903,0.8,0.01,3,100,1.0,"{'colsample_bytree': 0.8, 'learning_rate': 0.01, 'max_depth': 3, 'n_estimators': 100, 'subsample': 1.0}",0.7586206896551724,0.7311827956989247,0.7956989247311828,0.735632183908046,0.7872340425531915,0.7616737273093034,0.026184818911234458,92,0.8392370572207084,0.8467966573816156,0.8484848484848485,0.8415300546448088,0.8438356164383561,0.8439768468340676,0.0033688500717160056
0.3544157028198242,0.38949607480150017,0.004606914520263672,0.0009177429663715015,0.8,0.01,3,150,0.8,"{'colsample_bytree': 0.8, 'learning_rate': 0.01, 'max_depth': 3, 'n_estimators': 150, 'subsample': 0.8}",0.7586206896551724,0.717391304347826,0.7956989247311828,0.7640449438202247,0.8085106382978723,0.7688533001704556,0.03184197119590559,49,0.8461538461538461,0.864406779661017,0.8595505617977528,0.8547486033519553,0.8397790055248618,0.8529277592978867,0.008918750132000225
0.04047050476074219,0.0021545310375226394,0.005713844299316406,0.0009353172660565423,0.8,0.01,3,150,1.0,"{'colsample_bytree': 0.8, 'learning_rate': 0.01, 'max_depth': 3, 'n_estimators': 150, 'subsample': 1.0}",0.7586206896551724,0.717391304347826,0.7956989247311828,0.7469879518072289,0.8,0.763739774108282,0.030955453527401942,77,0.8392370572207084,0.8555240793201133,0.8547486033519553,0.856338028169014,0.8555555555555555,0.8522806647234692,0.0065411507259365695
0.05250325202941895,0.001156445650836717,0.005210208892822266,0.000679368616741779,0.8,0.01,3,200,0.8,"{'colsample_bytree': 0.8, 'learning_rate': 0.01, 'max_depth': 3, 'n_estimators': 200, 'subsample': 0.8}",0.7674418604651163,0.7252747252747253,0.7956989247311828,0.7727272727272727,0.8085106382978723,0.7739306842992338,0.02856776117516907,20,0.8476454293628809,0.8693181818181818,0.8636363636363636,0.8611898016997167,0.848314606741573,0.8580208766517432,0.008614713762752546
0.08062291145324707,0.05786806576745201,0.005209016799926758,0.00024877986079337866,0.8,0.01,3,200,1.0,"{'colsample_bytree': 0.8, 'learning_rate': 0.01, 'max_depth': 3, 'n_estimators': 200, 'subsample': 1.0}",0.7586206896551724,0.7252747252747253,0.7956989247311828,0.7560975609756098,0.8125,0.7696383801273379,0.030948820984585394,42,0.8415300546448088,0.8660968660968661,0.8700564971751412,0.8660968660968661,0.8603351955307262,0.8608230959088816,0.010132526742440239
0.06279358863830567,0.0029165288253020206,0.005306339263916016,0.0005078354821927797,0.8,0.01,3,250,0.8,"{'colsample_bytree': 0.8, 'learning_rate': 0.01, 'max_depth': 3, 'n_estimators': 250, 'subsample': 0.8}",0.7674418604651163,0.7252747252747253,0.7956989247311828,0.7727272727272727,0.8085106382978723,0.7739306842992338,0.02856776117516907,20,0.8555240793201133,0.8710601719197708,0.8728323699421965,0.8710601719197708,0.8628571428571429,0.8666667871917989,0.006561880798342109
0.06550135612487792,0.007197179240559704,0.005511951446533203,0.0006334702125512497,0.8,0.01,3,250,1.0,"{'colsample_bytree': 0.8, 'learning_rate': 0.01, 'max_depth': 3, 'n_estimators': 250, 'subsample': 1.0}",0.7441860465116279,0.7252747252747253,0.7956989247311828,0.7654320987654321,0.8210526315789474,0.770328885372383,0.03450750993964589,40,0.8493150684931506,0.8735632183908046,0.8668555240793201,0.8595988538681948,0.8676056338028169,0.8633876597268575,0.00831567503527664
0.04637012481689453,0.0024226735778281085,0.0056134223937988285,0.0005825119230396263,0.8,0.01,5,100,0.8,"{'colsample_bytree': 0.8, 'learning_rate': 0.01, 'max_depth': 5, 'n_estimators': 100, 'subsample': 0.8}",0.7865168539325843,0.717391304347826,0.7956989247311828,0.8043478260869565,0.8125,0.7832909818197099,0.034069600005379876,2,0.861878453038674,0.8820224719101124,0.8764044943820225,0.8802228412256268,0.8642659279778393,0.872958837706855,0.00830818110016853
0.05008168220520019,0.0019294754077242371,0.0054149627685546875,0.00038081548138691964,0.8,0.01,5,100,1.0,"{'colsample_bytree': 0.8, 'learning_rate': 0.01, 'max_depth': 5, 'n_estimators': 100, 'subsample': 1.0}",0.735632183908046,0.723404255319149,0.8085106382978723,0.8,0.8085106382978723,0.775211543164588,0.03763681128557709,14,0.8571428571428571,0.8997134670487106,0.8870056497175142,0.8857938718662952,0.8901408450704226,0.88395933816916,0.014270058072015479
0.066005277633667,0.0027689679114916593,0.005410480499267578,0.0008030346103442162,0.8,0.01,5,150,0.8,"{'colsample_bytree': 0.8, 'learning_rate': 0.01, 'max_depth': 5, 'n_estimators': 150, 'subsample': 0.8}",0.7586206896551724,0.717391304347826,0.7956989247311828,0.7640449438202247,0.8085106382978723,0.7688533001704556,0.03184197119590559,49,0.8838526912181303,0.8914285714285715,0.9043478260869565,0.8971428571428571,0.8985507246376812,0.8950645341028395,0.006950943915848186
0.10147638320922851,0.06176954836858392,0.005106830596923828,0.0003719942213654322,0.8,0.01,5,150,1.0,"{'colsample_bytree': 0.8, 'learning_rate': 0.01, 'max_depth': 5, 'n_estimators': 150, 'subsample': 1.0}",0.7441860465116279,0.723404255319149,0.8085106382978723,0.7674418604651163,0.8043478260869565,0.7695781253361444,0.03318439459382127,44,0.8945868945868946,0.9043478260869565,0.9048991354466859,0.9106628242074928,0.9043478260869565,0.9037689012829973,0.005172681265614715
0.0883554458618164,0.006455131039361652,0.005708742141723633,0.0006807653059128372,0.8,0.01,5,200,0.8,"{'colsample_bytree': 0.8, 'learning_rate': 0.01, 'max_depth': 5, 'n_estimators': 200, 'subsample': 0.8}",0.7674418604651163,0.717391304347826,0.8043478260869565,0.75,0.782608695652174,0.7643579373104146,0.029508666327321215,72,0.8997134670487106,0.9069767441860465,0.9203539823008849,0.9154518950437318,0.9144542772861357,0.9113900731731018,0.0072396134418678685
0.08743505477905274,0.0031866793087240424,0.0054107666015625,0.000801312644556911,0.8,0.01,5,200,1.0,"{'colsample_bytree': 0.8, 'learning_rate': 0.01, 'max_depth': 5, 'n_estimators': 200, 'subsample': 1.0}",0.7441860465116279,0.7311827956989247,0.8172043010752689,0.7529411764705882,0.8131868131868132,0.7717402265886445,0.03617276305453336,36,0.9054441260744985,0.9122807017543859,0.9127906976744186,0.9321533923303835,0.9230769230769231,0.917149168182122,0.009380525162802618
0.10157942771911621,0.0019111880819065558,0.005508136749267578,0.00031817598164971824,0.8,0.01,5,250,0.8,"{'colsample_bytree': 0.8, 'learning_rate': 0.01, 'max_depth': 5, 'n_estimators': 250, 'subsample': 0.8}",0.7857142857142857,0.717391304347826,0.8043478260869565,0.7586206896551724,0.7912087912087912,0.7714565794026063,0.03086447861641144,38,0.9266862170087976,0.9149560117302052,0.9369369369369369,0.9457831325301205,0.9337349397590361,0.9316194475930193,0.010347635766452552
0.1044929027557373,0.0028130162223365257,0.005004262924194336,0.0006322756539143897,0.8,0.01,5,250,1.0,"{'colsample_bytree': 0.8, 'learning_rate': 0.01, 'max_depth': 5, 'n_estimators': 250, 'subsample': 1.0}",0.7209302325581395,0.7032967032967034,0.8172043010752689,0.7764705882352941,0.8222222222222222,0.7680248094775257,0.048651700948329546,55,0.9164265129682997,0.9149560117302052,0.9373134328358209,0.9461077844311377,0.9425981873111783,0.9314803858553283,0.01320049063110745
0.06270661354064941,0.0026052229556374337,0.005408525466918945,0.0006654634554150255,0.8,0.01,7,100,0.8,"{'colsample_bytree': 0.8, 'learning_rate': 0.01, 'max_depth': 7, 'n_estimators': 100, 'subsample': 0.8}",0.7865168539325843,0.717391304347826,0.7956989247311828,0.8043478260869565,0.8,0.78079098181971,0.032244263887164955,6,0.8838526912181303,0.8997134670487106,0.8813559322033898,0.895774647887324,0.9028571428571428,0.8927107762429396,0.008588036992393083
0.0663210391998291,0.003260332274997219,0.005208158493041992,0.00024820570042036725,0.8,0.01,7,100,1.0,"{'colsample_bytree': 0.8, 'learning_rate': 0.01, 'max_depth': 7, 'n_estimators': 100, 'subsample': 1.0}",0.7529411764705882,0.723404255319149,0.8085106382978723,0.8131868131868132,0.8172043010752689,0.7830494368699383,0.03791343826351026,3,0.9203539823008849,0.9127906976744186,0.9028571428571428,0.903954802259887,0.9266862170087976,0.9133285684202261,0.009225949992292704
0.09858498573303223,0.01286406983165375,0.00671539306640625,0.001120461525894092,0.8,0.01,7,150,0.8,"{'colsample_bytree': 0.8, 'learning_rate': 0.01, 'max_depth': 7, 'n_estimators': 150, 'subsample': 0.8}",0.7674418604651163,0.717391304347826,0.7956989247311828,0.75,0.782608695652174,0.7626281570392598,0.027283374172935703,84,0.9149560117302052,0.9198813056379822,0.9230769230769231,0.9352941176470588,0.9289940828402367,0.9244404881864812,0.007087132645949613
0.10000991821289062,0.005107263501372215,0.005209541320800782,0.0003966318927533147,0.8,0.01,7,150,1.0,"{'colsample_bytree': 0.8, 'learning_rate': 0.01, 'max_depth': 7, 'n_estimators': 150, 'subsample': 1.0}",0.7619047619047619,0.723404255319149,0.7912087912087912,0.7727272727272727,0.8131868131868132,0.7724863788693576,0.030093645764750522,30,0.9486404833836858,0.9341317365269461,0.9461077844311377,0.9495548961424333,0.9518072289156626,0.9460484258799731,0.006231996739121094
0.11413259506225586,0.007918179455858388,0.005507659912109375,0.0005527353186165435,0.8,0.01,7,200,0.8,"{'colsample_bytree': 0.8, 'learning_rate': 0.01, 'max_depth': 7, 'n_estimators': 200, 'subsample': 0.8}",0.7674418604651163,0.717391304347826,0.8043478260869565,0.75,0.782608695652174,0.7643579373104146,0.029508666327321215,72,0.954954954954955,0.9341317365269461,0.9483282674772037,0.9636363636363636,0.9546827794561934,0.9511468204103324,0.009802559923554416
0.11963133811950684,0.004841238010875942,0.005508279800415039,0.00032253910415804595,0.8,0.01,7,200,1.0,"{'colsample_bytree': 0.8, 'learning_rate': 0.01, 'max_depth': 7, 'n_estimators': 200, 'subsample': 1.0}",0.7529411764705882,0.7391304347826086,0.7912087912087912,0.7529411764705882,0.8131868131868132,0.769881678423878,0.027748083302887507,41,0.9695121951219512,0.9570552147239264,0.9604863221884499,0.975609756097561,0.978328173374613,0.9681983323013001,0.008281464697669444
0.1350485324859619,0.005663009234803428,0.005713462829589844,0.000509246368737186,0.8,0.01,7,250,0.8,"{'colsample_bytree': 0.8, 'learning_rate': 0.01, 'max_depth': 7, 'n_estimators': 250, 'subsample': 0.8}",0.7764705882352941,0.717391304347826,0.7912087912087912,0.75,0.7912087912087912,0.7652558950001405,0.028272376476559336,65,0.9695121951219512,0.9723076923076923,0.9570552147239264,0.9814814814814815,0.9751552795031055,0.9711023726276313,0.00806791249262993
0.15104522705078124,0.015404719889267064,0.00581212043762207,0.0005077648208516712,0.8,0.01,7,250,1.0,"{'colsample_bytree': 0.8, 'learning_rate': 0.01, 'max_depth': 7, 'n_estimators': 250, 'subsample': 1.0}",0.7674418604651163,0.7252747252747253,0.7912087912087912,0.7619047619047619,0.8131868131868132,0.7718033904080416,0.02956714301349235,35,0.9724770642201835,0.975,0.9723076923076923,0.9876543209876543,0.9844236760124611,0.9783725507055981,0.006413746854942168
0.07742252349853515,0.01470374178261417,0.005107498168945313,0.00037741914400080687,0.8,0.01,10,100,0.8,"{'colsample_bytree': 0.8, 'learning_rate': 0.01, 'max_depth': 10, 'n_estimators': 100, 'subsample': 0.8}",0.7777777777777778,0.7311827956989247,0.8085106382978723,0.8043478260869565,0.7916666666666666,0.7826971409056396,0.02790508593241519,5,0.8914285714285715,0.8997134670487106,0.8863636363636364,0.9116809116809117,0.9002849002849003,0.897894297361346,0.008647044003216845
0.08322219848632813,0.006601722093309737,0.005307245254516602,0.0002449481617497517,0.8,0.01,10,100,1.0,"{'colsample_bytree': 0.8, 'learning_rate': 0.01, 'max_depth': 10, 'n_estimators': 100, 'subsample': 1.0}",0.7906976744186046,0.723404255319149,0.8085106382978723,0.7865168539325843,0.8260869565217391,0.7870432756979899,0.03478164266944414,1,0.9289940828402367,0.9313432835820895,0.9159420289855073,0.9248554913294798,0.9436201780415431,0.9289510129557712,0.00902126575828611
0.096641206741333,0.0018704909420352216,0.005709362030029297,0.0005105563479770437,0.8,0.01,10,150,0.8,"{'colsample_bytree': 0.8, 'learning_rate': 0.01, 'max_depth': 10, 'n_estimators': 150, 'subsample': 0.8}",0.7674418604651163,0.717391304347826,0.7956989247311828,0.7640449438202247,0.782608695652174,0.7654371458033047,0.02655182621400619,64,0.9285714285714286,0.9258160237388724,0.9230769230769231,0.9464285714285714,0.9404761904761905,0.9328738274583973,0.009009212757360736
0.11430196762084961,0.0032013172799629113,0.0052093505859375,0.00040503171346068824,0.8,0.01,10,150,1.0,"{'colsample_bytree': 0.8, 'learning_rate': 0.01, 'max_depth': 10, 'n_estimators': 150, 'subsample': 1.0}",0.7619047619047619,0.7391304347826086,0.8043478260869565,0.7586206896551724,0.8,0.7728007424858999,0.025252738485128563,26,0.9602446483180428,0.9719626168224299,0.9634146341463414,0.9785932721712538,0.9723076923076923,0.969304572753152,0.006620233678274765
0.15058841705322265,0.030323094338920872,0.005613517761230469,0.0008022982706866522,0.8,0.01,10,200,0.8,"{'colsample_bytree': 0.8, 'learning_rate': 0.01, 'max_depth': 10, 'n_estimators': 200, 'subsample': 0.8}",0.7764705882352941,0.717391304347826,0.8043478260869565,0.7586206896551724,0.7912087912087912,0.769607839906808,0.030225317559960035,43,0.9695121951219512,0.9631901840490797,0.9573170731707317,0.9785932721712538,0.9663608562691132,0.966994716156426,0.00706253805146693
0.15041851997375488,0.006536589551166477,0.005933427810668945,0.0005054902472408424,0.8,0.01,10,200,1.0,"{'colsample_bytree': 0.8, 'learning_rate': 0.01, 'max_depth': 10, 'n_estimators': 200, 'subsample': 1.0}",0.7710843373493976,0.7311827956989247,0.7912087912087912,0.7674418604651163,0.8,0.772183556944446,0.0238347160042177,32,0.9814814814814815,0.9843260188087775,0.9813664596273292,0.9876543209876543,0.9875,0.9844656561810485,0.0027533485857171073
0.15695247650146485,0.00842128536369281,0.005805540084838867,0.0006749973049223585,0.8,0.01,10,250,0.8,"{'colsample_bytree': 0.8, 'learning_rate': 0.01, 'max_depth': 10, 'n_estimators': 250, 'subsample': 0.8}",0.7764705882352941,0.717391304347826,0.782608695652174,0.7674418604651163,0.7912087912087912,0.7670242479818403,0.026002322890207593,58,0.9845201238390093,0.978328173374613,0.9781931464174455,0.9907120743034056,0.9905956112852664,0.9844698258439479,0.005542743773044994
0.176153564453125,0.005798283698647747,0.005405807495117187,0.0008638057278338788,0.8,0.01,10,250,1.0,"{'colsample_bytree': 0.8, 'learning_rate': 0.01, 'max_depth': 10, 'n_estimators': 250, 'subsample': 1.0}",0.7951807228915663,0.7333333333333333,0.7912087912087912,0.7764705882352941,0.7865168539325843,0.7765420579203138,0.02249003530945091,10,0.9906542056074766,0.9874213836477987,0.99375,0.9968847352024922,0.9968454258675079,0.9931111500650551,0.003660680476310756
0.028362083435058593,0.0008726767140765127,0.005112457275390625,0.000490875250254872,0.8,0.05,3,100,0.8,"{'colsample_bytree': 0.8, 'learning_rate': 0.05, 'max_depth': 3, 'n_estimators': 100, 'subsample': 0.8}",0.7619047619047619,0.6888888888888889,0.7956989247311828,0.7529411764705882,0.8,0.7598867503990844,0.03996146726683623,96,0.8953488372093024,0.8988095238095238,0.9047619047619048,0.9014925373134328,0.9020771513353115,0.9004979908858951,0.0031946372725777535
0.02825455665588379,0.0015383754244452567,0.005211877822875977,0.00040023193866469873,0.8,0.05,3,100,1.0,"{'colsample_bytree': 0.8, 'learning_rate': 0.05, 'max_depth': 3, 'n_estimators': 100, 'subsample': 1.0}",0.7441860465116279,0.7111111111111111,0.7956989247311828,0.75,0.8131868131868132,0.762836579108147,0.03688691909192269,81,0.8774928774928775,0.8888888888888888,0.9,0.9112426035502958,0.8979591836734694,0.8951167107211063,0.011325686280619347
0.038866710662841794,0.0006787872565011029,0.0053138256072998045,0.0005084258037011463,0.8,0.05,3,150,0.8,"{'colsample_bytree': 0.8, 'learning_rate': 0.05, 'max_depth': 3, 'n_estimators': 150, 'subsample': 0.8}",0.7228915662650602,0.6818181818181818,0.7692307692307693,0.7529411764705882,0.7586206896551724,0.7371004766879544,0.03163677700436356,184,0.9373134328358209,0.9337349397590361,0.9272727272727272,0.9515151515151515,0.9300911854103343,0.9359854873586141,0.008469402060062586
0.039361095428466795,0.0018141020522334838,0.005210971832275391,0.0004018363797190129,0.8,0.05,3,150,1.0,"{'colsample_bytree': 0.8, 'learning_rate': 0.05, 'max_depth': 3, 'n_estimators': 150, 'subsample': 1.0}",0.7441860465116279,0.7111111111111111,0.782608695652174,0.7804878048780488,0.8,0.7636787316305924,0.03194821596736364,78,0.8973607038123167,0.9085545722713865,0.9244712990936556,0.9393939393939394,0.9272727272727272,0.9194106483688052,0.014770300158241868
0.05077638626098633,0.0014418896260776166,0.005511331558227539,0.0005501648150998644,0.8,0.05,3,200,0.8,"{'colsample_bytree': 0.8, 'learning_rate': 0.05, 'max_depth': 3, 'n_estimators': 200, 'subsample': 0.8}",0.7142857142857143,0.6966292134831461,0.7640449438202247,0.7529411764705882,0.7529411764705882,0.7361684449060524,0.026007510303372852,187,0.9695121951219512,0.9570552147239264,0.9602446483180428,0.9814814814814815,0.9746835443037974,0.9685954167898398,0.009020732122896488
0.051888132095336915,0.0017895289019221974,0.005108451843261719,0.0005814253934087402,0.8,0.05,3,200,1.0,"{'colsample_bytree': 0.8, 'learning_rate': 0.05, 'max_depth': 3, 'n_estimators': 200, 'subsample': 1.0}",0.7142857142857143,0.7191011235955056,0.7872340425531915,0.7710843373493976,0.7764705882352941,0.7536351612038207,0.030645698001812955,117,0.9294117647058824,0.9272727272727272,0.9538461538461539,0.9570552147239264,0.9444444444444444,0.9424060609986269,0.012227002593463071
0.06119685173034668,0.002134555738137207,0.005411958694458008,0.0006624210680582392,0.8,0.05,3,250,0.8,"{'colsample_bytree': 0.8, 'learning_rate': 0.05, 'max_depth': 3, 'n_estimators': 250, 'subsample': 0.8}",0.7380952380952381,0.6966292134831461,0.7692307692307693,0.7380952380952381,0.7380952380952381,0.7360291393999259,0.02309765649207035,190,0.9784615384615385,0.975,0.9844236760124611,0.9845201238390093,0.9874213836477987,0.9819653443921617,0.004541615026338985
0.06079597473144531,0.002207745349149575,0.005207633972167969,0.000246678264014392,0.8,0.05,3,250,1.0,"{'colsample_bytree': 0.8, 'learning_rate': 0.05, 'max_depth': 3, 'n_estimators': 250, 'subsample': 1.0}",0.735632183908046,0.7126436781609196,0.7956989247311828,0.7560975609756098,0.7857142857142857,0.7571573266980087,0.030811927783915907,103,0.9634146341463414,0.9535603715170279,0.968944099378882,0.978328173374613,0.9570552147239264,0.9642604986281581,0.008797271302179435
0.04386301040649414,0.0022733138498870135,0.005810070037841797,0.0014003492980693183,0.8,0.05,5,100,0.8,"{'colsample_bytree': 0.8, 'learning_rate': 0.05, 'max_depth': 5, 'n_estimators': 100, 'subsample': 0.8}",0.7816091954022989,0.7032967032967034,0.8085106382978723,0.7529411764705882,0.7777777777777778,0.7648270982490482,0.035453843785489415,66,0.9754601226993865,0.9781931464174455,0.9721362229102167,0.9845201238390093,0.98125,0.9783119231732117,0.004323429160874415
0.04406075477600098,0.002488337323521138,0.005408382415771485,0.0005842393958746042,0.8,0.05,5,100,1.0,"{'colsample_bytree': 0.8, 'learning_rate': 0.05, 'max_depth': 5, 'n_estimators': 100, 'subsample': 1.0}",0.7209302325581395,0.7191011235955056,0.8043478260869565,0.8048780487804879,0.813953488372093,0.7726421438786365,0.04310868510722824,28,0.9784615384615385,0.9813664596273292,0.978328173374613,0.9846153846153847,0.9875,0.9820543112157731,0.003563141377365594
0.05818333625793457,0.0013238388948459616,0.00520782470703125,0.0005120344902243087,0.8,0.05,5,150,0.8,"{'colsample_bytree': 0.8, 'learning_rate': 0.05, 'max_depth': 5, 'n_estimators': 150, 'subsample': 0.8}",0.7764705882352941,0.7045454545454546,0.782608695652174,0.7619047619047619,0.7727272727272727,0.7596513546129915,0.028364216288973267,97,1.0,0.9968454258675079,0.9968454258675079,0.9968847352024922,0.9968454258675079,0.9974842025610032,0.0012579908473785762
0.05788373947143555,0.0013666970174650065,0.0054128170013427734,0.0004886303478882168,0.8,0.05,5,150,1.0,"{'colsample_bytree': 0.8, 'learning_rate': 0.05, 'max_depth': 5, 'n_estimators': 150, 'subsample': 1.0}",0.7073170731707317,0.7126436781609196,0.7912087912087912,0.8048780487804879,0.7560975609756098,0.754429030459308,0.0396640654262895,114,0.9968652037617555,0.9968454258675079,1.0,0.9968847352024922,1.0,0.9981190729663512,0.0015358207995554447
0.08727326393127441,0.0215279782714514,0.005415821075439453,0.0003907653192886649,0.8,0.05,5,200,0.8,"{'colsample_bytree': 0.8, 'learning_rate': 0.05, 'max_depth': 5, 'n_estimators': 200, 'subsample': 0.8}",0.7469879518072289,0.7045454545454546,0.7956989247311828,0.7619047619047619,0.7727272727272727,0.7563728731431801,0.030393303800392568,106,1.0,0.9968454258675079,0.9968454258675079,1.0,0.9968454258675079,0.9981072555205047,0.0015454193960777053
0.07792916297912597,0.004832972043655235,0.005811214447021484,0.000511520735635539,0.8,0.05,5,200,1.0,"{'colsample_bytree': 0.8, 'learning_rate': 0.05, 'max_depth': 5, 'n_estimators': 200, 'subsample': 1.0}",0.6987951807228916,0.7272727272727273,0.7640449438202247,0.7804878048780488,0.7228915662650602,0.7386984445917906,0.02953462558541715,173,1.0,1.0,1.0,0.9968847352024922,1.0,0.9993769470404985,0.0012461059190031155
0.09453997611999512,0.0039027228469711733,0.006617927551269531,0.001692580646132652,0.8,0.05,5,250,0.8,"{'colsample_bytree': 0.8, 'learning_rate': 0.05, 'max_depth': 5, 'n_estimators': 250, 'subsample': 0.8}",0.7529411764705882,0.7045454545454546,0.7956989247311828,0.7710843373493976,0.7529411764705882,0.7554422139134422,0.029894043828805783,111,1.0,0.9968454258675079,1.0,1.0,1.0,0.9993690851735015,0.0012618296529968375
0.08945279121398926,0.001817126994590459,0.005612516403198242,0.0004885125264417851,0.8,0.05,5,250,1.0,"{'colsample_bytree': 0.8, 'learning_rate': 0.05, 'max_depth': 5, 'n_estimators': 250, 'subsample': 1.0}",0.6987951807228916,0.7272727272727273,0.7640449438202247,0.7654320987654321,0.7160493827160493,0.734318866659465,0.026446274829486215,195,1.0,1.0,1.0,1.0,1.0,1.0,0.0
0.05313329696655274,0.0012509634626501902,0.005458021163940429,0.0004013790084424808,0.8,0.05,7,100,0.8,"{'colsample_bytree': 0.8, 'learning_rate': 0.05, 'max_depth': 7, 'n_estimators': 100, 'subsample': 0.8}",0.7619047619047619,0.7252747252747253,0.782608695652174,0.7710843373493976,0.7674418604651163,0.761662876129235,0.019416714337414973,93,0.9968652037617555,0.9937106918238994,0.9968454258675079,1.0,0.9968454258675079,0.9968533494641342,0.001988867654205777
0.05554318428039551,0.001332598072461812,0.005205678939819336,0.0002478829333202358,0.8,0.05,7,100,1.0,"{'colsample_bytree': 0.8, 'learning_rate': 0.05, 'max_depth': 7, 'n_estimators': 100, 'subsample': 1.0}",0.7710843373493976,0.7191011235955056,0.7692307692307693,0.7951807228915663,0.813953488372093,0.7737100882878665,0.0319049127646586,22,1.0,0.9968454258675079,1.0,0.9968847352024922,0.9968454258675079,0.9981151173875016,0.001539067143361449
0.07656183242797851,0.004056694903724473,0.00536494255065918,0.0006017573736466171,0.8,0.05,7,150,0.8,"{'colsample_bytree': 0.8, 'learning_rate': 0.05, 'max_depth': 7, 'n_estimators': 150, 'subsample': 0.8}",0.7857142857142857,0.7333333333333333,0.782608695652174,0.7619047619047619,0.7294117647058823,0.7585945682620874,0.023718687925229503,101,1.0,0.9968454258675079,1.0,1.0,0.9968454258675079,0.9987381703470032,0.0015454193960777053
0.07736268043518066,0.0013469649809463864,0.005370569229125976,0.0011336741652856858,0.8,0.05,7,150,1.0,"{'colsample_bytree': 0.8, 'learning_rate': 0.05, 'max_depth': 7, 'n_estimators': 150, 'subsample': 1.0}",0.7317073170731707,0.7333333333333333,0.7692307692307693,0.7951807228915663,0.7804878048780488,0.7619879894813776,0.02543409923667344,90,1.0,1.0,1.0,1.0,1.0,1.0,0.0
0.12044787406921387,0.06184742179563382,0.008211803436279298,0.004418726716423219,0.8,0.05,7,200,0.8,"{'colsample_bytree': 0.8, 'learning_rate': 0.05, 'max_depth': 7, 'n_estimators': 200, 'subsample': 0.8}",0.7951807228915663,0.7191011235955056,0.7912087912087912,0.7764705882352941,0.7142857142857143,0.7592493880433743,0.03533454147622129,98,1.0,1.0,1.0,1.0,1.0,1.0,0.0
0.09377260208129883,0.0021041371694997184,0.005278444290161133,0.00023756372739468313,0.8,0.05,7,200,1.0,"{'colsample_bytree': 0.8, 'learning_rate': 0.05, 'max_depth': 7, 'n_estimators': 200, 'subsample': 1.0}",0.7317073170731707,0.7333333333333333,0.7692307692307693,0.7951807228915663,0.7560975609756098,0.7571099407008898,0.023697865720994037,104,1.0,1.0,1.0,1.0,1.0,1.0,0.0
0.10796923637390136,0.004706991327838372,0.005702590942382813,0.00024204667480883532,0.8,0.05,7,250,0.8,"{'colsample_bytree': 0.8, 'learning_rate': 0.05, 'max_depth': 7, 'n_estimators': 250, 'subsample': 0.8}",0.7710843373493976,0.7272727272727273,0.7912087912087912,0.7857142857142857,0.6987951807228916,0.7548150644536186,0.03589084053848067,113,1.0,1.0,1.0,1.0,1.0,1.0,0.0
0.18914785385131835,0.12323075977954298,0.005498075485229492,0.000559088357212632,0.8,0.05,7,250,1.0,"{'colsample_bytree': 0.8, 'learning_rate': 0.05, 'max_depth': 7, 'n_estimators': 250, 'subsample': 1.0}",0.7317073170731707,0.7191011235955056,0.7692307692307693,0.7951807228915663,0.7619047619047619,0.7554249389391547,0.027184762502087886,112,1.0,1.0,1.0,1.0,1.0,1.0,0.0
0.061587190628051756,0.0015930756915936628,0.005918359756469727,0.0004965192837852678,0.8,0.05,10,100,0.8,"{'colsample_bytree': 0.8, 'learning_rate': 0.05, 'max_depth': 10, 'n_estimators': 100, 'subsample': 0.8}",0.7441860465116279,0.7111111111111111,0.7956989247311828,0.7586206896551724,0.7529411764705882,0.7525115896959365,0.02715130144549933,123,1.0,0.9937106918238994,0.9968454258675079,1.0,0.9968454258675079,0.9974803087117831,0.002354308913849684
0.06745481491088867,0.000933409900347885,0.005407571792602539,0.00020362917561251434,0.8,0.05,10,100,1.0,"{'colsample_bytree': 0.8, 'learning_rate': 0.05, 'max_depth': 10, 'n_estimators': 100, 'subsample': 1.0}",0.7901234567901234,0.7391304347826086,0.7912087912087912,0.7857142857142857,0.7710843373493976,0.7754522611690413,0.019530361994357214,13,1.0,0.9968454258675079,1.0,1.0,1.0,0.9993690851735015,0.0012618296529968375
0.07957277297973633,0.0015027288524026975,0.005511236190795898,0.00032367305888012947,0.8,0.05,10,150,0.8,"{'colsample_bytree': 0.8, 'learning_rate': 0.05, 'max_depth': 10, 'n_estimators': 150, 'subsample': 0.8}",0.7674418604651163,0.7272727272727273,0.7956989247311828,0.7674418604651163,0.7529411764705882,0.7621593098809462,0.02228346505955517,87,1.0,0.9968454258675079,1.0,1.0,0.9968454258675079,0.9987381703470032,0.0015454193960777053
0.09155740737915039,0.0022946411344166623,0.006011247634887695,0.0006325859657519808,0.8,0.05,10,150,1.0,"{'colsample_bytree': 0.8, 'learning_rate': 0.05, 'max_depth': 10, 'n_estimators': 150, 'subsample': 1.0}",0.7901234567901234,0.7252747252747253,0.7777777777777778,0.7951807228915663,0.7560975609756098,0.7688908487419605,0.025639785776010077,48,1.0,1.0,1.0,1.0,1.0,1.0,0.0
0.10738558769226074,0.020020692541155006,0.005803537368774414,0.0004028106667080329,0.8,0.05,10,200,0.8,"{'colsample_bytree': 0.8, 'learning_rate': 0.05, 'max_depth': 10, 'n_estimators': 200, 'subsample': 0.8}",0.7529411764705882,0.7272727272727273,0.782608695652174,0.7674418604651163,0.7380952380952381,0.7536719395911688,0.019834478200722983,116,1.0,1.0,1.0,1.0,1.0,1.0,0.0
0.1089693546295166,0.0038604212946321795,0.0059092044830322266,0.00037226924612013707,0.8,0.05,10,200,1.0,"{'colsample_bytree': 0.8, 'learning_rate': 0.05, 'max_depth': 10, 'n_estimators': 200, 'subsample': 1.0}",0.7654320987654321,0.7333333333333333,0.7692307692307693,0.8048780487804879,0.7654320987654321,0.7676612697750909,0.022697566368260223,57,1.0,1.0,1.0,1.0,1.0,1.0,0.0
0.11547613143920898,0.005841487202610282,0.006111431121826172,0.0004952839045419312,0.8,0.05,10,250,0.8,"{'colsample_bytree': 0.8, 'learning_rate': 0.05, 'max_depth': 10, 'n_estimators': 250, 'subsample': 0.8}",0.7560975609756098,0.7272727272727273,0.7956989247311828,0.7674418604651163,0.7469879518072289,0.758699805050373,0.02270224124744121,100,1.0,1.0,1.0,1.0,1.0,1.0,0.0
0.1271988868713379,0.005067779637630848,0.005704498291015625,0.0005137383351062783,0.8,0.05,10,250,1.0,"{'colsample_bytree': 0.8, 'learning_rate': 0.05, 'max_depth': 10, 'n_estimators': 250, 'subsample': 1.0}",0.7654320987654321,0.7333333333333333,0.7692307692307693,0.8048780487804879,0.7407407407407407,0.7627229981701525,0.02519408916030178,83,1.0,1.0,1.0,1.0,1.0,1.0,0.0
0.028241968154907225,0.0011651913864603974,0.005109310150146484,0.00037072416249404335,0.8,0.1,3,100,0.8,"{'colsample_bytree': 0.8, 'learning_rate': 0.1, 'max_depth': 3, 'n_estimators': 100, 'subsample': 0.8}",0.7160493827160493,0.7045454545454546,0.7608695652173914,0.7529411764705882,0.7640449438202247,0.7396901045539417,0.024541185015629883,169,0.9636363636363636,0.9570552147239264,0.9506172839506173,0.9691358024691358,0.9721362229102167,0.962516177538052,0.007861619522057042
0.027736902236938477,0.0012117042529884753,0.005306243896484375,0.00024881945932560577,0.8,0.1,3,100,1.0,"{'colsample_bytree': 0.8, 'learning_rate': 0.1, 'max_depth': 3, 'n_estimators': 100, 'subsample': 1.0}",0.7529411764705882,0.7111111111111111,0.7741935483870968,0.8048780487804879,0.7727272727272727,0.7631702314953113,0.030877753017262324,79,0.9425981873111783,0.9393939393939394,0.9476923076923077,0.9691358024691358,0.9444444444444444,0.9486529362622012,0.010588399563172876
0.03855886459350586,0.0010484379482904294,0.005312108993530273,0.0005085784407786621,0.8,0.1,3,150,0.8,"{'colsample_bytree': 0.8, 'learning_rate': 0.1, 'max_depth': 3, 'n_estimators': 150, 'subsample': 0.8}",0.7073170731707317,0.6818181818181818,0.7692307692307693,0.7529411764705882,0.7727272727272727,0.7368068946835088,0.036042487049839166,185,0.9845201238390093,0.98125,0.9875,0.9937888198757764,0.9905956112852664,0.9875309110000104,0.004406119588587256
0.03956384658813476,0.002704161990510799,0.005612754821777343,0.00038049772524379204,0.8,0.1,3,150,1.0,"{'colsample_bytree': 0.8, 'learning_rate': 0.1, 'max_depth': 3, 'n_estimators': 150, 'subsample': 1.0}",0.7228915662650602,0.7045454545454546,0.7741935483870968,0.7906976744186046,0.7727272727272727,0.7530111032686978,0.033207850215961024,121,0.9845201238390093,0.9780564263322884,0.9874213836477987,0.9907120743034056,0.9906542056074766,0.9862728427459958,0.004707521339255488
0.0807314395904541,0.040172792613102644,0.005404806137084961,0.0003717743278449009,0.8,0.1,3,200,0.8,"{'colsample_bytree': 0.8, 'learning_rate': 0.1, 'max_depth': 3, 'n_estimators': 200, 'subsample': 0.8}",0.7317073170731707,0.7191011235955056,0.7777777777777778,0.7529411764705882,0.7294117647058823,0.7421878319245849,0.020920534655489858,156,1.0,0.9968454258675079,0.9968454258675079,0.9968847352024922,0.9968454258675079,0.9974842025610032,0.0012579908473785762
0.04897308349609375,0.0014960555990806725,0.00510716438293457,0.0003740571570743719,0.8,0.1,3,200,1.0,"{'colsample_bytree': 0.8, 'learning_rate': 0.1, 'max_depth': 3, 'n_estimators': 200, 'subsample': 1.0}",0.7228915662650602,0.7045454545454546,0.7741935483870968,0.7619047619047619,0.7294117647058823,0.7385894191616511,0.025693978589515092,174,0.9968652037617555,0.9968454258675079,0.9968454258675079,0.9937888198757764,1.0,0.9968689750745096,0.001964270678161547
0.05898714065551758,0.0013918405765332349,0.005709648132324219,0.0002478951142646104,0.8,0.1,3,250,0.8,"{'colsample_bytree': 0.8, 'learning_rate': 0.1, 'max_depth': 3, 'n_estimators': 250, 'subsample': 0.8}",0.7160493827160493,0.7045454545454546,0.7692307692307693,0.7317073170731707,0.7441860465116279,0.7331437940154143,0.022522648620889547,200,1.0,0.9968454258675079,0.9968454258675079,1.0,0.9968454258675079,0.9981072555205047,0.0015454193960777053
0.06280574798583985,0.006008403533474862,0.005309963226318359,0.00067917477704212,0.8,0.1,3,250,1.0,"{'colsample_bytree': 0.8, 'learning_rate': 0.1, 'max_depth': 3, 'n_estimators': 250, 'subsample': 1.0}",0.7407407407407407,0.7209302325581395,0.7692307692307693,0.7469879518072289,0.7228915662650602,0.7401562521203877,0.017663807622658678,165,1.0,1.0,0.9968454258675079,1.0,1.0,0.9993690851735015,0.0012618296529968375
0.04407453536987305,0.0027068309499807385,0.005507135391235351,0.0007091848640101045,0.8,0.1,5,100,0.8,"{'colsample_bytree': 0.8, 'learning_rate': 0.1, 'max_depth': 5, 'n_estimators': 100, 'subsample': 0.8}",0.7317073170731707,0.6966292134831461,0.782608695652174,0.7764705882352941,0.7586206896551724,0.7492073008197915,0.03168045645481449,138,1.0,0.9968454258675079,1.0,1.0,0.9968454258675079,0.9987381703470032,0.0015454193960777053
0.039678335189819336,0.0007300663269077048,0.005608272552490234,0.00037315228091871935,0.8,0.1,5,100,1.0,"{'colsample_bytree': 0.8, 'learning_rate': 0.1, 'max_depth': 5, 'n_estimators': 100, 'subsample': 1.0}",0.7160493827160493,0.7209302325581395,0.7777777777777778,0.8048780487804879,0.7380952380952381,0.7515461359855384,0.03438218039301911,128,1.0,1.0,1.0,0.9968847352024922,1.0,0.9993769470404985,0.0012461059190031155
0.05710601806640625,0.0054454223116973885,0.005712127685546875,0.0005071492065647473,0.8,0.1,5,150,0.8,"{'colsample_bytree': 0.8, 'learning_rate': 0.1, 'max_depth': 5, 'n_estimators': 150, 'subsample': 0.8}",0.7160493827160493,0.7045454545454546,0.7956989247311828,0.7529411764705882,0.7294117647058823,0.7397293406338316,0.03228698056649056,168,1.0,1.0,1.0,1.0,1.0,1.0,0.0
0.05540432929992676,0.001502933224253528,0.005514907836914063,0.0006315816685373107,0.8,0.1,5,150,1.0,"{'colsample_bytree': 0.8, 'learning_rate': 0.1, 'max_depth': 5, 'n_estimators': 150, 'subsample': 1.0}",0.7160493827160493,0.7209302325581395,0.75,0.7804878048780488,0.7317073170731707,0.7398349474450816,0.023431529274920888,167,1.0,1.0,1.0,1.0,1.0,1.0,0.0
0.06881957054138184,0.0026591864012047756,0.0053065776824951175,0.0005085576959871652,0.8,0.1,5,200,0.8,"{'colsample_bytree': 0.8, 'learning_rate': 0.1, 'max_depth': 5, 'n_estimators': 200, 'subsample': 0.8}",0.7160493827160493,0.7045454545454546,0.7912087912087912,0.7710843373493976,0.735632183908046,0.7437040299455477,0.03277105984069783,151,1.0,1.0,1.0,1.0,1.0,1.0,0.0
0.07041473388671875,0.00337167111001873,0.005210256576538086,0.00040372094895098283,0.8,0.1,5,200,1.0,"{'colsample_bytree': 0.8, 'learning_rate': 0.1, 'max_depth': 5, 'n_estimators': 200, 'subsample': 1.0}",0.7160493827160493,0.7126436781609196,0.75,0.7901234567901234,0.7228915662650602,0.7383416167864305,0.02902863642641374,175,1.0,1.0,1.0,1.0,1.0,1.0,0.0
0.08173065185546875,0.00393494857627886,0.0056076526641845705,0.00037294867797363113,0.8,0.1,5,250,0.8,"{'colsample_bytree': 0.8, 'learning_rate': 0.1, 'max_depth': 5, 'n_estimators': 250, 'subsample': 0.8}",0.7160493827160493,0.7045454545454546,0.7912087912087912,0.7380952380952381,0.7294117647058823,0.7358621262542832,0.029943700531551664,191,1.0,1.0,1.0,1.0,1.0,1.0,0.0
0.08201613426208496,0.0030074862697341905,0.005608892440795899,0.0001954951284635288,0.8,0.1,5,250,1.0,"{'colsample_bytree': 0.8, 'learning_rate': 0.1, 'max_depth': 5, 'n_estimators': 250, 'subsample': 1.0}",0.7160493827160493,0.7126436781609196,0.75,0.7804878048780488,0.7317073170731707,0.7381776365656376,0.024953662273818646,176,1.0,1.0,1.0,1.0,1.0,1.0,0.0
0.05007181167602539,0.0036373143916237174,0.005107355117797851,0.00037505655095901574,0.8,0.1,7,100,0.8,"{'colsample_bytree': 0.8, 'learning_rate': 0.1, 'max_depth': 7, 'n_estimators': 100, 'subsample': 0.8}",0.7804878048780488,0.6966292134831461,0.7777777777777778,0.7951807228915663,0.7294117647058823,0.7558974567472843,0.03698871506576346,110,1.0,0.9968454258675079,1.0,1.0,0.9968454258675079,0.9987381703470032,0.0015454193960777053
0.05076932907104492,0.00024538111510545563,0.0051095008850097655,0.00037530217894196546,0.8,0.1,7,100,1.0,"{'colsample_bytree': 0.8, 'learning_rate': 0.1, 'max_depth': 7, 'n_estimators': 100, 'subsample': 1.0}",0.7073170731707317,0.7252747252747253,0.782608695652174,0.7857142857142857,0.7469879518072289,0.749580546323829,0.030919901088308915,133,1.0,1.0,1.0,1.0,1.0,1.0,0.0
0.06559462547302246,0.0013106279061420706,0.005709409713745117,0.0006778698156681493,0.8,0.1,7,150,0.8,"{'colsample_bytree': 0.8, 'learning_rate': 0.1, 'max_depth': 7, 'n_estimators': 150, 'subsample': 0.8}",0.7654320987654321,0.6966292134831461,0.7640449438202247,0.7469879518072289,0.7073170731707317,0.7360822562093526,0.028796658446995724,189,1.0,1.0,1.0,1.0,1.0,1.0,0.0
0.07000322341918945,0.00198331348389836,0.0054074287414550785,0.00037969985106540126,0.8,0.1,7,150,1.0,"{'colsample_bytree': 0.8, 'learning_rate': 0.1, 'max_depth': 7, 'n_estimators': 150, 'subsample': 1.0}",0.6987951807228916,0.7252747252747253,0.7692307692307693,0.7857142857142857,0.7560975609756098,0.7470225043836562,0.031213645304113156,144,1.0,1.0,1.0,1.0,1.0,1.0,0.0
0.07731237411499023,0.003047082962248569,0.005506277084350586,0.00031603211403178537,0.8,0.1,7,200,0.8,"{'colsample_bytree': 0.8, 'learning_rate': 0.1, 'max_depth': 7, 'n_estimators': 200, 'subsample': 0.8}",0.7654320987654321,0.6966292134831461,0.75,0.7469879518072289,0.691358024691358,0.730081457749433,0.0301688667377828,216,1.0,1.0,1.0,1.0,1.0,1.0,0.0
0.08101692199707031,0.0015917593761404102,0.005307722091674805,0.00039538718967233147,0.8,0.1,7,200,1.0,"{'colsample_bytree': 0.8, 'learning_rate': 0.1, 'max_depth': 7, 'n_estimators': 200, 'subsample': 1.0}",0.7073170731707317,0.7252747252747253,0.7692307692307693,0.7764705882352941,0.7469879518072289,0.7450562215437497,0.026040559467399076,148,1.0,1.0,1.0,1.0,1.0,1.0,0.0
0.08833727836608887,0.0026567950608072976,0.010022211074829101,0.009021670450437004,0.8,0.1,7,250,0.8,"{'colsample_bytree': 0.8, 'learning_rate': 0.1, 'max_depth': 7, 'n_estimators': 250, 'subsample': 0.8}",0.7317073170731707,0.6966292134831461,0.735632183908046,0.7469879518072289,0.675,0.7171913332543184,0.026987132517223462,245,1.0,1.0,1.0,1.0,1.0,1.0,0.0
0.10197243690490723,0.014225871831520168,0.007014274597167969,0.001817655343818496,0.8,0.1,7,250,1.0,"{'colsample_bytree': 0.8, 'learning_rate': 0.1, 'max_depth': 7, 'n_estimators': 250, 'subsample': 1.0}",0.6666666666666666,0.7252747252747253,0.7692307692307693,0.7764705882352941,0.7317073170731707,0.7338700132961252,0.039140868857857454,198,1.0,1.0,1.0,1.0,1.0,1.0,0.0
0.05359320640563965,0.0011811942807097584,0.005208826065063477,0.000749820201283881,0.8,0.1,10,100,0.8,"{'colsample_bytree': 0.8, 'learning_rate': 0.1, 'max_depth': 10, 'n_estimators': 100, 'subsample': 0.8}",0.7469879518072289,0.7252747252747253,0.782608695652174,0.7529411764705882,0.7441860465116279,0.7503997191432689,0.01857628797107007,131,1.0,1.0,1.0,1.0,1.0,1.0,0.0
0.06522059440612793,0.012975648398991539,0.005013847351074218,0.0004472958908778506,0.8,0.1,10,100,1.0,"{'colsample_bytree': 0.8, 'learning_rate': 0.1, 'max_depth': 10, 'n_estimators': 100, 'subsample': 1.0}",0.7,0.7333333333333333,0.7777777777777778,0.8048780487804879,0.7317073170731707,0.7495392953929538,0.03713366116878253,134,1.0,1.0,1.0,1.0,1.0,1.0,0.0
0.06683082580566406,0.0009315652034567236,0.005307483673095703,0.00040034000600840445,0.8,0.1,10,150,0.8,"{'colsample_bytree': 0.8, 'learning_rate': 0.1, 'max_depth': 10, 'n_estimators': 150, 'subsample': 0.8}",0.7317073170731707,0.7111111111111111,0.782608695652174,0.7674418604651163,0.7209302325581395,0.7427598433719422,0.027558902356314433,155,1.0,1.0,1.0,1.0,1.0,1.0,0.0
0.07274622917175293,0.0015995117948489975,0.0053160667419433595,0.0002380234018224269,0.8,0.1,10,150,1.0,"{'colsample_bytree': 0.8, 'learning_rate': 0.1, 'max_depth': 10, 'n_estimators': 150, 'subsample': 1.0}",0.6835443037974683,0.7045454545454546,0.7777777777777778,0.8048780487804879,0.7160493827160493,0.7373589935234477,0.046085463275804914,181,1.0,1.0,1.0,1.0,1.0,1.0,0.0
0.08227095603942872,0.0024208977843689127,0.005408620834350586,0.00037250440058353955,0.8,0.1,10,200,0.8,"{'colsample_bytree': 0.8, 'learning_rate': 0.1, 'max_depth': 10, 'n_estimators': 200, 'subsample': 0.8}",0.7160493827160493,0.7111111111111111,0.7692307692307693,0.7674418604651163,0.6904761904761905,0.7308618627998473,0.03178293094550198,214,1.0,1.0,1.0,1.0,1.0,1.0,0.0
0.08797163963317871,0.0019590879418008218,0.005509805679321289,0.0005488793261766504,0.8,0.1,10,200,1.0,"{'colsample_bytree': 0.8, 'learning_rate': 0.1, 'max_depth': 10, 'n_estimators': 200, 'subsample': 1.0}",0.6835443037974683,0.7045454545454546,0.7555555555555555,0.7951807228915663,0.7160493827160493,0.7309750839012189,0.03974303569157961,213,1.0,1.0,1.0,1.0,1.0,1.0,0.0
0.10839653015136719,0.01583658387401379,0.005507230758666992,0.0003196957207550127,0.8,0.1,10,250,0.8,"{'colsample_bytree': 0.8, 'learning_rate': 0.1, 'max_depth': 10, 'n_estimators': 250, 'subsample': 0.8}",0.7317073170731707,0.6966292134831461,0.782608695652174,0.7764705882352941,0.6987951807228916,0.7372421990333352,0.03675651851148007,182,1.0,1.0,1.0,1.0,1.0,1.0,0.0
0.10245790481567382,0.010169296465055197,0.00561213493347168,0.0006614693239618366,0.8,0.1,10,250,1.0,"{'colsample_bytree': 0.8, 'learning_rate': 0.1, 'max_depth': 10, 'n_estimators': 250, 'subsample': 1.0}",0.7,0.7045454545454546,0.7415730337078652,0.7951807228915663,0.725,0.7332598422289773,0.034357714631153634,199,1.0,1.0,1.0,1.0,1.0,1.0,0.0
0.028447914123535156,0.0008062729145824096,0.005204916000366211,0.0005075350419513691,0.8,0.2,3,100,0.8,"{'colsample_bytree': 0.8, 'learning_rate': 0.2, 'max_depth': 3, 'n_estimators': 100, 'subsample': 0.8}",0.6666666666666666,0.7126436781609196,0.7333333333333333,0.7317073170731707,0.7294117647058823,0.7147525519879945,0.025156715715528133,249,0.9968652037617555,0.9937106918238994,1.0,1.0,0.9968454258675079,0.9974842642906324,0.0023532552751341605
0.027833843231201173,0.0013276193172610461,0.0054046630859375,0.0003751914450520062,0.8,0.2,3,100,1.0,"{'colsample_bytree': 0.8, 'learning_rate': 0.2, 'max_depth': 3, 'n_estimators': 100, 'subsample': 1.0}",0.7272727272727273,0.7126436781609196,0.7872340425531915,0.7901234567901234,0.735632183908046,0.7505812177370015,0.03197822535904629,130,1.0,0.9968454258675079,0.9968652037617555,0.9968847352024922,1.0,0.9981190729663512,0.0015358207995554447
0.039150142669677736,0.0021537873039983693,0.0056059837341308595,0.000803380281934312,0.8,0.2,3,150,0.8,"{'colsample_bytree': 0.8, 'learning_rate': 0.2, 'max_depth': 3, 'n_estimators': 150, 'subsample': 0.8}",0.6987951807228916,0.6976744186046512,0.7640449438202247,0.7317073170731707,0.7317073170731707,0.7247858354588217,0.024688598430250563,227,1.0,0.9968454258675079,1.0,1.0,1.0,0.9993690851735015,0.0012618296529968375
0.03885021209716797,0.0021400829769132965,0.005004596710205078,0.0005471282290144173,0.8,0.2,3,150,1.0,"{'colsample_bytree': 0.8, 'learning_rate': 0.2, 'max_depth': 3, 'n_estimators': 150, 'subsample': 1.0}",0.7111111111111111,0.6904761904761905,0.7472527472527473,0.7710843373493976,0.735632183908046,0.7311113140194985,0.028035863130147557,211,1.0,1.0,1.0,1.0,1.0,1.0,0.0
0.049665307998657225,0.003010794802677929,0.005106163024902344,0.0003744541634298451,0.8,0.2,3,200,0.8,"{'colsample_bytree': 0.8, 'learning_rate': 0.2, 'max_depth': 3, 'n_estimators': 200, 'subsample': 0.8}",0.7142857142857143,0.6823529411764706,0.7777777777777778,0.7317073170731707,0.7160493827160493,0.7244346266058366,0.031120940822973467,228,1.0,1.0,1.0,1.0,1.0,1.0,0.0
0.04875879287719727,0.0012908438743873762,0.005407905578613282,0.00037325482352070215,0.8,0.2,3,200,1.0,"{'colsample_bytree': 0.8, 'learning_rate': 0.2, 'max_depth': 3, 'n_estimators': 200, 'subsample': 1.0}",0.7045454545454546,0.6506024096385542,0.7415730337078652,0.7710843373493976,0.7209302325581395,0.7177470935598822,0.04026254146087154,242,1.0,1.0,1.0,1.0,1.0,1.0,0.0
0.05657038688659668,0.001612541817626669,0.0055062294006347655,0.00031509514870790004,0.8,0.2,3,250,0.8,"{'colsample_bytree': 0.8, 'learning_rate': 0.2, 'max_depth': 3, 'n_estimators': 250, 'subsample': 0.8}",0.7228915662650602,0.6823529411764706,0.7640449438202247,0.7317073170731707,0.7160493827160493,0.7234092302101952,0.026306553048621686,232,1.0,1.0,1.0,1.0,1.0,1.0,0.0
0.06268134117126464,0.00839727785862873,0.005305862426757813,0.0004045565416445749,0.8,0.2,3,250,1.0,"{'colsample_bytree': 0.8, 'learning_rate': 0.2, 'max_depth': 3, 'n_estimators': 250, 'subsample': 1.0}",0.6818181818181818,0.6588235294117647,0.7126436781609196,0.7560975609756098,0.7209302325581395,0.706062636584923,0.03342806010070952,256,1.0,1.0,1.0,1.0,1.0,1.0,0.0
0.03794856071472168,0.0008607043241500128,0.005810308456420899,0.0006012302317392757,0.8,0.2,5,100,0.8,"{'colsample_bytree': 0.8, 'learning_rate': 0.2, 'max_depth': 5, 'n_estimators': 100, 'subsample': 0.8}",0.7058823529411765,0.7191011235955056,0.7777777777777778,0.7619047619047619,0.7,0.7329332032438444,0.03117068456665073,204,1.0,1.0,1.0,1.0,1.0,1.0,0.0
0.03705377578735351,0.0007096724252787992,0.005809116363525391,0.00024177065925987126,0.8,0.2,5,100,1.0,"{'colsample_bytree': 0.8, 'learning_rate': 0.2, 'max_depth': 5, 'n_estimators': 100, 'subsample': 1.0}",0.6904761904761905,0.7272727272727273,0.7272727272727273,0.7692307692307693,0.7073170731707317,0.724313897484629,0.026339769046958297,229,1.0,1.0,1.0,1.0,1.0,1.0,0.0
0.0499720573425293,0.0022738391349111965,0.005310678482055664,0.00039922658487311736,0.8,0.2,5,150,0.8,"{'colsample_bytree': 0.8, 'learning_rate': 0.2, 'max_depth': 5, 'n_estimators': 150, 'subsample': 0.8}",0.6904761904761905,0.7045454545454546,0.7777777777777778,0.7228915662650602,0.7,0.7191381978128966,0.03115579416211317,241,1.0,1.0,1.0,1.0,1.0,1.0,0.0
0.050377607345581055,0.002563314786664116,0.005504751205444336,0.00031584847509189223,0.8,0.2,5,150,1.0,"{'colsample_bytree': 0.8, 'learning_rate': 0.2, 'max_depth': 5, 'n_estimators': 150, 'subsample': 1.0}",0.6829268292682927,0.7191011235955056,0.7126436781609196,0.775,0.7228915662650602,0.7225126394579557,0.029769574428029244,234,1.0,1.0,1.0,1.0,1.0,1.0,0.0
0.062494945526123044,0.001984146158551087,0.005608654022216797,0.000373595221848438,0.8,0.2,5,200,0.8,"{'colsample_bytree': 0.8, 'learning_rate': 0.2, 'max_depth': 5, 'n_estimators': 200, 'subsample': 0.8}",0.6823529411764706,0.6896551724137931,0.7777777777777778,0.7228915662650602,0.6835443037974683,0.711244352286114,0.03641552776183619,253,1.0,1.0,1.0,1.0,1.0,1.0,0.0
0.06069483757019043,0.0009674622135750634,0.005203342437744141,0.00024823725700910237,0.8,0.2,5,200,1.0,"{'colsample_bytree': 0.8, 'learning_rate': 0.2, 'max_depth': 5, 'n_estimators': 200, 'subsample': 1.0}",0.6987951807228916,0.6896551724137931,0.7126436781609196,0.7654320987654321,0.7380952380952381,0.7209242736316549,0.027610904454711545,237,1.0,1.0,1.0,1.0,1.0,1.0,0.0
0.09885778427124023,0.057042090502228346,0.005407381057739258,0.00037352053188620887,0.8,0.2,5,250,0.8,"{'colsample_bytree': 0.8, 'learning_rate': 0.2, 'max_depth': 5, 'n_estimators': 250, 'subsample': 0.8}",0.7142857142857143,0.6896551724137931,0.7777777777777778,0.7228915662650602,0.7160493827160493,0.724131922691679,0.02908724061900272,230,1.0,1.0,1.0,1.0,1.0,1.0,0.0
0.08364357948303222,0.022934413365478745,0.005609560012817383,0.0006647644507208004,0.8,0.2,5,250,1.0,"{'colsample_bytree': 0.8, 'learning_rate': 0.2, 'max_depth': 5, 'n_estimators': 250, 'subsample': 1.0}",0.6987951807228916,0.6976744186046512,0.6976744186046512,0.7654320987654321,0.7380952380952381,0.7195342709585728,0.02770175536716295,240,1.0,1.0,1.0,1.0,1.0,1.0,0.0
0.04576959609985352,0.004686662447900717,0.005312681198120117,0.0005073737377537971,0.8,0.2,7,100,0.8,"{'colsample_bytree': 0.8, 'learning_rate': 0.2, 'max_depth': 7, 'n_estimators': 100, 'subsample': 0.8}",0.725,0.6966292134831461,0.7126436781609196,0.7654320987654321,0.7,0.7199409980818995,0.024857060669020256,238,1.0,1.0,1.0,1.0,1.0,1.0,0.0
0.052996587753295896,0.0067700455736793615,0.007414722442626953,0.0028201378594617074,0.8,0.2,7,100,1.0,"{'colsample_bytree': 0.8, 'learning_rate': 0.2, 'max_depth': 7, 'n_estimators': 100, 'subsample': 1.0}",0.7317073170731707,0.6744186046511628,0.7555555555555555,0.7848101265822784,0.7142857142857143,0.7321554636295764,0.03734474928138795,207,1.0,1.0,1.0,1.0,1.0,1.0,0.0
0.05599699020385742,0.005339045860095037,0.005508041381835938,0.0005480558656297495,0.8,0.2,7,150,0.8,"{'colsample_bytree': 0.8, 'learning_rate': 0.2, 'max_depth': 7, 'n_estimators': 150, 'subsample': 0.8}",0.7341772151898734,0.6818181818181818,0.7126436781609196,0.75,0.7073170731707317,0.7171912296679412,0.023385340794073724,246,1.0,1.0,1.0,1.0,1.0,1.0,0.0
0.05509462356567383,0.0008336236063049123,0.005207586288452149,0.00040297494980161356,0.8,0.2,7,150,1.0,"{'colsample_bytree': 0.8, 'learning_rate': 0.2, 'max_depth': 7, 'n_estimators': 150, 'subsample': 1.0}",0.7160493827160493,0.6744186046511628,0.7415730337078652,0.8,0.7228915662650602,0.7309865174680276,0.04089867989879578,212,1.0,1.0,1.0,1.0,1.0,1.0,0.0
0.06219925880432129,0.0012515165525104946,0.00521087646484375,0.0005138440891284164,0.8,0.2,7,200,0.8,"{'colsample_bytree': 0.8, 'learning_rate': 0.2, 'max_depth': 7, 'n_estimators': 200, 'subsample': 0.8}",0.717948717948718,0.6818181818181818,0.6976744186046512,0.7560975609756098,0.7160493827160493,0.713917652412642,0.024876322504777906,250,1.0,1.0,1.0,1.0,1.0,1.0,0.0
0.06749053001403808,0.0015701029733482135,0.005907583236694336,0.0006623799252618856,0.8,0.2,7,200,1.0,"{'colsample_bytree': 0.8, 'learning_rate': 0.2, 'max_depth': 7, 'n_estimators': 200, 'subsample': 1.0}",0.7160493827160493,0.6896551724137931,0.7415730337078652,0.8148148148148148,0.7073170731707317,0.7338818953646509,0.043792653192676466,197,1.0,1.0,1.0,1.0,1.0,1.0,0.0
0.07660408020019531,0.0033963564266239333,0.005412864685058594,0.0004892192944043289,0.8,0.2,7,250,0.8,"{'colsample_bytree': 0.8, 'learning_rate': 0.2, 'max_depth': 7, 'n_estimators': 250, 'subsample': 0.8}",0.75,0.6818181818181818,0.6976744186046512,0.7654320987654321,0.7317073170731707,0.7253264032522871,0.03135463869210941,226,1.0,1.0,1.0,1.0,1.0,1.0,0.0
0.07932186126708984,0.004240731121422225,0.005510711669921875,0.0007697235117436054,0.8,0.2,7,250,1.0,"{'colsample_bytree': 0.8, 'learning_rate': 0.2, 'max_depth': 7, 'n_estimators': 250, 'subsample': 1.0}",0.7073170731707317,0.6896551724137931,0.7415730337078652,0.8,0.7073170731707317,0.7291724704926242,0.03921032143663233,218,1.0,1.0,1.0,1.0,1.0,1.0,0.0
0.04326000213623047,0.001030068310982231,0.005607461929321289,0.0005858476243591487,0.8,0.2,10,100,0.8,"{'colsample_bytree': 0.8, 'learning_rate': 0.2, 'max_depth': 10, 'n_estimators': 100, 'subsample': 0.8}",0.7160493827160493,0.6966292134831461,0.7777777777777778,0.7674418604651163,0.7142857142857143,0.7344367897455608,0.03206665351765692,194,1.0,1.0,1.0,1.0,1.0,1.0,0.0
0.045873498916625975,0.0015036156669424995,0.005312347412109375,0.00039600189429227293,0.8,0.2,10,100,1.0,"{'colsample_bytree': 0.8, 'learning_rate': 0.2, 'max_depth': 10, 'n_estimators': 100, 'subsample': 1.0}",0.75,0.6966292134831461,0.7555555555555555,0.8192771084337349,0.7,0.7442923754944873,0.044756536765970356,150,1.0,1.0,1.0,1.0,1.0,1.0,0.0
0.058310937881469724,0.004795375073785005,0.005507755279541016,0.0007768054669641107,0.8,0.2,10,150,0.8,"{'colsample_bytree': 0.8, 'learning_rate': 0.2, 'max_depth': 10, 'n_estimators': 150, 'subsample': 0.8}",0.7317073170731707,0.7111111111111111,0.7912087912087912,0.7529411764705882,0.7228915662650602,0.7419719924257443,0.02816524656769341,157,1.0,1.0,1.0,1.0,1.0,1.0,0.0
0.05710554122924805,0.0012638241042753637,0.0055125713348388675,0.00032310285280499196,0.8,0.2,10,150,1.0,"{'colsample_bytree': 0.8, 'learning_rate': 0.2, 'max_depth': 10, 'n_estimators': 150, 'subsample': 1.0}",0.7407407407407407,0.6966292134831461,0.7640449438202247,0.7951807228915663,0.7088607594936709,0.7410912760858699,0.035967605435786656,162,1.0,1.0,1.0,1.0,1.0,1.0,0.0
0.06661591529846192,0.0029173221824826683,0.005709695816040039,0.0006801403441674636,0.8,0.2,10,200,0.8,"{'colsample_bytree': 0.8, 'learning_rate': 0.2, 'max_depth': 10, 'n_estimators': 200, 'subsample': 0.8}",0.7317073170731707,0.7045454545454546,0.7912087912087912,0.7529411764705882,0.7142857142857143,0.7389376907167439,0.03089074202330298,172,1.0,1.0,1.0,1.0,1.0,1.0,0.0
0.06930580139160156,0.004072689372435286,0.005309772491455078,0.0006817217863288525,0.8,0.2,10,200,1.0,"{'colsample_bytree': 0.8, 'learning_rate': 0.2, 'max_depth': 10, 'n_estimators': 200, 'subsample': 1.0}",0.7317073170731707,0.6966292134831461,0.7640449438202247,0.7804878048780488,0.7,0.7345738558509181,0.03352610976162632,193,1.0,1.0,1.0,1.0,1.0,1.0,0.0
0.07571544647216796,0.003769476114624791,0.0051098823547363285,0.0003729422825352046,0.8,0.2,10,250,0.8,"{'colsample_bytree': 0.8, 'learning_rate': 0.2, 'max_depth': 10, 'n_estimators': 250, 'subsample': 0.8}",0.7317073170731707,0.6744186046511628,0.7912087912087912,0.7529411764705882,0.7142857142857143,0.7329123207378855,0.03890899858571732,205,1.0,1.0,1.0,1.0,1.0,1.0,0.0
0.07863807678222656,0.00292572141312255,0.005612850189208984,0.00019565094043458477,0.8,0.2,10,250,1.0,"{'colsample_bytree': 0.8, 'learning_rate': 0.2, 'max_depth': 10, 'n_estimators': 250, 'subsample': 1.0}",0.7228915662650602,0.6818181818181818,0.7640449438202247,0.7901234567901234,0.7,0.7317756297387181,0.04007528261844404,208,1.0,1.0,1.0,1.0,1.0,1.0,0.0
0.03375101089477539,0.001504405160627632,0.005007505416870117,0.00031421430483181945,1.0,0.01,3,100,0.8,"{'colsample_bytree': 1.0, 'learning_rate': 0.01, 'max_depth': 3, 'n_estimators': 100, 'subsample': 0.8}",0.7441860465116279,0.7446808510638298,0.7956989247311828,0.7956989247311828,0.8,0.7760529494075646,0.025865413120911562,11,0.8369565217391305,0.8547486033519553,0.850828729281768,0.8369565217391305,0.8324324324324325,0.8423845617088833,0.008742375017262015
0.034251070022583006,0.004467212870828499,0.0053020954132080075,0.0006007452311406789,1.0,0.01,3,100,1.0,"{'colsample_bytree': 1.0, 'learning_rate': 0.01, 'max_depth': 3, 'n_estimators': 100, 'subsample': 1.0}",0.75,0.7472527472527473,0.7956989247311828,0.7529411764705882,0.7872340425531915,0.766625378201542,0.02053751475425438,60,0.8369565217391305,0.8491620111731844,0.8469945355191257,0.8415300546448088,0.8406593406593407,0.8430604927471179,0.004428802407775782
0.04426465034484863,0.001362925829716015,0.005308628082275391,0.0005090055864504627,1.0,0.01,3,150,0.8,"{'colsample_bytree': 1.0, 'learning_rate': 0.01, 'max_depth': 3, 'n_estimators': 150, 'subsample': 0.8}",0.7441860465116279,0.7311827956989247,0.7956989247311828,0.7586206896551724,0.8172043010752689,0.7693785515344354,0.03221606440812415,46,0.837465564738292,0.8668555240793201,0.8531073446327684,0.8595505617977528,0.8453038674033149,0.8524565725302896,0.010334113401939788
0.046671056747436525,0.0013647744691045094,0.005308341979980469,0.0002479920176716025,1.0,0.01,3,150,1.0,"{'colsample_bytree': 1.0, 'learning_rate': 0.01, 'max_depth': 3, 'n_estimators': 150, 'subsample': 1.0}",0.7586206896551724,0.7446808510638298,0.8043478260869565,0.7710843373493976,0.8043478260869565,0.7766163060484625,0.02413459168673953,9,0.8415300546448088,0.8531073446327684,0.8587570621468926,0.8531073446327684,0.85,0.8513003612114476,0.005644157983204687
0.05768165588378906,0.0019156029584393476,0.005408477783203125,0.0004905755838437105,1.0,0.01,3,200,0.8,"{'colsample_bytree': 1.0, 'learning_rate': 0.01, 'max_depth': 3, 'n_estimators': 200, 'subsample': 0.8}",0.7674418604651163,0.7391304347826086,0.7956989247311828,0.7586206896551724,0.8172043010752689,0.7756192421418697,0.027639696813146895,12,0.8435754189944135,0.8742857142857143,0.8628571428571429,0.8636363636363636,0.856338028169014,0.8601385335885297,0.01008512746155751
0.059995841979980466,0.005121090524314586,0.005319786071777344,0.0005141898803276343,1.0,0.01,3,200,1.0,"{'colsample_bytree': 1.0, 'learning_rate': 0.01, 'max_depth': 3, 'n_estimators': 200, 'subsample': 1.0}",0.7586206896551724,0.7272727272727273,0.8043478260869565,0.7560975609756098,0.8260869565217391,0.774485152102441,0.03570244599834203,18,0.8383561643835616,0.8660968660968661,0.8611898016997167,0.8660968660968661,0.8603351955307262,0.8584149787615474,0.010312765827792015
0.08255176544189453,0.020001447344773975,0.005212020874023437,0.0006012388163800872,1.0,0.01,3,250,0.8,"{'colsample_bytree': 1.0, 'learning_rate': 0.01, 'max_depth': 3, 'n_estimators': 250, 'subsample': 0.8}",0.7674418604651163,0.7111111111111111,0.7956989247311828,0.7674418604651163,0.8260869565217391,0.7735561426588531,0.03801036716867556,23,0.8531073446327684,0.8760806916426513,0.8703170028818443,0.8685714285714285,0.8636363636363636,0.8663425662730111,0.007721265230449193
0.06921925544738769,0.0022917506468412108,0.005508947372436524,0.0003115440451243224,1.0,0.01,3,250,1.0,"{'colsample_bytree': 1.0, 'learning_rate': 0.01, 'max_depth': 3, 'n_estimators': 250, 'subsample': 1.0}",0.7441860465116279,0.7252747252747253,0.8043478260869565,0.7560975609756098,0.8297872340425532,0.7719386785782945,0.0389755881109886,34,0.8383561643835616,0.8710601719197708,0.8660968660968661,0.8717948717948718,0.8651685393258427,0.8624953227041825,0.012350339442457494
0.0580843448638916,0.0069951786903562916,0.005512666702270508,0.0008389167079745889,1.0,0.01,5,100,0.8,"{'colsample_bytree': 1.0, 'learning_rate': 0.01, 'max_depth': 5, 'n_estimators': 100, 'subsample': 0.8}",0.7586206896551724,0.717391304347826,0.7956989247311828,0.7912087912087912,0.8210526315789474,0.7767944683043838,0.03572942292414868,8,0.8642659279778393,0.8845070422535212,0.8788732394366198,0.8851540616246498,0.8722222222222222,0.8770044987029705,0.007890970535104128
0.05559539794921875,0.002449107322245566,0.005411767959594726,0.00020191655810427307,1.0,0.01,5,100,1.0,"{'colsample_bytree': 1.0, 'learning_rate': 0.01, 'max_depth': 5, 'n_estimators': 100, 'subsample': 1.0}",0.7209302325581395,0.723404255319149,0.8085106382978723,0.7586206896551724,0.8125,0.7647931631660667,0.03965414912999333,67,0.8602739726027397,0.896551724137931,0.8820224719101124,0.8907563025210085,0.8977272727272727,0.8854663487798129,0.013767465407986878
0.07322168350219727,0.00205159885254581,0.005010032653808593,0.0004498565906354528,1.0,0.01,5,150,0.8,"{'colsample_bytree': 1.0, 'learning_rate': 0.01, 'max_depth': 5, 'n_estimators': 150, 'subsample': 0.8}",0.7674418604651163,0.717391304347826,0.7956989247311828,0.7727272727272727,0.8085106382978723,0.772354000113854,0.031296818893939836,31,0.8813559322033898,0.9075144508670521,0.896551724137931,0.8939828080229226,0.8908045977011494,0.894041902586489,0.008476157632337219
0.07842683792114258,0.00405604737516731,0.005207443237304687,0.0005117752094041496,1.0,0.01,5,150,1.0,"{'colsample_bytree': 1.0, 'learning_rate': 0.01, 'max_depth': 5, 'n_estimators': 150, 'subsample': 1.0}",0.7142857142857143,0.7391304347826086,0.8172043010752689,0.7529411764705882,0.8210526315789474,0.7689228516386255,0.04284117444176748,47,0.8870056497175142,0.9043478260869565,0.8997134670487106,0.9159420289855073,0.9208211143695014,0.905566017241638,0.012005025482439338
0.09652905464172364,0.003598166511459272,0.005614185333251953,0.00019853529525513667,1.0,0.01,5,200,0.8,"{'colsample_bytree': 1.0, 'learning_rate': 0.01, 'max_depth': 5, 'n_estimators': 200, 'subsample': 0.8}",0.7674418604651163,0.717391304347826,0.8043478260869565,0.7674418604651163,0.8172043010752689,0.7747654304880569,0.03485752593689022,17,0.9075144508670521,0.9122807017543859,0.9230769230769231,0.9235294117647059,0.9253731343283582,0.9183549243582849,0.007109710384508029
0.09833250045776368,0.002893384131701953,0.004908227920532226,0.0008639747532117802,1.0,0.01,5,200,1.0,"{'colsample_bytree': 1.0, 'learning_rate': 0.01, 'max_depth': 5, 'n_estimators': 200, 'subsample': 1.0}",0.6987951807228916,0.7391304347826086,0.8172043010752689,0.7710843373493976,0.8387096774193549,0.7729847862699044,0.05085067000183013,25,0.8920454545454546,0.9176470588235294,0.9285714285714286,0.9432835820895522,0.9317507418397626,0.9226596531739455,0.017351073080259627
0.11395854949951172,0.0019929541307757166,0.005306816101074219,0.00040239678945680756,1.0,0.01,5,250,0.8,"{'colsample_bytree': 1.0, 'learning_rate': 0.01, 'max_depth': 5, 'n_estimators': 250, 'subsample': 0.8}",0.7674418604651163,0.717391304347826,0.8043478260869565,0.7764705882352941,0.8043478260869565,0.77399988104443,0.03192377960131101,19,0.9262536873156342,0.9181286549707602,0.9397590361445783,0.9486404833836858,0.9337349397590361,0.9333033603147388,0.010555178131510775
0.12707858085632323,0.009824184677578583,0.00520634651184082,0.0005059983067110248,1.0,0.01,5,250,1.0,"{'colsample_bytree': 1.0, 'learning_rate': 0.01, 'max_depth': 5, 'n_estimators': 250, 'subsample': 1.0}",0.7058823529411765,0.7111111111111111,0.8172043010752689,0.7804878048780488,0.8260869565217391,0.7681545053054689,0.051080194652381956,54,0.9212827988338192,0.9230769230769231,0.9397590361445783,0.9425981873111783,0.9401197604790419,0.9333673411691082,0.00920419816888518
0.06769347190856934,0.001238160042268013,0.005307769775390625,0.00024685973431872436,1.0,0.01,7,100,0.8,"{'colsample_bytree': 1.0, 'learning_rate': 0.01, 'max_depth': 7, 'n_estimators': 100, 'subsample': 0.8}",0.7727272727272727,0.7252747252747253,0.7872340425531915,0.8043478260869565,0.8125,0.7804167733284292,0.03081648183205177,7,0.8813559322033898,0.8997134670487106,0.8888888888888888,0.9090909090909091,0.8951841359773371,0.8948466666418471,0.00942542419356204
0.07620391845703126,0.00540817395409686,0.005105018615722656,0.00037507818092066136,1.0,0.01,7,100,1.0,"{'colsample_bytree': 1.0, 'learning_rate': 0.01, 'max_depth': 7, 'n_estimators': 100, 'subsample': 1.0}",0.7160493827160493,0.723404255319149,0.8085106382978723,0.7777777777777778,0.8297872340425532,0.7711058576306803,0.04515261756734546,39,0.9262536873156342,0.9176470588235294,0.9132947976878613,0.9090909090909091,0.9212827988338192,0.9175138503503506,0.005989220519850067
0.09842953681945801,0.0014346071073417126,0.005204248428344727,0.0004022006359387658,1.0,0.01,7,150,0.8,"{'colsample_bytree': 1.0, 'learning_rate': 0.01, 'max_depth': 7, 'n_estimators': 150, 'subsample': 0.8}",0.7674418604651163,0.7252747252747253,0.7956989247311828,0.735632183908046,0.8172043010752689,0.7682503990908678,0.03481785839393071,52,0.9258160237388724,0.9262536873156342,0.9230769230769231,0.9380530973451328,0.9376854599406528,0.930177038283443,0.00637544459227903
0.11056065559387207,0.010155767383891356,0.005507755279541016,0.0003175075064257946,1.0,0.01,7,150,1.0,"{'colsample_bytree': 1.0, 'learning_rate': 0.01, 'max_depth': 7, 'n_estimators': 150, 'subsample': 1.0}",0.7073170731707317,0.717391304347826,0.8043478260869565,0.7816091954022989,0.8131868131868132,0.7647704424389252,0.044135541733856115,68,0.9546827794561934,0.9425981873111783,0.9432835820895522,0.9580838323353293,0.9604863221884499,0.9518269406761407,0.007489302519708222
0.12388377189636231,0.0037078757418391685,0.005511236190795898,1.591522147014488e-06,1.0,0.01,7,200,0.8,"{'colsample_bytree': 1.0, 'learning_rate': 0.01, 'max_depth': 7, 'n_estimators': 200, 'subsample': 0.8}",0.7764705882352941,0.7252747252747253,0.7912087912087912,0.735632183908046,0.8,0.7657172577253712,0.029938165982157438,63,0.948948948948949,0.9425981873111783,0.9454545454545454,0.9607250755287009,0.9693251533742331,0.9534103821235214,0.010068644032926309
0.13722453117370606,0.007326197084767253,0.005008888244628906,0.0003181731589036477,1.0,0.01,7,200,1.0,"{'colsample_bytree': 1.0, 'learning_rate': 0.01, 'max_depth': 7, 'n_estimators': 200, 'subsample': 1.0}",0.7469879518072289,0.7252747252747253,0.8043478260869565,0.7380952380952381,0.8043478260869565,0.7638107134702211,0.03381073311402276,76,0.9695121951219512,0.9541284403669725,0.9693251533742331,0.975609756097561,0.9813664596273292,0.9699884009176094,0.009091368125781386
0.1683208465576172,0.018979260338070608,0.00590972900390625,0.00020201381650847392,1.0,0.01,7,250,0.8,"{'colsample_bytree': 1.0, 'learning_rate': 0.01, 'max_depth': 7, 'n_estimators': 250, 'subsample': 0.8}",0.7764705882352941,0.717391304347826,0.7912087912087912,0.7619047619047619,0.7954545454545454,0.7684859982302437,0.02814733362929384,51,0.9724770642201835,0.9661538461538461,0.9541284403669725,0.9784615384615385,0.978328173374613,0.9699098125154307,0.009096709160194007
0.17581143379211425,0.017884422906850092,0.0054110527038574215,0.0004906623680827015,1.0,0.01,7,250,1.0,"{'colsample_bytree': 1.0, 'learning_rate': 0.01, 'max_depth': 7, 'n_estimators': 250, 'subsample': 1.0}",0.7469879518072289,0.6896551724137931,0.8043478260869565,0.7469879518072289,0.7816091954022989,0.7539176195035012,0.038821982964624316,115,0.9814814814814815,0.9751552795031055,0.9813664596273292,0.9846153846153847,0.9905956112852664,0.9826428433025134,0.005023523982909122
0.07581768035888672,0.0017500920592142392,0.004908561706542969,0.00037347050907767003,1.0,0.01,10,100,0.8,"{'colsample_bytree': 1.0, 'learning_rate': 0.01, 'max_depth': 10, 'n_estimators': 100, 'subsample': 0.8}",0.7586206896551724,0.7252747252747253,0.7872340425531915,0.782608695652174,0.8125,0.7732476306270526,0.029459615776519274,24,0.8888888888888888,0.8971428571428571,0.896551724137931,0.9195402298850575,0.9132947976878613,0.9030836995485192,0.011441476100965953
0.09055790901184083,0.004223318662482463,0.0050083637237548825,0.00044671897155911634,1.0,0.01,10,100,1.0,"{'colsample_bytree': 1.0, 'learning_rate': 0.01, 'max_depth': 10, 'n_estimators': 100, 'subsample': 1.0}",0.7160493827160493,0.723404255319149,0.8172043010752689,0.8,0.8041237113402062,0.7721563300901346,0.043246404350023415,33,0.9317507418397626,0.9230769230769231,0.9239766081871345,0.927536231884058,0.9404761904761905,0.9293633390928138,0.00634144107711316
0.11071538925170898,0.0034767015391542646,0.005209016799926758,0.000509850232930754,1.0,0.01,10,150,0.8,"{'colsample_bytree': 1.0, 'learning_rate': 0.01, 'max_depth': 10, 'n_estimators': 150, 'subsample': 0.8}",0.7674418604651163,0.7252747252747253,0.8043478260869565,0.7586206896551724,0.7912087912087912,0.7693787785381524,0.027437344557991558,45,0.9285714285714286,0.9317507418397626,0.9285714285714286,0.9523809523809523,0.9432835820895522,0.936911626690625,0.009440915153713585
0.13696165084838868,0.009899982691872325,0.004812812805175782,0.0006820087805962734,1.0,0.01,10,150,1.0,"{'colsample_bytree': 1.0, 'learning_rate': 0.01, 'max_depth': 10, 'n_estimators': 150, 'subsample': 1.0}",0.7160493827160493,0.717391304347826,0.8172043010752689,0.7816091954022989,0.8260869565217391,0.7716682280126365,0.047271968839464475,37,0.9693251533742331,0.9570552147239264,0.9663608562691132,0.9696969696969697,0.9844236760124611,0.9693723740153407,0.008802623882683106
0.14238061904907226,0.0036866948776642133,0.005413484573364258,0.0003769816008059112,1.0,0.01,10,200,0.8,"{'colsample_bytree': 1.0, 'learning_rate': 0.01, 'max_depth': 10, 'n_estimators': 200, 'subsample': 0.8}",0.7764705882352941,0.717391304347826,0.7912087912087912,0.7529411764705882,0.7912087912087912,0.7658441302942581,0.027977906335400038,62,0.9634146341463414,0.96,0.9541284403669725,0.975609756097561,0.9753086419753086,0.9656922945172367,0.008510497741921636
0.1676182746887207,0.0046826804003357305,0.00550999641418457,0.00055125938452173,1.0,0.01,10,200,1.0,"{'colsample_bytree': 1.0, 'learning_rate': 0.01, 'max_depth': 10, 'n_estimators': 200, 'subsample': 1.0}",0.7469879518072289,0.7252747252747253,0.8043478260869565,0.7857142857142857,0.8131868131868132,0.7751023204140018,0.03373884692423478,16,0.9814814814814815,0.9780564263322884,0.9875776397515528,0.9937888198757764,0.9905956112852664,0.9862999957452733,0.005785182629941471
0.1715162754058838,0.002044142699341958,0.005713272094726563,0.0005098102285970433,1.0,0.01,10,250,0.8,"{'colsample_bytree': 1.0, 'learning_rate': 0.01, 'max_depth': 10, 'n_estimators': 250, 'subsample': 0.8}",0.7619047619047619,0.717391304347826,0.7912087912087912,0.7619047619047619,0.7777777777777778,0.7620374794287837,0.024867804890354263,89,0.9814814814814815,0.9813664596273292,0.9751552795031055,0.9876543209876543,0.9875,0.9826315083199141,0.004642149622303917
0.19922776222229005,0.007852780431156442,0.005909538269042969,0.0002027374327526402,1.0,0.01,10,250,1.0,"{'colsample_bytree': 1.0, 'learning_rate': 0.01, 'max_depth': 10, 'n_estimators': 250, 'subsample': 1.0}",0.7619047619047619,0.7252747252747253,0.8043478260869565,0.7710843373493976,0.8131868131868132,0.7751596927605309,0.031555730730801757,15,0.9906542056074766,0.9905362776025236,0.99375,1.0,0.9968454258675079,0.9943571818155016,0.003652746010460577
0.0312617301940918,0.0010267943956902548,0.005306434631347656,0.0002447006110294859,1.0,0.05,3,100,0.8,"{'colsample_bytree': 1.0, 'learning_rate': 0.05, 'max_depth': 3, 'n_estimators': 100, 'subsample': 0.8}",0.7407407407407407,0.7191011235955056,0.782608695652174,0.7804878048780488,0.8089887640449438,0.7663854257822826,0.03215764642110827,61,0.9011627906976745,0.9047619047619048,0.913946587537092,0.9117647058823529,0.9074626865671642,0.9078197350892377,0.004623717856153156
0.03045763969421387,0.0014000764846478385,0.0050087451934814455,0.0004483820616325496,1.0,0.05,3,100,1.0,"{'colsample_bytree': 1.0, 'learning_rate': 0.05, 'max_depth': 3, 'n_estimators': 100, 'subsample': 1.0}",0.7294117647058823,0.7045454545454546,0.8043478260869565,0.7654320987654321,0.8172043010752689,0.7641882890357989,0.04287588450839923,75,0.8781869688385269,0.8947368421052632,0.893491124260355,0.9047619047619048,0.8901734104046243,0.8922700500741347,0.008559808334605977
0.04306826591491699,0.0013042346937063392,0.005109930038452148,0.00037375975368097525,1.0,0.05,3,150,0.8,"{'colsample_bytree': 1.0, 'learning_rate': 0.05, 'max_depth': 3, 'n_estimators': 150, 'subsample': 0.8}",0.7088607594936709,0.7111111111111111,0.7608695652173914,0.7764705882352941,0.8089887640449438,0.7532601576204823,0.03860091559273086,119,0.9486404833836858,0.9272727272727272,0.9451219512195121,0.9573170731707317,0.9300911854103343,0.9416886840913982,0.011372626507920954
0.0422877311706543,0.001643984483800896,0.005106639862060547,0.00037667719244422696,1.0,0.05,3,150,1.0,"{'colsample_bytree': 1.0, 'learning_rate': 0.05, 'max_depth': 3, 'n_estimators': 150, 'subsample': 1.0}",0.6987951807228916,0.7045454545454546,0.7912087912087912,0.7804878048780488,0.7865168539325843,0.7523108170575541,0.041527102433516046,124,0.9026548672566371,0.9101796407185628,0.9212121212121213,0.9393939393939394,0.9221556886227545,0.919119251440803,0.012455164492415943
0.05529894828796387,0.0018574831011288718,0.005210113525390625,0.00068115041260484,1.0,0.05,3,200,0.8,"{'colsample_bytree': 1.0, 'learning_rate': 0.05, 'max_depth': 3, 'n_estimators': 200, 'subsample': 0.8}",0.7228915662650602,0.7191011235955056,0.7640449438202247,0.7857142857142857,0.7674418604651163,0.7518387559720385,0.026266677644794713,126,0.9631901840490797,0.9567901234567902,0.9538461538461539,0.978328173374613,0.9781931464174455,0.9660695562288165,0.010402551186295758
0.05530767440795899,0.002945685565639047,0.004911565780639648,0.0003770124563202902,1.0,0.05,3,200,1.0,"{'colsample_bytree': 1.0, 'learning_rate': 0.05, 'max_depth': 3, 'n_estimators': 200, 'subsample': 1.0}",0.6904761904761905,0.7126436781609196,0.7777777777777778,0.7857142857142857,0.7727272727272727,0.7478678409712891,0.03867684640434436,143,0.9337349397590361,0.9386503067484663,0.9415384615384615,0.9631901840490797,0.9512195121951219,0.9456666808580332,0.010455096804852217
0.06720852851867676,0.0021746138446272806,0.0050086498260498045,0.00031953211274191235,1.0,0.05,3,250,0.8,"{'colsample_bytree': 1.0, 'learning_rate': 0.05, 'max_depth': 3, 'n_estimators': 250, 'subsample': 0.8}",0.7228915662650602,0.7126436781609196,0.7912087912087912,0.7764705882352941,0.7764705882352941,0.7559370424210717,0.03179203722095605,108,0.9784615384615385,0.9719626168224299,0.9875,0.9876543209876543,0.9875,0.9826156952543246,0.0063850718666743
0.08152365684509277,0.013033407547326691,0.005410003662109375,0.0005847001149581756,1.0,0.05,3,250,1.0,"{'colsample_bytree': 1.0, 'learning_rate': 0.05, 'max_depth': 3, 'n_estimators': 250, 'subsample': 1.0}",0.6823529411764706,0.7209302325581395,0.782608695652174,0.8095238095238095,0.735632183908046,0.746209572563728,0.04508255608872407,146,0.9573170731707317,0.9625,0.9716088328075709,0.978328173374613,0.968944099378882,0.9677396357463597,0.007274917745829187
0.046275663375854495,0.0007511236995136104,0.005609703063964844,0.00019733405587923442,1.0,0.05,5,100,0.8,"{'colsample_bytree': 1.0, 'learning_rate': 0.05, 'max_depth': 5, 'n_estimators': 100, 'subsample': 0.8}",0.7674418604651163,0.7111111111111111,0.7777777777777778,0.7619047619047619,0.8045977011494253,0.7645666424816385,0.030495462202236544,71,0.9784615384615385,0.9813664596273292,0.978328173374613,0.9876543209876543,0.9843260188087775,0.9820273022519824,0.003571620822407491
0.04676976203918457,0.0008237198235946286,0.005212211608886718,0.0004004381984467154,1.0,0.05,5,100,1.0,"{'colsample_bytree': 1.0, 'learning_rate': 0.05, 'max_depth': 5, 'n_estimators': 100, 'subsample': 1.0}",0.7529411764705882,0.6896551724137931,0.8043478260869565,0.7951807228915663,0.7816091954022989,0.7647468186530406,0.04136890278669505,69,0.9724770642201835,0.9844236760124611,0.9874213836477987,0.9753086419753086,0.9905956112852664,0.9820452754282037,0.006994290074003405
0.06469345092773438,0.0017179829448621346,0.006405782699584961,0.0015983426086470973,1.0,0.05,5,150,0.8,"{'colsample_bytree': 1.0, 'learning_rate': 0.05, 'max_depth': 5, 'n_estimators': 150, 'subsample': 0.8}",0.7469879518072289,0.7111111111111111,0.782608695652174,0.7857142857142857,0.7380952380952381,0.7529034564760075,0.028141884826764454,122,1.0,0.9968454258675079,0.9968454258675079,1.0,0.9968454258675079,0.9981072555205047,0.0015454193960777053
0.1094663143157959,0.05685978736108614,0.005410957336425781,0.00037942137926789895,1.0,0.05,5,150,1.0,"{'colsample_bytree': 1.0, 'learning_rate': 0.05, 'max_depth': 5, 'n_estimators': 150, 'subsample': 1.0}",0.7228915662650602,0.6976744186046512,0.782608695652174,0.8048780487804879,0.7380952380952381,0.7492295934795223,0.03920845991106435,137,0.9968652037617555,0.9968454258675079,1.0,0.9968847352024922,1.0,0.9981190729663512,0.0015358207995554447
0.08202242851257324,0.0020614125065638233,0.005208158493041992,0.00024994785916859617,1.0,0.05,5,200,0.8,"{'colsample_bytree': 1.0, 'learning_rate': 0.05, 'max_depth': 5, 'n_estimators': 200, 'subsample': 0.8}",0.7380952380952381,0.6966292134831461,0.7956989247311828,0.7710843373493976,0.7160493827160493,0.7435114192750027,0.03595898003927096,152,1.0,0.9968454258675079,0.9968454258675079,1.0,1.0,0.9987381703470032,0.0015454193960777053
0.08293590545654297,0.001927825395390312,0.005808210372924805,0.001078126142634337,1.0,0.05,5,200,1.0,"{'colsample_bytree': 1.0, 'learning_rate': 0.05, 'max_depth': 5, 'n_estimators': 200, 'subsample': 1.0}",0.7142857142857143,0.7272727272727273,0.7912087912087912,0.775,0.7380952380952381,0.7491724941724941,0.02916677263300655,139,1.0,1.0,1.0,1.0,1.0,1.0,0.0
0.10177745819091796,0.004562274351985565,0.0061076641082763675,0.0012831814675642492,1.0,0.05,5,250,0.8,"{'colsample_bytree': 1.0, 'learning_rate': 0.05, 'max_depth': 5, 'n_estimators': 250, 'subsample': 0.8}",0.7407407407407407,0.6966292134831461,0.7555555555555555,0.7857142857142857,0.7160493827160493,0.7389378356419555,0.03092357078220303,171,1.0,0.9968454258675079,0.9968454258675079,1.0,1.0,0.9987381703470032,0.0015454193960777053
0.1012507438659668,0.0033047139531904414,0.005715608596801758,0.00025455088728965026,1.0,0.05,5,250,1.0,"{'colsample_bytree': 1.0, 'learning_rate': 0.05, 'max_depth': 5, 'n_estimators': 250, 'subsample': 1.0}",0.7294117647058823,0.7272727272727273,0.7777777777777778,0.7654320987654321,0.7469879518072289,0.7493764640658096,0.019785284520233138,136,1.0,1.0,1.0,1.0,1.0,1.0,0.0
0.058584403991699216,0.0012304015515412843,0.004905319213867188,0.0003767035158312666,1.0,0.05,7,100,0.8,"{'colsample_bytree': 1.0, 'learning_rate': 0.05, 'max_depth': 7, 'n_estimators': 100, 'subsample': 0.8}",0.7560975609756098,0.7333333333333333,0.7777777777777778,0.7857142857142857,0.7865168539325843,0.7678879623467181,0.020472702833421674,56,0.9968652037617555,0.9937106918238994,0.9968454258675079,0.9968847352024922,0.9968454258675079,0.9962302965046327,0.0012598867606034296
0.06330475807189942,0.003033600991792937,0.0055124759674072266,0.0005456335318617791,1.0,0.05,7,100,1.0,"{'colsample_bytree': 1.0, 'learning_rate': 0.05, 'max_depth': 7, 'n_estimators': 100, 'subsample': 1.0}",0.7317073170731707,0.7126436781609196,0.8043478260869565,0.7804878048780488,0.7764705882352941,0.7611314428868778,0.0337474633549542,94,1.0,0.9968454258675079,1.0,1.0,1.0,0.9993690851735015,0.0012618296529968375
0.08073582649230956,0.0017149418304885776,0.0055080890655517575,0.0005474367325795071,1.0,0.05,7,150,0.8,"{'colsample_bytree': 1.0, 'learning_rate': 0.05, 'max_depth': 7, 'n_estimators': 150, 'subsample': 0.8}",0.7710843373493976,0.7252747252747253,0.7912087912087912,0.7857142857142857,0.7906976744186046,0.7727959627931609,0.024849886411900397,27,1.0,0.9968454258675079,1.0,1.0,0.9968454258675079,0.9987381703470032,0.0015454193960777053
0.08603072166442871,0.00287290092689413,0.004906988143920899,0.0005862930254262312,1.0,0.05,7,150,1.0,"{'colsample_bytree': 1.0, 'learning_rate': 0.05, 'max_depth': 7, 'n_estimators': 150, 'subsample': 1.0}",0.7,0.7126436781609196,0.8,0.7804878048780488,0.7469879518072289,0.7480238869692394,0.038248002165840796,141,1.0,1.0,1.0,1.0,1.0,1.0,0.0
0.10276560783386231,0.0032145221488141308,0.005905914306640625,0.00037063038580492343,1.0,0.05,7,200,0.8,"{'colsample_bytree': 1.0, 'learning_rate': 0.05, 'max_depth': 7, 'n_estimators': 200, 'subsample': 0.8}",0.75,0.7252747252747253,0.7912087912087912,0.7764705882352941,0.7674418604651163,0.7620791930367854,0.02273710491262031,88,1.0,0.9968454258675079,1.0,1.0,1.0,0.9993690851735015,0.0012618296529968375
0.10495314598083497,0.0026267515363715384,0.005311775207519531,0.00024668673467640844,1.0,0.05,7,200,1.0,"{'colsample_bytree': 1.0, 'learning_rate': 0.05, 'max_depth': 7, 'n_estimators': 200, 'subsample': 1.0}",0.691358024691358,0.7272727272727273,0.8,0.7804878048780488,0.7407407407407407,0.747971859516575,0.03860073458609003,142,1.0,1.0,1.0,1.0,1.0,1.0,0.0
0.11686887741088867,0.003361614424329984,0.005408525466918945,0.0003718685742385964,1.0,0.05,7,250,0.8,"{'colsample_bytree': 1.0, 'learning_rate': 0.05, 'max_depth': 7, 'n_estimators': 250, 'subsample': 0.8}",0.75,0.7111111111111111,0.7912087912087912,0.7764705882352941,0.7380952380952381,0.7533771457300869,0.028269771781966786,118,1.0,0.9968454258675079,1.0,1.0,1.0,0.9993690851735015,0.0012618296529968375
0.12428545951843262,0.002848841774997586,0.00540924072265625,0.0003793380604010552,1.0,0.05,7,250,1.0,"{'colsample_bytree': 1.0, 'learning_rate': 0.05, 'max_depth': 7, 'n_estimators': 250, 'subsample': 1.0}",0.7,0.7126436781609196,0.7912087912087912,0.7901234567901234,0.7142857142857143,0.7416523280891096,0.040325285148268705,158,1.0,1.0,1.0,1.0,1.0,1.0,0.0
0.06689395904541015,0.0013632049454546293,0.005404853820800781,0.000374870062044145,1.0,0.05,10,100,0.8,"{'colsample_bytree': 1.0, 'learning_rate': 0.05, 'max_depth': 10, 'n_estimators': 100, 'subsample': 0.8}",0.7764705882352941,0.7191011235955056,0.7692307692307693,0.7586206896551724,0.7906976744186046,0.7628241690270692,0.02422220273562729,82,1.0,0.9968454258675079,0.9968454258675079,1.0,0.9968454258675079,0.9981072555205047,0.0015454193960777053
0.08973054885864258,0.022769897595204928,0.006109046936035156,0.0005830944342089526,1.0,0.05,10,100,1.0,"{'colsample_bytree': 1.0, 'learning_rate': 0.05, 'max_depth': 10, 'n_estimators': 100, 'subsample': 1.0}",0.7764705882352941,0.735632183908046,0.782608695652174,0.7901234567901234,0.7560975609756098,0.7681864971122494,0.019818081953013045,53,1.0,0.9968454258675079,1.0,1.0,0.9968454258675079,0.9987381703470032,0.0015454193960777053
0.10666046142578126,0.027445373935159462,0.006108570098876953,0.0003750620979991625,1.0,0.05,10,150,0.8,"{'colsample_bytree': 1.0, 'learning_rate': 0.05, 'max_depth': 10, 'n_estimators': 150, 'subsample': 0.8}",0.7710843373493976,0.7191011235955056,0.7777777777777778,0.7674418604651163,0.7857142857142857,0.7642238769804166,0.023405256254060206,74,1.0,0.9968454258675079,0.9968454258675079,1.0,1.0,0.9987381703470032,0.0015454193960777053
0.10505285263061523,0.006956769679884053,0.0055084228515625,0.00031871294129521784,1.0,0.05,10,150,1.0,"{'colsample_bytree': 1.0, 'learning_rate': 0.05, 'max_depth': 10, 'n_estimators': 150, 'subsample': 1.0}",0.7857142857142857,0.7441860465116279,0.782608695652174,0.7901234567901234,0.7317073170731707,0.7668679603482763,0.02406039439941911,59,1.0,1.0,1.0,1.0,1.0,1.0,0.0
0.11186823844909669,0.004302220924625769,0.005612564086914062,0.0004907243163180977,1.0,0.05,10,200,0.8,"{'colsample_bytree': 1.0, 'learning_rate': 0.05, 'max_depth': 10, 'n_estimators': 200, 'subsample': 0.8}",0.7560975609756098,0.7191011235955056,0.7777777777777778,0.7674418604651163,0.7951807228915663,0.7631198091411152,0.025488801498602286,80,1.0,1.0,1.0,1.0,1.0,1.0,0.0
0.11917614936828613,0.0027011064360933086,0.005611324310302734,0.00020140252510682965,1.0,0.05,10,200,1.0,"{'colsample_bytree': 1.0, 'learning_rate': 0.05, 'max_depth': 10, 'n_estimators': 200, 'subsample': 1.0}",0.7710843373493976,0.7727272727272727,0.782608695652174,0.8048780487804879,0.7317073170731707,0.7726011343165006,0.023734242620617844,29,1.0,1.0,1.0,1.0,1.0,1.0,0.0
0.1250828742980957,0.003812557504272406,0.005313205718994141,0.00024706650953831594,1.0,0.05,10,250,0.8,"{'colsample_bytree': 1.0, 'learning_rate': 0.05, 'max_depth': 10, 'n_estimators': 250, 'subsample': 0.8}",0.75,0.7191011235955056,0.7912087912087912,0.7764705882352941,0.7469879518072289,0.756753690969364,0.025038401719118145,105,1.0,1.0,1.0,1.0,1.0,1.0,0.0
0.13710603713989258,0.003599139612339269,0.005318880081176758,0.0005126496889684875,1.0,0.05,10,250,1.0,"{'colsample_bytree': 1.0, 'learning_rate': 0.05, 'max_depth': 10, 'n_estimators': 250, 'subsample': 1.0}",0.7407407407407407,0.7640449438202247,0.782608695652174,0.7901234567901234,0.7317073170731707,0.7618450308152867,0.022756588582010753,91,1.0,1.0,1.0,1.0,1.0,1.0,0.0
0.031444454193115236,0.0011200712059411346,0.005308341979980469,0.0002502167900479164,1.0,0.1,3,100,0.8,"{'colsample_bytree': 1.0, 'learning_rate': 0.1, 'max_depth': 3, 'n_estimators': 100, 'subsample': 0.8}",0.7160493827160493,0.6966292134831461,0.7692307692307693,0.7857142857142857,0.7906976744186046,0.751664265112571,0.03818080608875552,127,0.9663608562691132,0.9659442724458205,0.9538461538461539,0.9691358024691358,0.9625,0.9635574170060448,0.005293420403713495
0.030050373077392577,0.0011445923559298108,0.005214166641235351,0.000599958123129285,1.0,0.1,3,100,1.0,"{'colsample_bytree': 1.0, 'learning_rate': 0.1, 'max_depth': 3, 'n_estimators': 100, 'subsample': 1.0}",0.7529411764705882,0.7272727272727273,0.7555555555555555,0.7804878048780488,0.7441860465116279,0.7520886621377095,0.017306295941080307,125,0.9365558912386707,0.9361702127659575,0.9470404984423676,0.9661538461538461,0.9629629629629629,0.9497766823127609,0.012724005070645606
0.04225425720214844,0.0010303351777463665,0.005208826065063477,0.00024648923451181873,1.0,0.1,3,150,0.8,"{'colsample_bytree': 1.0, 'learning_rate': 0.1, 'max_depth': 3, 'n_estimators': 150, 'subsample': 0.8}",0.691358024691358,0.7111111111111111,0.735632183908046,0.7857142857142857,0.7619047619047619,0.7371440734659125,0.033907286565590486,183,0.9968652037617555,0.9843260188087775,0.9905956112852664,0.9937888198757764,0.9905956112852664,0.9912342530033685,0.004165881527948204
0.04196047782897949,0.0014993757710600384,0.0052054405212402345,0.00024964296531308755,1.0,0.1,3,150,1.0,"{'colsample_bytree': 1.0, 'learning_rate': 0.1, 'max_depth': 3, 'n_estimators': 150, 'subsample': 1.0}",0.7441860465116279,0.7272727272727273,0.7692307692307693,0.7951807228915663,0.7294117647058823,0.7530564061225147,0.02584035033660968,120,0.9784615384615385,0.9780564263322884,0.9874213836477987,0.9968847352024922,0.9844236760124611,0.9850495519313158,0.006904992346718283
0.05458087921142578,0.0008445305622516848,0.005406332015991211,0.00037342309171641615,1.0,0.1,3,200,0.8,"{'colsample_bytree': 1.0, 'learning_rate': 0.1, 'max_depth': 3, 'n_estimators': 200, 'subsample': 0.8}",0.6746987951807228,0.7111111111111111,0.7209302325581395,0.7764705882352941,0.7469879518072289,0.7260397357784993,0.03425481476636054,225,1.0,0.9968454258675079,0.9968454258675079,1.0,0.9968454258675079,0.9981072555205047,0.0015454193960777053
0.05387172698974609,0.0019876031790021617,0.006112527847290039,0.001743649931097608,1.0,0.1,3,200,1.0,"{'colsample_bytree': 1.0, 'learning_rate': 0.1, 'max_depth': 3, 'n_estimators': 200, 'subsample': 1.0}",0.7142857142857143,0.6976744186046512,0.7555555555555555,0.7951807228915663,0.7073170731707317,0.7340026969016439,0.036408521809014875,196,0.9968652037617555,0.9937106918238994,0.9968454258675079,0.9968847352024922,1.0,0.9968612113311309,0.001988898487412334
0.07050342559814453,0.00644883406274528,0.005410528182983399,0.00020524051750970006,1.0,0.1,3,250,0.8,"{'colsample_bytree': 1.0, 'learning_rate': 0.1, 'max_depth': 3, 'n_estimators': 250, 'subsample': 0.8}",0.6829268292682927,0.6966292134831461,0.75,0.7857142857142857,0.7469879518072289,0.7324516560545906,0.03766194856270088,206,1.0,0.9968454258675079,1.0,1.0,0.9968454258675079,0.9987381703470032,0.0015454193960777053
0.06760287284851074,0.003569961684484102,0.005206489562988281,0.00039962861682569227,1.0,0.1,3,250,1.0,"{'colsample_bytree': 1.0, 'learning_rate': 0.1, 'max_depth': 3, 'n_estimators': 250, 'subsample': 1.0}",0.6904761904761905,0.6823529411764706,0.7272727272727273,0.7560975609756098,0.6987951807228916,0.7109989201247778,0.027164057146184906,254,1.0,1.0,1.0,1.0,1.0,1.0,0.0
0.04337420463562012,0.0008785033114688503,0.0050052165985107425,0.0005531031420644848,1.0,0.1,5,100,0.8,"{'colsample_bytree': 1.0, 'learning_rate': 0.1, 'max_depth': 5, 'n_estimators': 100, 'subsample': 0.8}",0.7560975609756098,0.6896551724137931,0.7415730337078652,0.7619047619047619,0.7586206896551724,0.7415702437314404,0.02687165018956729,159,1.0,0.9968454258675079,1.0,1.0,0.9968454258675079,0.9987381703470032,0.0015454193960777053
0.04456806182861328,0.0010510113173272523,0.005210781097412109,0.00040058449691366554,1.0,0.1,5,100,1.0,"{'colsample_bytree': 1.0, 'learning_rate': 0.1, 'max_depth': 5, 'n_estimators': 100, 'subsample': 1.0}",0.6987951807228916,0.7272727272727273,0.7415730337078652,0.7857142857142857,0.7228915662650602,0.735249358736566,0.028746987664590478,192,1.0,1.0,1.0,1.0,1.0,1.0,0.0
0.05980634689331055,0.0014137154887894584,0.005409860610961914,0.0004873605752436044,1.0,0.1,5,150,0.8,"{'colsample_bytree': 1.0, 'learning_rate': 0.1, 'max_depth': 5, 'n_estimators': 150, 'subsample': 0.8}",0.7407407407407407,0.6818181818181818,0.7272727272727273,0.7619047619047619,0.7529411764705882,0.7329355176414,0.028090618442582874,203,1.0,1.0,1.0,1.0,1.0,1.0,0.0
0.06242237091064453,0.001956045426750469,0.0054050922393798825,0.0003771012814953621,1.0,0.1,5,150,1.0,"{'colsample_bytree': 1.0, 'learning_rate': 0.1, 'max_depth': 5, 'n_estimators': 150, 'subsample': 1.0}",0.7142857142857143,0.7415730337078652,0.7272727272727273,0.7857142857142857,0.7294117647058823,0.7396515051372949,0.024604803586213256,170,1.0,1.0,1.0,1.0,1.0,1.0,0.0
0.07854142189025878,0.009694439725114646,0.005112504959106446,0.00037466915249555183,1.0,0.1,5,200,0.8,"{'colsample_bytree': 1.0, 'learning_rate': 0.1, 'max_depth': 5, 'n_estimators': 200, 'subsample': 0.8}",0.7160493827160493,0.6744186046511628,0.7692307692307693,0.7906976744186046,0.7142857142857143,0.7329364290604601,0.04173966426114719,202,1.0,1.0,1.0,1.0,1.0,1.0,0.0
0.08002300262451172,0.00495956747131204,0.005321407318115234,0.00023143848398930508,1.0,0.1,5,200,1.0,"{'colsample_bytree': 1.0, 'learning_rate': 0.1, 'max_depth': 5, 'n_estimators': 200, 'subsample': 1.0}",0.6987951807228916,0.7272727272727273,0.7126436781609196,0.7857142857142857,0.7228915662650602,0.7294634876271768,0.029784535939355476,217,1.0,1.0,1.0,1.0,1.0,1.0,0.0
0.0868532657623291,0.001870727913414636,0.00541982650756836,0.000381043004737211,1.0,0.1,5,250,0.8,"{'colsample_bytree': 1.0, 'learning_rate': 0.1, 'max_depth': 5, 'n_estimators': 250, 'subsample': 0.8}",0.7317073170731707,0.6511627906976745,0.7692307692307693,0.7764705882352941,0.7142857142857143,0.7285714359045246,0.045063342366440044,219,1.0,1.0,1.0,1.0,1.0,1.0,0.0
0.0898564338684082,0.0029186244221890015,0.006512689590454102,0.002347722062200627,1.0,0.1,5,250,1.0,"{'colsample_bytree': 1.0, 'learning_rate': 0.1, 'max_depth': 5, 'n_estimators': 250, 'subsample': 1.0}",0.7073170731707317,0.7191011235955056,0.7272727272727273,0.7951807228915663,0.7317073170731707,0.7361157928007402,0.03067626330992374,188,1.0,1.0,1.0,1.0,1.0,1.0,0.0
0.05721549987792969,0.004429436333136416,0.005912399291992188,0.0008013989713047413,1.0,0.1,7,100,0.8,"{'colsample_bytree': 1.0, 'learning_rate': 0.1, 'max_depth': 7, 'n_estimators': 100, 'subsample': 0.8}",0.8,0.7111111111111111,0.782608695652174,0.7764705882352941,0.7529411764705882,0.7646263142938334,0.030709509675643145,70,1.0,0.9968454258675079,1.0,1.0,1.0,0.9993690851735015,0.0012618296529968375
0.056904172897338866,0.001798637956204154,0.005609703063964844,0.0003715272487710678,1.0,0.1,7,100,1.0,"{'colsample_bytree': 1.0, 'learning_rate': 0.1, 'max_depth': 7, 'n_estimators': 100, 'subsample': 1.0}",0.725,0.7191011235955056,0.7912087912087912,0.7901234567901234,0.7560975609756098,0.756306186514006,0.030744551155751136,107,1.0,1.0,1.0,1.0,1.0,1.0,0.0
0.06941766738891601,0.0013184943322554809,0.005203866958618164,0.0002498419494626977,1.0,0.1,7,150,0.8,"{'colsample_bytree': 1.0, 'learning_rate': 0.1, 'max_depth': 7, 'n_estimators': 150, 'subsample': 0.8}",0.7857142857142857,0.7111111111111111,0.7692307692307693,0.7906976744186046,0.7380952380952381,0.7589698157140018,0.03017752295228064,99,1.0,1.0,1.0,1.0,1.0,1.0,0.0
0.07541909217834472,0.002894232942204472,0.005309200286865235,0.0002480034873105457,1.0,0.1,7,150,1.0,"{'colsample_bytree': 1.0, 'learning_rate': 0.1, 'max_depth': 7, 'n_estimators': 150, 'subsample': 1.0}",0.7088607594936709,0.7333333333333333,0.7912087912087912,0.7804878048780488,0.7407407407407407,0.7509262859309169,0.030591925275432395,129,1.0,1.0,1.0,1.0,1.0,1.0,0.0
0.08485164642333984,0.003427304010938554,0.005306243896484375,0.0002487209768234854,1.0,0.1,7,200,0.8,"{'colsample_bytree': 1.0, 'learning_rate': 0.1, 'max_depth': 7, 'n_estimators': 200, 'subsample': 0.8}",0.7857142857142857,0.7111111111111111,0.7777777777777778,0.7906976744186046,0.7142857142857143,0.7559173126614988,0.03554208430258499,109,1.0,1.0,1.0,1.0,1.0,1.0,0.0
0.09054651260375976,0.005173882884025018,0.005409812927246094,0.0004854915740710569,1.0,0.1,7,200,1.0,"{'colsample_bytree': 1.0, 'learning_rate': 0.1, 'max_depth': 7, 'n_estimators': 200, 'subsample': 1.0}",0.7088607594936709,0.7191011235955056,0.7912087912087912,0.7804878048780488,0.725,0.7449316958352032,0.03397472547684544,149,1.0,1.0,1.0,1.0,1.0,1.0,0.0
0.09584999084472656,0.0030761866452970864,0.005307435989379883,0.0005986548569825833,1.0,0.1,7,250,0.8,"{'colsample_bytree': 1.0, 'learning_rate': 0.1, 'max_depth': 7, 'n_estimators': 250, 'subsample': 0.8}",0.7560975609756098,0.7111111111111111,0.7692307692307693,0.7764705882352941,0.7142857142857143,0.7454391487676997,0.027537406703823705,147,1.0,1.0,1.0,1.0,1.0,1.0,0.0
0.12140393257141113,0.030379789484541262,0.005505800247192383,0.0005516512988068107,1.0,0.1,7,250,1.0,"{'colsample_bytree': 1.0, 'learning_rate': 0.1, 'max_depth': 7, 'n_estimators': 250, 'subsample': 1.0}",0.7,0.7191011235955056,0.7912087912087912,0.7804878048780488,0.7160493827160493,0.741369420479679,0.03704759420505011,160,1.0,1.0,1.0,1.0,1.0,1.0,0.0
0.05709443092346191,0.001128933664655274,0.005405902862548828,0.00037446538456977505,1.0,0.1,10,100,0.8,"{'colsample_bytree': 1.0, 'learning_rate': 0.1, 'max_depth': 10, 'n_estimators': 100, 'subsample': 0.8}",0.7804878048780488,0.6966292134831461,0.7555555555555555,0.7619047619047619,0.7073170731707317,0.7403788817984488,0.0325869216671998,164,1.0,1.0,1.0,1.0,1.0,1.0,0.0
0.06750569343566895,0.007451912896017085,0.005308294296264648,0.0002475814843875029,1.0,0.1,10,100,1.0,"{'colsample_bytree': 1.0, 'learning_rate': 0.1, 'max_depth': 10, 'n_estimators': 100, 'subsample': 1.0}",0.75,0.7333333333333333,0.7912087912087912,0.8048780487804879,0.7317073170731707,0.7622254980791565,0.030248473418886222,86,1.0,1.0,1.0,1.0,1.0,1.0,0.0
0.10206570625305175,0.04834922874940897,0.005809307098388672,0.0006801671147093889,1.0,0.1,10,150,0.8,"{'colsample_bytree': 1.0, 'learning_rate': 0.1, 'max_depth': 10, 'n_estimators': 150, 'subsample': 0.8}",0.7654320987654321,0.6966292134831461,0.7640449438202247,0.7619047619047619,0.6987951807228916,0.7373612397392912,0.03240005105310472,180,1.0,1.0,1.0,1.0,1.0,1.0,0.0
0.08003368377685546,0.0015879720404450648,0.005310821533203125,0.0005065195031316242,1.0,0.1,10,150,1.0,"{'colsample_bytree': 1.0, 'learning_rate': 0.1, 'max_depth': 10, 'n_estimators': 150, 'subsample': 1.0}",0.75,0.7333333333333333,0.7912087912087912,0.7901234567901234,0.7469879518072289,0.7623307066278954,0.023810396217013648,85,1.0,1.0,1.0,1.0,1.0,1.0,0.0
0.08695378303527831,0.0029751482767159452,0.005303955078125,0.0004011768086842823,1.0,0.1,10,200,0.8,"{'colsample_bytree': 1.0, 'learning_rate': 0.1, 'max_depth': 10, 'n_estimators': 200, 'subsample': 0.8}",0.7560975609756098,0.6966292134831461,0.7777777777777778,0.7529411764705882,0.7,0.7366891457414244,0.032496099320122776,186,1.0,1.0,1.0,1.0,1.0,1.0,0.0
0.09595041275024414,0.002781420697245357,0.0051058769226074215,0.0006629617523057517,1.0,0.1,10,200,1.0,"{'colsample_bytree': 1.0, 'learning_rate': 0.1, 'max_depth': 10, 'n_estimators': 200, 'subsample': 1.0}",0.7407407407407407,0.7333333333333333,0.7777777777777778,0.7901234567901234,0.7469879518072289,0.7577926520898408,0.02213799306268542,102,1.0,1.0,1.0,1.0,1.0,1.0,0.0
0.09956450462341308,0.0020009259181883302,0.005211973190307617,0.00024397025459537894,1.0,0.1,10,250,0.8,"{'colsample_bytree': 1.0, 'learning_rate': 0.1, 'max_depth': 10, 'n_estimators': 250, 'subsample': 0.8}",0.7407407407407407,0.6818181818181818,0.7777777777777778,0.7619047619047619,0.691358024691358,0.7307198973865641,0.03802128875002963,215,1.0,1.0,1.0,1.0,1.0,1.0,0.0
0.10748872756958008,0.002261090712915961,0.006312513351440429,0.00024454739517092307,1.0,0.1,10,250,1.0,"{'colsample_bytree': 1.0, 'learning_rate': 0.1, 'max_depth': 10, 'n_estimators': 250, 'subsample': 1.0}",0.7088607594936709,0.7191011235955056,0.7777777777777778,0.7901234567901234,0.7380952380952381,0.7467916711504632,0.03199665883036394,145,1.0,1.0,1.0,1.0,1.0,1.0,0.0
0.03085169792175293,0.0012047539938112107,0.004905414581298828,0.0005848392174750967,1.0,0.2,3,100,0.8,"{'colsample_bytree': 1.0, 'learning_rate': 0.2, 'max_depth': 3, 'n_estimators': 100, 'subsample': 0.8}",0.6419753086419753,0.6976744186046512,0.7555555555555555,0.7317073170731707,0.7407407407407407,0.7135306681232187,0.04051779831601476,252,1.0,0.9937106918238994,0.9968454258675079,1.0,0.9968454258675079,0.9974803087117831,0.002354308913849684
0.03015594482421875,0.0005897138539627393,0.005205392837524414,0.0002497615045207124,1.0,0.2,3,100,1.0,"{'colsample_bytree': 1.0, 'learning_rate': 0.2, 'max_depth': 3, 'n_estimators': 100, 'subsample': 1.0}",0.6585365853658537,0.6976744186046512,0.7692307692307693,0.7710843373493976,0.735632183908046,0.7264316588917434,0.04323654722071574,223,0.9968652037617555,0.9968454258675079,0.9968652037617555,0.9968847352024922,1.0,0.9974921137187023,0.001254004754934793
0.04176144599914551,0.002331948423543084,0.005216741561889648,0.0005121136643162377,1.0,0.2,3,150,0.8,"{'colsample_bytree': 1.0, 'learning_rate': 0.2, 'max_depth': 3, 'n_estimators': 150, 'subsample': 0.8}",0.691358024691358,0.6896551724137931,0.7555555555555555,0.7,0.75,0.7173137505321414,0.029220845849029838,244,1.0,1.0,1.0,1.0,1.0,1.0,0.0
0.07582988739013671,0.04365217105156522,0.006513786315917969,0.0018191321799195166,1.0,0.2,3,150,1.0,"{'colsample_bytree': 1.0, 'learning_rate': 0.2, 'max_depth': 3, 'n_estimators': 150, 'subsample': 1.0}",0.6746987951807228,0.6976744186046512,0.7555555555555555,0.725,0.735632183908046,0.7177121906497951,0.02848867525597913,243,1.0,1.0,1.0,1.0,1.0,1.0,0.0
0.05990338325500488,0.006731712684211386,0.005208396911621093,0.0004001195858567022,1.0,0.2,3,200,0.8,"{'colsample_bytree': 1.0, 'learning_rate': 0.2, 'max_depth': 3, 'n_estimators': 200, 'subsample': 0.8}",0.691358024691358,0.6976744186046512,0.7555555555555555,0.7160493827160493,0.725,0.7171274763135228,0.022725942358295233,247,1.0,1.0,1.0,1.0,1.0,1.0,0.0
0.053493595123291014,0.003613851014029384,0.005109739303588867,0.000582107217825053,1.0,0.2,3,200,1.0,"{'colsample_bytree': 1.0, 'learning_rate': 0.2, 'max_depth': 3, 'n_estimators': 200, 'subsample': 1.0}",0.6904761904761905,0.6823529411764706,0.7415730337078652,0.7407407407407407,0.7209302325581395,0.7152146277318813,0.02478264259753428,248,1.0,1.0,1.0,1.0,1.0,1.0,0.0
0.18432798385620117,0.18975555480770107,0.005711174011230469,0.0007550572173219988,1.0,0.2,3,250,0.8,"{'colsample_bytree': 1.0, 'learning_rate': 0.2, 'max_depth': 3, 'n_estimators': 250, 'subsample': 0.8}",0.7073170731707317,0.6976744186046512,0.7472527472527473,0.7407407407407407,0.7407407407407407,0.7267451441019223,0.020173607801232774,221,1.0,1.0,1.0,1.0,1.0,1.0,0.0
0.06491708755493164,0.005041988411092513,0.005105209350585937,0.00037673887838518305,1.0,0.2,3,250,1.0,"{'colsample_bytree': 1.0, 'learning_rate': 0.2, 'max_depth': 3, 'n_estimators': 250, 'subsample': 1.0}",0.6506024096385542,0.6823529411764706,0.7272727272727273,0.7407407407407407,0.7294117647058823,0.706076116706875,0.03416315605903962,255,1.0,1.0,1.0,1.0,1.0,1.0,0.0
0.043980884552001956,0.004380512475796112,0.004812908172607422,0.00024529665820045447,1.0,0.2,5,100,0.8,"{'colsample_bytree': 1.0, 'learning_rate': 0.2, 'max_depth': 5, 'n_estimators': 100, 'subsample': 0.8}",0.7560975609756098,0.6966292134831461,0.7209302325581395,0.7560975609756098,0.7857142857142857,0.7430937707413582,0.03099962233147699,154,1.0,1.0,1.0,1.0,1.0,1.0,0.0
0.04087328910827637,0.0014014795051742821,0.005514383316040039,0.00031849431250511353,1.0,0.2,5,100,1.0,"{'colsample_bytree': 1.0, 'learning_rate': 0.2, 'max_depth': 5, 'n_estimators': 100, 'subsample': 1.0}",0.7142857142857143,0.7272727272727273,0.7415730337078652,0.7857142857142857,0.7317073170731707,0.7401106156107525,0.02443025061411339,166,1.0,1.0,1.0,1.0,1.0,1.0,0.0
0.05199499130249023,0.0015687822889318389,0.005205202102661133,0.0005066976603593526,1.0,0.2,5,150,0.8,"{'colsample_bytree': 1.0, 'learning_rate': 0.2, 'max_depth': 5, 'n_estimators': 150, 'subsample': 0.8}",0.7317073170731707,0.7191011235955056,0.7058823529411765,0.7710843373493976,0.7619047619047619,0.7379359785728024,0.024876893560979496,177,1.0,1.0,1.0,1.0,1.0,1.0,0.0
0.05458126068115234,0.001258632310538152,0.0051079273223876955,0.0006638567845870913,1.0,0.2,5,150,1.0,"{'colsample_bytree': 1.0, 'learning_rate': 0.2, 'max_depth': 5, 'n_estimators': 150, 'subsample': 1.0}",0.6987951807228916,0.6976744186046512,0.7415730337078652,0.7951807228915663,0.7317073170731707,0.732986134600029,0.03566363872875493,201,1.0,1.0,1.0,1.0,1.0,1.0,0.0
0.07150793075561523,0.01838136473887764,0.006313180923461914,0.0019168076191024893,1.0,0.2,5,200,0.8,"{'colsample_bytree': 1.0, 'learning_rate': 0.2, 'max_depth': 5, 'n_estimators': 200, 'subsample': 0.8}",0.7142857142857143,0.6896551724137931,0.7058823529411765,0.7469879518072289,0.7560975609756098,0.7225817504847045,0.025103090862479187,233,1.0,1.0,1.0,1.0,1.0,1.0,0.0
0.07282099723815919,0.0062155671180027,0.0053097248077392575,0.0005089789310603653,1.0,0.2,5,200,1.0,"{'colsample_bytree': 1.0, 'learning_rate': 0.2, 'max_depth': 5, 'n_estimators': 200, 'subsample': 1.0}",0.7073170731707317,0.6976744186046512,0.75,0.7951807228915663,0.7380952380952381,0.7376534905524375,0.034585078604490005,179,1.0,1.0,1.0,1.0,1.0,1.0,0.0
0.07371654510498046,0.0016712259413485418,0.005409812927246094,0.00020179501777178654,1.0,0.2,5,250,0.8,"{'colsample_bytree': 1.0, 'learning_rate': 0.2, 'max_depth': 5, 'n_estimators': 250, 'subsample': 0.8}",0.7228915662650602,0.6976744186046512,0.7209302325581395,0.7560975609756098,0.7407407407407407,0.7276669038288401,0.0197330344142854,220,1.0,1.0,1.0,1.0,1.0,1.0,0.0
0.07692451477050781,0.003492851372493595,0.005719280242919922,0.0002544348564593472,1.0,0.2,5,250,1.0,"{'colsample_bytree': 1.0, 'learning_rate': 0.2, 'max_depth': 5, 'n_estimators': 250, 'subsample': 1.0}",0.7142857142857143,0.6976744186046512,0.7415730337078652,0.7654320987654321,0.7380952380952381,0.7314121006917802,0.023395783629467107,210,1.0,1.0,1.0,1.0,1.0,1.0,0.0
0.05028290748596191,0.007041683594016594,0.03775801658630371,0.06550323266238219,1.0,0.2,7,100,0.8,"{'colsample_bytree': 1.0, 'learning_rate': 0.2, 'max_depth': 7, 'n_estimators': 100, 'subsample': 0.8}",0.7529411764705882,0.6744186046511628,0.7608695652173914,0.7469879518072289,0.7228915662650602,0.7316217728822862,0.031287341669912955,209,1.0,1.0,1.0,1.0,1.0,1.0,0.0
0.047673702239990234,0.00110482954495105,0.005107307434082031,0.0010239131037723603,1.0,0.2,7,100,1.0,"{'colsample_bytree': 1.0, 'learning_rate': 0.2, 'max_depth': 7, 'n_estimators': 100, 'subsample': 1.0}",0.75,0.7333333333333333,0.7640449438202247,0.7619047619047619,0.7380952380952381,0.7494756554307116,0.01230536672003297,135,1.0,1.0,1.0,1.0,1.0,1.0,0.0
0.07242941856384277,0.03145554652253055,0.005206060409545898,0.0002497157727918179,1.0,0.2,7,150,0.8,"{'colsample_bytree': 1.0, 'learning_rate': 0.2, 'max_depth': 7, 'n_estimators': 150, 'subsample': 0.8}",0.7142857142857143,0.6744186046511628,0.782608695652174,0.7317073170731707,0.7142857142857143,0.7234612091895872,0.035042773644344605,231,1.0,1.0,1.0,1.0,1.0,1.0,0.0
0.05979676246643066,0.0029014387844429083,0.005306529998779297,0.0005095951682309273,1.0,0.2,7,150,1.0,"{'colsample_bytree': 1.0, 'learning_rate': 0.2, 'max_depth': 7, 'n_estimators': 150, 'subsample': 1.0}",0.7341772151898734,0.7191011235955056,0.7865168539325843,0.7710843373493976,0.7294117647058823,0.7480582589546486,0.02603134505128245,140,1.0,1.0,1.0,1.0,1.0,1.0,0.0
0.06692209243774414,0.0019257388024316294,0.004907035827636718,0.0003754424414143376,1.0,0.2,7,200,0.8,"{'colsample_bytree': 1.0, 'learning_rate': 0.2, 'max_depth': 7, 'n_estimators': 200, 'subsample': 0.8}",0.7058823529411765,0.6666666666666666,0.7692307692307693,0.7560975609756098,0.7142857142857143,0.7224326128199874,0.036806303769674385,235,1.0,1.0,1.0,1.0,1.0,1.0,0.0
0.07172865867614746,0.0027792368227933482,0.005209589004516601,0.0005103119331699958,1.0,0.2,7,200,1.0,"{'colsample_bytree': 1.0, 'learning_rate': 0.2, 'max_depth': 7, 'n_estimators': 200, 'subsample': 1.0}",0.7407407407407407,0.6896551724137931,0.7865168539325843,0.7710843373493976,0.7142857142857143,0.740456563744446,0.035567924671812474,163,1.0,1.0,1.0,1.0,1.0,1.0,0.0
0.07664766311645507,0.0025485480518864004,0.005411386489868164,0.0005859234640245844,1.0,0.2,7,250,0.8,"{'colsample_bytree': 1.0, 'learning_rate': 0.2, 'max_depth': 7, 'n_estimators': 250, 'subsample': 0.8}",0.7209302325581395,0.6666666666666666,0.782608695652174,0.7469879518072289,0.7142857142857143,0.7262958521939846,0.03828308341305467,224,1.0,1.0,1.0,1.0,1.0,1.0,0.0
0.08074917793273925,0.002295486168279197,0.005408334732055664,0.0002013874417504709,1.0,0.2,7,250,1.0,"{'colsample_bytree': 1.0, 'learning_rate': 0.2, 'max_depth': 7, 'n_estimators': 250, 'subsample': 1.0}",0.7407407407407407,0.6896551724137931,0.7865168539325843,0.7710843373493976,0.7294117647058823,0.7434817738284796,0.03381331415713816,153,1.0,1.0,1.0,1.0,1.0,1.0,0.0
0.04788656234741211,0.00039045549161689276,0.005108976364135742,0.0003756856383015052,1.0,0.2,10,100,0.8,"{'colsample_bytree': 1.0, 'learning_rate': 0.2, 'max_depth': 10, 'n_estimators': 100, 'subsample': 0.8}",0.7317073170731707,0.7209302325581395,0.7415730337078652,0.7317073170731707,0.7073170731707317,0.7266469947166154,0.011664712608713674,222,1.0,1.0,1.0,1.0,1.0,1.0,0.0
0.05188827514648438,0.001156588588415581,0.005415201187133789,0.00037560759876506707,1.0,0.2,10,100,1.0,"{'colsample_bytree': 1.0, 'learning_rate': 0.2, 'max_depth': 10, 'n_estimators': 100, 'subsample': 1.0}",0.7341772151898734,0.735632183908046,0.8,0.7901234567901234,0.7407407407407407,0.7601347193257567,0.02877101891195213,95,1.0,1.0,1.0,1.0,1.0,1.0,0.0
0.08998417854309082,0.037790646092304675,0.005310773849487305,0.0009320467845382705,1.0,0.2,10,150,0.8,"{'colsample_bytree': 1.0, 'learning_rate': 0.2, 'max_depth': 10, 'n_estimators': 150, 'subsample': 0.8}",0.7073170731707317,0.6904761904761905,0.7415730337078652,0.7228915662650602,0.7073170731707317,0.7139149873581159,0.017216205384914578,251,1.0,1.0,1.0,1.0,1.0,1.0,0.0
0.07023234367370605,0.011726043392672978,0.005509185791015625,0.0006339152593733626,1.0,0.2,10,150,1.0,"{'colsample_bytree': 1.0, 'learning_rate': 0.2, 'max_depth': 10, 'n_estimators': 150, 'subsample': 1.0}",0.7341772151898734,0.6823529411764706,0.7865168539325843,0.7901234567901234,0.7560975609756098,0.7498536056129324,0.0395143786128864,132,1.0,1.0,1.0,1.0,1.0,1.0,0.0
0.06871166229248046,0.001402904616914221,0.005711603164672852,0.0007480021771987585,1.0,0.2,10,200,0.8,"{'colsample_bytree': 1.0, 'learning_rate': 0.2, 'max_depth': 10, 'n_estimators': 200, 'subsample': 0.8}",0.7228915662650602,0.6746987951807228,0.7555555555555555,0.7294117647058823,0.7160493827160493,0.7197214128846541,0.026186097388906534,239,1.0,1.0,1.0,1.0,1.0,1.0,0.0
0.07776336669921875,0.006095680858422367,0.005828094482421875,0.0002192611326325601,1.0,0.2,10,200,1.0,"{'colsample_bytree': 1.0, 'learning_rate': 0.2, 'max_depth': 10, 'n_estimators': 200, 'subsample': 1.0}",0.725,0.6823529411764706,0.7865168539325843,0.7804878048780488,0.7317073170731707,0.7412129834120549,0.038503702110231214,161,1.0,1.0,1.0,1.0,1.0,1.0,0.0
0.07809014320373535,0.0009874484909675881,0.005501794815063477,0.0004916197206066052,1.0,0.2,10,250,0.8,"{'colsample_bytree': 1.0, 'learning_rate': 0.2, 'max_depth': 10, 'n_estimators': 250, 'subsample': 0.8}",0.7073170731707317,0.6746987951807228,0.7555555555555555,0.7441860465116279,0.7228915662650602,0.7209298073367397,0.02851756165877251,236,1.0,1.0,1.0,1.0,1.0,1.0,0.0
0.07959146499633789,0.0038381446653471527,0.003954696655273438,0.0006292917623424965,1.0,0.2,10,250,1.0,"{'colsample_bytree': 1.0, 'learning_rate': 0.2, 'max_depth': 10, 'n_estimators': 250, 'subsample': 1.0}",0.7073170731707317,0.6823529411764706,0.7865168539325843,0.7804878048780488,0.7317073170731707,0.7376763980462012,0.04058622943976328,178,1.0,1.0,1.0,1.0,1.0,1.0,0.0
